t_sec,game_idx,source,p1,current_gfe_p1,gfe_no_response_p1,gfe_response_p1,response_selected,response_layer,incoming,hands,response_send,response_incoming,response_surplus,response_board_sec
2549.05,0,waiting_confirmed,,,,,,,,,,,,
2549.0833333333335,0,waiting_confirmed,,,,,,,,,,,,
2549.116666666667,0,waiting_confirmed,,,,,,,,,,,,
2549.15,0,waiting_confirmed,,,,,,,,,,,,
2549.1833333333334,0,waiting_confirmed,,,,,,,,,,,,
2549.2166666666667,0,G_fe,0.5025723841203497,0.5025723841203497,,,,,,,,,,
2549.25,0,G_fe,0.5056157386812372,0.5056157386812372,,,,,,,,,,
2549.2833333333333,0,G_fe,0.5058427422294827,0.5058427422294827,,,,,,,,,,
2549.3166666666666,0,G_fe,0.5123062733575273,0.5123062733575273,,,,,,,,,,
2549.35,0,G_fe,0.5084447260440211,0.5084447260440211,,,,,,,,,,
2549.383333333333,0,G_fe,0.5084447260440211,0.5084447260440211,,,,,,,,,,
2549.4166666666665,0,G_fe,0.5084447260440211,0.5084447260440211,,,,,,,,,,
2549.45,0,G_fe,0.5084447260440211,0.5084447260440211,,,,,,,,,,
2549.483333333333,0,G_fe,0.5084447260440211,0.5084447260440211,,,,,,,,,,
2549.516666666667,0,G_fe,0.5084447260440211,0.5084447260440211,,,,,,,,,,
2549.55,0,G_fe,0.5084447260440211,0.5084447260440211,,,,,,,,,,
2549.5833333333335,0,G_fe,0.5084447260440211,0.5084447260440211,,,,,,,,,,
2549.616666666667,0,G_fe,0.5084447260440211,0.5084447260440211,,,,,,,,,,
2549.65,0,G_fe,0.5084447260440211,0.5084447260440211,,,,,,,,,,
2549.6833333333334,0,G_fe,0.5084447260440211,0.5084447260440211,,,,,,,,,,
2549.7166666666667,0,G_fe,0.513601742323554,0.513601742323554,,,,,,,,,,
2549.75,0,G_fe,0.513601742323554,0.513601742323554,,,,,,,,,,
2549.7833333333333,0,G_fe,0.513601742323554,0.513601742323554,,,,,,,,,,
2549.8166666666666,0,G_fe,0.513601742323554,0.513601742323554,,,,,,,,,,
2549.85,0,G_fe,0.513601742323554,0.513601742323554,,,,,,,,,,
2549.883333333333,0,G_fe,0.513601742323554,0.513601742323554,,,,,,,,,,
2549.9166666666665,0,G_fe,0.47659249647730323,0.47659249647730323,,,,,,,,,,
2549.95,0,G_fe,0.47659249647730323,0.47659249647730323,,,,,,,,,,
2549.983333333333,0,G_fe,0.47659249647730323,0.47659249647730323,,,,,,,,,,
2550.016666666667,0,G_fe,0.47659249647730323,0.47659249647730323,,,,,,,,,,
2550.05,0,G_fe,0.47659249647730323,0.47659249647730323,,,,,,,,,,
2550.0833333333335,0,G_fe,0.47659249647730323,0.47659249647730323,,,,,,,,,,
2550.116666666667,0,G_fe,0.47659249647730323,0.47659249647730323,,,,,,,,,,
2550.15,0,G_fe,0.47659249647730323,0.47659249647730323,,,,,,,,,,
2550.1833333333334,0,G_fe,0.47659249647730323,0.47659249647730323,,,,,,,,,,
2550.2166666666667,0,G_fe,0.47659249647730323,0.47659249647730323,,,,,,,,,,
2550.25,0,G_fe,0.47659249647730323,0.47659249647730323,,,,,,,,,,
2550.2833333333333,0,G_fe,0.47659249647730323,0.47659249647730323,,,,,,,,,,
2550.3166666666666,0,G_fe,0.47659249647730323,0.47659249647730323,,,,,,,,,,
2550.35,0,G_fe,0.47659249647730323,0.47659249647730323,,,,,,,,,,
2550.383333333333,0,G_fe,0.4735457738754273,0.4735457738754273,,,,,,,,,,
2550.4166666666665,0,G_fe,0.4774804552704658,0.4774804552704658,,,,,,,,,,
2550.45,0,G_fe,0.4663503196194341,0.4663503196194341,,,,,,,,,,
2550.483333333333,0,G_fe,0.4663503196194341,0.4663503196194341,,,,,,,,,,
2550.516666666667,0,G_fe,0.4663503196194341,0.4663503196194341,,,,,,,,,,
2550.55,0,G_fe,0.4663503196194341,0.4663503196194341,,,,,,,,,,
2550.5833333333335,0,G_fe,0.4663503196194341,0.4663503196194341,,,,,,,,,,
2550.616666666667,0,G_fe,0.4663503196194341,0.4663503196194341,,,,,,,,,,
2550.65,0,G_fe,0.4663503196194341,0.4663503196194341,,,,,,,,,,
2550.6833333333334,0,G_fe,0.4663503196194341,0.4663503196194341,,,,,,,,,,
2550.7166666666667,0,G_fe,0.4663503196194341,0.4663503196194341,,,,,,,,,,
2550.75,0,G_fe,0.4663503196194341,0.4663503196194341,,,,,,,,,,
2550.7833333333333,0,G_fe,0.48347836343691425,0.48347836343691425,,,,,,,,,,
2550.8166666666666,0,G_fe,0.48347836343691425,0.48347836343691425,,,,,,,,,,
2550.85,0,G_fe,0.48347836343691425,0.48347836343691425,,,,,,,,,,
2550.883333333333,0,G_fe,0.48347836343691425,0.48347836343691425,,,,,,,,,,
2550.9166666666665,0,G_fe,0.48347836343691425,0.48347836343691425,,,,,,,,,,
2550.95,0,G_fe,0.48347836343691425,0.48347836343691425,,,,,,,,,,
2550.983333333333,0,G_fe,0.5073654112842526,0.5073654112842526,,,,,,,,,,
2551.016666666667,0,G_fe,0.5073654112842526,0.5073654112842526,,,,,,,,,,
2551.05,0,G_fe,0.4598672387783819,0.4598672387783819,,,,,,,,,,
2551.0833333333335,0,G_fe,0.4598672387783819,0.4598672387783819,,,,,,,,,,
2551.116666666667,0,G_fe,0.4598672387783819,0.4598672387783819,,,,,,,,,,
2551.15,0,G_fe,0.4598672387783819,0.4598672387783819,,,,,,,,,,
2551.1833333333334,0,G_fe,0.4634447533772746,0.4634447533772746,,,,,,,,,,
2551.2166666666667,0,G_fe,0.4592926528317554,0.4592926528317554,,,,,,,,,,
2551.25,0,G_fe,0.45893537856586264,0.45893537856586264,,,,,,,,,,
2551.2833333333333,0,G_fe,0.4868406222582083,0.4868406222582083,,,,,,,,,,
2551.3166666666666,0,G_fe,0.4868406222582083,0.4868406222582083,,,,,,,,,,
2551.35,0,G_fe,0.4855991094617098,0.4855991094617098,,,,,,,,,,
2551.383333333333,0,G_fe,0.48536305233501686,0.48536305233501686,,,,,,,,,,
2551.4166666666665,0,G_fe,0.4866224110916643,0.4866224110916643,,,,,,,,,,
2551.45,0,G_fe,0.485852011685866,0.485852011685866,,,,,,,,,,
2551.483333333333,0,G_fe,0.485852011685866,0.485852011685866,,,,,,,,,,
2551.516666666667,0,G_fe,0.485852011685866,0.485852011685866,,,,,,,,,,
2551.55,0,G_fe,0.485852011685866,0.485852011685866,,,,,,,,,,
2551.5833333333335,0,G_fe,0.49795050529030116,0.49795050529030116,,,,,,,,,,
2551.616666666667,0,G_fe,0.49795050529030116,0.49795050529030116,,,,,,,,,,
2551.65,0,G_fe,0.49795050529030116,0.49795050529030116,,,,,,,,,,
2551.6833333333334,0,G_fe,0.4954257721980463,0.4954257721980463,,,,,,,,,,
2551.7166666666667,0,G_fe,0.4954257721980463,0.4954257721980463,,,,,,,,,,
2551.75,0,G_fe,0.4954257721980463,0.4954257721980463,,,,,,,,,,
2551.7833333333333,0,G_fe,0.4954257721980463,0.4954257721980463,,,,,,,,,,
2551.8166666666666,0,G_fe,0.4954257721980463,0.4954257721980463,,,,,,,,,,
2551.85,0,G_fe,0.4954257721980463,0.4954257721980463,,,,,,,,,,
2551.883333333333,0,G_fe,0.4954257721980463,0.4954257721980463,,,,,,,,,,
2551.9166666666665,0,G_fe,0.4954257721980463,0.4954257721980463,,,,,,,,,,
2551.95,0,G_fe,0.4954257721980463,0.4954257721980463,,,,,,,,,,
2551.983333333333,0,G_fe,0.497887229871186,0.497887229871186,,,,,,,,,,
2552.016666666667,0,G_fe,0.4952181663991619,0.4952181663991619,,,,,,,,,,
2552.05,0,G_fe,0.5012792969084062,0.5012792969084062,,,,,,,,,,
2552.0833333333335,0,G_fe,0.4982926191718318,0.4982926191718318,,,,,,,,,,
2552.116666666667,0,G_fe,0.4982926191718318,0.4982926191718318,,,,,,,,,,
2552.15,0,G_fe,0.4982926191718318,0.4982926191718318,,,,,,,,,,
2552.1833333333334,0,G_fe,0.4982926191718318,0.4982926191718318,,,,,,,,,,
2552.2166666666667,0,G_fe,0.4982926191718318,0.4982926191718318,,,,,,,,,,
2552.25,0,G_fe,0.4982926191718318,0.4982926191718318,,,,,,,,,,
2552.2833333333333,0,G_fe,0.5055467247861976,0.5055467247861976,,,,,,,,,,
2552.3166666666666,0,G_fe,0.5055467247861976,0.5055467247861976,,,,,,,,,,
2552.35,0,G_fe,0.5055467247861976,0.5055467247861976,,,,,,,,,,
2552.383333333333,0,G_fe,0.5055467247861976,0.5055467247861976,,,,,,,,,,
2552.4166666666665,0,G_fe,0.5055467247861976,0.5055467247861976,,,,,,,,,,
2552.45,0,G_fe,0.5055467247861976,0.5055467247861976,,,,,,,,,,
2552.483333333333,0,G_fe,0.49826340526498647,0.49826340526498647,,,,,,,,,,
2552.516666666667,0,G_fe,0.49826340526498647,0.49826340526498647,,,,,,,,,,
2552.55,0,G_fe,0.49826340526498647,0.49826340526498647,,,,,,,,,,
2552.5833333333335,0,G_fe,0.49826340526498647,0.49826340526498647,,,,,,,,,,
2552.616666666667,0,G_fe,0.49826340526498647,0.49826340526498647,,,,,,,,,,
2552.65,0,G_fe,0.49826340526498647,0.49826340526498647,,,,,,,,,,
2552.6833333333334,0,G_fe,0.49826340526498647,0.49826340526498647,,,,,,,,,,
2552.7166666666667,0,G_fe,0.4858962243887801,0.4858962243887801,,,,,,,,,,
2552.75,0,G_fe,0.4858962243887801,0.4858962243887801,,,,,,,,,,
2552.7833333333333,0,G_fe,0.49133369722321263,0.49133369722321263,,,,,,,,,,
2552.8166666666666,0,G_fe,0.4853387831114575,0.4853387831114575,,,,,,,,,,
2552.85,0,G_fe,0.4907279315614639,0.4907279315614639,,,,,,,,,,
2552.883333333333,0,G_fe,0.4833484246970406,0.4833484246970406,,,,,,,,,,
2552.9166666666665,0,G_fe,0.4833484246970406,0.4833484246970406,,,,,,,,,,
2552.95,0,G_fe,0.4833484246970406,0.4833484246970406,,,,,,,,,,
2552.983333333333,0,G_fe,0.4833484246970406,0.4833484246970406,,,,,,,,,,
2553.016666666667,0,G_fe,0.4833484246970406,0.4833484246970406,,,,,,,,,,
2553.05,0,G_fe,0.4833484246970406,0.4833484246970406,,,,,,,,,,
2553.0833333333335,0,G_fe,0.4833484246970406,0.4833484246970406,,,,,,,,,,
2553.116666666667,0,G_fe,0.48361309705887345,0.48361309705887345,,,,,,,,,,
2553.15,0,G_fe,0.48173683836571074,0.48173683836571074,,,,,,,,,,
2553.1833333333334,0,G_fe,0.4834241331488595,0.4834241331488595,,,,,,,,,,
2553.2166666666667,0,G_fe,0.48219129214680634,0.48219129214680634,,,,,,,,,,
2553.25,0,G_fe,0.5016974931117515,0.5016974931117515,,,,,,,,,,
2553.2833333333333,0,G_fe,0.5016974931117515,0.5016974931117515,,,,,,,,,,
2553.3166666666666,0,G_fe,0.5016974931117515,0.5016974931117515,,,,,,,,,,
2553.35,0,G_fe,0.5016974931117515,0.5016974931117515,,,,,,,,,,
2553.383333333333,0,G_fe,0.5016974931117515,0.5016974931117515,,,,,,,,,,
2553.4166666666665,0,G_fe,0.5016974931117515,0.5016974931117515,,,,,,,,,,
2553.45,0,G_fe,0.5016974931117515,0.5016974931117515,,,,,,,,,,
2553.483333333333,0,G_fe,0.5111573426919591,0.5111573426919591,,,,,,,,,,
2553.516666666667,0,G_fe,0.5054749678474919,0.5054749678474919,,,,,,,,,,
2553.55,0,G_fe,0.5068131337911738,0.5068131337911738,,,,,,,,,,
2553.5833333333335,0,G_fe,0.5014082561462943,0.5014082561462943,,,,,,,,,,
2553.616666666667,0,G_fe,0.507435049979437,0.507435049979437,,,,,,,,,,
2553.65,0,G_fe,0.507435049979437,0.507435049979437,,,,,,,,,,
2553.6833333333334,0,G_fe,0.507435049979437,0.507435049979437,,,,,,,,,,
2553.7166666666667,0,G_fe,0.45936385879682307,0.45936385879682307,,,,,,,,,,
2553.75,0,G_fe,0.45936385879682307,0.45936385879682307,,,,,,,,,,
2553.7833333333333,0,G_fe,0.45936385879682307,0.45936385879682307,,,,,,,,,,
2553.8166666666666,0,G_fe,0.45936385879682307,0.45936385879682307,,,,,,,,,,
2553.85,0,G_fe,0.4588545367128117,0.4588545367128117,,,,,,,,,,
2553.883333333333,0,G_fe,0.46292241151858576,0.46292241151858576,,,,,,,,,,
2553.9166666666665,0,G_fe,0.4587547149862402,0.4587547149862402,,,,,,,,,,
2553.95,0,G_fe,0.46373759969121947,0.46373759969121947,,,,,,,,,,
2553.983333333333,0,G_fe,0.46373759969121947,0.46373759969121947,,,,,,,,,,
2554.016666666667,0,G_fe,0.46373759969121947,0.46373759969121947,,,,,,,,,,
2554.05,0,G_fe,0.46373759969121947,0.46373759969121947,,,,,,,,,,
2554.0833333333335,0,G_fe,0.46373759969121947,0.46373759969121947,,,,,,,,,,
2554.116666666667,0,G_fe,0.46373759969121947,0.46373759969121947,,,,,,,,,,
2554.15,0,G_fe,0.46373759969121947,0.46373759969121947,,,,,,,,,,
2554.1833333333334,0,G_fe,0.46373759969121947,0.46373759969121947,,,,,,,,,,
2554.2166666666667,0,G_fe,0.46373759969121947,0.46373759969121947,,,,,,,,,,
2554.25,0,G_fe,0.46373759969121947,0.46373759969121947,,,,,,,,,,
2554.2833333333333,0,G_fe,0.46373759969121947,0.46373759969121947,,,,,,,,,,
2554.3166666666666,0,G_fe,0.46373759969121947,0.46373759969121947,,,,,,,,,,
2554.35,0,G_fe,0.46079347920360153,0.46079347920360153,,,,,,,,,,
2554.383333333333,0,G_fe,0.4662484227432108,0.4662484227432108,,,,,,,,,,
2554.4166666666665,0,G_fe,0.4662484227432108,0.4662484227432108,,,,,,,,,,
2554.45,0,G_fe,0.4662484227432108,0.4662484227432108,,,,,,,,,,
2554.483333333333,0,G_fe,0.4662484227432108,0.4662484227432108,,,,,,,,,,
2554.516666666667,0,G_fe,0.4662484227432108,0.4662484227432108,,,,,,,,,,
2554.55,0,G_fe,0.4662484227432108,0.4662484227432108,,,,,,,,,,
2554.5833333333335,0,G_fe,0.4662484227432108,0.4662484227432108,,,,,,,,,,
2554.616666666667,0,G_fe,0.45884680429332064,0.45884680429332064,,,,,,,,,,
2554.65,0,G_fe,0.4641378523052701,0.4641378523052701,,,,,,,,,,
2554.6833333333334,0,G_fe,0.460276376132063,0.460276376132063,,,,,,,,,,
2554.7166666666667,0,G_fe,0.465536332102253,0.465536332102253,,,,,,,,,,
2554.75,0,G_fe,0.465536332102253,0.465536332102253,,,,,,,,,,
2554.7833333333333,0,G_fe,0.465536332102253,0.465536332102253,,,,,,,,,,
2554.8166666666666,0,G_fe,0.465536332102253,0.465536332102253,,,,,,,,,,
2554.85,0,G_fe,0.465536332102253,0.465536332102253,,,,,,,,,,
2554.883333333333,0,G_fe,0.465536332102253,0.465536332102253,,,,,,,,,,
2554.9166666666665,0,G_fe,0.465536332102253,0.465536332102253,,,,,,,,,,
2554.95,0,G_fe,0.465536332102253,0.465536332102253,,,,,,,,,,
2554.983333333333,0,G_fe,0.465536332102253,0.465536332102253,,,,,,,,,,
2555.016666666667,0,G_fe,0.465536332102253,0.465536332102253,,,,,,,,,,
2555.05,0,G_fe,0.4574179282755147,0.4574179282755147,,,,,,,,,,
2555.0833333333335,0,G_fe,0.49502467428911806,0.49502467428911806,,,,,,,,,,
2555.116666666667,0,G_fe,0.49502467428911806,0.49502467428911806,,,,,,,,,,
2555.15,0,G_fe,0.49016435396181657,0.49016435396181657,,,,,,,,,,
2555.1833333333334,0,G_fe,0.48695793908889157,0.48695793908889157,,,,,,,,,,
2555.2166666666667,0,G_fe,0.4958052279497474,0.4958052279497474,,,,,,,,,,
2555.25,0,G_fe,0.48805183975016214,0.48805183975016214,,,,,,,,,,
2555.2833333333333,0,G_fe,0.48805183975016214,0.48805183975016214,,,,,,,,,,
2555.3166666666666,0,G_fe,0.48805183975016214,0.48805183975016214,,,,,,,,,,
2555.35,0,G_fe,0.47263244046530906,0.47263244046530906,,,,,,,,,,
2555.383333333333,0,G_fe,0.48258362231795415,0.48258362231795415,,,,,,,,,,
2555.4166666666665,0,G_fe,0.4787322235172744,0.4787322235172744,,,,,,,,,,
2555.45,0,G_fe,0.48056675334765736,0.48056675334765736,,,,,,,,,,
2555.483333333333,0,G_fe,0.48056675334765736,0.48056675334765736,,,,,,,,,,
2555.516666666667,0,G_fe,0.48056675334765736,0.48056675334765736,,,,,,,,,,
2555.55,0,G_fe,0.4724591844991363,0.4724591844991363,,,,,,,,,,
2555.5833333333335,0,G_fe,0.4724591844991363,0.4724591844991363,,,,,,,,,,
2555.616666666667,0,G_fe,0.4724591844991363,0.4724591844991363,,,,,,,,,,
2555.65,0,G_fe,0.4724591844991363,0.4724591844991363,,,,,,,,,,
2555.6833333333334,0,G_fe,0.46720472624832127,0.46720472624832127,,,,,,,,,,
2555.7166666666667,0,G_fe,0.46720472624832127,0.46720472624832127,,,,,,,,,,
2555.75,0,G_fe,0.46720472624832127,0.46720472624832127,,,,,,,,,,
2555.7833333333333,0,G_fe,0.46720472624832127,0.46720472624832127,,,,,,,,,,
2555.8166666666666,0,G_fe,0.47425151191555887,0.47425151191555887,,,,,,,,,,
2555.85,0,G_fe,0.47425151191555887,0.47425151191555887,,,,,,,,,,
2555.883333333333,0,G_fe,0.47425151191555887,0.47425151191555887,,,,,,,,,,
2555.9166666666665,0,G_fe,0.47425151191555887,0.47425151191555887,,,,,,,,,,
2555.95,0,G_fe,0.47425151191555887,0.47425151191555887,,,,,,,,,,
2555.983333333333,0,G_fe,0.47425151191555887,0.47425151191555887,,,,,,,,,,
2556.016666666667,0,G_fe,0.47425151191555887,0.47425151191555887,,,,,,,,,,
2556.05,0,G_fe,0.4687527103390733,0.4687527103390733,,,,,,,,,,
2556.0833333333335,0,G_fe,0.47366969314249063,0.47366969314249063,,,,,,,,,,
2556.116666666667,0,G_fe,0.47953191222931274,0.47953191222931274,,,,,,,,,,
2556.15,0,G_fe,0.48093425857640854,0.48093425857640854,,,,,,,,,,
2556.1833333333334,0,G_fe,0.48093425857640854,0.48093425857640854,,,,,,,,,,
2556.2166666666667,0,G_fe,0.48093425857640854,0.48093425857640854,,,,,,,,,,
2556.25,0,G_fe,0.48093425857640854,0.48093425857640854,,,,,,,,,,
2556.2833333333333,0,G_fe,0.47909974700080066,0.47909974700080066,,,,,,,,,,
2556.3166666666666,0,G_fe,0.47909974700080066,0.47909974700080066,,,,,,,,,,
2556.35,0,G_fe,0.47909974700080066,0.47909974700080066,,,,,,,,,,
2556.383333333333,0,G_fe,0.47909974700080066,0.47909974700080066,,,,,,,,,,
2556.4166666666665,0,G_fe,0.47909974700080066,0.47909974700080066,,,,,,,,,,
2556.45,0,G_fe,0.4904294270862458,0.4904294270862458,,,,,,,,,,
2556.483333333333,0,G_fe,0.4904294270862458,0.4904294270862458,,,,,,,,,,
2556.516666666667,0,G_fe,0.4904294270862458,0.4904294270862458,,,,,,,,,,
2556.55,0,G_fe,0.4904294270862458,0.4904294270862458,,,,,,,,,,
2556.5833333333335,0,G_fe,0.4904294270862458,0.4904294270862458,,,,,,,,,,
2556.616666666667,0,G_fe,0.4904294270862458,0.4904294270862458,,,,,,,,,,
2556.65,0,G_fe,0.4904294270862458,0.4904294270862458,,,,,,,,,,
2556.6833333333334,0,G_fe,0.4904294270862458,0.4904294270862458,,,,,,,,,,
2556.7166666666667,0,G_fe,0.4708644350350704,0.4708644350350704,,,,,,,,,,
2556.75,0,G_fe,0.48652624109934456,0.48652624109934456,,,,,,,,,,
2556.7833333333333,0,G_fe,0.4800951630723671,0.4800951630723671,,,,,,,,,,
2556.8166666666666,0,G_fe,0.49191205985055814,0.49191205985055814,,,,,,,,,,
2556.85,0,G_fe,0.49191205985055814,0.49191205985055814,,,,,,,,,,
2556.883333333333,0,G_fe,0.49191205985055814,0.49191205985055814,,,,,,,,,,
2556.9166666666665,0,G_fe,0.49191205985055814,0.49191205985055814,,,,,,,,,,
2556.95,0,G_fe,0.4805720104927063,0.4805720104927063,,,,,,,,,,
2556.983333333333,0,G_fe,0.4805720104927063,0.4805720104927063,,,,,,,,,,
2557.016666666667,0,G_fe,0.4805720104927063,0.4805720104927063,,,,,,,,,,
2557.05,0,G_fe,0.4805720104927063,0.4805720104927063,,,,,,,,,,
2557.0833333333335,0,G_fe,0.4805720104927063,0.4805720104927063,,,,,,,,,,
2557.116666666667,0,G_fe,0.4805720104927063,0.4805720104927063,,,,,,,,,,
2557.15,0,G_fe,0.4805720104927063,0.4805720104927063,,,,,,,,,,
2557.1833333333334,0,G_fe,0.4819330549409035,0.4819330549409035,,,,,,,,,,
2557.2166666666667,0,G_fe,0.4772807694329891,0.4772807694329891,,,,,,,,,,
2557.25,0,G_fe,0.4772807694329891,0.4772807694329891,,,,,,,,,,
2557.2833333333333,0,G_fe,0.4772807694329891,0.4772807694329891,,,,,,,,,,
2557.3166666666666,0,G_fe,0.4772807694329891,0.4772807694329891,,,,,,,,,,
2557.35,0,G_fe,0.4772807694329891,0.4772807694329891,,,,,,,,,,
2557.383333333333,0,G_fe,0.46226817976714313,0.46226817976714313,,,,,,,,,,
2557.4166666666665,0,G_fe,0.46226817976714313,0.46226817976714313,,,,,,,,,,
2557.45,0,G_fe,0.4484619805639901,0.4484619805639901,,,,,,,,,,
2557.483333333333,0,G_fe,0.4679573286474401,0.4679573286474401,,,,,,,,,,
2557.516666666667,0,G_fe,0.46310404869652794,0.46310404869652794,,,,,,,,,,
2557.55,0,G_fe,0.46885063536486826,0.46885063536486826,,,,,,,,,,
2557.5833333333335,0,G_fe,0.4674562855146788,0.4674562855146788,,,,,,,,,,
2557.616666666667,0,G_fe,0.4674562855146788,0.4674562855146788,,,,,,,,,,
2557.65,0,G_fe,0.4674562855146788,0.4674562855146788,,,,,,,,,,
2557.6833333333334,0,G_fe,0.47518732736592434,0.47518732736592434,,,,,,,,,,
2557.7166666666667,0,G_fe,0.47518732736592434,0.47518732736592434,,,,,,,,,,
2557.75,0,G_fe,0.47518732736592434,0.47518732736592434,,,,,,,,,,
2557.7833333333333,0,G_fe,0.47518732736592434,0.47518732736592434,,,,,,,,,,
2557.8166666666666,0,G_fe,0.47518732736592434,0.47518732736592434,,,,,,,,,,
2557.85,0,G_fe,0.47518732736592434,0.47518732736592434,,,,,,,,,,
2557.883333333333,0,G_fe,0.4867641772435873,0.4867641772435873,,,,,,,,,,
2557.9166666666665,0,G_fe,0.4867641772435873,0.4867641772435873,,,,,,,,,,
2557.95,0,G_fe,0.4867641772435873,0.4867641772435873,,,,,,,,,,
2557.983333333333,0,G_fe,0.4867641772435873,0.4867641772435873,,,,,,,,,,
2558.016666666667,0,G_fe,0.4867641772435873,0.4867641772435873,,,,,,,,,,
2558.05,0,G_fe,0.4867641772435873,0.4867641772435873,,,,,,,,,,
2558.0833333333335,0,G_fe,0.4867641772435873,0.4867641772435873,,,,,,,,,,
2558.116666666667,0,G_fe,0.4667966683267918,0.4667966683267918,,,,,,,,,,
2558.15,0,G_fe,0.4650917427827069,0.4650917427827069,,,,,,,,,,
2558.1833333333334,0,G_fe,0.47885413798654586,0.47885413798654586,,,,,,,,,,
2558.2166666666667,0,G_fe,0.48115221491346033,0.48115221491346033,,,,,,,,,,
2558.25,0,G_fe,0.48115221491346033,0.48115221491346033,,,,,,,,,,
2558.2833333333333,0,G_fe,0.48115221491346033,0.48115221491346033,,,,,,,,,,
2558.3166666666666,0,G_fe,0.48115221491346033,0.48115221491346033,,,,,,,,,,
2558.35,0,G_fe,0.48115221491346033,0.48115221491346033,,,,,,,,,,
2558.383333333333,0,G_fe,0.48115221491346033,0.48115221491346033,,,,,,,,,,
2558.4166666666665,0,G_fe,0.48115221491346033,0.48115221491346033,,,,,,,,,,
2558.45,0,G_fe,0.48115221491346033,0.48115221491346033,,,,,,,,,,
2558.483333333333,0,G_fe,0.48115221491346033,0.48115221491346033,,,,,,,,,,
2558.516666666667,0,G_fe,0.48115221491346033,0.48115221491346033,,,,,,,,,,
2558.55,0,G_fe,0.4844115926855837,0.4844115926855837,,,,,,,,,,
2558.5833333333335,0,G_fe,0.4844115926855837,0.4844115926855837,,,,,,,,,,
2558.616666666667,0,G_fe,0.4844115926855837,0.4844115926855837,,,,,,,,,,
2558.65,0,G_fe,0.48838369846444607,0.48838369846444607,,,,,,,,,,
2558.6833333333334,0,G_fe,0.4839662147404926,0.4839662147404926,,,,,,,,,,
2558.7166666666667,0,G_fe,0.48576372450232036,0.48576372450232036,,,,,,,,,,
2558.75,0,G_fe,0.48543008976580376,0.48543008976580376,,,,,,,,,,
2558.7833333333333,0,G_fe,0.48543008976580376,0.48543008976580376,,,,,,,,,,
2558.8166666666666,0,G_fe,0.47222880508956533,0.47222880508956533,,,,,,,,,,
2558.85,0,G_fe,0.46870563221235584,0.46870563221235584,,,,,,,,,,
2558.883333333333,0,G_fe,0.47553826543569555,0.47553826543569555,,,,,,,,,,
2558.9166666666665,0,G_fe,0.46278726897481265,0.46278726897481265,,,,,,,,,,
2558.95,0,G_fe,0.46278726897481265,0.46278726897481265,,,,,,,,,,
2558.983333333333,0,G_fe,0.46278726897481265,0.46278726897481265,,,,,,,,,,
2559.016666666667,0,G_fe,0.46278726897481265,0.46278726897481265,,,,,,,,,,
2559.05,0,G_fe,0.46278726897481265,0.46278726897481265,,,,,,,,,,
2559.0833333333335,0,G_fe,0.46278726897481265,0.46278726897481265,,,,,,,,,,
2559.116666666667,0,G_fe,0.46278726897481265,0.46278726897481265,,,,,,,,,,
2559.15,0,G_fe,0.46278726897481265,0.46278726897481265,,,,,,,,,,
2559.1833333333334,0,G_fe,0.46278726897481265,0.46278726897481265,,,,,,,,,,
2559.2166666666667,0,G_fe,0.46278726897481265,0.46278726897481265,,,,,,,,,,
2559.25,0,G_fe,0.46278726897481265,0.46278726897481265,,,,,,,,,,
2559.2833333333333,0,G_fe,0.46278726897481265,0.46278726897481265,,,,,,,,,,
2559.3166666666666,0,G_fe,0.47030003651690605,0.47030003651690605,,,,,,,,,,
2559.35,0,G_fe,0.47030003651690605,0.47030003651690605,,,,,,,,,,
2559.383333333333,0,G_fe,0.47030003651690605,0.47030003651690605,,,,,,,,,,
2559.4166666666665,0,G_fe,0.47030003651690605,0.47030003651690605,,,,,,,,,,
2559.45,0,G_fe,0.47030003651690605,0.47030003651690605,,,,,,,,,,
2559.483333333333,0,G_fe,0.47030003651690605,0.47030003651690605,,,,,,,,,,
2559.516666666667,0,G_fe,0.47030003651690605,0.47030003651690605,,,,,,,,,,
2559.55,0,G_fe,0.47030003651690605,0.47030003651690605,,,,,,,,,,
2559.5833333333335,0,G_fe,0.46480284592437193,0.46480284592437193,,,,,,,,,,
2559.616666666667,0,G_fe,0.46480284592437193,0.46480284592437193,,,,,,,,,,
2559.65,0,G_fe,0.46480284592437193,0.46480284592437193,,,,,,,,,,
2559.6833333333334,0,G_fe,0.46480284592437193,0.46480284592437193,,,,,,,,,,
2559.7166666666667,0,G_fe,0.46480284592437193,0.46480284592437193,,,,,,,,,,
2559.75,0,G_fe,0.4684901074109228,0.4684901074109228,,,,,,,,,,
2559.7833333333333,0,G_fe,0.46147683566385816,0.46147683566385816,,,,,,,,,,
2559.8166666666666,0,G_fe,0.47160248010685984,0.47160248010685984,,,,,,,,,,
2559.85,0,G_fe,0.46028569850009154,0.46028569850009154,,,,,,,,,,
2559.883333333333,0,G_fe,0.46028569850009154,0.46028569850009154,,,,,,,,,,
2559.9166666666665,0,G_fe,0.46028569850009154,0.46028569850009154,,,,,,,,,,
2559.95,0,G_fe,0.46028569850009154,0.46028569850009154,,,,,,,,,,
2559.983333333333,0,G_fe,0.4476524233764709,0.4476524233764709,,,,,,,,,,
2560.016666666667,0,G_fe,0.46460570579495736,0.46460570579495736,,,,,,,,,,
2560.05,0,G_fe,0.47157210044218467,0.47157210044218467,,,,,,,,,,
2560.0833333333335,0,G_fe,0.46664560182264525,0.46664560182264525,,,,,,,,,,
2560.116666666667,0,G_fe,0.46664560182264525,0.46664560182264525,,,,,,,,,,
2560.15,0,G_fe,0.46664560182264525,0.46664560182264525,,,,,,,,,,
2560.1833333333334,0,G_fe,0.46664560182264525,0.46664560182264525,,,,,,,,,,
2560.2166666666667,0,G_fe,0.46664560182264525,0.46664560182264525,,,,,,,,,,
2560.25,0,G_fe,0.46664560182264525,0.46664560182264525,,,,,,,,,,
2560.2833333333333,0,G_fe,0.46664560182264525,0.46664560182264525,,,,,,,,,,
2560.3166666666666,0,G_fe,0.471770226205187,0.471770226205187,,,,,,,,,,
2560.35,0,G_fe,0.471770226205187,0.471770226205187,,,,,,,,,,
2560.383333333333,0,G_fe,0.471770226205187,0.471770226205187,,,,,,,,,,
2560.4166666666665,0,G_fe,0.471770226205187,0.471770226205187,,,,,,,,,,
2560.45,0,G_fe,0.471770226205187,0.471770226205187,,,,,,,,,,
2560.483333333333,0,G_fe,0.471770226205187,0.471770226205187,,,,,,,,,,
2560.516666666667,0,G_fe,0.471770226205187,0.471770226205187,,,,,,,,,,
2560.55,0,G_fe,0.45734610864818565,0.45734610864818565,,,,,,,,,,
2560.5833333333335,0,G_fe,0.47879146025481484,0.47879146025481484,,,,,,,,,,
2560.616666666667,0,G_fe,0.4873189519275582,0.4873189519275582,,,,,,,,,,
2560.65,0,G_fe,0.47559612401754664,0.47559612401754664,,,,,,,,,,
2560.6833333333334,0,G_fe,0.47559612401754664,0.47559612401754664,,,,,,,,,,
2560.7166666666667,0,G_fe,0.47559612401754664,0.47559612401754664,,,,,,,,,,
2560.75,0,G_fe,0.47559612401754664,0.47559612401754664,,,,,,,,,,
2560.7833333333333,0,G_fe,0.47559612401754664,0.47559612401754664,,,,,,,,,,
2560.8166666666666,0,G_fe,0.49480829154025807,0.49480829154025807,,,,,,,,,,
2560.85,0,G_fe,0.49480829154025807,0.49480829154025807,,,,,,,,,,
2560.883333333333,0,G_fe,0.49480829154025807,0.49480829154025807,,,,,,,,,,
2560.9166666666665,0,G_fe,0.49480829154025807,0.49480829154025807,,,,,,,,,,
2560.95,0,G_fe,0.37828691476072507,0.37828691476072507,,,,,,,,,,
2560.983333333333,0,G_fe,0.38898862643126764,0.38898862643126764,,,,,,,,,,
2561.016666666667,0,G_fe,0.38898862643126764,0.38898862643126764,,,,,,,,,,
2561.05,0,G_fe,0.38898862643126764,0.38898862643126764,,,,,,,,,,
2561.0833333333335,0,G_fe,0.4020858101544863,0.4020858101544863,,,,,,,,,,
2561.116666666667,0,G_fe,0.4020858101544863,0.4020858101544863,,,,,,,,,,
2561.15,0,G_fe,0.4020858101544863,0.4020858101544863,,,,,,,,,,
2561.1833333333334,0,G_fe,0.3773648899933367,0.3773648899933367,,,,,,,,,,
2561.2166666666667,0,G_fe,0.40246886895388473,0.40246886895388473,,,,,,,,,,
2561.25,0,G_fe,0.40778677163289995,0.40778677163289995,,,,,,,,,,
2561.2833333333333,0,G_fe,0.38785784588344374,0.38785784588344374,,,,,,,,,,
2561.3166666666666,0,G_fe,0.38785784588344374,0.38785784588344374,,,,,,,,,,
2561.35,0,G_fe,0.38785784588344374,0.38785784588344374,,,,,,,,,,
2561.383333333333,0,G_fe,0.38785784588344374,0.38785784588344374,,,,,,,,,,
2561.4166666666665,0,G_fe,0.38785784588344374,0.38785784588344374,,,,,,,,,,
2561.45,0,G_fe,0.38785784588344374,0.38785784588344374,,,,,,,,,,
2561.483333333333,0,G_fe,0.38785784588344374,0.38785784588344374,,,,,,,,,,
2561.516666666667,0,G_fe,0.38785784588344374,0.38785784588344374,,,,,,,,,,
2561.55,0,G_fe,0.384476636614293,0.384476636614293,,,,,,,,,,
2561.5833333333335,0,G_fe,0.3884028477578362,0.3884028477578362,,,,,,,,,,
2561.616666666667,0,G_fe,0.3884028477578362,0.3884028477578362,,,,,,,,,,
2561.65,0,G_fe,0.38670378607025935,0.38670378607025935,,,,,,,,,,
2561.6833333333334,0,G_fe,0.38670378607025935,0.38670378607025935,,,,,,,,,,
2561.7166666666667,0,G_fe,0.38670378607025935,0.38670378607025935,,,,,,,,,,
2561.75,0,G_fe,0.3926182727313192,0.3926182727313192,,,,,,,,,,
2561.7833333333333,0,G_fe,0.38614365842092085,0.38614365842092085,,,,,,,,,,
2561.8166666666666,0,G_fe,0.3929998150921236,0.3929998150921236,,,,,,,,,,
2561.85,0,G_fe,0.39251513088142037,0.39251513088142037,,,,,,,,,,
2561.883333333333,0,G_fe,0.39251513088142037,0.39251513088142037,,,,,,,,,,
2561.9166666666665,0,G_fe,0.39251513088142037,0.39251513088142037,,,,,,,,,,
2561.95,0,G_fe,0.39251513088142037,0.39251513088142037,,,,,,,,,,
2561.983333333333,0,G_fe,0.39251513088142037,0.39251513088142037,,,,,,,,,,
2562.016666666667,0,G_fe,0.39251513088142037,0.39251513088142037,,,,,,,,,,
2562.05,0,G_fe,0.37411107169038893,0.37411107169038893,,,,,,,,,,
2562.0833333333335,0,G_fe,0.37411107169038893,0.37411107169038893,,,,,,,,,,
2562.116666666667,0,G_fe,0.37411107169038893,0.37411107169038893,,,,,,,,,,
2562.15,0,G_fe,0.37411107169038893,0.37411107169038893,,,,,,,,,,
2562.1833333333334,0,G_fe,0.37411107169038893,0.37411107169038893,,,,,,,,,,
2562.2166666666667,0,G_fe,0.37411107169038893,0.37411107169038893,,,,,,,,,,
2562.25,0,G_fe,0.37411107169038893,0.37411107169038893,,,,,,,,,,
2562.2833333333333,0,G_fe,0.37411107169038893,0.37411107169038893,,,,,,,,,,
2562.3166666666666,0,G_fe,0.3363727096475722,0.3363727096475722,,,,,,,,,,
2562.35,0,G_fe,0.3914115202549149,0.3914115202549149,,,,,,,,,,
2562.383333333333,0,G_fe,0.35768113251086725,0.35768113251086725,,,,,,,,,,
2562.4166666666665,0,G_fe,0.3681821105856003,0.3681821105856003,,,,,,,,,,
2562.45,0,G_fe,0.32830816112233085,0.32830816112233085,,,,,,,,,,
2562.483333333333,0,G_fe,0.32830816112233085,0.32830816112233085,,,,,,,,,,
2562.516666666667,0,G_fe,0.32830816112233085,0.32830816112233085,,,,,,,,,,
2562.55,0,G_fe,0.32830816112233085,0.32830816112233085,,,,,,,,,,
2562.5833333333335,0,G_fe,0.32830816112233085,0.32830816112233085,,,,,,,,,,
2562.616666666667,0,G_fe,0.32830816112233085,0.32830816112233085,,,,,,,,,,
2562.65,0,G_fe,0.32830816112233085,0.32830816112233085,,,,,,,,,,
2562.6833333333334,0,G_fe,0.3256593501968819,0.3256593501968819,,,,,,,,,,
2562.7166666666667,0,G_fe,0.320676662411445,0.320676662411445,,,,,,,,,,
2562.75,0,G_fe,0.320676662411445,0.320676662411445,,,,,,,,,,
2562.7833333333333,0,G_fe,0.320676662411445,0.320676662411445,,,,,,,,,,
2562.8166666666666,0,G_fe,0.320676662411445,0.320676662411445,,,,,,,,,,
2562.85,0,G_fe,0.320676662411445,0.320676662411445,,,,,,,,,,
2562.883333333333,0,G_fe,0.320676662411445,0.320676662411445,,,,,,,,,,
2562.9166666666665,0,G_fe,0.3023384556452755,0.3023384556452755,,,,,,,,,,
2562.95,0,G_fe,0.3487426942337423,0.3487426942337423,,,,,,,,,,
2562.983333333333,0,G_fe,0.4180251615568459,0.4180251615568459,,,,,,,,,,
2563.016666666667,0,G_fe,0.3861014578226343,0.3861014578226343,,,,,,,,,,
2563.05,0,G_fe,0.37019874693066845,0.37019874693066845,,,,,,,,,,
2563.0833333333335,0,G_fe,0.36790504985332906,0.36790504985332906,,,,,,,,,,
2563.116666666667,0,G_fe,0.36790504985332906,0.36790504985332906,,,,,,,,,,
2563.15,0,G_fe,0.36790504985332906,0.36790504985332906,,,,,,,,,,
2563.1833333333334,0,G_fe,0.36790504985332906,0.36790504985332906,,,,,,,,,,
2563.2166666666667,0,G_fe,0.36790504985332906,0.36790504985332906,,,,,,,,,,
2563.25,0,G_fe,0.4470431105917522,0.4470431105917522,,,,,,,,,,
2563.2833333333333,0,G_fe,0.4470431105917522,0.4470431105917522,,,,,,,,,,
2563.3166666666666,0,G_fe,0.4303548575597989,0.4303548575597989,,,,,,,,,,
2563.35,0,G_fe,0.4303548575597989,0.4303548575597989,,,,,,,,,,
2563.383333333333,0,G_fe,0.4303548575597989,0.4303548575597989,,,,,,,,,,
2563.4166666666665,0,G_fe,0.4303548575597989,0.4303548575597989,,,,,,,,,,
2563.45,0,G_fe,0.4303548575597989,0.4303548575597989,,,,,,,,,,
2563.483333333333,0,G_fe,0.4303548575597989,0.4303548575597989,,,,,,,,,,
2563.516666666667,0,G_fe,0.3661483575559326,0.3661483575559326,,,,,,,,,,
2563.55,0,G_fe,0.4065072291944001,0.4065072291944001,,,,,,,,,,
2563.5833333333335,0,G_fe,0.40842460864575636,0.40842460864575636,,,,,,,,,,
2563.616666666667,0,G_fe,0.4146509895137613,0.4146509895137613,,,,,,,,,,
2563.65,0,G_fe,0.4146509895137613,0.4146509895137613,,,,,,,,,,
2563.6833333333334,0,G_fe,0.4146509895137613,0.4146509895137613,,,,,,,,,,
2563.7166666666667,0,G_fe,0.4146509895137613,0.4146509895137613,,,,,,,,,,
2563.75,0,G_fe,0.4146509895137613,0.4146509895137613,,,,,,,,,,
2563.7833333333333,0,G_fe,0.43033249851204014,0.43033249851204014,,,,,,,,,,
2563.8166666666666,0,G_fe,0.43033249851204014,0.43033249851204014,,,,,,,,,,
2563.85,0,G_fe,0.43033249851204014,0.43033249851204014,,,,,,,,,,
2563.883333333333,0,G_fe,0.43033249851204014,0.43033249851204014,,,,,,,,,,
2563.9166666666665,0,G_fe,0.43033249851204014,0.43033249851204014,,,,,,,,,,
2563.95,0,G_fe,0.43033249851204014,0.43033249851204014,,,,,,,,,,
2563.983333333333,0,G_fe,0.48170578541083214,0.48170578541083214,,,,,,,,,,
2564.016666666667,0,G_fe,0.46227572659613664,0.46227572659613664,,,,,,,,,,
2564.05,0,G_fe,0.45209250266198525,0.45209250266198525,,,,,,,,,,
2564.0833333333335,0,G_fe,0.4008218328324289,0.4008218328324289,,,,,,,,,,
2564.116666666667,0,G_fe,0.4873907162736359,0.4873907162736359,,,,,,,,,,
2564.15,0,G_fe,0.49136330690536417,0.49136330690536417,,,,,,,,,,
2564.1833333333334,0,G_fe,0.49366751838444217,0.49366751838444217,,,,,,,,,,
2564.2166666666667,0,G_fe,0.49366751838444217,0.49366751838444217,,,,,,,,,,
2564.25,0,G_fe,0.6427498029087161,0.6427498029087161,,,,,,,,,,
2564.2833333333333,0,G_fe,0.6427498029087161,0.6427498029087161,,,,,,,,,,
2564.3166666666666,0,G_fe,0.6427498029087161,0.6427498029087161,,,,,,,,,,
2564.35,0,G_fe,0.6427498029087161,0.6427498029087161,,,,,,,,,,
2564.383333333333,0,G_fe,0.6427498029087161,0.6427498029087161,,,,,,,,,,
2564.4166666666665,0,G_fe,0.6427498029087161,0.6427498029087161,,,,,,,,,,
2564.45,0,G_fe,0.6427498029087161,0.6427498029087161,,,,,,,,,,
2564.483333333333,0,G_fe,0.6427498029087161,0.6427498029087161,,,,,,,,,,
2564.516666666667,0,G_fe,0.6427498029087161,0.6427498029087161,,,,,,,,,,
2564.55,0,G_fe,0.6395611955833366,0.6395611955833366,,,,,,,,,,
2564.5833333333335,0,G_fe,0.6433420874107524,0.6433420874107524,,,,,,,,,,
2564.616666666667,0,G_fe,0.6356411845279164,0.6356411845279164,,,,,,,,,,
2564.65,0,G_fe,0.634813818970086,0.634813818970086,,,,,,,,,,
2564.6833333333334,0,G_fe,0.634813818970086,0.634813818970086,,,,,,,,,,
2564.7166666666667,0,G_fe,0.634813818970086,0.634813818970086,,,,,,,,,,
2564.75,0,G_fe,0.634813818970086,0.634813818970086,,,,,,,,,,
2564.7833333333333,0,G_fe,0.634813818970086,0.634813818970086,,,,,,,,,,
2564.8166666666666,0,G_fe,0.634813818970086,0.634813818970086,,,,,,,,,,
2564.85,0,G_fe,0.5679833445830978,0.5679833445830978,,,,,,,,,,
2564.883333333333,0,G_fe,0.5678581514056272,0.5678581514056272,,,,,,,,,,
2564.9166666666665,0,G_fe,0.560946769230648,0.560946769230648,,,,,,,,,,
2564.95,0,G_fe,0.5685536595206238,0.5685536595206238,,,,,,,,,,
2564.983333333333,0,G_fe,0.5694638914272359,0.5694638914272359,,,,,,,,,,
2565.016666666667,0,G_fe,0.5761352120230744,0.5761352120230744,,,,,,,,,,
2565.05,0,G_fe,0.5761352120230744,0.5761352120230744,,,,,,,,,,
2565.0833333333335,0,G_fe,0.5761352120230744,0.5761352120230744,,,,,,,,,,
2565.116666666667,0,G_fe,0.5761352120230744,0.5761352120230744,,,,,,,,,,
2565.15,0,G_fe,0.5761352120230744,0.5761352120230744,,,,,,,,,,
2565.1833333333334,0,G_fe,0.5761352120230744,0.5761352120230744,,,,,,,,,,
2565.2166666666667,0,G_fe,0.5761352120230744,0.5761352120230744,,,,,,,,,,
2565.25,0,G_fe,0.5761352120230744,0.5761352120230744,,,,,,,,,,
2565.2833333333333,0,G_fe,0.5761352120230744,0.5761352120230744,,,,,,,,,,
2565.3166666666666,0,G_fe,0.5761352120230744,0.5761352120230744,,,,,,,,,,
2565.35,0,G_fe,0.5761352120230744,0.5761352120230744,,,,,,,,,,
2565.383333333333,0,G_fe,0.5714138907801164,0.5714138907801164,,,,,,,,,,
2565.4166666666665,0,G_fe,0.5714138907801164,0.5714138907801164,,,,,,,,,,
2565.45,0,G_fe,0.5691508194539575,0.5691508194539575,,,,,,,,,,
2565.483333333333,0,G_fe,0.5691508194539575,0.5691508194539575,,,,,,,,,,
2565.516666666667,0,G_fe,0.5729644108299172,0.5729644108299172,,,,,,,,,,
2565.55,0,G_fe,0.5779673267014689,0.5779673267014689,,,,,,,,,,
2565.5833333333335,0,G_fe,0.5779673267014689,0.5779673267014689,,,,,,,,,,
2565.616666666667,0,G_fe,0.5778331120438197,0.5778331120438197,,,,,,,,,,
2565.65,0,G_fe,0.5688295647307223,0.5688295647307223,,,,,,,,,,
2565.6833333333334,0,G_fe,0.5707313663808284,0.5707313663808284,,,,,,,,,,
2565.7166666666667,0,G_fe,0.5597514131061719,0.5597514131061719,,,,,,,,,,
2565.75,0,G_fe,0.5597514131061719,0.5597514131061719,,,,,,,,,,
2565.7833333333333,0,G_fe,0.5597514131061719,0.5597514131061719,,,,,,,,,,
2565.8166666666666,0,G_fe,0.5597514131061719,0.5597514131061719,,,,,,,,,,
2565.85,0,G_fe,0.5597514131061719,0.5597514131061719,,,,,,,,,,
2565.883333333333,0,G_fe,0.5597514131061719,0.5597514131061719,,,,,,,,,,
2565.9166666666665,0,G_fe,0.5597514131061719,0.5597514131061719,,,,,,,,,,
2565.95,0,G_fe,0.5597514131061719,0.5597514131061719,,,,,,,,,,
2565.983333333333,0,G_fe,0.5676697003511915,0.5676697003511915,,,,,,,,,,
2566.016666666667,0,G_fe,0.5676697003511915,0.5676697003511915,,,,,,,,,,
2566.05,0,G_fe,0.5095956785033292,0.5095956785033292,,,,,,,,,,
2566.0833333333335,0,G_fe,0.5095956785033292,0.5095956785033292,,,,,,,,,,
2566.116666666667,0,G_fe,0.5095956785033292,0.5095956785033292,,,,,,,,,,
2566.15,0,G_fe,0.5095956785033292,0.5095956785033292,,,,,,,,,,
2566.1833333333334,0,G_fe,0.5095956785033292,0.5095956785033292,,,,,,,,,,
2566.2166666666667,0,G_fe,0.5095956785033292,0.5095956785033292,,,,,,,,,,
2566.25,0,G_fe,0.5126799246304352,0.5126799246304352,,,,,,,,,,
2566.2833333333333,0,G_fe,0.5126799246304352,0.5126799246304352,,,,,,,,,,
2566.3166666666666,0,G_fe,0.5126799246304352,0.5126799246304352,,,,,,,,,,
2566.35,0,G_fe,0.5126799246304352,0.5126799246304352,,,,,,,,,,
2566.383333333333,0,G_fe,0.5126799246304352,0.5126799246304352,,,,,,,,,,
2566.4166666666665,0,G_fe,0.5126799246304352,0.5126799246304352,,,,,,,,,,
2566.45,0,G_fe,0.5126799246304352,0.5126799246304352,,,,,,,,,,
2566.483333333333,0,G_fe,0.5028669128233513,0.5028669128233513,,,,,,,,,,
2566.516666666667,0,G_fe,0.5171627886956617,0.5171627886956617,,,,,,,,,,
2566.55,0,G_fe,0.5161284871813107,0.5161284871813107,,,,,,,,,,
2566.5833333333335,0,G_fe,0.5139665782974062,0.5139665782974062,,,,,,,,,,
2566.616666666667,0,G_fe,0.5129270950301104,0.5129270950301104,,,,,,,,,,
2566.65,0,G_fe,0.5129270950301104,0.5129270950301104,,,,,,,,,,
2566.6833333333334,0,G_fe,0.5129270950301104,0.5129270950301104,,,,,,,,,,
2566.7166666666667,0,G_fe,0.49318093801811125,0.49318093801811125,,,,,,,,,,
2566.75,0,G_fe,0.49318093801811125,0.49318093801811125,,,,,,,,,,
2566.7833333333333,0,G_fe,0.49318093801811125,0.49318093801811125,,,,,,,,,,
2566.8166666666666,0,G_fe,0.49318093801811125,0.49318093801811125,,,,,,,,,,
2566.85,0,G_fe,0.49318093801811125,0.49318093801811125,,,,,,,,,,
2566.883333333333,0,G_fe,0.49318093801811125,0.49318093801811125,,,,,,,,,,
2566.9166666666665,0,G_fe,0.49318093801811125,0.49318093801811125,,,,,,,,,,
2566.95,0,G_fe,0.49318093801811125,0.49318093801811125,,,,,,,,,,
2566.983333333333,0,G_fe,0.49318093801811125,0.49318093801811125,,,,,,,,,,
2567.016666666667,0,G_fe,0.49318093801811125,0.49318093801811125,,,,,,,,,,
2567.05,0,G_fe,0.4906129091697641,0.4906129091697641,,,,,,,,,,
2567.0833333333335,0,G_fe,0.501901864576035,0.501901864576035,,,,,,,,,,
2567.116666666667,0,G_fe,0.49765560485423344,0.49765560485423344,,,,,,,,,,
2567.15,0,G_fe,0.4975827150345616,0.4975827150345616,,,,,,,,,,
2567.1833333333334,0,G_fe,0.49411183314986384,0.49411183314986384,,,,,,,,,,
2567.2166666666667,0,G_fe,0.49411183314986384,0.49411183314986384,,,,,,,,,,
2567.25,0,G_fe,0.4984253845843859,0.4984253845843859,,,,,,,,,,
2567.2833333333333,0,G_fe,0.4984253845843859,0.4984253845843859,,,,,,,,,,
2567.3166666666666,0,G_fe,0.4984253845843859,0.4984253845843859,,,,,,,,,,
2567.35,0,G_fe,0.4984253845843859,0.4984253845843859,,,,,,,,,,
2567.383333333333,0,G_fe,0.4984253845843859,0.4984253845843859,,,,,,,,,,
2567.4166666666665,0,G_fe,0.4984253845843859,0.4984253845843859,,,,,,,,,,
2567.45,0,G_fe,0.4984253845843859,0.4984253845843859,,,,,,,,,,
2567.483333333333,0,G_fe,0.4984253845843859,0.4984253845843859,,,,,,,,,,
2567.516666666667,0,G_fe,0.4984253845843859,0.4984253845843859,,,,,,,,,,
2567.55,0,G_fe,0.4984253845843859,0.4984253845843859,,,,,,,,,,
2567.5833333333335,0,G_fe,0.4984253845843859,0.4984253845843859,,,,,,,,,,
2567.616666666667,0,G_fe,0.43741432906017547,0.43741432906017547,,,,,,,,,,
2567.65,0,G_fe,0.43741432906017547,0.43741432906017547,,,,,,,,,,
2567.6833333333334,0,G_fe,0.4471159352643505,0.4471159352643505,,,,,,,,,,
2567.7166666666667,0,G_fe,0.4471159352643505,0.4471159352643505,,,,,,,,,,
2567.75,0,G_fe,0.4471159352643505,0.4471159352643505,,,,,,,,,,
2567.7833333333333,0,G_fe,0.4683188756951676,0.4683188756951676,,,,,,,,,,
2567.8166666666666,0,G_fe,0.4683188756951676,0.4683188756951676,,,,,,,,,,
2567.85,0,G_fe,0.4683188756951676,0.4683188756951676,,,,,,,,,,
2567.883333333333,0,G_fe,0.4683188756951676,0.4683188756951676,,,,,,,,,,
2567.9166666666665,0,G_fe,0.4539966796629972,0.4539966796629972,,,,,,,,,,
2567.95,0,G_fe,0.4539966796629972,0.4539966796629972,,,,,,,,,,
2567.983333333333,0,G_fe,0.4539966796629972,0.4539966796629972,,,,,,,,,,
2568.016666666667,0,G_fe,0.47552367017990854,0.47552367017990854,,,,,,,,,,
2568.05,0,G_fe,0.47552367017990854,0.47552367017990854,,,,,,,,,,
2568.0833333333335,0,G_fe,0.47895808486719244,0.47895808486719244,,,,,,,,,,
2568.116666666667,0,G_fe,0.48559615938007705,0.48559615938007705,,,,,,,,,,
2568.15,0,G_fe,0.48559615938007705,0.48559615938007705,,,,,,,,,,
2568.1833333333334,0,G_fe,0.48559615938007705,0.48559615938007705,,,,,,,,,,
2568.2166666666667,0,G_fe,0.48559615938007705,0.48559615938007705,,,,,,,,,,
2568.25,0,G_fe,0.48559615938007705,0.48559615938007705,,,,,,,,,,
2568.2833333333333,0,G_fe,0.4911995977768879,0.4911995977768879,,,,,,,,,,
2568.3166666666666,0,G_fe,0.48412884337197765,0.48412884337197765,,,,,,,,,,
2568.35,0,G_fe,0.48027854242035517,0.48027854242035517,,,,,,,,,,
2568.383333333333,0,G_fe,0.4815009460618128,0.4815009460618128,,,,,,,,,,
2568.4166666666665,0,G_fe,0.4815009460618128,0.4815009460618128,,,,,,,,,,
2568.45,0,G_fe,0.4815009460618128,0.4815009460618128,,,,,,,,,,
2568.483333333333,0,G_fe,0.4815009460618128,0.4815009460618128,,,,,,,,,,
2568.516666666667,0,G_fe,0.4815009460618128,0.4815009460618128,,,,,,,,,,
2568.55,0,G_fe,0.4815009460618128,0.4815009460618128,,,,,,,,,,
2568.5833333333335,0,G_fe,0.4815009460618128,0.4815009460618128,,,,,,,,,,
2568.616666666667,0,G_fe,0.4815009460618128,0.4815009460618128,,,,,,,,,,
2568.65,0,G_fe,0.4815009460618128,0.4815009460618128,,,,,,,,,,
2568.6833333333334,0,G_fe,0.4812964910928441,0.4812964910928441,,,,,,,,,,
2568.7166666666667,0,G_fe,0.4812964910928441,0.4812964910928441,,,,,,,,,,
2568.75,0,G_fe,0.4812964910928441,0.4812964910928441,,,,,,,,,,
2568.7833333333333,0,G_fe,0.4812964910928441,0.4812964910928441,,,,,,,,,,
2568.8166666666666,0,G_fe,0.492903629676546,0.492903629676546,,,,,,,,,,
2568.85,0,G_fe,0.4811637947041799,0.4811637947041799,,,,,,,,,,
2568.883333333333,0,G_fe,0.47210450688472433,0.47210450688472433,,,,,,,,,,
2568.9166666666665,0,G_fe,0.47436311386358193,0.47436311386358193,,,,,,,,,,
2568.95,0,G_fe,0.47436311386358193,0.47436311386358193,,,,,,,,,,
2568.983333333333,0,G_fe,0.47659231300694044,0.47659231300694044,,,,,,,,,,
2569.016666666667,0,G_fe,0.47659231300694044,0.47659231300694044,,,,,,,,,,
2569.05,0,G_fe,0.49557028551439153,0.49557028551439153,,,,,,,,,,
2569.0833333333335,0,G_fe,0.49557028551439153,0.49557028551439153,,,,,,,,,,
2569.116666666667,0,G_fe,0.49557028551439153,0.49557028551439153,,,,,,,,,,
2569.15,0,G_fe,0.49557028551439153,0.49557028551439153,,,,,,,,,,
2569.1833333333334,0,G_fe,0.49557028551439153,0.49557028551439153,,,,,,,,,,
2569.2166666666667,0,G_fe,0.4851682031886814,0.4851682031886814,,,,,,,,,,
2569.25,0,G_fe,0.4851682031886814,0.4851682031886814,,,,,,,,,,
2569.2833333333333,0,S3_provisional,0.5711582387474191,0.4851682031886814,,,,,,,,,,
2569.3166666666666,0,S3_provisional,0.5711582387474191,0.4851682031886814,,,,,,,,,,
2569.35,0,S3_provisional,0.5711582387474191,0.4851682031886814,,,,,,,,,,
2569.383333333333,0,S3_provisional,0.5711582387474191,0.4851682031886814,,,,,,,,,,
2569.4166666666665,0,S3_provisional,0.5711582387474191,0.4851682031886814,,,,,,,,,,
2569.45,0,S3_provisional,0.5711582387474191,0.4851682031886814,,,,,,,,,,
2569.483333333333,0,S3_provisional,0.5488575868035185,0.4851682031886814,,,,,,,,,,
2569.516666666667,0,S3_provisional,0.5753216800803752,0.4851682031886814,,,,,,,,,,
2569.55,0,S3_provisional,0.5740860126493766,0.4851682031886814,,,,,,,,,,
2569.5833333333335,0,S3_provisional,0.5740860126493766,0.4851682031886814,,,,,,,,,,
2569.616666666667,0,S3_provisional,0.5740860126493766,0.4851682031886814,,,,,,,,,,
2569.65,0,S3_provisional,0.5740860126493766,0.4851682031886814,,,,,,,,,,
2569.6833333333334,0,S3_provisional,0.5740860126493766,0.4851682031886814,,,,,,,,,,
2569.7166666666667,0,S3_provisional,0.5740860126493766,0.4851682031886814,,,,,,,,,,
2569.75,0,S3_provisional,0.5740860126493766,0.4851682031886814,,,,,,,,,,
2569.7833333333333,0,S3_provisional,0.5740860126493766,0.4851682031886814,,,,,,,,,,
2569.8166666666666,0,S3_provisional,0.5740860126493766,0.4851682031886814,,,,,,,,,,
2569.85,0,S3_provisional,0.5740860126493766,0.4851682031886814,,,,,,,,,,
2569.883333333333,0,S3_provisional,0.5740860126493766,0.4851682031886814,,,,,,,,,,
2569.9166666666665,0,S3_provisional,0.5740860126493766,0.4851682031886814,,,,,,,,,,
2569.95,0,S3_provisional,0.5488575868035185,0.4851682031886814,,,,,,,,,,
2569.983333333333,0,S3_provisional,0.546961260954104,0.4851682031886814,,,,,,,,,,
2570.016666666667,0,S3_provisional,0.5873724355959656,0.4851682031886814,,,,,,,,,,
2570.05,0,S3_provisional,0.5873724355959656,0.4851682031886814,,,,,,,,,,
2570.0833333333335,0,S3_provisional,0.5873724355959656,0.4851682031886814,,,,,,,,,,
2570.116666666667,0,S3_provisional,0.5873724355959656,0.4851682031886814,,,,,,,,,,
2570.15,0,S3_provisional,0.5873724355959656,0.4851682031886814,,,,,,,,,,
2570.1833333333334,0,S3_provisional,0.5873724355959656,0.4851682031886814,,,,,,,,,,
2570.2166666666667,0,S3_provisional,0.5873724355959656,0.4851682031886814,,,,,,,,,,
2570.25,0,S3_provisional,0.5873724355959656,0.4851682031886814,,,,,,,,,,
2570.2833333333333,0,S3_provisional,0.5873724355959656,0.4851682031886814,,,,,,,,,,
2570.3166666666666,0,S3_provisional,0.5873724355959656,0.4851682031886814,,,,,,,,,,
2570.35,0,S3_provisional,0.5873724355959656,0.4851682031886814,,,,,,,,,,
2570.383333333333,0,S3_provisional,0.5873724355959656,0.4851682031886814,,,,,,,,,,
2570.4166666666665,0,S3_provisional,0.5873724355959656,0.4851682031886814,,,,,,,,,,
2570.45,0,S3_provisional,0.5873724355959656,0.4851682031886814,,,,,,,,,,
2570.483333333333,0,S3_provisional,0.5873724355959656,0.4851682031886814,,,,,,,,,,
2570.516666666667,0,S3_provisional,0.5873724355959656,0.4851682031886814,,,,,,,,,,
2570.55,0,S3_provisional,0.5873724355959656,0.4851682031886814,,,,,,,,,,
2570.5833333333335,0,S3_provisional,0.5873724355959656,0.4851682031886814,,,,,,,,,,
2570.616666666667,0,S3_provisional,0.5873724355959656,0.4851682031886814,,,,,,,,,,
2570.65,0,S3_provisional,0.5873724355959656,0.4851682031886814,,,,,,,,,,
2570.6833333333334,0,S3_provisional,0.5873724355959656,0.4851682031886814,,,,,,,,,,
2570.7166666666667,0,S3_provisional,0.5873724355959656,0.4851682031886814,,,,,,,,,,
2570.75,0,S3_provisional,0.5873724355959656,0.4851682031886814,,,,,,,,,,
2570.7833333333333,0,S3_provisional,0.5873724355959656,0.4851682031886814,,,,,,,,,,
2570.8166666666666,0,S3_provisional,0.5873724355959656,0.4851682031886814,,,,,,,,,,
2570.85,0,S3_provisional,0.5873724355959656,0.4851682031886814,,,,,,,,,,
2570.883333333333,0,S3_provisional,0.5873724355959656,0.4851682031886814,,,,,,,,,,
2570.9166666666665,0,S3_provisional,0.5873724355959656,0.4851682031886814,,,,,,,,,,
2570.95,0,S3_provisional,0.5873724355959656,0.4851682031886814,,,,,,,,,,
2570.983333333333,0,S3_provisional,0.5873724355959656,0.4851682031886814,,,,,,,,,,
2571.016666666667,0,S3_provisional,0.5410745511517941,0.4851682031886814,,,,,,,,,,
2571.05,0,S3_provisional,0.5410745511517941,0.4851682031886814,,,,,,,,,,
2571.0833333333335,0,S3_provisional,0.5410745511517941,0.4851682031886814,,,,,,,,,,
2571.116666666667,0,S3_provisional,0.523244039717165,0.4851682031886814,,,,,,,,,,
2571.15,0,S3_provisional,0.523244039717165,0.4851682031886814,,,,,,,,,,
2571.1833333333334,0,S3_provisional,0.523244039717165,0.4851682031886814,,,,,,,,,,
2571.2166666666667,0,S3_provisional,0.523244039717165,0.4851682031886814,,,,,,,,,,
2571.25,0,S3_provisional,0.523244039717165,0.4851682031886814,,,,,,,,,,
2571.2833333333333,0,S3_provisional,0.5251534546355744,0.4851682031886814,,,,,,,,,,
2571.3166666666666,0,S3_provisional,0.5251534546355744,0.4851682031886814,,,,,,,,,,
2571.35,0,S3_provisional,0.5251534546355744,0.4851682031886814,,,,,,,,,,
2571.383333333333,0,S3,0.48951766488482346,0.4851682031886814,,,,,,,,,,
2571.4166666666665,0,G_fe,0.45955005123366266,0.45955005123366266,,,,,,,,,,
2571.45,0,G_fe,0.4524046250888274,0.4524046250888274,,,,,,,,,,
2571.483333333333,0,G_fe,0.4524046250888274,0.4524046250888274,,,,,,,,,,
2571.516666666667,0,G_fe,0.4524046250888274,0.4524046250888274,,,,,,,,,,
2571.55,0,G_fe,0.4524046250888274,0.4524046250888274,,,,,,,,,,
2571.5833333333335,0,G_fe,0.4524046250888274,0.4524046250888274,,,,,,,,,,
2571.616666666667,0,G_fe,0.4524046250888274,0.4524046250888274,,,,,,,,,,
2571.65,0,G_fe,0.4615719419513375,0.4615719419513375,,,,,,,,,,
2571.6833333333334,0,G_fe,0.4615719419513375,0.4615719419513375,,,,,,,,,,
2571.7166666666667,0,G_fe,0.4615719419513375,0.4615719419513375,,,,,,,,,,
2571.75,0,G_fe,0.4615719419513375,0.4615719419513375,,,,,,,,,,
2571.7833333333333,0,G_fe,0.4615719419513375,0.4615719419513375,,,,,,,,,,
2571.8166666666666,0,G_fe,0.4615719419513375,0.4615719419513375,,,,,,,,,,
2571.85,0,G_fe,0.4615719419513375,0.4615719419513375,,,,,,,,,,
2571.883333333333,0,G_fe,0.4615719419513375,0.4615719419513375,,,,,,,,,,
2571.9166666666665,0,G_fe,0.4615719419513375,0.4615719419513375,,,,,,,,,,
2571.95,0,G_fe,0.39147627489598663,0.39147627489598663,,,,,,,,,,
2571.983333333333,0,G_fe,0.39147627489598663,0.39147627489598663,,,,,,,,,,
2572.016666666667,0,G_fe,0.39147627489598663,0.39147627489598663,,,,,,,,,,
2572.05,0,G_fe,0.3990116748837998,0.3990116748837998,,,,,,,,,,
2572.0833333333335,0,G_fe,0.3990116748837998,0.3990116748837998,,,,,,,,,,
2572.116666666667,0,G_fe,0.3990116748837998,0.3990116748837998,,,,,,,,,,
2572.15,0,G_fe,0.3990116748837998,0.3990116748837998,,,,,,,,,,
2572.1833333333334,0,G_fe,0.3990116748837998,0.3990116748837998,,,,,,,,,,
2572.2166666666667,0,G_fe,0.4061035048473488,0.4061035048473488,,,,,,,,,,
2572.25,0,G_fe,0.4061035048473488,0.4061035048473488,,,,,,,,,,
2572.2833333333333,0,G_fe,0.4061035048473488,0.4061035048473488,,,,,,,,,,
2572.3166666666666,0,G_fe,0.4061035048473488,0.4061035048473488,,,,,,,,,,
2572.35,0,G_fe,0.4061035048473488,0.4061035048473488,,,,,,,,,,
2572.383333333333,0,G_fe,0.4061035048473488,0.4061035048473488,,,,,,,,,,
2572.4166666666665,0,G_fe,0.4061035048473488,0.4061035048473488,,,,,,,,,,
2572.45,0,G_fe,0.4061035048473488,0.4061035048473488,,,,,,,,,,
2572.483333333333,0,G_fe,0.4011990099012628,0.4011990099012628,,,,,,,,,,
2572.516666666667,0,G_fe,0.40318092567516584,0.40318092567516584,,,,,,,,,,
2572.55,0,G_fe,0.4011990099012628,0.4011990099012628,,,,,,,,,,
2572.5833333333335,0,G_fe,0.4195594806483854,0.4195594806483854,,,,,,,,,,
2572.616666666667,0,G_fe,0.4195594806483854,0.4195594806483854,,,,,,,,,,
2572.65,0,G_fe,0.4195594806483854,0.4195594806483854,,,,,,,,,,
2572.6833333333334,0,G_fe,0.3312515199199236,0.3312515199199236,,,,,,,,,,
2572.7166666666667,0,G_fe,0.3312515199199236,0.3312515199199236,,,,,,,,,,
2572.75,0,G_fe,0.3312515199199236,0.3312515199199236,,,,,,,,,,
2572.7833333333333,0,G_fe,0.3312515199199236,0.3312515199199236,,,,,,,,,,
2572.8166666666666,0,G_fe,0.3312515199199236,0.3312515199199236,,,,,,,,,,
2572.85,0,G_fe,0.3312515199199236,0.3312515199199236,,,,,,,,,,
2572.883333333333,0,G_fe,0.3312515199199236,0.3312515199199236,,,,,,,,,,
2572.9166666666665,0,G_fe,0.3312515199199236,0.3312515199199236,,,,,,,,,,
2572.95,0,G_fe,0.3312515199199236,0.3312515199199236,,,,,,,,,,
2572.983333333333,0,G_fe,0.3312515199199236,0.3312515199199236,,,,,,,,,,
2573.016666666667,0,G_fe,0.3312515199199236,0.3312515199199236,,,,,,,,,,
2573.05,0,G_fe,0.3312515199199236,0.3312515199199236,,,,,,,,,,
2573.0833333333335,0,G_fe,0.3312515199199236,0.3312515199199236,,,,,,,,,,
2573.116666666667,0,G_fe,0.3312515199199236,0.3312515199199236,,,,,,,,,,
2573.15,0,G_fe,0.3312515199199236,0.3312515199199236,,,,,,,,,,
2573.1833333333334,0,G_fe,0.3312515199199236,0.3312515199199236,,,,,,,,,,
2573.2166666666667,0,unavoidable_death,0.02,0.3312515199199236,0.26707286793412677,0.26707286793412677,False,prediction,"[13, 0]","(8, 1)","[0, None]","[13, 0]","[0, 0]","[2573.2166666666667, 2572.6833333333334]"
2573.25,0,unavoidable_death,0.02,0.3312515199199236,0.26707286793412677,0.26707286793412677,False,prediction,"[13, 0]","(8, 1)","[0, None]","[13, 0]","[0, 0]","[2573.2166666666667, 2572.6833333333334]"
2573.2833333333333,0,unavoidable_death,0.02,0.3312515199199236,0.26707286793412677,0.26707286793412677,False,prediction,"[13, 0]","(8, 1)","[0, None]","[13, 0]","[0, 0]","[2573.2166666666667, 2572.6833333333334]"
2573.3166666666666,0,unavoidable_death,0.02,0.3312515199199236,0.2641041319451275,0.2641041319451275,False,prediction,"[13, 0]","(8, 1)","[0, None]","[13, 0]","[0, 0]","[2573.3166666666666, 2572.6833333333334]"
2573.35,0,unavoidable_death,0.02,0.3312515199199236,0.26707286793412677,0.26707286793412677,False,prediction,"[13, 0]","(8, 1)","[0, None]","[13, 0]","[0, 0]","[2573.35, 2572.6833333333334]"
2573.383333333333,0,unavoidable_death,0.02,0.3312515199199236,0.26707286793412677,0.26707286793412677,False,prediction,"[13, 0]","(8, 1)","[0, None]","[13, 0]","[0, 0]","[2573.35, 2572.6833333333334]"
2573.4166666666665,0,unavoidable_death,0.02,0.3312515199199236,0.26707286793412677,0.26707286793412677,False,prediction,"[13, 0]","(7, 1)","[0, None]","[13, 0]","[0, 0]","[2573.35, 2572.6833333333334]"
2573.45,0,unavoidable_death,0.02,0.3312515199199236,0.26707286793412677,0.26707286793412677,False,prediction,"[13, 0]","(7, 1)","[0, None]","[13, 0]","[0, 0]","[2573.35, 2572.6833333333334]"
2573.483333333333,0,unavoidable_death,0.02,0.3312515199199236,0.26707286793412677,0.26707286793412677,False,prediction,"[13, 0]","(7, 1)","[0, None]","[13, 0]","[0, 0]","[2573.35, 2572.6833333333334]"
2573.516666666667,0,unavoidable_death,0.02,0.3312515199199236,0.26707286793412677,0.26707286793412677,False,prediction,"[13, 0]","(7, 1)","[0, None]","[13, 0]","[0, 0]","[2573.35, 2572.6833333333334]"
2573.55,0,unavoidable_death,0.02,0.3312515199199236,0.26707286793412677,0.26707286793412677,False,prediction,"[13, 0]","(7, 1)","[0, None]","[13, 0]","[0, 0]","[2573.35, 2572.6833333333334]"
2573.5833333333335,0,unavoidable_death,0.02,0.3312515199199236,0.26707286793412677,0.26707286793412677,False,prediction,"[13, 0]","(7, 1)","[0, None]","[13, 0]","[0, 0]","[2573.35, 2572.6833333333334]"
2573.616666666667,0,unavoidable_death,0.02,0.3312515199199236,0.26707286793412677,0.26707286793412677,False,prediction,"[13, 0]","(7, 1)","[0, None]","[13, 0]","[0, 0]","[2573.35, 2572.6833333333334]"
2573.65,0,unavoidable_death,0.02,0.3312515199199236,0.26707286793412677,0.26707286793412677,False,prediction,"[13, 0]","(7, 1)","[0, None]","[13, 0]","[0, 0]","[2573.35, 2572.6833333333334]"
2573.6833333333334,0,unavoidable_death,0.02,0.3312515199199236,0.26707286793412677,0.26707286793412677,False,prediction,"[13, 0]","(7, 1)","[0, None]","[13, 0]","[0, 0]","[2573.35, 2572.6833333333334]"
2573.7166666666667,0,unavoidable_death,0.02,0.3312515199199236,0.26775812443691477,0.26775812443691477,False,prediction,"[13, 0]","(7, 1)","[0, None]","[13, 0]","[0, 0]","[2573.7166666666667, 2572.6833333333334]"
2573.75,0,unavoidable_death,0.02,0.3312515199199236,0.26775812443691477,0.26775812443691477,False,prediction,"[13, 0]","(7, 1)","[0, None]","[13, 0]","[0, 0]","[2573.7166666666667, 2572.6833333333334]"
2573.7833333333333,0,unavoidable_death,0.02,0.3312515199199236,0.26775812443691477,0.26775812443691477,False,prediction,"[13, 0]","(7, 1)","[0, None]","[13, 0]","[0, 0]","[2573.7166666666667, 2572.6833333333334]"
2573.8166666666666,0,unavoidable_death,0.02,0.3312515199199236,0.26775812443691477,0.26775812443691477,False,prediction,"[13, 0]","(7, 1)","[0, None]","[13, 0]","[0, 0]","[2573.7166666666667, 2572.6833333333334]"
2573.85,0,unavoidable_death,0.02,0.3312515199199236,0.26775812443691477,0.26775812443691477,False,prediction,"[13, 0]","(7, 1)","[0, None]","[13, 0]","[0, 0]","[2573.7166666666667, 2572.6833333333334]"
2573.883333333333,0,unavoidable_death,0.02,0.3312515199199236,0.26775812443691477,0.26775812443691477,False,prediction,"[13, 0]","(7, 1)","[0, None]","[13, 0]","[0, 0]","[2573.7166666666667, 2572.6833333333334]"
2573.9166666666665,0,unavoidable_death,0.02,0.3312515199199236,0.26775812443691477,0.26775812443691477,False,prediction,"[13, 0]","(7, 1)","[0, None]","[13, 0]","[0, 0]","[2573.7166666666667, 2572.6833333333334]"
2573.95,0,unavoidable_death,0.02,0.3312515199199236,0.26775812443691477,0.26775812443691477,False,prediction,"[13, 0]","(7, 1)","[0, None]","[13, 0]","[0, 0]","[2573.7166666666667, 2572.6833333333334]"
2573.983333333333,0,unavoidable_death,0.02,0.3312515199199236,0.26775812443691477,0.26775812443691477,False,prediction,"[13, 0]","(7, 1)","[0, None]","[13, 0]","[0, 0]","[2573.7166666666667, 2572.6833333333334]"
2574.016666666667,0,unavoidable_death,0.02,0.3312515199199236,0.26775812443691477,0.26775812443691477,False,prediction,"[13, 0]","(7, 1)","[0, None]","[13, 0]","[0, 0]","[2573.7166666666667, 2572.6833333333334]"
2574.05,0,unavoidable_death,0.02,0.3312515199199236,0.2641041319451275,0.2641041319451275,False,prediction,"[13, 0]","(7, 1)","[0, None]","[13, 0]","[0, 0]","[2574.05, 2572.6833333333334]"
2574.0833333333335,0,unavoidable_death,0.02,0.3312515199199236,0.2641041319451275,0.2641041319451275,False,prediction,"[13, 0]","(7, 1)","[0, None]","[13, 0]","[0, 0]","[2574.05, 2572.6833333333334]"
2574.116666666667,0,unavoidable_death,0.02,0.3312515199199236,0.2639929542268815,0.2639929542268815,False,prediction,"[13, 0]","(7, 1)","[0, None]","[13, 0]","[0, 0]","[2574.116666666667, 2572.6833333333334]"
2574.15,0,unavoidable_death,0.02,0.3312515199199236,0.2657205502227888,0.2657205502227888,False,prediction,"[13, 0]","(6, 1)","[0, None]","[13, 0]","[0, 0]","[2574.15, 2572.6833333333334]"
2574.1833333333334,0,unavoidable_death,0.02,0.3312515199199236,0.2657205502227888,0.2657205502227888,False,prediction,"[13, 0]","(6, 1)","[0, None]","[13, 0]","[0, 0]","[2574.15, 2572.6833333333334]"
2574.2166666666667,0,unavoidable_death,0.02,0.3312515199199236,0.2657205502227888,0.2657205502227888,False,prediction,"[13, 0]","(6, 1)","[0, None]","[13, 0]","[0, 0]","[2574.15, 2572.6833333333334]"
2574.25,0,unavoidable_death,0.02,0.3312515199199236,0.2657205502227888,0.2657205502227888,False,prediction,"[13, 0]","(6, 1)","[0, None]","[13, 0]","[0, 0]","[2574.15, 2572.6833333333334]"
2574.2833333333333,0,unavoidable_death,0.02,0.3312515199199236,0.3038074643762615,0.3038074643762615,False,prediction,"[13, 0]","(6, 1)","[0, None]","[13, 0]","[0, 0]","[2574.2833333333333, 2572.6833333333334]"
2574.3166666666666,0,unavoidable_death,0.02,0.3312515199199236,0.3038074643762615,0.3038074643762615,False,prediction,"[13, 0]","(6, 1)","[0, None]","[13, 0]","[0, 0]","[2574.2833333333333, 2572.6833333333334]"
2574.35,0,unavoidable_death,0.02,0.3312515199199236,0.3038074643762615,0.3038074643762615,False,prediction,"[13, 0]","(6, 1)","[0, None]","[13, 0]","[0, 0]","[2574.2833333333333, 2572.6833333333334]"
2574.383333333333,0,unavoidable_death,0.02,0.3312515199199236,0.3038074643762615,0.3038074643762615,False,prediction,"[13, 0]","(6, 1)","[0, None]","[13, 0]","[0, 0]","[2574.2833333333333, 2572.6833333333334]"
2574.4166666666665,0,unavoidable_death,0.02,0.3312515199199236,0.3038074643762615,0.3038074643762615,False,prediction,"[13, 0]","(6, 1)","[0, None]","[13, 0]","[0, 0]","[2574.2833333333333, 2572.6833333333334]"
2574.45,0,unavoidable_death,0.02,0.3312515199199236,0.30781430940495413,0.30781430940495413,False,prediction,"[13, 0]","(6, 1)","[0, None]","[13, 0]","[0, 0]","[2574.45, 2574.45]"
2574.483333333333,0,unavoidable_death,0.02,0.3312515199199236,0.30781430940495413,0.30781430940495413,False,prediction,"[13, 0]","(2, 1)","[0, None]","[13, 0]","[0, 0]","[2574.483333333333, 2574.483333333333]"
2574.516666666667,0,unavoidable_death,0.02,0.3312515199199236,0.30781430940495413,0.30781430940495413,False,prediction,"[13, 0]","(2, 1)","[0, None]","[13, 0]","[0, 0]","[2574.483333333333, 2574.483333333333]"
2574.55,0,unavoidable_death,0.02,0.3312515199199236,0.30781430940495413,0.30781430940495413,False,prediction,"[13, 0]","(2, 1)","[0, None]","[13, 0]","[0, 0]","[2574.483333333333, 2574.483333333333]"
2574.5833333333335,0,unavoidable_death,0.02,0.3312515199199236,0.30781430940495413,0.30781430940495413,False,prediction,"[12, 0]","(1, 1)","[0, None]","[12, 0]","[0, 0]","[2574.5833333333335, 2574.5833333333335]"
2574.616666666667,0,G_fe,0.3414680021473251,0.3414680021473251,,,,,,,,,,
2574.65,0,G_fe,0.3414680021473251,0.3414680021473251,,,,,,,,,,
2574.6833333333334,0,G_fe,0.3414680021473251,0.3414680021473251,,,,,,,,,,
2574.7166666666667,0,G_fe,0.3059050845600499,0.3059050845600499,,,,,,,,,,
2574.75,0,G_fe,0.3059050845600499,0.3059050845600499,,,,,,,,,,
2574.7833333333333,0,G_fe,0.3059050845600499,0.3059050845600499,,,,,,,,,,
2574.8166666666666,0,G_fe,0.3059050845600499,0.3059050845600499,,,,,,,,,,
2574.85,0,G_fe,0.3124211967859928,0.3124211967859928,,,,,,,,,,
2574.883333333333,0,G_fe,0.30816819273049456,0.30816819273049456,,,,,,,,,,
2574.9166666666665,0,G_fe,0.30966858583718454,0.30966858583718454,,,,,,,,,,
2574.95,0,G_fe,0.3034664244302959,0.3034664244302959,,,,,,,,,,
2574.983333333333,0,G_fe,0.3034664244302959,0.3034664244302959,,,,,,,,,,
2575.016666666667,0,G_fe,0.3034664244302959,0.3034664244302959,,,,,,,,,,
2575.05,0,G_fe,0.3034664244302959,0.3034664244302959,,,,,,,,,,
2575.0833333333335,0,G_fe,0.3034664244302959,0.3034664244302959,,,,,,,,,,
2575.116666666667,0,G_fe,0.3034664244302959,0.3034664244302959,,,,,,,,,,
2575.15,0,G_fe,0.3034664244302959,0.3034664244302959,,,,,,,,,,
2575.1833333333334,0,G_fe,0.3034664244302959,0.3034664244302959,,,,,,,,,,
2575.2166666666667,0,G_fe,0.3034664244302959,0.3034664244302959,,,,,,,,,,
2575.25,0,G_fe,0.3034664244302959,0.3034664244302959,,,,,,,,,,
2575.2833333333333,0,G_fe,0.3034664244302959,0.3034664244302959,,,,,,,,,,
2575.3166666666666,0,G_fe,0.3034664244302959,0.3034664244302959,,,,,,,,,,
2575.35,0,G_fe,0.4423475563087527,0.4423475563087527,,,,,,,,,,
2575.383333333333,0,G_fe,0.4423475563087527,0.4423475563087527,,,,,,,,,,
2575.4166666666665,0,G_fe,0.4423475563087527,0.4423475563087527,,,,,,,,,,
2575.45,0,G_fe,0.4423475563087527,0.4423475563087527,,,,,,,,,,
2575.483333333333,0,G_fe,0.4423475563087527,0.4423475563087527,,,,,,,,,,
2575.516666666667,0,G_fe,0.4515383864305229,0.4515383864305229,,,,,,,,,,
2575.55,0,G_fe,0.4489427034534424,0.4489427034534424,,,,,,,,,,
2575.5833333333335,0,G_fe,0.43876464172298096,0.43876464172298096,,,,,,,,,,
2575.616666666667,0,G_fe,0.4464681215357261,0.4464681215357261,,,,,,,,,,
2575.65,0,G_fe,0.44848081002125295,0.44848081002125295,,,,,,,,,,
2575.6833333333334,0,G_fe,0.44848081002125295,0.44848081002125295,,,,,,,,,,
2575.7166666666667,0,G_fe,0.44848081002125295,0.44848081002125295,,,,,,,,,,
2575.75,0,G_fe,0.44817104158205573,0.44817104158205573,,,,,,,,,,
2575.7833333333333,0,G_fe,0.44817104158205573,0.44817104158205573,,,,,,,,,,
2575.8166666666666,0,G_fe,0.44817104158205573,0.44817104158205573,,,,,,,,,,
2575.85,0,G_fe,0.44817104158205573,0.44817104158205573,,,,,,,,,,
2575.883333333333,0,G_fe,0.44817104158205573,0.44817104158205573,,,,,,,,,,
2575.9166666666665,0,G_fe,0.44817104158205573,0.44817104158205573,,,,,,,,,,
2575.95,0,G_fe,0.44817104158205573,0.44817104158205573,,,,,,,,,,
2575.983333333333,0,G_fe,0.44817104158205573,0.44817104158205573,,,,,,,,,,
2576.016666666667,0,G_fe,0.46589351445968824,0.46589351445968824,,,,,,,,,,
2576.05,0,G_fe,0.46589351445968824,0.46589351445968824,,,,,,,,,,
2576.0833333333335,0,G_fe,0.46589351445968824,0.46589351445968824,,,,,,,,,,
2576.116666666667,0,G_fe,0.46589351445968824,0.46589351445968824,,,,,,,,,,
2576.15,0,G_fe,0.46589351445968824,0.46589351445968824,,,,,,,,,,
2576.1833333333334,0,G_fe,0.46589351445968824,0.46589351445968824,,,,,,,,,,
2576.2166666666667,0,G_fe,0.46589351445968824,0.46589351445968824,,,,,,,,,,
2576.25,0,G_fe,0.46589351445968824,0.46589351445968824,,,,,,,,,,
2576.2833333333333,0,G_fe,0.46589351445968824,0.46589351445968824,,,,,,,,,,
2576.3166666666666,0,G_fe,0.46589351445968824,0.46589351445968824,,,,,,,,,,
2576.35,0,G_fe,0.46589351445968824,0.46589351445968824,,,,,,,,,,
2576.383333333333,0,G_fe,0.46589351445968824,0.46589351445968824,,,,,,,,,,
2576.4166666666665,0,G_fe,0.46589351445968824,0.46589351445968824,,,,,,,,,,
2576.45,0,G_fe,0.46589351445968824,0.46589351445968824,,,,,,,,,,
2576.483333333333,0,G_fe,0.46589351445968824,0.46589351445968824,,,,,,,,,,
2576.516666666667,0,G_fe,0.46589351445968824,0.46589351445968824,,,,,,,,,,
2576.55,0,G_fe,0.46589351445968824,0.46589351445968824,,,,,,,,,,
2576.5833333333335,0,G_fe,0.46589351445968824,0.46589351445968824,,,,,,,,,,
2576.616666666667,0,G_fe,0.46589351445968824,0.46589351445968824,,,,,,,,,,
2576.65,0,G_fe,0.4117490634799693,0.4117490634799693,,,,,,,,,,
2576.6833333333334,0,G_fe,0.4117490634799693,0.4117490634799693,,,,,,,,,,
2576.7166666666667,0,G_fe,0.4117490634799693,0.4117490634799693,,,,,,,,,,
2576.75,0,G_fe,0.47573847077981557,0.47573847077981557,,,,,,,,,,
2576.7833333333333,0,G_fe,0.5252824125719076,0.5252824125719076,,,,,,,,,,
2576.8166666666666,0,S3_landing,0.42325589200740815,0.5252824125719076,0.7184166725101626,0.34010668363856483,True,prediction,"[0, 56]","(1, 8)","[None, 331]","[275, 0]","[0, 275]","[2576.7833333333333, 2576.8166666666666]"
2576.85,0,S3_landing,0.42325589200740815,0.5252824125719076,0.7184166725101626,0.34010668363856483,True,prediction,"[0, 56]","(1, 8)","[None, 331]","[275, 0]","[0, 275]","[2576.7833333333333, 2576.8166666666666]"
2576.883333333333,0,S3_landing,0.42325589200740815,0.5252824125719076,0.7184166725101626,0.34010668363856483,True,prediction,"[0, 56]","(1, 8)","[None, 331]","[275, 0]","[0, 275]","[2576.7833333333333, 2576.8166666666666]"
2576.9166666666665,0,S3_landing,0.42325589200740815,0.5252824125719076,0.7184166725101626,0.34010668363856483,True,prediction,"[0, 56]","(1, 8)","[None, 331]","[275, 0]","[0, 275]","[2576.7833333333333, 2576.8166666666666]"
2576.95,0,S3_landing,0.42325589200740815,0.5252824125719076,0.7184166725101626,0.34010668363856483,True,prediction,"[0, 56]","(1, 8)","[None, 331]","[275, 0]","[0, 275]","[2576.7833333333333, 2576.8166666666666]"
2576.983333333333,0,S3_landing,0.42325589200740815,0.5252824125719076,0.7184166725101626,0.34010668363856483,True,prediction,"[0, 56]","(1, 8)","[None, 331]","[275, 0]","[0, 275]","[2576.7833333333333, 2576.8166666666666]"
2577.016666666667,0,S3_landing,0.42325589200740815,0.5252824125719076,0.7184166725101626,0.34010668363856483,True,prediction,"[0, 56]","(1, 8)","[None, 331]","[275, 0]","[0, 275]","[2576.7833333333333, 2576.8166666666666]"
2577.05,0,S3_landing,0.42325589200740815,0.5252824125719076,0.7184166725101626,0.34010668363856483,True,prediction,"[0, 56]","(1, 8)","[None, 331]","[275, 0]","[0, 275]","[2576.7833333333333, 2576.8166666666666]"
2577.0833333333335,0,S3_landing,0.42325589200740815,0.5252824125719076,0.7184166725101626,0.34010668363856483,True,prediction,"[0, 56]","(1, 8)","[None, 331]","[275, 0]","[0, 275]","[2576.7833333333333, 2576.8166666666666]"
2577.116666666667,0,S3_landing,0.42325589200740815,0.5252824125719076,0.7184166725101626,0.34010668363856483,True,prediction,"[0, 56]","(1, 8)","[None, 331]","[275, 0]","[0, 275]","[2576.7833333333333, 2576.8166666666666]"
2577.15,0,S3_landing,0.42325589200740815,0.5252824125719076,0.7184166725101626,0.34010668363856483,True,prediction,"[0, 56]","(1, 8)","[None, 331]","[275, 0]","[0, 275]","[2576.7833333333333, 2576.8166666666666]"
2577.1833333333334,0,S3_landing,0.42325589200740815,0.5252824125719076,0.7184166725101626,0.34010668363856483,True,prediction,"[0, 56]","(1, 8)","[None, 331]","[275, 0]","[0, 275]","[2576.7833333333333, 2576.8166666666666]"
2577.2166666666667,0,S3_landing,0.42325589200740815,0.5252824125719076,0.7184166725101626,0.34010668363856483,True,prediction,"[0, 56]","(1, 8)","[None, 331]","[275, 0]","[0, 275]","[2576.7833333333333, 2576.8166666666666]"
2577.25,0,S3_landing,0.42325589200740815,0.5252824125719076,0.7184166725101626,0.34010668363856483,True,prediction,"[0, 56]","(1, 8)","[None, 331]","[275, 0]","[0, 275]","[2576.7833333333333, 2576.8166666666666]"
2577.2833333333333,0,S3_landing,0.42325589200740815,0.5252824125719076,0.7184166725101626,0.34010668363856483,True,prediction,"[0, 56]","(1, 8)","[None, 331]","[275, 0]","[0, 275]","[2576.7833333333333, 2576.8166666666666]"
2577.3166666666666,0,S3_landing,0.42325589200740815,0.5252824125719076,0.7184166725101626,0.34010668363856483,True,prediction,"[0, 56]","(1, 8)","[None, 331]","[275, 0]","[0, 275]","[2576.7833333333333, 2576.8166666666666]"
2577.35,0,S3_landing,0.42325589200740815,0.5252824125719076,0.7184166725101626,0.34010668363856483,True,prediction,"[0, 56]","(1, 8)","[None, 331]","[275, 0]","[0, 275]","[2576.7833333333333, 2576.8166666666666]"
2577.383333333333,0,S3_landing,0.42325589200740815,0.5252824125719076,0.7184166725101626,0.34010668363856483,True,prediction,"[0, 56]","(1, 8)","[None, 331]","[275, 0]","[0, 275]","[2576.7833333333333, 2576.8166666666666]"
2577.4166666666665,0,S3_landing,0.42325589200740815,0.5252824125719076,0.7184166725101626,0.34010668363856483,True,prediction,"[0, 56]","(1, 8)","[None, 331]","[275, 0]","[0, 275]","[2576.7833333333333, 2576.8166666666666]"
2577.45,0,S3_landing,0.42325589200740815,0.5252824125719076,0.7184166725101626,0.34010668363856483,True,prediction,"[0, 56]","(1, 8)","[None, 331]","[275, 0]","[0, 275]","[2576.7833333333333, 2576.8166666666666]"
2577.483333333333,0,S3_landing,0.42325589200740815,0.5252824125719076,0.7184166725101626,0.34010668363856483,True,prediction,"[0, 56]","(1, 8)","[None, 331]","[275, 0]","[0, 275]","[2576.7833333333333, 2576.8166666666666]"
2577.516666666667,0,S3_landing,0.42325589200740815,0.5252824125719076,0.7184166725101626,0.34010668363856483,True,prediction,"[0, 56]","(1, 8)","[None, 331]","[275, 0]","[0, 275]","[2576.7833333333333, 2576.8166666666666]"
2577.55,0,S3_landing,0.42325589200740815,0.5252824125719076,0.7184166725101626,0.34010668363856483,True,prediction,"[0, 56]","(1, 8)","[None, 331]","[275, 0]","[0, 275]","[2576.7833333333333, 2576.8166666666666]"
2577.5833333333335,0,S3_landing,0.42325589200740815,0.5252824125719076,0.7184166725101626,0.34010668363856483,True,prediction,"[0, 56]","(1, 8)","[None, 331]","[275, 0]","[0, 275]","[2576.7833333333333, 2576.8166666666666]"
2577.616666666667,0,S3_landing,0.42325589200740815,0.5252824125719076,0.7184166725101626,0.34010668363856483,True,prediction,"[0, 56]","(1, 8)","[None, 331]","[275, 0]","[0, 275]","[2576.7833333333333, 2576.8166666666666]"
2577.65,0,S3_landing,0.42325589200740815,0.5252824125719076,0.7184166725101626,0.34010668363856483,True,prediction,"[0, 56]","(1, 8)","[None, 331]","[275, 0]","[0, 275]","[2576.7833333333333, 2576.8166666666666]"
2577.6833333333334,0,S3_landing,0.42325589200740815,0.5252824125719076,0.7184166725101626,0.34010668363856483,True,prediction,"[0, 56]","(1, 8)","[None, 331]","[275, 0]","[0, 275]","[2576.7833333333333, 2576.8166666666666]"
2577.7166666666667,0,S3_landing,0.42325589200740815,0.5252824125719076,0.7184166725101626,0.34010668363856483,True,prediction,"[0, 56]","(1, 8)","[None, 331]","[275, 0]","[0, 275]","[2576.7833333333333, 2576.8166666666666]"
2577.75,0,S3_landing,0.42325589200740815,0.5252824125719076,0.7184166725101626,0.34010668363856483,True,prediction,"[0, 56]","(1, 8)","[None, 331]","[275, 0]","[0, 275]","[2576.7833333333333, 2576.8166666666666]"
2577.7833333333333,0,S3_landing,0.42325589200740815,0.5252824125719076,0.7184166725101626,0.34010668363856483,True,prediction,"[0, 56]","(1, 8)","[None, 331]","[275, 0]","[0, 275]","[2576.7833333333333, 2576.8166666666666]"
2577.8166666666666,0,S3_landing,0.42325589200740815,0.5252824125719076,0.7184166725101626,0.34010668363856483,True,prediction,"[0, 56]","(1, 8)","[None, 331]","[275, 0]","[0, 275]","[2576.7833333333333, 2576.8166666666666]"
2577.85,0,S3_landing,0.42325589200740815,0.5252824125719076,0.7184166725101626,0.34010668363856483,True,prediction,"[0, 56]","(1, 8)","[None, 331]","[275, 0]","[0, 275]","[2576.7833333333333, 2576.8166666666666]"
2577.883333333333,0,S3_landing,0.42325589200740815,0.5252824125719076,0.7184166725101626,0.34010668363856483,True,prediction,"[0, 56]","(1, 8)","[None, 331]","[275, 0]","[0, 275]","[2576.7833333333333, 2576.8166666666666]"
2577.9166666666665,0,S3_landing,0.42325589200740815,0.5252824125719076,0.7184166725101626,0.34010668363856483,True,prediction,"[0, 56]","(1, 8)","[None, 331]","[275, 0]","[0, 275]","[2576.7833333333333, 2576.8166666666666]"
2577.95,0,S3_landing,0.42325589200740815,0.5252824125719076,0.7184166725101626,0.34010668363856483,True,prediction,"[0, 56]","(1, 8)","[None, 331]","[275, 0]","[0, 275]","[2576.7833333333333, 2576.8166666666666]"
2577.983333333333,0,S3_landing,0.42325589200740815,0.5252824125719076,0.7184166725101626,0.34010668363856483,True,prediction,"[0, 56]","(1, 8)","[None, 331]","[275, 0]","[0, 275]","[2576.7833333333333, 2576.8166666666666]"
2578.016666666667,0,S3_landing,0.42325589200740815,0.5252824125719076,0.7184166725101626,0.34010668363856483,True,prediction,"[0, 56]","(1, 8)","[None, 331]","[275, 0]","[0, 275]","[2576.7833333333333, 2576.8166666666666]"
2578.05,0,S3_landing,0.42325589200740815,0.5252824125719076,0.7184166725101626,0.34010668363856483,True,prediction,"[0, 56]","(1, 8)","[None, 331]","[275, 0]","[0, 275]","[2576.7833333333333, 2576.8166666666666]"
2578.0833333333335,0,S3_landing,0.42325589200740815,0.5252824125719076,0.7184166725101626,0.34010668363856483,True,prediction,"[0, 56]","(1, 8)","[None, 331]","[275, 0]","[0, 275]","[2576.7833333333333, 2576.8166666666666]"
2578.116666666667,0,S3_landing,0.42325589200740815,0.5252824125719076,0.7184166725101626,0.34010668363856483,True,prediction,"[0, 56]","(1, 8)","[None, 331]","[275, 0]","[0, 275]","[2576.7833333333333, 2576.8166666666666]"
2578.15,0,S3_landing,0.42325589200740815,0.5252824125719076,0.7184166725101626,0.34010668363856483,True,prediction,"[0, 56]","(1, 8)","[None, 331]","[275, 0]","[0, 275]","[2576.7833333333333, 2576.8166666666666]"
2578.1833333333334,0,S3_landing,0.42325589200740815,0.5252824125719076,0.7184166725101626,0.34010668363856483,True,prediction,"[0, 56]","(1, 8)","[None, 331]","[275, 0]","[0, 275]","[2576.7833333333333, 2576.8166666666666]"
2578.2166666666667,0,S3_landing,0.42325589200740815,0.5252824125719076,0.7184166725101626,0.34010668363856483,True,prediction,"[0, 56]","(1, 8)","[None, 331]","[275, 0]","[0, 275]","[2576.7833333333333, 2576.8166666666666]"
2578.25,0,S3_landing,0.42325589200740815,0.5252824125719076,0.7184166725101626,0.34010668363856483,True,prediction,"[0, 56]","(1, 8)","[None, 331]","[275, 0]","[0, 275]","[2576.7833333333333, 2576.8166666666666]"
2578.2833333333333,0,S3_landing,0.42325589200740815,0.5252824125719076,0.7184166725101626,0.34010668363856483,True,prediction,"[0, 56]","(1, 8)","[None, 331]","[275, 0]","[0, 275]","[2576.7833333333333, 2576.8166666666666]"
2578.3166666666666,0,S3_landing,0.42325589200740815,0.5252824125719076,0.7184166725101626,0.34010668363856483,True,prediction,"[0, 56]","(1, 8)","[None, 331]","[275, 0]","[0, 275]","[2576.7833333333333, 2576.8166666666666]"
2578.35,0,S3_landing,0.42325589200740815,0.5252824125719076,0.7184166725101626,0.34010668363856483,True,prediction,"[0, 56]","(1, 8)","[None, 331]","[275, 0]","[0, 275]","[2576.7833333333333, 2576.8166666666666]"
2578.383333333333,0,S3_landing,0.42325589200740815,0.5252824125719076,0.7184166725101626,0.34010668363856483,True,prediction,"[0, 56]","(1, 8)","[None, 331]","[275, 0]","[0, 275]","[2576.7833333333333, 2576.8166666666666]"
2578.4166666666665,0,S3_landing,0.42325589200740815,0.5252824125719076,0.7184166725101626,0.34010668363856483,True,prediction,"[0, 56]","(1, 8)","[None, 331]","[275, 0]","[0, 275]","[2576.7833333333333, 2576.8166666666666]"
2578.45,0,S3_landing,0.42325589200740815,0.5252824125719076,0.7184166725101626,0.34010668363856483,True,prediction,"[0, 56]","(1, 8)","[None, 331]","[275, 0]","[0, 275]","[2576.7833333333333, 2576.8166666666666]"
2578.483333333333,0,S3_landing,0.42325589200740815,0.5252824125719076,0.7184166725101626,0.34010668363856483,True,prediction,"[0, 56]","(1, 8)","[None, 331]","[275, 0]","[0, 275]","[2576.7833333333333, 2576.8166666666666]"
2578.516666666667,0,S3_landing,0.42325589200740815,0.5252824125719076,0.7184166725101626,0.34010668363856483,True,prediction,"[0, 56]","(1, 8)","[None, 331]","[275, 0]","[0, 275]","[2576.7833333333333, 2576.8166666666666]"
2578.55,0,S3_landing,0.42325589200740815,0.5252824125719076,0.7184166725101626,0.34010668363856483,True,prediction,"[0, 56]","(1, 8)","[None, 331]","[275, 0]","[0, 275]","[2576.7833333333333, 2576.8166666666666]"
2578.5833333333335,0,S3_landing,0.42325589200740815,0.5252824125719076,0.7184166725101626,0.34010668363856483,True,prediction,"[0, 56]","(1, 8)","[None, 331]","[275, 0]","[0, 275]","[2576.7833333333333, 2576.8166666666666]"
2578.616666666667,0,S3_landing,0.42325589200740815,0.5252824125719076,0.7184166725101626,0.34010668363856483,True,prediction,"[0, 56]","(1, 8)","[None, 331]","[275, 0]","[0, 275]","[2576.7833333333333, 2576.8166666666666]"
2578.65,0,S3_landing,0.42325589200740815,0.5252824125719076,0.7184166725101626,0.34010668363856483,True,prediction,"[0, 56]","(1, 8)","[None, 331]","[275, 0]","[0, 275]","[2576.7833333333333, 2576.8166666666666]"
2578.6833333333334,0,S3_landing,0.42325589200740815,0.5252824125719076,0.7184166725101626,0.34010668363856483,True,prediction,"[0, 56]","(1, 8)","[None, 331]","[275, 0]","[0, 275]","[2576.7833333333333, 2576.8166666666666]"
2578.7166666666667,0,S3_landing,0.42325589200740815,0.5252824125719076,0.7184166725101626,0.34010668363856483,True,prediction,"[0, 56]","(1, 8)","[None, 331]","[275, 0]","[0, 275]","[2576.7833333333333, 2576.8166666666666]"
2578.75,0,S3_landing,0.42325589200740815,0.5252824125719076,0.7184166725101626,0.34010668363856483,True,prediction,"[0, 56]","(1, 8)","[None, 331]","[275, 0]","[0, 275]","[2576.7833333333333, 2576.8166666666666]"
2578.7833333333333,0,S3_landing,0.42325589200740815,0.5252824125719076,0.7184166725101626,0.34010668363856483,True,prediction,"[0, 56]","(1, 8)","[None, 331]","[275, 0]","[0, 275]","[2576.7833333333333, 2576.8166666666666]"
2578.8166666666666,0,S3_landing,0.42325589200740815,0.5252824125719076,0.7184166725101626,0.34010668363856483,True,prediction,"[0, 56]","(1, 8)","[None, 331]","[275, 0]","[0, 275]","[2576.7833333333333, 2576.8166666666666]"
2578.85,0,S3_landing,0.42325589200740815,0.5252824125719076,0.7184166725101626,0.34010668363856483,True,prediction,"[0, 56]","(1, 8)","[None, 331]","[275, 0]","[0, 275]","[2576.7833333333333, 2576.8166666666666]"
2578.883333333333,0,S3_landing,0.42325589200740815,0.5252824125719076,0.7184166725101626,0.34010668363856483,True,prediction,"[0, 56]","(1, 8)","[None, 331]","[275, 0]","[0, 275]","[2576.7833333333333, 2576.8166666666666]"
2578.9166666666665,0,S3_landing,0.42325589200740815,0.5252824125719076,0.7184166725101626,0.34010668363856483,True,prediction,"[0, 56]","(1, 8)","[None, 331]","[275, 0]","[0, 275]","[2576.7833333333333, 2576.8166666666666]"
2578.95,0,S3_landing,0.42325589200740815,0.5252824125719076,0.7184166725101626,0.34010668363856483,True,prediction,"[0, 56]","(1, 8)","[None, 331]","[275, 0]","[0, 275]","[2576.7833333333333, 2576.8166666666666]"
2578.983333333333,0,S3_landing,0.42325589200740815,0.5252824125719076,0.7184166725101626,0.34010668363856483,True,prediction,"[0, 56]","(1, 8)","[None, 331]","[275, 0]","[0, 275]","[2576.7833333333333, 2576.8166666666666]"
2579.016666666667,0,S3_landing,0.42325589200740815,0.5252824125719076,0.7184166725101626,0.34010668363856483,True,prediction,"[0, 56]","(1, 8)","[None, 331]","[275, 0]","[0, 275]","[2576.7833333333333, 2576.8166666666666]"
2579.05,0,S3_landing,0.42325589200740815,0.5252824125719076,0.7184166725101626,0.34010668363856483,True,prediction,"[0, 56]","(1, 8)","[None, 331]","[275, 0]","[0, 275]","[2576.7833333333333, 2576.8166666666666]"
2579.0833333333335,1,waiting_confirmed,,,,,,,,,,,,
2579.116666666667,1,G_fe,0.25506838150195354,0.25506838150195354,,,,,,,,,,
2579.15,1,G_fe,0.25506838150195354,0.25506838150195354,,,,,,,,,,
2579.1833333333334,1,G_fe,0.25506838150195354,0.25506838150195354,,,,,,,,,,
2579.2166666666667,1,G_fe,0.24298886040740625,0.24298886040740625,,,,,,,,,,
2579.25,1,G_fe,0.24298886040740625,0.24298886040740625,,,,,,,,,,
2579.2833333333333,1,G_fe,0.24298886040740625,0.24298886040740625,,,,,,,,,,
2579.3166666666666,1,G_fe,0.24298886040740625,0.24298886040740625,,,,,,,,,,
2579.35,1,G_fe,0.24298886040740625,0.24298886040740625,,,,,,,,,,
2579.383333333333,1,G_fe,0.24298886040740625,0.24298886040740625,,,,,,,,,,
2579.4166666666665,1,G_fe,0.24298886040740625,0.24298886040740625,,,,,,,,,,
2579.45,1,G_fe,0.24298886040740625,0.24298886040740625,,,,,,,,,,
2579.483333333333,1,G_fe,0.24298886040740625,0.24298886040740625,,,,,,,,,,
2579.516666666667,1,G_fe,0.6324870386841437,0.6324870386841437,,,,,,,,,,
2579.55,1,G_fe,0.6324870386841437,0.6324870386841437,,,,,,,,,,
2579.5833333333335,1,G_fe,0.6324870386841437,0.6324870386841437,,,,,,,,,,
2579.616666666667,1,G_fe,0.6324870386841437,0.6324870386841437,,,,,,,,,,
2579.65,1,G_fe,0.6324870386841437,0.6324870386841437,,,,,,,,,,
2579.6833333333334,1,G_fe,0.6324870386841437,0.6324870386841437,,,,,,,,,,
2579.7166666666667,1,G_fe,0.6324870386841437,0.6324870386841437,,,,,,,,,,
2579.75,1,G_fe,0.6324870386841437,0.6324870386841437,,,,,,,,,,
2579.7833333333333,1,G_fe,0.6324870386841437,0.6324870386841437,,,,,,,,,,
2579.8166666666666,1,G_fe,0.6324870386841437,0.6324870386841437,,,,,,,,,,
2579.85,1,G_fe,0.6324870386841437,0.6324870386841437,,,,,,,,,,
2579.883333333333,1,G_fe,0.6324870386841437,0.6324870386841437,,,,,,,,,,
2579.9166666666665,1,G_fe,0.6324870386841437,0.6324870386841437,,,,,,,,,,
2579.95,1,G_fe,0.6324870386841437,0.6324870386841437,,,,,,,,,,
2579.983333333333,1,G_fe,0.6324870386841437,0.6324870386841437,,,,,,,,,,
2580.016666666667,1,G_fe,0.6324870386841437,0.6324870386841437,,,,,,,,,,
2580.05,1,G_fe,0.6324870386841437,0.6324870386841437,,,,,,,,,,
2580.0833333333335,1,G_fe,0.6324870386841437,0.6324870386841437,,,,,,,,,,
2580.116666666667,1,G_fe,0.6324870386841437,0.6324870386841437,,,,,,,,,,
2580.15,1,G_fe,0.6324870386841437,0.6324870386841437,,,,,,,,,,
2580.1833333333334,1,G_fe,0.6324870386841437,0.6324870386841437,,,,,,,,,,
2580.2166666666667,1,G_fe,0.6324870386841437,0.6324870386841437,,,,,,,,,,
2580.25,1,G_fe,0.6324870386841437,0.6324870386841437,,,,,,,,,,
2580.2833333333333,1,G_fe,0.6324870386841437,0.6324870386841437,,,,,,,,,,
2580.3166666666666,1,G_fe,0.6324870386841437,0.6324870386841437,,,,,,,,,,
2580.35,1,G_fe,0.6324870386841437,0.6324870386841437,,,,,,,,,,
2580.383333333333,1,G_fe,0.6324870386841437,0.6324870386841437,,,,,,,,,,
2580.4166666666665,1,G_fe,0.6324870386841437,0.6324870386841437,,,,,,,,,,
2580.45,1,G_fe,0.6324870386841437,0.6324870386841437,,,,,,,,,,
2580.483333333333,1,G_fe,0.6324870386841437,0.6324870386841437,,,,,,,,,,
2580.516666666667,1,G_fe,0.6324870386841437,0.6324870386841437,,,,,,,,,,
2580.55,1,G_fe,0.6324870386841437,0.6324870386841437,,,,,,,,,,
2580.5833333333335,1,G_fe,0.6324870386841437,0.6324870386841437,,,,,,,,,,
2580.616666666667,1,G_fe,0.6324870386841437,0.6324870386841437,,,,,,,,,,
2580.65,1,G_fe,0.6324870386841437,0.6324870386841437,,,,,,,,,,
2580.6833333333334,1,G_fe,0.6324870386841437,0.6324870386841437,,,,,,,,,,
2580.7166666666667,1,G_fe,0.6324870386841437,0.6324870386841437,,,,,,,,,,
2580.75,1,G_fe,0.6324870386841437,0.6324870386841437,,,,,,,,,,
2580.7833333333333,1,G_fe,0.6324870386841437,0.6324870386841437,,,,,,,,,,
2580.8166666666666,1,G_fe,0.6324870386841437,0.6324870386841437,,,,,,,,,,
2580.85,1,G_fe,0.6324870386841437,0.6324870386841437,,,,,,,,,,
2580.883333333333,1,G_fe,0.6324870386841437,0.6324870386841437,,,,,,,,,,
2580.9166666666665,1,G_fe,0.6273608292391353,0.6273608292391353,,,,,,,,,,
2580.95,1,G_fe,0.6324870386841437,0.6324870386841437,,,,,,,,,,
2580.983333333333,1,G_fe,0.6324870386841437,0.6324870386841437,,,,,,,,,,
2581.016666666667,1,G_fe,0.6324870386841437,0.6324870386841437,,,,,,,,,,
2581.05,1,G_fe,0.6324870386841437,0.6324870386841437,,,,,,,,,,
2581.0833333333335,1,G_fe,0.6324870386841437,0.6324870386841437,,,,,,,,,,
2581.116666666667,1,G_fe,0.6273608292391353,0.6273608292391353,,,,,,,,,,
2581.15,1,G_fe,0.6324870386841437,0.6324870386841437,,,,,,,,,,
2581.1833333333334,1,G_fe,0.6324870386841437,0.6324870386841437,,,,,,,,,,
2581.2166666666667,1,G_fe,0.6324870386841437,0.6324870386841437,,,,,,,,,,
2581.25,1,G_fe,0.6324870386841437,0.6324870386841437,,,,,,,,,,
2581.2833333333333,1,G_fe,0.6324870386841437,0.6324870386841437,,,,,,,,,,
2581.3166666666666,1,G_fe,0.6324870386841437,0.6324870386841437,,,,,,,,,,
2581.35,1,G_fe,0.6324870386841437,0.6324870386841437,,,,,,,,,,
2581.383333333333,1,G_fe,0.6324870386841437,0.6324870386841437,,,,,,,,,,
2581.4166666666665,1,G_fe,0.6375834591674977,0.6375834591674977,,,,,,,,,,
2581.45,1,G_fe,0.6273608292391353,0.6273608292391353,,,,,,,,,,
2581.483333333333,1,G_fe,0.6324870386841437,0.6324870386841437,,,,,,,,,,
2581.516666666667,1,G_fe,0.6324870386841437,0.6324870386841437,,,,,,,,,,
2581.55,1,G_fe,0.6324870386841437,0.6324870386841437,,,,,,,,,,
2581.5833333333335,1,G_fe,0.6324870386841437,0.6324870386841437,,,,,,,,,,
2581.616666666667,1,G_fe,0.6350110334380717,0.6350110334380717,,,,,,,,,,
2581.65,1,G_fe,0.6322541732110597,0.6322541732110597,,,,,,,,,,
2581.6833333333334,1,G_fe,0.628552927219321,0.628552927219321,,,,,,,,,,
2581.7166666666667,1,G_fe,0.6324870386841437,0.6324870386841437,,,,,,,,,,
2581.75,1,G_fe,0.6324870386841437,0.6324870386841437,,,,,,,,,,
2581.7833333333333,1,G_fe,0.6324870386841437,0.6324870386841437,,,,,,,,,,
2581.8166666666666,1,G_fe,0.6324870386841437,0.6324870386841437,,,,,,,,,,
2581.85,1,G_fe,0.48460223856337864,0.48460223856337864,,,,,,,,,,
2581.883333333333,1,G_fe,0.48460223856337864,0.48460223856337864,,,,,,,,,,
2581.9166666666665,1,G_fe,0.48460223856337864,0.48460223856337864,,,,,,,,,,
2581.95,1,G_fe,0.48460223856337864,0.48460223856337864,,,,,,,,,,
2581.983333333333,1,G_fe,0.48460223856337864,0.48460223856337864,,,,,,,,,,
2582.016666666667,1,G_fe,0.48460223856337864,0.48460223856337864,,,,,,,,,,
2582.05,1,G_fe,0.48460223856337864,0.48460223856337864,,,,,,,,,,
2582.0833333333335,1,G_fe,0.48460223856337864,0.48460223856337864,,,,,,,,,,
2582.116666666667,1,G_fe,0.48460223856337864,0.48460223856337864,,,,,,,,,,
2582.15,1,G_fe,0.48460223856337864,0.48460223856337864,,,,,,,,,,
2582.1833333333334,1,G_fe,0.48460223856337864,0.48460223856337864,,,,,,,,,,
2582.2166666666667,1,G_fe,0.4927334779490249,0.4927334779490249,,,,,,,,,,
2582.25,1,G_fe,0.4927334779490249,0.4927334779490249,,,,,,,,,,
2582.2833333333333,1,G_fe,0.4757115815069395,0.4757115815069395,,,,,,,,,,
2582.3166666666666,1,G_fe,0.4757115815069395,0.4757115815069395,,,,,,,,,,
2582.35,1,G_fe,0.4757115815069395,0.4757115815069395,,,,,,,,,,
2582.383333333333,1,G_fe,0.4757115815069395,0.4757115815069395,,,,,,,,,,
2582.4166666666665,1,G_fe,0.48249707723956886,0.48249707723956886,,,,,,,,,,
2582.45,1,G_fe,0.48437886589510176,0.48437886589510176,,,,,,,,,,
2582.483333333333,1,G_fe,0.4885646511294272,0.4885646511294272,,,,,,,,,,
2582.516666666667,1,G_fe,0.48493932688578495,0.48493932688578495,,,,,,,,,,
2582.55,1,G_fe,0.48514212993260347,0.48514212993260347,,,,,,,,,,
2582.5833333333335,1,G_fe,0.48514212993260347,0.48514212993260347,,,,,,,,,,
2582.616666666667,1,G_fe,0.48514212993260347,0.48514212993260347,,,,,,,,,,
2582.65,1,G_fe,0.49837784121043177,0.49837784121043177,,,,,,,,,,
2582.6833333333334,1,G_fe,0.49837784121043177,0.49837784121043177,,,,,,,,,,
2582.7166666666667,1,G_fe,0.49837784121043177,0.49837784121043177,,,,,,,,,,
2582.75,1,G_fe,0.49837784121043177,0.49837784121043177,,,,,,,,,,
2582.7833333333333,1,G_fe,0.49837784121043177,0.49837784121043177,,,,,,,,,,
2582.8166666666666,1,G_fe,0.49837784121043177,0.49837784121043177,,,,,,,,,,
2582.85,1,G_fe,0.49837784121043177,0.49837784121043177,,,,,,,,,,
2582.883333333333,1,G_fe,0.49837784121043177,0.49837784121043177,,,,,,,,,,
2582.9166666666665,1,G_fe,0.46403517648416465,0.46403517648416465,,,,,,,,,,
2582.95,1,G_fe,0.46403517648416465,0.46403517648416465,,,,,,,,,,
2582.983333333333,1,G_fe,0.46403517648416465,0.46403517648416465,,,,,,,,,,
2583.016666666667,1,G_fe,0.46403517648416465,0.46403517648416465,,,,,,,,,,
2583.05,1,G_fe,0.4659234398107071,0.4659234398107071,,,,,,,,,,
2583.0833333333335,1,G_fe,0.4659234398107071,0.4659234398107071,,,,,,,,,,
2583.116666666667,1,G_fe,0.4659234398107071,0.4659234398107071,,,,,,,,,,
2583.15,1,G_fe,0.4659234398107071,0.4659234398107071,,,,,,,,,,
2583.1833333333334,1,G_fe,0.5010047028467566,0.5010047028467566,,,,,,,,,,
2583.2166666666667,1,G_fe,0.5010047028467566,0.5010047028467566,,,,,,,,,,
2583.25,1,G_fe,0.49563625228366576,0.49563625228366576,,,,,,,,,,
2583.2833333333333,1,G_fe,0.5028578837187476,0.5028578837187476,,,,,,,,,,
2583.3166666666666,1,G_fe,0.5010047028467566,0.5010047028467566,,,,,,,,,,
2583.35,1,G_fe,0.5032805776973539,0.5032805776973539,,,,,,,,,,
2583.383333333333,1,G_fe,0.5010047028467566,0.5010047028467566,,,,,,,,,,
2583.4166666666665,1,G_fe,0.5010047028467566,0.5010047028467566,,,,,,,,,,
2583.45,1,G_fe,0.5010047028467566,0.5010047028467566,,,,,,,,,,
2583.483333333333,1,G_fe,0.5010047028467566,0.5010047028467566,,,,,,,,,,
2583.516666666667,1,G_fe,0.4987473991894488,0.4987473991894488,,,,,,,,,,
2583.55,1,G_fe,0.4987473991894488,0.4987473991894488,,,,,,,,,,
2583.5833333333335,1,G_fe,0.4987473991894488,0.4987473991894488,,,,,,,,,,
2583.616666666667,1,G_fe,0.4987473991894488,0.4987473991894488,,,,,,,,,,
2583.65,1,G_fe,0.4987473991894488,0.4987473991894488,,,,,,,,,,
2583.6833333333334,1,G_fe,0.4987473991894488,0.4987473991894488,,,,,,,,,,
2583.7166666666667,1,G_fe,0.4987473991894488,0.4987473991894488,,,,,,,,,,
2583.75,1,G_fe,0.4987473991894488,0.4987473991894488,,,,,,,,,,
2583.7833333333333,1,G_fe,0.4987473991894488,0.4987473991894488,,,,,,,,,,
2583.8166666666666,1,G_fe,0.510607036137572,0.510607036137572,,,,,,,,,,
2583.85,1,G_fe,0.510607036137572,0.510607036137572,,,,,,,,,,
2583.883333333333,1,G_fe,0.510607036137572,0.510607036137572,,,,,,,,,,
2583.9166666666665,1,G_fe,0.510607036137572,0.510607036137572,,,,,,,,,,
2583.95,1,G_fe,0.510607036137572,0.510607036137572,,,,,,,,,,
2583.983333333333,1,G_fe,0.510607036137572,0.510607036137572,,,,,,,,,,
2584.016666666667,1,G_fe,0.510607036137572,0.510607036137572,,,,,,,,,,
2584.05,1,G_fe,0.510607036137572,0.510607036137572,,,,,,,,,,
2584.0833333333335,1,G_fe,0.5048649270900731,0.5048649270900731,,,,,,,,,,
2584.116666666667,1,G_fe,0.5086850601750863,0.5086850601750863,,,,,,,,,,
2584.15,1,G_fe,0.5076854865761152,0.5076854865761152,,,,,,,,,,
2584.1833333333334,1,G_fe,0.5055424402651215,0.5055424402651215,,,,,,,,,,
2584.2166666666667,1,G_fe,0.5055424402651215,0.5055424402651215,,,,,,,,,,
2584.25,1,G_fe,0.5100537239601561,0.5100537239601561,,,,,,,,,,
2584.2833333333333,1,G_fe,0.5100537239601561,0.5100537239601561,,,,,,,,,,
2584.3166666666666,1,G_fe,0.5100537239601561,0.5100537239601561,,,,,,,,,,
2584.35,1,G_fe,0.5100537239601561,0.5100537239601561,,,,,,,,,,
2584.383333333333,1,G_fe,0.5100537239601561,0.5100537239601561,,,,,,,,,,
2584.4166666666665,1,G_fe,0.5100537239601561,0.5100537239601561,,,,,,,,,,
2584.45,1,G_fe,0.5100537239601561,0.5100537239601561,,,,,,,,,,
2584.483333333333,1,G_fe,0.5100537239601561,0.5100537239601561,,,,,,,,,,
2584.516666666667,1,G_fe,0.5100537239601561,0.5100537239601561,,,,,,,,,,
2584.55,1,G_fe,0.5100537239601561,0.5100537239601561,,,,,,,,,,
2584.5833333333335,1,G_fe,0.5100537239601561,0.5100537239601561,,,,,,,,,,
2584.616666666667,1,G_fe,0.5133020336693326,0.5133020336693326,,,,,,,,,,
2584.65,1,G_fe,0.5133020336693326,0.5133020336693326,,,,,,,,,,
2584.6833333333334,1,G_fe,0.5027585263320554,0.5027585263320554,,,,,,,,,,
2584.7166666666667,1,G_fe,0.4999751816458451,0.4999751816458451,,,,,,,,,,
2584.75,1,G_fe,0.4999751816458451,0.4999751816458451,,,,,,,,,,
2584.7833333333333,1,G_fe,0.4999751816458451,0.4999751816458451,,,,,,,,,,
2584.8166666666666,1,G_fe,0.5128484403311077,0.5128484403311077,,,,,,,,,,
2584.85,1,G_fe,0.5128484403311077,0.5128484403311077,,,,,,,,,,
2584.883333333333,1,G_fe,0.5128484403311077,0.5128484403311077,,,,,,,,,,
2584.9166666666665,1,G_fe,0.5191426513259602,0.5191426513259602,,,,,,,,,,
2584.95,1,G_fe,0.510873335046707,0.510873335046707,,,,,,,,,,
2584.983333333333,1,G_fe,0.5128484403311077,0.5128484403311077,,,,,,,,,,
2585.016666666667,1,G_fe,0.5128484403311077,0.5128484403311077,,,,,,,,,,
2585.05,1,G_fe,0.5128484403311077,0.5128484403311077,,,,,,,,,,
2585.0833333333335,1,G_fe,0.48929308468752386,0.48929308468752386,,,,,,,,,,
2585.116666666667,1,G_fe,0.48929308468752386,0.48929308468752386,,,,,,,,,,
2585.15,1,G_fe,0.48929308468752386,0.48929308468752386,,,,,,,,,,
2585.1833333333334,1,G_fe,0.48929308468752386,0.48929308468752386,,,,,,,,,,
2585.2166666666667,1,G_fe,0.48929308468752386,0.48929308468752386,,,,,,,,,,
2585.25,1,G_fe,0.48929308468752386,0.48929308468752386,,,,,,,,,,
2585.2833333333333,1,G_fe,0.48929308468752386,0.48929308468752386,,,,,,,,,,
2585.3166666666666,1,G_fe,0.48929308468752386,0.48929308468752386,,,,,,,,,,
2585.35,1,G_fe,0.48929308468752386,0.48929308468752386,,,,,,,,,,
2585.383333333333,1,G_fe,0.48929308468752386,0.48929308468752386,,,,,,,,,,
2585.4166666666665,1,G_fe,0.48929308468752386,0.48929308468752386,,,,,,,,,,
2585.45,1,G_fe,0.48929308468752386,0.48929308468752386,,,,,,,,,,
2585.483333333333,1,G_fe,0.48929308468752386,0.48929308468752386,,,,,,,,,,
2585.516666666667,1,G_fe,0.48929308468752386,0.48929308468752386,,,,,,,,,,
2585.55,1,G_fe,0.48929308468752386,0.48929308468752386,,,,,,,,,,
2585.5833333333335,1,G_fe,0.48929308468752386,0.48929308468752386,,,,,,,,,,
2585.616666666667,1,G_fe,0.48929308468752386,0.48929308468752386,,,,,,,,,,
2585.65,1,G_fe,0.48929308468752386,0.48929308468752386,,,,,,,,,,
2585.6833333333334,1,G_fe,0.48929308468752386,0.48929308468752386,,,,,,,,,,
2585.7166666666667,1,G_fe,0.48929308468752386,0.48929308468752386,,,,,,,,,,
2585.75,1,G_fe,0.48929308468752386,0.48929308468752386,,,,,,,,,,
2585.7833333333333,1,G_fe,0.48929308468752386,0.48929308468752386,,,,,,,,,,
2585.8166666666666,1,G_fe,0.48929308468752386,0.48929308468752386,,,,,,,,,,
2585.85,1,G_fe,0.48929308468752386,0.48929308468752386,,,,,,,,,,
2585.883333333333,1,G_fe,0.48929308468752386,0.48929308468752386,,,,,,,,,,
2585.9166666666665,1,G_fe,0.48929308468752386,0.48929308468752386,,,,,,,,,,
2585.95,1,G_fe,0.48929308468752386,0.48929308468752386,,,,,,,,,,
2585.983333333333,1,G_fe,0.48929308468752386,0.48929308468752386,,,,,,,,,,
2586.016666666667,1,G_fe,0.48929308468752386,0.48929308468752386,,,,,,,,,,
2586.05,1,G_fe,0.4917667208493094,0.4917667208493094,,,,,,,,,,
2586.0833333333335,1,G_fe,0.49255570293030954,0.49255570293030954,,,,,,,,,,
2586.116666666667,1,G_fe,0.5194143776357748,0.5194143776357748,,,,,,,,,,
2586.15,1,G_fe,0.512419929785798,0.512419929785798,,,,,,,,,,
2586.1833333333334,1,G_fe,0.512419929785798,0.512419929785798,,,,,,,,,,
2586.2166666666667,1,G_fe,0.512419929785798,0.512419929785798,,,,,,,,,,
2586.25,1,G_fe,0.49971763075230036,0.49971763075230036,,,,,,,,,,
2586.2833333333333,1,G_fe,0.49971763075230036,0.49971763075230036,,,,,,,,,,
2586.3166666666666,1,G_fe,0.49971763075230036,0.49971763075230036,,,,,,,,,,
2586.35,1,G_fe,0.49971763075230036,0.49971763075230036,,,,,,,,,,
2586.383333333333,1,G_fe,0.49971763075230036,0.49971763075230036,,,,,,,,,,
2586.4166666666665,1,G_fe,0.49971763075230036,0.49971763075230036,,,,,,,,,,
2586.45,1,G_fe,0.49971763075230036,0.49971763075230036,,,,,,,,,,
2586.483333333333,1,G_fe,0.49971763075230036,0.49971763075230036,,,,,,,,,,
2586.516666666667,1,G_fe,0.5112589951589599,0.5112589951589599,,,,,,,,,,
2586.55,1,G_fe,0.5112589951589599,0.5112589951589599,,,,,,,,,,
2586.5833333333335,1,G_fe,0.5112589951589599,0.5112589951589599,,,,,,,,,,
2586.616666666667,1,G_fe,0.5112589951589599,0.5112589951589599,,,,,,,,,,
2586.65,1,G_fe,0.5112589951589599,0.5112589951589599,,,,,,,,,,
2586.6833333333334,1,G_fe,0.5112589951589599,0.5112589951589599,,,,,,,,,,
2586.7166666666667,1,G_fe,0.5112589951589599,0.5112589951589599,,,,,,,,,,
2586.75,1,G_fe,0.5152446130877546,0.5152446130877546,,,,,,,,,,
2586.7833333333333,1,G_fe,0.5214595119170319,0.5214595119170319,,,,,,,,,,
2586.8166666666666,1,G_fe,0.5208042961607868,0.5208042961607868,,,,,,,,,,
2586.85,1,G_fe,0.5099318852204034,0.5099318852204034,,,,,,,,,,
2586.883333333333,1,G_fe,0.5112589951589599,0.5112589951589599,,,,,,,,,,
2586.9166666666665,1,G_fe,0.5112589951589599,0.5112589951589599,,,,,,,,,,
2586.95,1,G_fe,0.5112589951589599,0.5112589951589599,,,,,,,,,,
2586.983333333333,1,G_fe,0.5168184412983199,0.5168184412983199,,,,,,,,,,
2587.016666666667,1,G_fe,0.5168184412983199,0.5168184412983199,,,,,,,,,,
2587.05,1,G_fe,0.5168184412983199,0.5168184412983199,,,,,,,,,,
2587.0833333333335,1,G_fe,0.5168184412983199,0.5168184412983199,,,,,,,,,,
2587.116666666667,1,G_fe,0.523771177672686,0.523771177672686,,,,,,,,,,
2587.15,1,G_fe,0.523771177672686,0.523771177672686,,,,,,,,,,
2587.1833333333334,1,G_fe,0.523771177672686,0.523771177672686,,,,,,,,,,
2587.2166666666667,1,G_fe,0.523771177672686,0.523771177672686,,,,,,,,,,
2587.25,1,G_fe,0.523771177672686,0.523771177672686,,,,,,,,,,
2587.2833333333333,1,G_fe,0.523771177672686,0.523771177672686,,,,,,,,,,
2587.3166666666666,1,G_fe,0.522093899665509,0.522093899665509,,,,,,,,,,
2587.35,1,G_fe,0.522093899665509,0.522093899665509,,,,,,,,,,
2587.383333333333,1,G_fe,0.5116380376421954,0.5116380376421954,,,,,,,,,,
2587.4166666666665,1,G_fe,0.5116380376421954,0.5116380376421954,,,,,,,,,,
2587.45,1,G_fe,0.5116380376421954,0.5116380376421954,,,,,,,,,,
2587.483333333333,1,G_fe,0.5116380376421954,0.5116380376421954,,,,,,,,,,
2587.516666666667,1,G_fe,0.5174717843512397,0.5174717843512397,,,,,,,,,,
2587.55,1,G_fe,0.5176795539254045,0.5176795539254045,,,,,,,,,,
2587.5833333333335,1,G_fe,0.5116380376421954,0.5116380376421954,,,,,,,,,,
2587.616666666667,1,G_fe,0.5116380376421954,0.5116380376421954,,,,,,,,,,
2587.65,1,G_fe,0.5116380376421954,0.5116380376421954,,,,,,,,,,
2587.6833333333334,1,G_fe,0.5017069120250044,0.5017069120250044,,,,,,,,,,
2587.7166666666667,1,G_fe,0.5017069120250044,0.5017069120250044,,,,,,,,,,
2587.75,1,G_fe,0.5017069120250044,0.5017069120250044,,,,,,,,,,
2587.7833333333333,1,G_fe,0.5017069120250044,0.5017069120250044,,,,,,,,,,
2587.8166666666666,1,G_fe,0.5017069120250044,0.5017069120250044,,,,,,,,,,
2587.85,1,G_fe,0.5017069120250044,0.5017069120250044,,,,,,,,,,
2587.883333333333,1,G_fe,0.5084310770170108,0.5084310770170108,,,,,,,,,,
2587.9166666666665,1,S3_landing,0.6867264192344158,0.5084310770170108,0.7563659969302163,0.6574111515652161,False,prediction,"[0, 24]","(1, 8)","[None, 7]","[0, 17]","[0, 0]","[2587.9166666666665, 2587.9166666666665]"
2587.95,1,S3_landing,0.6867264192344158,0.5084310770170108,0.7563659969302163,0.6574111515652161,False,prediction,"[0, 24]","(1, 8)","[None, 7]","[0, 17]","[0, 0]","[2587.9166666666665, 2587.9166666666665]"
2587.983333333333,1,S3_landing,0.6867264192344158,0.5084310770170108,0.7563659969302163,0.6574111515652161,False,prediction,"[0, 24]","(1, 8)","[None, 7]","[0, 17]","[0, 0]","[2587.9166666666665, 2587.9166666666665]"
2588.016666666667,1,S3_landing,0.6867264192344158,0.5084310770170108,0.7563659969302163,0.6574111515652161,False,prediction,"[0, 24]","(1, 8)","[None, 7]","[0, 17]","[0, 0]","[2587.9166666666665, 2587.9166666666665]"
2588.05,1,S3_landing,0.4556300231236779,0.5084310770170108,0.8216211340701309,0.38419690558543584,True,prediction,"[0, 24]","(1, 8)","[None, 27]","[3, 0]","[0, 3]","[2588.05, 2588.05]"
2588.0833333333335,1,S3_landing,0.4556300231236779,0.5084310770170108,0.8216211340701309,0.38419690558543584,True,prediction,"[0, 24]","(1, 7)","[None, 27]","[3, 0]","[0, 3]","[2588.0833333333335, 2588.0833333333335]"
2588.116666666667,1,S3_landing,0.4556300231236779,0.5084310770170108,0.8216211340701309,0.38419690558543584,True,prediction,"[0, 24]","(1, 7)","[None, 27]","[3, 0]","[0, 3]","[2588.0833333333335, 2588.0833333333335]"
2588.15,1,S3_landing,0.4907551638204694,0.5084310770170108,0.7109209754438629,0.45268123100752367,True,prediction,"[0, 24]","(1, 7)","[None, 27]","[3, 0]","[0, 3]","[2588.15, 2588.15]"
2588.1833333333334,1,S3_landing,0.4907551638204694,0.5084310770170108,0.7109209754438629,0.45268123100752367,True,prediction,"[0, 24]","(1, 7)","[None, 27]","[3, 0]","[0, 3]","[2588.15, 2588.15]"
2588.2166666666667,1,S3_landing,0.4907551638204694,0.5084310770170108,0.7109209754438629,0.45268123100752367,True,prediction,"[0, 24]","(1, 7)","[None, 27]","[3, 0]","[0, 3]","[2588.15, 2588.15]"
2588.25,1,S3_landing,0.49523235165957913,0.5084310770170108,0.7203028368379277,0.45847094928221843,True,prediction,"[0, 24]","(1, 7)","[None, 27]","[3, 0]","[0, 3]","[2588.25, 2588.25]"
2588.2833333333333,1,S3_landing,0.5466629852079322,0.5084310770170108,0.7051904048520636,0.4807489599182619,True,prediction,"[0, 24]","(1, 7)","[None, 24]","[0, 0]","[0, 0]","[2588.2833333333333, 2588.2833333333333]"
2588.3166666666666,1,S3_landing,0.5021185418277627,0.5084310770170108,0.7260892766690856,0.48341848836792023,True,prediction,"[0, 24]","(1, 7)","[None, 24]","[0, 0]","[0, 0]","[2588.3166666666666, 2588.3166666666666]"
2588.35,1,S3_landing,0.6562687696579306,0.5084310770170108,0.7112821762074308,0.6736675986753641,False,prediction,"[0, 24]","(1, 7)","[None, 5]","[0, 19]","[0, 0]","[2588.35, 2588.35]"
2588.383333333333,1,S3_landing,0.6562687696579306,0.5084310770170108,0.7112821762074308,0.6736675986753641,False,prediction,"[0, 24]","(1, 7)","[None, 5]","[0, 19]","[0, 0]","[2588.35, 2588.35]"
2588.4166666666665,1,S3_landing,0.6562687696579306,0.5084310770170108,0.7112821762074308,0.6736675986753641,False,prediction,"[0, 24]","(1, 7)","[None, 5]","[0, 19]","[0, 0]","[2588.35, 2588.35]"
2588.45,1,S3_landing,0.6569711060030691,0.5084310770170108,0.7125598763774045,0.6744381991769363,False,prediction,"[0, 24]","(1, 7)","[None, 5]","[0, 19]","[0, 0]","[2588.45, 2588.45]"
2588.483333333333,1,S3_landing,0.6569711060030691,0.5084310770170108,0.7125598763774045,0.6744381991769363,False,prediction,"[0, 24]","(1, 7)","[None, 5]","[0, 19]","[0, 0]","[2588.45, 2588.45]"
2588.516666666667,1,S3_landing,0.6569711060030691,0.5084310770170108,0.7125598763774045,0.6744381991769363,False,prediction,"[0, 24]","(1, 7)","[None, 5]","[0, 19]","[0, 0]","[2588.45, 2588.45]"
2588.55,1,S3_landing,0.6516923887266168,0.5084310770170108,0.7029054416027336,0.6755887934448945,False,prediction,"[0, 24]","(1, 7)","[None, 5]","[0, 19]","[0, 0]","[2588.55, 2588.55]"
2588.5833333333335,1,S3_landing,0.6516923887266168,0.5084310770170108,0.7029054416027336,0.6755887934448945,False,prediction,"[0, 24]","(1, 7)","[None, 5]","[0, 19]","[0, 0]","[2588.55, 2588.55]"
2588.616666666667,1,S3_landing,0.6516923887266168,0.5084310770170108,0.7029054416027336,0.6755887934448945,False,prediction,"[0, 24]","(1, 7)","[None, 5]","[0, 19]","[0, 0]","[2588.55, 2588.55]"
2588.65,1,S3_landing,0.6516923887266168,0.5084310770170108,0.7029054416027336,0.6755887934448945,False,prediction,"[0, 24]","(1, 7)","[None, 5]","[0, 19]","[0, 0]","[2588.55, 2588.55]"
2588.6833333333334,1,S3_landing,0.6516923887266168,0.5084310770170108,0.7029054416027336,0.6755887934448945,False,prediction,"[0, 24]","(1, 7)","[None, 5]","[0, 19]","[0, 0]","[2588.55, 2588.55]"
2588.7166666666667,1,S3_landing,0.67276821802269,0.5084310770170108,0.7407101676960817,0.6529094477397237,False,prediction,"[0, 24]","(1, 7)","[None, 7]","[0, 17]","[0, 0]","[2588.7166666666667, 2588.7166666666667]"
2588.75,1,S3_landing,0.67276821802269,0.5084310770170108,0.7407101676960817,0.6529094477397237,False,prediction,"[0, 24]","(1, 7)","[None, 7]","[0, 17]","[0, 0]","[2588.7166666666667, 2588.7166666666667]"
2588.7833333333333,1,S3_landing,0.67276821802269,0.5084310770170108,0.7407101676960817,0.6529094477397237,False,prediction,"[0, 24]","(1, 7)","[None, 7]","[0, 17]","[0, 0]","[2588.7166666666667, 2588.7166666666667]"
2588.8166666666666,1,S3_landing,0.67276821802269,0.5084310770170108,0.7407101676960817,0.6529094477397237,False,prediction,"[0, 24]","(1, 6)","[None, 7]","[0, 17]","[0, 0]","[2588.8166666666666, 2588.8166666666666]"
2588.85,1,S3_landing,0.6778852223153705,0.5084310770170108,0.7495734714048959,0.6494878969843314,False,prediction,"[0, 24]","(1, 6)","[None, 7]","[0, 17]","[0, 0]","[2588.85, 2588.85]"
2588.883333333333,1,S3_landing,0.6778852223153705,0.5084310770170108,0.7495734714048959,0.6494878969843314,False,prediction,"[0, 24]","(1, 6)","[None, 7]","[0, 17]","[0, 0]","[2588.85, 2588.85]"
2588.9166666666665,1,S3_landing,0.6826715649395716,0.5084310770170108,0.7493771465835726,0.649593074641549,False,prediction,"[0, 24]","(1, 6)","[None, 7]","[0, 17]","[0, 0]","[2588.9166666666665, 2588.9166666666665]"
2588.95,1,S3_landing,0.47889225410798303,0.5084310770170108,0.7462425293425964,0.3535914745406825,True,prediction,"[0, 24]","(1, 6)","[None, 38]","[14, 0]","[0, 14]","[2588.95, 2588.95]"
2588.983333333333,1,S3_landing,0.5102649705927792,0.5084310770170108,0.7522390683752251,0.35435826771249307,True,prediction,"[0, 24]","(1, 6)","[None, 38]","[14, 0]","[0, 14]","[2588.983333333333, 2588.983333333333]"
2589.016666666667,1,S3_landing,0.4692137324413661,0.5084310770170108,0.7542260292157016,0.34999571274566604,True,prediction,"[0, 24]","(1, 6)","[None, 39]","[15, 0]","[0, 15]","[2589.016666666667, 2589.016666666667]"
2589.05,1,S3_landing,0.45528073052078555,0.5084310770170108,0.7539411195053163,0.32493832928518757,True,prediction,"[0, 24]","(1, 6)","[None, 40]","[16, 0]","[0, 16]","[2589.05, 2589.05]"
2589.0833333333335,1,S3_landing,0.45528073052078555,0.5084310770170108,0.7539411195053163,0.32493832928518757,True,prediction,"[0, 24]","(1, 6)","[None, 40]","[16, 0]","[0, 16]","[2589.05, 2589.05]"
2589.116666666667,1,S3_landing,0.47590492300258985,0.5084310770170108,0.7446391386763261,0.3623067823525358,True,prediction,"[0, 24]","(1, 6)","[None, 40]","[16, 0]","[0, 16]","[2589.116666666667, 2589.116666666667]"
2589.15,1,S3_landing,0.47590492300258985,0.5084310770170108,0.7446391386763261,0.3623067823525358,True,prediction,"[0, 24]","(1, 6)","[None, 40]","[16, 0]","[0, 16]","[2589.116666666667, 2589.116666666667]"
2589.1833333333334,1,S3_landing,0.47590492300258985,0.5084310770170108,0.7446391386763261,0.3623067823525358,True,prediction,"[0, 24]","(1, 6)","[None, 40]","[16, 0]","[0, 16]","[2589.116666666667, 2589.116666666667]"
2589.2166666666667,1,S3_landing,0.47590492300258985,0.5084310770170108,0.7446391386763261,0.3623067823525358,True,prediction,"[0, 24]","(1, 6)","[None, 40]","[16, 0]","[0, 16]","[2589.116666666667, 2589.116666666667]"
2589.25,1,S3_landing,0.47590492300258985,0.5084310770170108,0.7446391386763261,0.3623067823525358,True,prediction,"[0, 24]","(1, 6)","[None, 40]","[16, 0]","[0, 16]","[2589.116666666667, 2589.116666666667]"
2589.2833333333333,1,S3_landing,0.47590492300258985,0.5084310770170108,0.7446391386763261,0.3623067823525358,True,prediction,"[0, 24]","(1, 6)","[None, 40]","[16, 0]","[0, 16]","[2589.116666666667, 2589.116666666667]"
2589.3166666666666,1,S3_landing,0.47590492300258985,0.5084310770170108,0.7446391386763261,0.3623067823525358,True,prediction,"[0, 24]","(1, 6)","[None, 40]","[16, 0]","[0, 16]","[2589.116666666667, 2589.116666666667]"
2589.35,1,S3_landing,0.47590492300258985,0.5084310770170108,0.7446391386763261,0.3623067823525358,True,prediction,"[0, 24]","(1, 6)","[None, 40]","[16, 0]","[0, 16]","[2589.116666666667, 2589.116666666667]"
2589.383333333333,1,S3_landing,0.47590492300258985,0.5084310770170108,0.7446391386763261,0.3623067823525358,True,prediction,"[0, 24]","(1, 6)","[None, 40]","[16, 0]","[0, 16]","[2589.116666666667, 2589.116666666667]"
2589.4166666666665,1,S3_landing,0.47590492300258985,0.5084310770170108,0.7446391386763261,0.3623067823525358,True,prediction,"[0, 24]","(1, 6)","[None, 40]","[16, 0]","[0, 16]","[2589.116666666667, 2589.116666666667]"
2589.45,1,S3_landing,0.47590492300258985,0.5084310770170108,0.7446391386763261,0.3623067823525358,True,prediction,"[0, 24]","(1, 6)","[None, 40]","[16, 0]","[0, 16]","[2589.116666666667, 2589.116666666667]"
2589.483333333333,1,S3_landing,0.47590492300258985,0.5084310770170108,0.7446391386763261,0.3623067823525358,True,prediction,"[0, 24]","(1, 6)","[None, 40]","[16, 0]","[0, 16]","[2589.116666666667, 2589.116666666667]"
2589.516666666667,1,S3_landing,0.47590492300258985,0.5084310770170108,0.7446391386763261,0.3623067823525358,True,prediction,"[0, 24]","(1, 6)","[None, 40]","[16, 0]","[0, 16]","[2589.116666666667, 2589.116666666667]"
2589.55,1,S3_landing,0.5044695387220444,0.5084310770170108,0.6809551495699694,0.41661162506780386,True,prediction,"[0, 24]","(1, 5)","[None, 40]","[16, 0]","[0, 16]","[2589.4166666666665, 2589.55]"
2589.5833333333335,1,S3_landing,0.5044695387220444,0.5084310770170108,0.6809551495699694,0.41661162506780386,True,prediction,"[0, 24]","(1, 5)","[None, 40]","[16, 0]","[0, 16]","[2589.4166666666665, 2589.55]"
2589.616666666667,1,S3_landing,0.5044695387220444,0.5084310770170108,0.6809551495699694,0.41661162506780386,True,prediction,"[0, 24]","(1, 5)","[None, 40]","[16, 0]","[0, 16]","[2589.4166666666665, 2589.55]"
2589.65,1,S3_landing,0.5044695387220444,0.5084310770170108,0.6809551495699694,0.41661162506780386,True,prediction,"[0, 24]","(1, 5)","[None, 40]","[16, 0]","[0, 16]","[2589.4166666666665, 2589.55]"
2589.6833333333334,1,S3_landing,0.5044695387220444,0.5084310770170108,0.6809551495699694,0.41661162506780386,True,prediction,"[0, 24]","(1, 5)","[None, 40]","[16, 0]","[0, 16]","[2589.4166666666665, 2589.55]"
2589.7166666666667,1,S3_landing,0.5044695387220444,0.5084310770170108,0.6809551495699694,0.41661162506780386,True,prediction,"[0, 24]","(1, 5)","[None, 40]","[16, 0]","[0, 16]","[2589.4166666666665, 2589.55]"
2589.75,1,S3_landing,0.5044695387220444,0.5084310770170108,0.6809551495699694,0.41661162506780386,True,prediction,"[0, 24]","(1, 5)","[None, 40]","[16, 0]","[0, 16]","[2589.4166666666665, 2589.55]"
2589.7833333333333,1,S3_landing,0.5044695387220444,0.5084310770170108,0.6809551495699694,0.41661162506780386,True,prediction,"[0, 24]","(1, 5)","[None, 40]","[16, 0]","[0, 16]","[2589.4166666666665, 2589.55]"
2589.8166666666666,1,S3_landing,0.5127788774173997,0.5084310770170108,0.6953524528894287,0.4328573398225015,True,prediction,"[0, 24]","(1, 5)","[None, 38]","[14, 0]","[0, 14]","[2589.4166666666665, 2589.8166666666666]"
2589.85,1,S3_landing,0.530824521048864,0.5084310770170108,0.6767101931415044,0.46865449331924436,True,prediction,"[0, 24]","(1, 5)","[None, 27]","[3, 0]","[0, 3]","[2589.4166666666665, 2589.85]"
2589.883333333333,1,S3_landing,0.45467894935256936,0.5084310770170108,0.6830806952512697,0.42724897403519413,True,prediction,"[0, 24]","(1, 5)","[None, 37]","[13, 0]","[0, 13]","[2589.4166666666665, 2589.883333333333]"
2589.9166666666665,1,S3_landing,0.6412471191122555,0.5084310770170108,0.6839528830008291,0.6457585121975671,False,prediction,"[0, 24]","(1, 5)","[None, 14]","[0, 10]","[0, 0]","[2589.4166666666665, 2589.9166666666665]"
2589.95,1,S3_landing,0.6412471191122555,0.5084310770170108,0.6839528830008291,0.6457585121975671,False,prediction,"[0, 24]","(1, 5)","[None, 14]","[0, 10]","[0, 0]","[2589.4166666666665, 2589.9166666666665]"
2589.983333333333,1,S3_landing,0.6410967156296802,0.5084310770170108,0.6800230574230691,0.644807856724257,False,prediction,"[0, 24]","(1, 5)","[None, 14]","[0, 10]","[0, 0]","[2589.983333333333, 2589.983333333333]"
2590.016666666667,1,S3_landing,0.6410967156296802,0.5084310770170108,0.6800230574230691,0.644807856724257,False,prediction,"[0, 24]","(1, 5)","[None, 14]","[0, 10]","[0, 0]","[2589.983333333333, 2589.983333333333]"
2590.05,1,S3_landing,0.6410967156296802,0.5084310770170108,0.6800230574230691,0.644807856724257,False,prediction,"[0, 24]","(1, 5)","[None, 14]","[0, 10]","[0, 0]","[2589.983333333333, 2589.983333333333]"
2590.0833333333335,1,S3_landing,0.6410967156296802,0.5084310770170108,0.6800230574230691,0.644807856724257,False,prediction,"[0, 24]","(1, 5)","[None, 14]","[0, 10]","[0, 0]","[2589.983333333333, 2589.983333333333]"
2590.116666666667,1,S3_landing,0.6368228720469395,0.5084310770170108,0.6719074268406514,0.6286644724115397,False,prediction,"[0, 24]","(1, 5)","[None, 14]","[0, 10]","[0, 0]","[2590.116666666667, 2590.116666666667]"
2590.15,1,S3_landing,0.6368228720469395,0.5084310770170108,0.6719074268406514,0.6286644724115397,False,prediction,"[0, 24]","(1, 5)","[None, 14]","[0, 10]","[0, 0]","[2590.116666666667, 2590.116666666667]"
2590.1833333333334,1,S3_landing,0.6368228720469395,0.5084310770170108,0.6719074268406514,0.6286644724115397,False,prediction,"[0, 24]","(1, 5)","[None, 14]","[0, 10]","[0, 0]","[2590.116666666667, 2590.116666666667]"
2590.2166666666667,1,S3_landing,0.6368228720469395,0.5084310770170108,0.6719074268406514,0.6286644724115397,False,prediction,"[0, 24]","(1, 5)","[None, 14]","[0, 10]","[0, 0]","[2590.116666666667, 2590.116666666667]"
2590.25,1,S3_landing,0.6368228720469395,0.5084310770170108,0.6719074268406514,0.6286644724115397,False,prediction,"[0, 24]","(1, 5)","[None, 14]","[0, 10]","[0, 0]","[2590.116666666667, 2590.116666666667]"
2590.2833333333333,1,S3_landing,0.6387325663475044,0.5084310770170108,0.6755416660264033,0.6673784405918055,False,prediction,"[0, 24]","(1, 4)","[None, 14]","[0, 10]","[0, 0]","[2590.2833333333333, 2590.2833333333333]"
2590.3166666666666,1,S3_landing,0.6387325663475044,0.5084310770170108,0.6755416660264033,0.6673784405918055,False,prediction,"[0, 24]","(1, 4)","[None, 14]","[0, 10]","[0, 0]","[2590.2833333333333, 2590.2833333333333]"
2590.35,1,S3_landing,0.6387325663475044,0.5084310770170108,0.6755416660264033,0.6673784405918055,False,prediction,"[0, 24]","(1, 4)","[None, 14]","[0, 10]","[0, 0]","[2590.2833333333333, 2590.2833333333333]"
2590.383333333333,1,S3_landing,0.6387325663475044,0.5084310770170108,0.6755416660264033,0.6673784405918055,False,prediction,"[0, 24]","(1, 4)","[None, 14]","[0, 10]","[0, 0]","[2590.2833333333333, 2590.2833333333333]"
2590.4166666666665,1,S3_landing,0.444899580484002,0.5084310770170108,0.7033123608638346,0.3032499535285486,True,prediction,"[0, 24]","(1, 4)","[None, 50]","[26, 0]","[0, 26]","[2590.4166666666665, 2590.4166666666665]"
2590.45,1,S3_landing,0.444899580484002,0.5084310770170108,0.7033123608638346,0.3032499535285486,True,prediction,"[0, 24]","(1, 4)","[None, 50]","[26, 0]","[0, 26]","[2590.4166666666665, 2590.4166666666665]"
2590.483333333333,1,S3_landing,0.444899580484002,0.5084310770170108,0.7033123608638346,0.3032499535285486,True,prediction,"[0, 24]","(1, 4)","[None, 50]","[26, 0]","[0, 26]","[2590.4166666666665, 2590.4166666666665]"
2590.516666666667,1,S3_landing,0.444899580484002,0.5084310770170108,0.7033123608638346,0.3032499535285486,True,prediction,"[0, 24]","(1, 4)","[None, 50]","[26, 0]","[0, 26]","[2590.4166666666665, 2590.4166666666665]"
2590.55,1,S3_landing,0.44690895462268704,0.5084310770170108,0.6999250375779733,0.30669761963848874,True,prediction,"[0, 24]","(1, 4)","[None, 50]","[26, 0]","[0, 26]","[2590.55, 2590.55]"
2590.5833333333335,1,S3_landing,0.44690895462268704,0.5084310770170108,0.6999250375779733,0.30669761963848874,True,prediction,"[0, 24]","(1, 4)","[None, 50]","[26, 0]","[0, 26]","[2590.55, 2590.55]"
2590.616666666667,1,S3_landing,0.44690895462268704,0.5084310770170108,0.6999250375779733,0.30669761963848874,True,prediction,"[0, 24]","(1, 4)","[None, 50]","[26, 0]","[0, 26]","[2590.55, 2590.55]"
2590.65,1,S3_landing,0.40960693540760085,0.5084310770170108,0.7038667711576697,0.3291527705792118,True,prediction,"[0, 24]","(1, 4)","[None, 43]","[19, 0]","[0, 19]","[2590.65, 2590.65]"
2590.6833333333334,1,S3_landing,0.5430197019299166,0.5084310770170108,0.6854728495182716,0.4888633820067171,True,prediction,"[0, 24]","(1, 4)","[None, 26]","[2, 0]","[0, 2]","[2590.6833333333334, 2590.6833333333334]"
2590.7166666666667,1,S3_landing,0.5162250156512577,0.5084310770170108,0.6834630329217188,0.4313043842121953,True,prediction,"[0, 24]","(1, 4)","[None, 27]","[3, 0]","[0, 3]","[2590.7166666666667, 2590.7166666666667]"
2590.75,1,S3_landing,0.4326465846561256,0.5084310770170108,0.6914858627125581,0.28264261436897575,True,prediction,"[0, 24]","(1, 4)","[None, 90]","[66, 0]","[0, 66]","[2590.75, 2590.75]"
2590.7833333333333,1,S3_landing,0.4326465846561256,0.5084310770170108,0.6914858627125581,0.28264261436897575,True,prediction,"[0, 24]","(1, 4)","[None, 90]","[66, 0]","[0, 66]","[2590.75, 2590.75]"
2590.8166666666666,1,S3_landing,0.4326465846561256,0.5084310770170108,0.6914858627125581,0.28264261436897575,True,prediction,"[0, 24]","(1, 4)","[None, 90]","[66, 0]","[0, 66]","[2590.75, 2590.75]"
2590.85,1,S3_landing,0.4326465846561256,0.5084310770170108,0.6914858627125581,0.28264261436897575,True,prediction,"[0, 24]","(1, 4)","[None, 90]","[66, 0]","[0, 66]","[2590.75, 2590.75]"
2590.883333333333,1,S3_landing,0.4326465846561256,0.5084310770170108,0.6914858627125581,0.28264261436897575,True,prediction,"[0, 24]","(1, 4)","[None, 90]","[66, 0]","[0, 66]","[2590.75, 2590.75]"
2590.9166666666665,1,G_fe,0.4591780761611288,0.4591780761611288,,,,,,,,,,
2590.95,1,G_fe,0.4591780761611288,0.4591780761611288,,,,,,,,,,
2590.983333333333,1,G_fe,0.4591780761611288,0.4591780761611288,,,,,,,,,,
2591.016666666667,1,G_fe,0.4591780761611288,0.4591780761611288,,,,,,,,,,
2591.05,1,G_fe,0.4591780761611288,0.4591780761611288,,,,,,,,,,
2591.0833333333335,1,G_fe,0.4676522739493693,0.4676522739493693,,,,,,,,,,
2591.116666666667,1,G_fe,0.4676522739493693,0.4676522739493693,,,,,,,,,,
2591.15,1,G_fe,0.4676522739493693,0.4676522739493693,,,,,,,,,,
2591.1833333333334,1,G_fe,0.4676522739493693,0.4676522739493693,,,,,,,,,,
2591.2166666666667,1,G_fe,0.4676522739493693,0.4676522739493693,,,,,,,,,,
2591.25,1,G_fe,0.4676522739493693,0.4676522739493693,,,,,,,,,,
2591.2833333333333,1,G_fe,0.44221082473943113,0.44221082473943113,,,,,,,,,,
2591.3166666666666,1,G_fe,0.44221082473943113,0.44221082473943113,,,,,,,,,,
2591.35,1,G_fe,0.4507871497251557,0.4507871497251557,,,,,,,,,,
2591.383333333333,1,G_fe,0.4507871497251557,0.4507871497251557,,,,,,,,,,
2591.4166666666665,1,G_fe,0.4623821520022941,0.4623821520022941,,,,,,,,,,
2591.45,1,G_fe,0.4623821520022941,0.4623821520022941,,,,,,,,,,
2591.483333333333,1,G_fe,0.4623821520022941,0.4623821520022941,,,,,,,,,,
2591.516666666667,1,G_fe,0.4623821520022941,0.4623821520022941,,,,,,,,,,
2591.55,1,G_fe,0.4623821520022941,0.4623821520022941,,,,,,,,,,
2591.5833333333335,1,G_fe,0.4623821520022941,0.4623821520022941,,,,,,,,,,
2591.616666666667,1,G_fe,0.4623821520022941,0.4623821520022941,,,,,,,,,,
2591.65,1,G_fe,0.4623821520022941,0.4623821520022941,,,,,,,,,,
2591.6833333333334,1,G_fe,0.4683175313149327,0.4683175313149327,,,,,,,,,,
2591.7166666666667,1,G_fe,0.45820166747755325,0.45820166747755325,,,,,,,,,,
2591.75,1,G_fe,0.4562763058106601,0.4562763058106601,,,,,,,,,,
2591.7833333333333,1,G_fe,0.4607450469553552,0.4607450469553552,,,,,,,,,,
2591.8166666666666,1,G_fe,0.4607450469553552,0.4607450469553552,,,,,,,,,,
2591.85,1,G_fe,0.4607450469553552,0.4607450469553552,,,,,,,,,,
2591.883333333333,1,G_fe,0.4607450469553552,0.4607450469553552,,,,,,,,,,
2591.9166666666665,1,G_fe,0.5146473106526664,0.5146473106526664,,,,,,,,,,
2591.95,1,G_fe,0.5146473106526664,0.5146473106526664,,,,,,,,,,
2591.983333333333,1,G_fe,0.5146473106526664,0.5146473106526664,,,,,,,,,,
2592.016666666667,1,G_fe,0.5146473106526664,0.5146473106526664,,,,,,,,,,
2592.05,1,G_fe,0.5146473106526664,0.5146473106526664,,,,,,,,,,
2592.0833333333335,1,G_fe,0.5146473106526664,0.5146473106526664,,,,,,,,,,
2592.116666666667,1,G_fe,0.5146473106526664,0.5146473106526664,,,,,,,,,,
2592.15,1,G_fe,0.5146473106526664,0.5146473106526664,,,,,,,,,,
2592.1833333333334,1,G_fe,0.5146473106526664,0.5146473106526664,,,,,,,,,,
2592.2166666666667,1,G_fe,0.5146473106526664,0.5146473106526664,,,,,,,,,,
2592.25,1,G_fe,0.5146473106526664,0.5146473106526664,,,,,,,,,,
2592.2833333333333,1,G_fe,0.5146473106526664,0.5146473106526664,,,,,,,,,,
2592.3166666666666,1,G_fe,0.49656623253077153,0.49656623253077153,,,,,,,,,,
2592.35,1,G_fe,0.49656623253077153,0.49656623253077153,,,,,,,,,,
2592.383333333333,1,G_fe,0.49656623253077153,0.49656623253077153,,,,,,,,,,
2592.4166666666665,1,G_fe,0.49656623253077153,0.49656623253077153,,,,,,,,,,
2592.45,1,G_fe,0.49656623253077153,0.49656623253077153,,,,,,,,,,
2592.483333333333,1,G_fe,0.49656623253077153,0.49656623253077153,,,,,,,,,,
2592.516666666667,1,G_fe,0.49656623253077153,0.49656623253077153,,,,,,,,,,
2592.55,1,G_fe,0.4947904742558008,0.4947904742558008,,,,,,,,,,
2592.5833333333335,1,G_fe,0.4921118132496646,0.4921118132496646,,,,,,,,,,
2592.616666666667,1,G_fe,0.49263998325286423,0.49263998325286423,,,,,,,,,,
2592.65,1,G_fe,0.491048457723002,0.491048457723002,,,,,,,,,,
2592.6833333333334,1,G_fe,0.4914343783171417,0.4914343783171417,,,,,,,,,,
2592.7166666666667,1,G_fe,0.4914343783171417,0.4914343783171417,,,,,,,,,,
2592.75,1,G_fe,0.4914343783171417,0.4914343783171417,,,,,,,,,,
2592.7833333333333,1,G_fe,0.4889070804623079,0.4889070804623079,,,,,,,,,,
2592.8166666666666,1,G_fe,0.4889070804623079,0.4889070804623079,,,,,,,,,,
2592.85,1,G_fe,0.4889070804623079,0.4889070804623079,,,,,,,,,,
2592.883333333333,1,G_fe,0.4889070804623079,0.4889070804623079,,,,,,,,,,
2592.9166666666665,1,G_fe,0.4889070804623079,0.4889070804623079,,,,,,,,,,
2592.95,1,G_fe,0.4889070804623079,0.4889070804623079,,,,,,,,,,
2592.983333333333,1,G_fe,0.4889070804623079,0.4889070804623079,,,,,,,,,,
2593.016666666667,1,G_fe,0.4889070804623079,0.4889070804623079,,,,,,,,,,
2593.05,1,G_fe,0.4889070804623079,0.4889070804623079,,,,,,,,,,
2593.0833333333335,1,G_fe,0.4889070804623079,0.4889070804623079,,,,,,,,,,
2593.116666666667,1,G_fe,0.4889070804623079,0.4889070804623079,,,,,,,,,,
2593.15,1,G_fe,0.4889070804623079,0.4889070804623079,,,,,,,,,,
2593.1833333333334,1,G_fe,0.4889070804623079,0.4889070804623079,,,,,,,,,,
2593.2166666666667,1,G_fe,0.4889070804623079,0.4889070804623079,,,,,,,,,,
2593.25,1,G_fe,0.4678368093578076,0.4678368093578076,,,,,,,,,,
2593.2833333333333,1,G_fe,0.4678368093578076,0.4678368093578076,,,,,,,,,,
2593.3166666666666,1,G_fe,0.4678368093578076,0.4678368093578076,,,,,,,,,,
2593.35,1,G_fe,0.4678368093578076,0.4678368093578076,,,,,,,,,,
2593.383333333333,1,G_fe,0.4678368093578076,0.4678368093578076,,,,,,,,,,
2593.4166666666665,1,G_fe,0.4678368093578076,0.4678368093578076,,,,,,,,,,
2593.45,1,G_fe,0.4678368093578076,0.4678368093578076,,,,,,,,,,
2593.483333333333,1,G_fe,0.4685642214642091,0.4685642214642091,,,,,,,,,,
2593.516666666667,1,G_fe,0.4666487103836318,0.4666487103836318,,,,,,,,,,
2593.55,1,G_fe,0.4625233792641517,0.4625233792641517,,,,,,,,,,
2593.5833333333335,1,G_fe,0.4681717765631743,0.4681717765631743,,,,,,,,,,
2593.616666666667,1,G_fe,0.4703951439654575,0.4703951439654575,,,,,,,,,,
2593.65,1,G_fe,0.4703951439654575,0.4703951439654575,,,,,,,,,,
2593.6833333333334,1,G_fe,0.4703951439654575,0.4703951439654575,,,,,,,,,,
2593.7166666666667,1,G_fe,0.4703951439654575,0.4703951439654575,,,,,,,,,,
2593.75,1,G_fe,0.4703951439654575,0.4703951439654575,,,,,,,,,,
2593.7833333333333,1,G_fe,0.4703951439654575,0.4703951439654575,,,,,,,,,,
2593.8166666666666,1,G_fe,0.4703951439654575,0.4703951439654575,,,,,,,,,,
2593.85,1,G_fe,0.4703951439654575,0.4703951439654575,,,,,,,,,,
2593.883333333333,1,G_fe,0.4703951439654575,0.4703951439654575,,,,,,,,,,
2593.9166666666665,1,G_fe,0.4703951439654575,0.4703951439654575,,,,,,,,,,
2593.95,1,G_fe,0.4703951439654575,0.4703951439654575,,,,,,,,,,
2593.983333333333,1,G_fe,0.4703951439654575,0.4703951439654575,,,,,,,,,,
2594.016666666667,1,G_fe,0.4703951439654575,0.4703951439654575,,,,,,,,,,
2594.05,1,G_fe,0.4703951439654575,0.4703951439654575,,,,,,,,,,
2594.0833333333335,1,G_fe,0.4703951439654575,0.4703951439654575,,,,,,,,,,
2594.116666666667,1,G_fe,0.4874686713730538,0.4874686713730538,,,,,,,,,,
2594.15,1,G_fe,0.4874686713730538,0.4874686713730538,,,,,,,,,,
2594.1833333333334,1,G_fe,0.4874686713730538,0.4874686713730538,,,,,,,,,,
2594.2166666666667,1,G_fe,0.4874686713730538,0.4874686713730538,,,,,,,,,,
2594.25,1,G_fe,0.4874686713730538,0.4874686713730538,,,,,,,,,,
2594.2833333333333,1,G_fe,0.4874686713730538,0.4874686713730538,,,,,,,,,,
2594.3166666666666,1,G_fe,0.48979536367465903,0.48979536367465903,,,,,,,,,,
2594.35,1,G_fe,0.48760172722907125,0.48760172722907125,,,,,,,,,,
2594.383333333333,1,G_fe,0.47359250606887815,0.47359250606887815,,,,,,,,,,
2594.4166666666665,1,G_fe,0.47768208493324216,0.47768208493324216,,,,,,,,,,
2594.45,1,G_fe,0.47768208493324216,0.47768208493324216,,,,,,,,,,
2594.483333333333,1,G_fe,0.47768208493324216,0.47768208493324216,,,,,,,,,,
2594.516666666667,1,G_fe,0.47768208493324216,0.47768208493324216,,,,,,,,,,
2594.55,1,G_fe,0.47768208493324216,0.47768208493324216,,,,,,,,,,
2594.5833333333335,1,G_fe,0.47768208493324216,0.47768208493324216,,,,,,,,,,
2594.616666666667,1,G_fe,0.47768208493324216,0.47768208493324216,,,,,,,,,,
2594.65,1,G_fe,0.47768208493324216,0.47768208493324216,,,,,,,,,,
2594.6833333333334,1,G_fe,0.47768208493324216,0.47768208493324216,,,,,,,,,,
2594.7166666666667,1,G_fe,0.47768208493324216,0.47768208493324216,,,,,,,,,,
2594.75,1,G_fe,0.47768208493324216,0.47768208493324216,,,,,,,,,,
2594.7833333333333,1,G_fe,0.47768208493324216,0.47768208493324216,,,,,,,,,,
2594.8166666666666,1,G_fe,0.47768208493324216,0.47768208493324216,,,,,,,,,,
2594.85,1,G_fe,0.47768208493324216,0.47768208493324216,,,,,,,,,,
2594.883333333333,1,G_fe,0.5113213560875707,0.5113213560875707,,,,,,,,,,
2594.9166666666665,1,G_fe,0.5113213560875707,0.5113213560875707,,,,,,,,,,
2594.95,1,G_fe,0.5113213560875707,0.5113213560875707,,,,,,,,,,
2594.983333333333,1,G_fe,0.5113213560875707,0.5113213560875707,,,,,,,,,,
2595.016666666667,1,G_fe,0.5113213560875707,0.5113213560875707,,,,,,,,,,
2595.05,1,G_fe,0.5113213560875707,0.5113213560875707,,,,,,,,,,
2595.0833333333335,1,G_fe,0.5113213560875707,0.5113213560875707,,,,,,,,,,
2595.116666666667,1,G_fe,0.5017603285449833,0.5017603285449833,,,,,,,,,,
2595.15,1,G_fe,0.49682218221190566,0.49682218221190566,,,,,,,,,,
2595.1833333333334,1,G_fe,0.5060143224655063,0.5060143224655063,,,,,,,,,,
2595.2166666666667,1,G_fe,0.4940519358058015,0.4940519358058015,,,,,,,,,,
2595.25,1,G_fe,0.4940519358058015,0.4940519358058015,,,,,,,,,,
2595.2833333333333,1,G_fe,0.4940519358058015,0.4940519358058015,,,,,,,,,,
2595.3166666666666,1,G_fe,0.4940519358058015,0.4940519358058015,,,,,,,,,,
2595.35,1,G_fe,0.4940519358058015,0.4940519358058015,,,,,,,,,,
2595.383333333333,1,G_fe,0.5099687186834728,0.5099687186834728,,,,,,,,,,
2595.4166666666665,1,G_fe,0.5099687186834728,0.5099687186834728,,,,,,,,,,
2595.45,1,G_fe,0.5193612010274435,0.5193612010274435,,,,,,,,,,
2595.483333333333,1,G_fe,0.5229815326247373,0.5229815326247373,,,,,,,,,,
2595.516666666667,1,G_fe,0.5229815326247373,0.5229815326247373,,,,,,,,,,
2595.55,1,G_fe,0.5229815326247373,0.5229815326247373,,,,,,,,,,
2595.5833333333335,1,G_fe,0.5229815326247373,0.5229815326247373,,,,,,,,,,
2595.616666666667,1,G_fe,0.5229815326247373,0.5229815326247373,,,,,,,,,,
2595.65,1,G_fe,0.5229815326247373,0.5229815326247373,,,,,,,,,,
2595.6833333333334,1,G_fe,0.5568628011085741,0.5568628011085741,,,,,,,,,,
2595.7166666666667,1,G_fe,0.5568628011085741,0.5568628011085741,,,,,,,,,,
2595.75,1,G_fe,0.5568628011085741,0.5568628011085741,,,,,,,,,,
2595.7833333333333,1,G_fe,0.5568628011085741,0.5568628011085741,,,,,,,,,,
2595.8166666666666,1,G_fe,0.5494964136303885,0.5494964136303885,,,,,,,,,,
2595.85,1,G_fe,0.5514160928915632,0.5514160928915632,,,,,,,,,,
2595.883333333333,1,G_fe,0.5571949799442061,0.5571949799442061,,,,,,,,,,
2595.9166666666665,1,G_fe,0.5542088543086433,0.5542088543086433,,,,,,,,,,
2595.95,1,G_fe,0.5542088543086433,0.5542088543086433,,,,,,,,,,
2595.983333333333,1,G_fe,0.5542088543086433,0.5542088543086433,,,,,,,,,,
2596.016666666667,1,G_fe,0.5542088543086433,0.5542088543086433,,,,,,,,,,
2596.05,1,G_fe,0.546527884783595,0.546527884783595,,,,,,,,,,
2596.0833333333335,1,G_fe,0.546527884783595,0.546527884783595,,,,,,,,,,
2596.116666666667,1,G_fe,0.546527884783595,0.546527884783595,,,,,,,,,,
2596.15,1,G_fe,0.550058747475778,0.550058747475778,,,,,,,,,,
2596.1833333333334,1,G_fe,0.5426789713248235,0.5426789713248235,,,,,,,,,,
2596.2166666666667,1,G_fe,0.5426641460333324,0.5426641460333324,,,,,,,,,,
2596.25,1,G_fe,0.5399027211474108,0.5399027211474108,,,,,,,,,,
2596.2833333333333,1,G_fe,0.5399027211474108,0.5399027211474108,,,,,,,,,,
2596.3166666666666,1,G_fe,0.5399027211474108,0.5399027211474108,,,,,,,,,,
2596.35,1,G_fe,0.5399027211474108,0.5399027211474108,,,,,,,,,,
2596.383333333333,1,G_fe,0.5399027211474108,0.5399027211474108,,,,,,,,,,
2596.4166666666665,1,G_fe,0.5399027211474108,0.5399027211474108,,,,,,,,,,
2596.45,1,G_fe,0.5399027211474108,0.5399027211474108,,,,,,,,,,
2596.483333333333,1,G_fe,0.5399027211474108,0.5399027211474108,,,,,,,,,,
2596.516666666667,1,G_fe,0.5280333054896763,0.5280333054896763,,,,,,,,,,
2596.55,1,G_fe,0.5261807740258613,0.5261807740258613,,,,,,,,,,
2596.5833333333335,1,G_fe,0.5333411683145066,0.5333411683145066,,,,,,,,,,
2596.616666666667,1,G_fe,0.5287287230593624,0.5287287230593624,,,,,,,,,,
2596.65,1,G_fe,0.5287287230593624,0.5287287230593624,,,,,,,,,,
2596.6833333333334,1,G_fe,0.5334727600983191,0.5334727600983191,,,,,,,,,,
2596.7166666666667,1,G_fe,0.5334727600983191,0.5334727600983191,,,,,,,,,,
2596.75,1,G_fe,0.5532731926881955,0.5532731926881955,,,,,,,,,,
2596.7833333333333,1,G_fe,0.5532731926881955,0.5532731926881955,,,,,,,,,,
2596.8166666666666,1,G_fe,0.5532731926881955,0.5532731926881955,,,,,,,,,,
2596.85,1,G_fe,0.5532731926881955,0.5532731926881955,,,,,,,,,,
2596.883333333333,1,G_fe,0.5582410861146236,0.5582410861146236,,,,,,,,,,
2596.9166666666665,1,G_fe,0.5558145429628588,0.5558145429628588,,,,,,,,,,
2596.95,1,G_fe,0.5469456182539181,0.5469456182539181,,,,,,,,,,
2596.983333333333,1,G_fe,0.5538267062909729,0.5538267062909729,,,,,,,,,,
2597.016666666667,1,G_fe,0.5538267062909729,0.5538267062909729,,,,,,,,,,
2597.05,1,G_fe,0.5538267062909729,0.5538267062909729,,,,,,,,,,
2597.0833333333335,1,G_fe,0.5538267062909729,0.5538267062909729,,,,,,,,,,
2597.116666666667,1,G_fe,0.5538267062909729,0.5538267062909729,,,,,,,,,,
2597.15,1,G_fe,0.5516200875755027,0.5516200875755027,,,,,,,,,,
2597.1833333333334,1,G_fe,0.5450215976692719,0.5450215976692719,,,,,,,,,,
2597.2166666666667,1,G_fe,0.5490738195050907,0.5490738195050907,,,,,,,,,,
2597.25,1,G_fe,0.5581563427844142,0.5581563427844142,,,,,,,,,,
2597.2833333333333,1,G_fe,0.5581563427844142,0.5581563427844142,,,,,,,,,,
2597.3166666666666,1,G_fe,0.5581563427844142,0.5581563427844142,,,,,,,,,,
2597.35,1,G_fe,0.5476814390311715,0.5476814390311715,,,,,,,,,,
2597.383333333333,1,G_fe,0.5476814390311715,0.5476814390311715,,,,,,,,,,
2597.4166666666665,1,G_fe,0.5476814390311715,0.5476814390311715,,,,,,,,,,
2597.45,1,G_fe,0.5476814390311715,0.5476814390311715,,,,,,,,,,
2597.483333333333,1,G_fe,0.5476814390311715,0.5476814390311715,,,,,,,,,,
2597.516666666667,1,G_fe,0.5476814390311715,0.5476814390311715,,,,,,,,,,
2597.55,1,G_fe,0.5476814390311715,0.5476814390311715,,,,,,,,,,
2597.5833333333335,1,G_fe,0.5476814390311715,0.5476814390311715,,,,,,,,,,
2597.616666666667,1,G_fe,0.5593721000345601,0.5593721000345601,,,,,,,,,,
2597.65,1,G_fe,0.5593721000345601,0.5593721000345601,,,,,,,,,,
2597.6833333333334,1,G_fe,0.5593721000345601,0.5593721000345601,,,,,,,,,,
2597.7166666666667,1,G_fe,0.5440146985874282,0.5440146985874282,,,,,,,,,,
2597.75,1,G_fe,0.5440146985874282,0.5440146985874282,,,,,,,,,,
2597.7833333333333,1,G_fe,0.5440146985874282,0.5440146985874282,,,,,,,,,,
2597.8166666666666,1,G_fe,0.5440146985874282,0.5440146985874282,,,,,,,,,,
2597.85,1,G_fe,0.5099035996509115,0.5099035996509115,,,,,,,,,,
2597.883333333333,1,G_fe,0.49843682089740143,0.49843682089740143,,,,,,,,,,
2597.9166666666665,1,G_fe,0.4979517137339435,0.4979517137339435,,,,,,,,,,
2597.95,1,G_fe,0.5014608322793473,0.5014608322793473,,,,,,,,,,
2597.983333333333,1,G_fe,0.503255210762573,0.503255210762573,,,,,,,,,,
2598.016666666667,1,G_fe,0.49524330914815407,0.49524330914815407,,,,,,,,,,
2598.05,1,G_fe,0.49524330914815407,0.49524330914815407,,,,,,,,,,
2598.0833333333335,1,G_fe,0.49524330914815407,0.49524330914815407,,,,,,,,,,
2598.116666666667,1,G_fe,0.49524330914815407,0.49524330914815407,,,,,,,,,,
2598.15,1,G_fe,0.49524330914815407,0.49524330914815407,,,,,,,,,,
2598.1833333333334,1,G_fe,0.49524330914815407,0.49524330914815407,,,,,,,,,,
2598.2166666666667,1,G_fe,0.49524330914815407,0.49524330914815407,,,,,,,,,,
2598.25,1,G_fe,0.490704167948349,0.490704167948349,,,,,,,,,,
2598.2833333333333,1,G_fe,0.5047434323003274,0.5047434323003274,,,,,,,,,,
2598.3166666666666,1,G_fe,0.5047434323003274,0.5047434323003274,,,,,,,,,,
2598.35,1,G_fe,0.5047434323003274,0.5047434323003274,,,,,,,,,,
2598.383333333333,1,G_fe,0.5047434323003274,0.5047434323003274,,,,,,,,,,
2598.4166666666665,1,G_fe,0.5047434323003274,0.5047434323003274,,,,,,,,,,
2598.45,1,G_fe,0.5047434323003274,0.5047434323003274,,,,,,,,,,
2598.483333333333,1,G_fe,0.506611999206129,0.506611999206129,,,,,,,,,,
2598.516666666667,1,G_fe,0.5173921794806816,0.5173921794806816,,,,,,,,,,
2598.55,1,G_fe,0.5241863471991443,0.5241863471991443,,,,,,,,,,
2598.5833333333335,1,G_fe,0.503878900767837,0.503878900767837,,,,,,,,,,
2598.616666666667,1,G_fe,0.5106552307026156,0.5106552307026156,,,,,,,,,,
2598.65,1,G_fe,0.5106552307026156,0.5106552307026156,,,,,,,,,,
2598.6833333333334,1,G_fe,0.46954812793919065,0.46954812793919065,,,,,,,,,,
2598.7166666666667,1,G_fe,0.46954812793919065,0.46954812793919065,,,,,,,,,,
2598.75,1,G_fe,0.46954812793919065,0.46954812793919065,,,,,,,,,,
2598.7833333333333,1,G_fe,0.46954812793919065,0.46954812793919065,,,,,,,,,,
2598.8166666666666,1,G_fe,0.46954812793919065,0.46954812793919065,,,,,,,,,,
2598.85,1,G_fe,0.46954812793919065,0.46954812793919065,,,,,,,,,,
2598.883333333333,1,G_fe,0.46954812793919065,0.46954812793919065,,,,,,,,,,
2598.9166666666665,1,G_fe,0.47486801955774977,0.47486801955774977,,,,,,,,,,
2598.95,1,G_fe,0.47486801955774977,0.47486801955774977,,,,,,,,,,
2598.983333333333,1,G_fe,0.47486801955774977,0.47486801955774977,,,,,,,,,,
2599.016666666667,1,G_fe,0.45848240801323725,0.45848240801323725,,,,,,,,,,
2599.05,1,G_fe,0.45228697640210047,0.45228697640210047,,,,,,,,,,
2599.0833333333335,1,G_fe,0.45228697640210047,0.45228697640210047,,,,,,,,,,
2599.116666666667,1,G_fe,0.45228697640210047,0.45228697640210047,,,,,,,,,,
2599.15,1,G_fe,0.45228697640210047,0.45228697640210047,,,,,,,,,,
2599.1833333333334,1,G_fe,0.45228697640210047,0.45228697640210047,,,,,,,,,,
2599.2166666666667,1,G_fe,0.45228697640210047,0.45228697640210047,,,,,,,,,,
2599.25,1,G_fe,0.45228697640210047,0.45228697640210047,,,,,,,,,,
2599.2833333333333,1,G_fe,0.4593731042291901,0.4593731042291901,,,,,,,,,,
2599.3166666666666,1,G_fe,0.463887044506141,0.463887044506141,,,,,,,,,,
2599.35,1,G_fe,0.45722158753333947,0.45722158753333947,,,,,,,,,,
2599.383333333333,1,G_fe,0.44949244979661507,0.44949244979661507,,,,,,,,,,
2599.4166666666665,1,G_fe,0.44949244979661507,0.44949244979661507,,,,,,,,,,
2599.45,1,G_fe,0.44949244979661507,0.44949244979661507,,,,,,,,,,
2599.483333333333,1,G_fe,0.44949244979661507,0.44949244979661507,,,,,,,,,,
2599.516666666667,1,G_fe,0.44949244979661507,0.44949244979661507,,,,,,,,,,
2599.55,1,G_fe,0.43761281299732147,0.43761281299732147,,,,,,,,,,
2599.5833333333335,1,G_fe,0.4408646504925409,0.4408646504925409,,,,,,,,,,
2599.616666666667,1,G_fe,0.4408646504925409,0.4408646504925409,,,,,,,,,,
2599.65,1,G_fe,0.4897059641429696,0.4897059641429696,,,,,,,,,,
2599.6833333333334,1,G_fe,0.4897059641429696,0.4897059641429696,,,,,,,,,,
2599.7166666666667,1,G_fe,0.4897059641429696,0.4897059641429696,,,,,,,,,,
2599.75,1,G_fe,0.4675153056147126,0.4675153056147126,,,,,,,,,,
2599.7833333333333,1,G_fe,0.4675153056147126,0.4675153056147126,,,,,,,,,,
2599.8166666666666,1,G_fe,0.4675153056147126,0.4675153056147126,,,,,,,,,,
2599.85,1,G_fe,0.4675153056147126,0.4675153056147126,,,,,,,,,,
2599.883333333333,1,G_fe,0.4694731424596172,0.4694731424596172,,,,,,,,,,
2599.9166666666665,1,G_fe,0.4700798333262674,0.4700798333262674,,,,,,,,,,
2599.95,1,G_fe,0.4709161408049863,0.4709161408049863,,,,,,,,,,
2599.983333333333,1,G_fe,0.46981083222751885,0.46981083222751885,,,,,,,,,,
2600.016666666667,1,G_fe,0.46981083222751885,0.46981083222751885,,,,,,,,,,
2600.05,1,G_fe,0.460209873742522,0.460209873742522,,,,,,,,,,
2600.0833333333335,1,G_fe,0.460209873742522,0.460209873742522,,,,,,,,,,
2600.116666666667,1,G_fe,0.460209873742522,0.460209873742522,,,,,,,,,,
2600.15,1,G_fe,0.460209873742522,0.460209873742522,,,,,,,,,,
2600.1833333333334,1,G_fe,0.460209873742522,0.460209873742522,,,,,,,,,,
2600.2166666666667,1,G_fe,0.45752806681107666,0.45752806681107666,,,,,,,,,,
2600.25,1,G_fe,0.4686162745763144,0.4686162745763144,,,,,,,,,,
2600.2833333333333,1,G_fe,0.45807594480792563,0.45807594480792563,,,,,,,,,,
2600.3166666666666,1,G_fe,0.40402722249967143,0.40402722249967143,,,,,,,,,,
2600.35,1,G_fe,0.40402722249967143,0.40402722249967143,,,,,,,,,,
2600.383333333333,1,G_fe,0.40402722249967143,0.40402722249967143,,,,,,,,,,
2600.4166666666665,1,G_fe,0.3922994232030143,0.3922994232030143,,,,,,,,,,
2600.45,1,G_fe,0.3922994232030143,0.3922994232030143,,,,,,,,,,
2600.483333333333,1,G_fe,0.3922994232030143,0.3922994232030143,,,,,,,,,,
2600.516666666667,1,G_fe,0.3922994232030143,0.3922994232030143,,,,,,,,,,
2600.55,1,G_fe,0.3922994232030143,0.3922994232030143,,,,,,,,,,
2600.5833333333335,1,G_fe,0.3922994232030143,0.3922994232030143,,,,,,,,,,
2600.616666666667,1,G_fe,0.3922994232030143,0.3922994232030143,,,,,,,,,,
2600.65,1,G_fe,0.38765566467401064,0.38765566467401064,,,,,,,,,,
2600.6833333333334,1,G_fe,0.38765566467401064,0.38765566467401064,,,,,,,,,,
2600.7166666666667,1,G_fe,0.38765566467401064,0.38765566467401064,,,,,,,,,,
2600.75,1,G_fe,0.38765566467401064,0.38765566467401064,,,,,,,,,,
2600.7833333333333,1,G_fe,0.38765566467401064,0.38765566467401064,,,,,,,,,,
2600.8166666666666,1,G_fe,0.38765566467401064,0.38765566467401064,,,,,,,,,,
2600.85,1,G_fe,0.38765566467401064,0.38765566467401064,,,,,,,,,,
2600.883333333333,1,G_fe,0.38765566467401064,0.38765566467401064,,,,,,,,,,
2600.9166666666665,1,G_fe,0.38765566467401064,0.38765566467401064,,,,,,,,,,
2600.95,1,G_fe,0.38765566467401064,0.38765566467401064,,,,,,,,,,
2600.983333333333,1,G_fe,0.38765566467401064,0.38765566467401064,,,,,,,,,,
2601.016666666667,1,G_fe,0.38765566467401064,0.38765566467401064,,,,,,,,,,
2601.05,1,G_fe,0.390743190821174,0.390743190821174,,,,,,,,,,
2601.0833333333335,1,G_fe,0.39092289739632013,0.39092289739632013,,,,,,,,,,
2601.116666666667,1,G_fe,0.40737249511366896,0.40737249511366896,,,,,,,,,,
2601.15,1,G_fe,0.39834275457776824,0.39834275457776824,,,,,,,,,,
2601.1833333333334,1,G_fe,0.39834275457776824,0.39834275457776824,,,,,,,,,,
2601.2166666666667,1,G_fe,0.39834275457776824,0.39834275457776824,,,,,,,,,,
2601.25,1,G_fe,0.39834275457776824,0.39834275457776824,,,,,,,,,,
2601.2833333333333,1,G_fe,0.39834275457776824,0.39834275457776824,,,,,,,,,,
2601.3166666666666,1,G_fe,0.39834275457776824,0.39834275457776824,,,,,,,,,,
2601.35,1,G_fe,0.4784934912464307,0.4784934912464307,,,,,,,,,,
2601.383333333333,1,G_fe,0.48032515121226826,0.48032515121226826,,,,,,,,,,
2601.4166666666665,1,G_fe,0.48032515121226826,0.48032515121226826,,,,,,,,,,
2601.45,1,G_fe,0.48032515121226826,0.48032515121226826,,,,,,,,,,
2601.483333333333,1,G_fe,0.48032515121226826,0.48032515121226826,,,,,,,,,,
2601.516666666667,1,G_fe,0.48032515121226826,0.48032515121226826,,,,,,,,,,
2601.55,1,G_fe,0.49072008438146175,0.49072008438146175,,,,,,,,,,
2601.5833333333335,1,G_fe,0.49198878139437624,0.49198878139437624,,,,,,,,,,
2601.616666666667,1,G_fe,0.4886680458153803,0.4886680458153803,,,,,,,,,,
2601.65,1,G_fe,0.49255974933373253,0.49255974933373253,,,,,,,,,,
2601.6833333333334,1,G_fe,0.4832158982784045,0.4832158982784045,,,,,,,,,,
2601.7166666666667,1,G_fe,0.48726626973260806,0.48726626973260806,,,,,,,,,,
2601.75,1,G_fe,0.4840322598085904,0.4840322598085904,,,,,,,,,,
2601.7833333333333,1,G_fe,0.4891645601184563,0.4891645601184563,,,,,,,,,,
2601.8166666666666,1,G_fe,0.4891645601184563,0.4891645601184563,,,,,,,,,,
2601.85,1,G_fe,0.4891645601184563,0.4891645601184563,,,,,,,,,,
2601.883333333333,1,G_fe,0.473111153542076,0.473111153542076,,,,,,,,,,
2601.9166666666665,1,G_fe,0.473111153542076,0.473111153542076,,,,,,,,,,
2601.95,1,G_fe,0.473111153542076,0.473111153542076,,,,,,,,,,
2601.983333333333,1,G_fe,0.473111153542076,0.473111153542076,,,,,,,,,,
2602.016666666667,1,G_fe,0.473111153542076,0.473111153542076,,,,,,,,,,
2602.05,1,G_fe,0.473111153542076,0.473111153542076,,,,,,,,,,
2602.0833333333335,1,G_fe,0.473111153542076,0.473111153542076,,,,,,,,,,
2602.116666666667,1,G_fe,0.4776268610882664,0.4776268610882664,,,,,,,,,,
2602.15,1,G_fe,0.4395063242024215,0.4395063242024215,,,,,,,,,,
2602.1833333333334,1,G_fe,0.44399028819937736,0.44399028819937736,,,,,,,,,,
2602.2166666666667,1,G_fe,0.44399028819937736,0.44399028819937736,,,,,,,,,,
2602.25,1,G_fe,0.4371804427617617,0.4371804427617617,,,,,,,,,,
2602.2833333333333,1,G_fe,0.44137960323777814,0.44137960323777814,,,,,,,,,,
2602.3166666666666,1,G_fe,0.441264382973202,0.441264382973202,,,,,,,,,,
2602.35,1,G_fe,0.44092697738261427,0.44092697738261427,,,,,,,,,,
2602.383333333333,1,G_fe,0.42543552959392633,0.42543552959392633,,,,,,,,,,
2602.4166666666665,1,G_fe,0.423894942028168,0.423894942028168,,,,,,,,,,
2602.45,1,G_fe,0.41513950299663077,0.41513950299663077,,,,,,,,,,
2602.483333333333,1,G_fe,0.41513950299663077,0.41513950299663077,,,,,,,,,,
2602.516666666667,1,G_fe,0.41513950299663077,0.41513950299663077,,,,,,,,,,
2602.55,1,G_fe,0.41513950299663077,0.41513950299663077,,,,,,,,,,
2602.5833333333335,1,G_fe,0.41513950299663077,0.41513950299663077,,,,,,,,,,
2602.616666666667,1,G_fe,0.41772031336644433,0.41772031336644433,,,,,,,,,,
2602.65,1,G_fe,0.4156228866882323,0.4156228866882323,,,,,,,,,,
2602.6833333333334,1,G_fe,0.41772031336644433,0.41772031336644433,,,,,,,,,,
2602.7166666666667,1,G_fe,0.4178677134182117,0.4178677134182117,,,,,,,,,,
2602.75,1,G_fe,0.4178677134182117,0.4178677134182117,,,,,,,,,,
2602.7833333333333,1,G_fe,0.4178677134182117,0.4178677134182117,,,,,,,,,,
2602.8166666666666,1,G_fe,0.4178677134182117,0.4178677134182117,,,,,,,,,,
2602.85,1,G_fe,0.4178677134182117,0.4178677134182117,,,,,,,,,,
2602.883333333333,1,G_fe,0.4178677134182117,0.4178677134182117,,,,,,,,,,
2602.9166666666665,1,G_fe,0.41516237345780754,0.41516237345780754,,,,,,,,,,
2602.95,1,G_fe,0.41756434451079505,0.41756434451079505,,,,,,,,,,
2602.983333333333,1,G_fe,0.41792138253443295,0.41792138253443295,,,,,,,,,,
2603.016666666667,1,G_fe,0.4193116168811671,0.4193116168811671,,,,,,,,,,
2603.05,1,G_fe,0.4193116168811671,0.4193116168811671,,,,,,,,,,
2603.0833333333335,1,G_fe,0.4193116168811671,0.4193116168811671,,,,,,,,,,
2603.116666666667,1,G_fe,0.4193116168811671,0.4193116168811671,,,,,,,,,,
2603.15,1,G_fe,0.4169730880064634,0.4169730880064634,,,,,,,,,,
2603.1833333333334,1,G_fe,0.4169730880064634,0.4169730880064634,,,,,,,,,,
2603.2166666666667,1,G_fe,0.4169730880064634,0.4169730880064634,,,,,,,,,,
2603.25,1,G_fe,0.4169730880064634,0.4169730880064634,,,,,,,,,,
2603.2833333333333,1,G_fe,0.4169730880064634,0.4169730880064634,,,,,,,,,,
2603.3166666666666,1,G_fe,0.4169730880064634,0.4169730880064634,,,,,,,,,,
2603.35,1,G_fe,0.4166178189512612,0.4166178189512612,,,,,,,,,,
2603.383333333333,1,G_fe,0.4154309617213307,0.4154309617213307,,,,,,,,,,
2603.4166666666665,1,G_fe,0.41290850324786516,0.41290850324786516,,,,,,,,,,
2603.45,1,G_fe,0.4154188779170189,0.4154188779170189,,,,,,,,,,
2603.483333333333,1,G_fe,0.4154188779170189,0.4154188779170189,,,,,,,,,,
2603.516666666667,1,G_fe,0.4154188779170189,0.4154188779170189,,,,,,,,,,
2603.55,1,G_fe,0.4154188779170189,0.4154188779170189,,,,,,,,,,
2603.5833333333335,1,G_fe,0.4154188779170189,0.4154188779170189,,,,,,,,,,
2603.616666666667,1,G_fe,0.4189377588175761,0.4189377588175761,,,,,,,,,,
2603.65,1,G_fe,0.4189377588175761,0.4189377588175761,,,,,,,,,,
2603.6833333333334,1,G_fe,0.4189377588175761,0.4189377588175761,,,,,,,,,,
2603.7166666666667,1,G_fe,0.4189377588175761,0.4189377588175761,,,,,,,,,,
2603.75,1,G_fe,0.4189377588175761,0.4189377588175761,,,,,,,,,,
2603.7833333333333,1,G_fe,0.4189377588175761,0.4189377588175761,,,,,,,,,,
2603.8166666666666,1,G_fe,0.4189377588175761,0.4189377588175761,,,,,,,,,,
2603.85,1,G_fe,0.4189377588175761,0.4189377588175761,,,,,,,,,,
2603.883333333333,1,G_fe,0.417331082606712,0.417331082606712,,,,,,,,,,
2603.9166666666665,1,G_fe,0.4138063880728442,0.4138063880728442,,,,,,,,,,
2603.95,1,G_fe,0.4138063880728442,0.4138063880728442,,,,,,,,,,
2603.983333333333,1,G_fe,0.4138063880728442,0.4138063880728442,,,,,,,,,,
2604.016666666667,1,G_fe,0.4138063880728442,0.4138063880728442,,,,,,,,,,
2604.05,1,G_fe,0.4138063880728442,0.4138063880728442,,,,,,,,,,
2604.0833333333335,1,G_fe,0.4096327899143495,0.4096327899143495,,,,,,,,,,
2604.116666666667,1,G_fe,0.413110189333091,0.413110189333091,,,,,,,,,,
2604.15,1,G_fe,0.41227935999115434,0.41227935999115434,,,,,,,,,,
2604.1833333333334,1,G_fe,0.41571699775840265,0.41571699775840265,,,,,,,,,,
2604.2166666666667,1,G_fe,0.41571699775840265,0.41571699775840265,,,,,,,,,,
2604.25,1,G_fe,0.41571699775840265,0.41571699775840265,,,,,,,,,,
2604.2833333333333,1,G_fe,0.4564295865159946,0.4564295865159946,,,,,,,,,,
2604.3166666666666,1,G_fe,0.4564295865159946,0.4564295865159946,,,,,,,,,,
2604.35,1,G_fe,0.4564295865159946,0.4564295865159946,,,,,,,,,,
2604.383333333333,1,G_fe,0.45888857075919415,0.45888857075919415,,,,,,,,,,
2604.4166666666665,1,G_fe,0.45551327191168756,0.45551327191168756,,,,,,,,,,
2604.45,1,G_fe,0.45791594141692826,0.45791594141692826,,,,,,,,,,
2604.483333333333,1,G_fe,0.45667685713120787,0.45667685713120787,,,,,,,,,,
2604.516666666667,1,G_fe,0.45667685713120787,0.45667685713120787,,,,,,,,,,
2604.55,1,G_fe,0.45667685713120787,0.45667685713120787,,,,,,,,,,
2604.5833333333335,1,G_fe,0.45667685713120787,0.45667685713120787,,,,,,,,,,
2604.616666666667,1,G_fe,0.451349477473717,0.451349477473717,,,,,,,,,,
2604.65,1,G_fe,0.4542323186315009,0.4542323186315009,,,,,,,,,,
2604.6833333333334,1,G_fe,0.4515988986743251,0.4515988986743251,,,,,,,,,,
2604.7166666666667,1,G_fe,0.4511256217371164,0.4511256217371164,,,,,,,,,,
2604.75,1,G_fe,0.4511256217371164,0.4511256217371164,,,,,,,,,,
2604.7833333333333,1,G_fe,0.4511256217371164,0.4511256217371164,,,,,,,,,,
2604.8166666666666,1,G_fe,0.4511256217371164,0.4511256217371164,,,,,,,,,,
2604.85,1,G_fe,0.4511256217371164,0.4511256217371164,,,,,,,,,,
2604.883333333333,1,G_fe,0.4511256217371164,0.4511256217371164,,,,,,,,,,
2604.9166666666665,1,G_fe,0.4511256217371164,0.4511256217371164,,,,,,,,,,
2604.95,1,G_fe,0.4511256217371164,0.4511256217371164,,,,,,,,,,
2604.983333333333,1,G_fe,0.44659280186436584,0.44659280186436584,,,,,,,,,,
2605.016666666667,1,G_fe,0.44659280186436584,0.44659280186436584,,,,,,,,,,
2605.05,1,G_fe,0.44659280186436584,0.44659280186436584,,,,,,,,,,
2605.0833333333335,1,G_fe,0.44659280186436584,0.44659280186436584,,,,,,,,,,
2605.116666666667,1,G_fe,0.44659280186436584,0.44659280186436584,,,,,,,,,,
2605.15,1,G_fe,0.44659280186436584,0.44659280186436584,,,,,,,,,,
2605.1833333333334,1,G_fe,0.44659280186436584,0.44659280186436584,,,,,,,,,,
2605.2166666666667,1,G_fe,0.44659280186436584,0.44659280186436584,,,,,,,,,,
2605.25,1,G_fe,0.44659280186436584,0.44659280186436584,,,,,,,,,,
2605.2833333333333,1,G_fe,0.4423214429247795,0.4423214429247795,,,,,,,,,,
2605.3166666666666,1,G_fe,0.4177285745985313,0.4177285745985313,,,,,,,,,,
2605.35,1,G_fe,0.4152665670905333,0.4152665670905333,,,,,,,,,,
2605.383333333333,1,G_fe,0.4179727890405933,0.4179727890405933,,,,,,,,,,
2605.4166666666665,1,G_fe,0.4172389619161582,0.4172389619161582,,,,,,,,,,
2605.45,1,G_fe,0.4172389619161582,0.4172389619161582,,,,,,,,,,
2605.483333333333,1,G_fe,0.4172389619161582,0.4172389619161582,,,,,,,,,,
2605.516666666667,1,G_fe,0.4172389619161582,0.4172389619161582,,,,,,,,,,
2605.55,1,G_fe,0.4172389619161582,0.4172389619161582,,,,,,,,,,
2605.5833333333335,1,G_fe,0.4172389619161582,0.4172389619161582,,,,,,,,,,
2605.616666666667,1,G_fe,0.4172389619161582,0.4172389619161582,,,,,,,,,,
2605.65,1,G_fe,0.41125208090796217,0.41125208090796217,,,,,,,,,,
2605.6833333333334,1,G_fe,0.41125208090796217,0.41125208090796217,,,,,,,,,,
2605.7166666666667,1,G_fe,0.41125208090796217,0.41125208090796217,,,,,,,,,,
2605.75,1,G_fe,0.41125208090796217,0.41125208090796217,,,,,,,,,,
2605.7833333333333,1,G_fe,0.41125208090796217,0.41125208090796217,,,,,,,,,,
2605.8166666666666,1,G_fe,0.41125208090796217,0.41125208090796217,,,,,,,,,,
2605.85,1,G_fe,0.4129458367179311,0.4129458367179311,,,,,,,,,,
2605.883333333333,1,G_fe,0.4129458367179311,0.4129458367179311,,,,,,,,,,
2605.9166666666665,1,G_fe,0.4129458367179311,0.4129458367179311,,,,,,,,,,
2605.95,1,G_fe,0.4129458367179311,0.4129458367179311,,,,,,,,,,
2605.983333333333,1,G_fe,0.4129458367179311,0.4129458367179311,,,,,,,,,,
2606.016666666667,1,G_fe,0.4129458367179311,0.4129458367179311,,,,,,,,,,
2606.05,1,G_fe,0.4129458367179311,0.4129458367179311,,,,,,,,,,
2606.0833333333335,1,G_fe,0.4129458367179311,0.4129458367179311,,,,,,,,,,
2606.116666666667,1,G_fe,0.4127636826500451,0.4127636826500451,,,,,,,,,,
2606.15,1,G_fe,0.4127636826500451,0.4127636826500451,,,,,,,,,,
2606.1833333333334,1,G_fe,0.3417418821500225,0.3417418821500225,,,,,,,,,,
2606.2166666666667,1,G_fe,0.34182963707536945,0.34182963707536945,,,,,,,,,,
2606.25,1,G_fe,0.34553664150337726,0.34553664150337726,,,,,,,,,,
2606.2833333333333,1,G_fe,0.3447901277006005,0.3447901277006005,,,,,,,,,,
2606.3166666666666,1,G_fe,0.3447901277006005,0.3447901277006005,,,,,,,,,,
2606.35,1,G_fe,0.3447901277006005,0.3447901277006005,,,,,,,,,,
2606.383333333333,1,G_fe,0.4566108573170722,0.4566108573170722,,,,,,,,,,
2606.4166666666665,1,G_fe,0.4566108573170722,0.4566108573170722,,,,,,,,,,
2606.45,1,G_fe,0.4566108573170722,0.4566108573170722,,,,,,,,,,
2606.483333333333,1,G_fe,0.4566108573170722,0.4566108573170722,,,,,,,,,,
2606.516666666667,1,G_fe,0.4566108573170722,0.4566108573170722,,,,,,,,,,
2606.55,1,G_fe,0.4566108573170722,0.4566108573170722,,,,,,,,,,
2606.5833333333335,1,G_fe,0.4566108573170722,0.4566108573170722,,,,,,,,,,
2606.616666666667,1,G_fe,0.4595857753551218,0.4595857753551218,,,,,,,,,,
2606.65,1,S3_landing,0.2613227062327277,0.4595857753551218,0.7597302067694007,0.24916733990415604,True,prediction,"[0, 25]","(1, 6)","[None, 1188]","[1163, 0]","[0, 1163]","[2606.616666666667, 2606.65]"
2606.6833333333334,1,S3_landing,0.2613227062327277,0.4595857753551218,0.7597302067694007,0.24916733990415604,True,prediction,"[0, 25]","(1, 6)","[None, 1188]","[1163, 0]","[0, 1163]","[2606.616666666667, 2606.65]"
2606.7166666666667,1,S3_landing,0.2613227062327277,0.4595857753551218,0.7597302067694007,0.24916733990415604,True,prediction,"[0, 25]","(1, 6)","[None, 1188]","[1163, 0]","[0, 1163]","[2606.616666666667, 2606.65]"
2606.75,1,S3_landing,0.3674575743644354,0.4595857753551218,0.7525128741027647,0.2892800961698519,True,prediction,"[0, 25]","(1, 6)","[None, 413]","[388, 0]","[0, 388]","[2606.616666666667, 2606.75]"
2606.7833333333333,1,S3_landing,0.3674575743644354,0.4595857753551218,0.7525128741027647,0.2892800961698519,True,prediction,"[0, 25]","(1, 6)","[None, 413]","[388, 0]","[0, 388]","[2606.616666666667, 2606.75]"
2606.8166666666666,1,S3_landing,0.3674575743644354,0.4595857753551218,0.7525128741027647,0.2892800961698519,True,prediction,"[0, 25]","(1, 6)","[None, 413]","[388, 0]","[0, 388]","[2606.616666666667, 2606.75]"
2606.85,1,S3_landing,0.3674575743644354,0.4595857753551218,0.7525128741027647,0.2892800961698519,True,prediction,"[0, 25]","(1, 6)","[None, 413]","[388, 0]","[0, 388]","[2606.616666666667, 2606.75]"
2606.883333333333,1,S3_landing,0.3674575743644354,0.4595857753551218,0.7525128741027647,0.2892800961698519,True,prediction,"[0, 25]","(1, 5)","[None, 413]","[388, 0]","[0, 388]","[2606.616666666667, 2606.883333333333]"
2606.9166666666665,1,S3_landing,0.3674575743644354,0.4595857753551218,0.7525128741027647,0.2892800961698519,True,prediction,"[0, 25]","(1, 5)","[None, 413]","[388, 0]","[0, 388]","[2606.616666666667, 2606.883333333333]"
2606.95,1,S3_landing,0.3674575743644354,0.4595857753551218,0.7525128741027647,0.2892800961698519,True,prediction,"[0, 25]","(1, 5)","[None, 413]","[388, 0]","[0, 388]","[2606.616666666667, 2606.883333333333]"
2606.983333333333,1,S3_landing,0.3674575743644354,0.4595857753551218,0.7525128741027647,0.2892800961698519,True,prediction,"[0, 25]","(1, 5)","[None, 413]","[388, 0]","[0, 388]","[2606.616666666667, 2606.883333333333]"
2607.016666666667,1,S3_landing,0.3674575743644354,0.4595857753551218,0.7525128741027647,0.2892800961698519,True,prediction,"[0, 25]","(1, 5)","[None, 413]","[388, 0]","[0, 388]","[2606.616666666667, 2606.883333333333]"
2607.05,1,S3_landing,0.3674575743644354,0.4595857753551218,0.7525128741027647,0.2892800961698519,True,prediction,"[0, 25]","(1, 5)","[None, 413]","[388, 0]","[0, 388]","[2606.616666666667, 2606.883333333333]"
2607.0833333333335,1,S3_landing,0.3674575743644354,0.4595857753551218,0.7525128741027647,0.2892800961698519,True,prediction,"[0, 25]","(1, 5)","[None, 413]","[388, 0]","[0, 388]","[2606.616666666667, 2606.883333333333]"
2607.116666666667,1,S3_landing,0.3667803830402013,0.4595857753551218,0.7508750660272576,0.28736755351542853,True,prediction,"[0, 25]","(1, 5)","[None, 659]","[634, 0]","[0, 634]","[2606.616666666667, 2607.116666666667]"
2607.15,1,S3_landing,0.43059557059623454,0.4595857753551218,0.7494079874197813,0.2832609140254418,True,prediction,"[0, 25]","(1, 5)","[None, 613]","[588, 0]","[0, 588]","[2606.616666666667, 2607.15]"
2607.1833333333334,1,S3_landing,0.43317071381711725,0.4595857753551218,0.7523770239632595,0.2875418681059767,True,prediction,"[0, 25]","(1, 5)","[None, 618]","[593, 0]","[0, 593]","[2606.616666666667, 2607.1833333333334]"
2607.2166666666667,1,S3_landing,0.43050081632735526,0.4595857753551218,0.7472392629458472,0.2831040132809117,True,prediction,"[0, 25]","(1, 5)","[None, 436]","[411, 0]","[0, 411]","[2606.616666666667, 2607.2166666666667]"
2607.25,1,S3_landing,0.43050081632735526,0.4595857753551218,0.7472392629458472,0.2831040132809117,True,prediction,"[0, 25]","(1, 5)","[None, 436]","[411, 0]","[0, 411]","[2606.616666666667, 2607.2166666666667]"
2607.2833333333333,1,S3_landing,0.43050081632735526,0.4595857753551218,0.7472392629458472,0.2831040132809117,True,prediction,"[0, 25]","(1, 5)","[None, 436]","[411, 0]","[0, 411]","[2606.616666666667, 2607.2166666666667]"
2607.3166666666666,1,S3_landing,0.3243742378760127,0.4595857753551218,0.7584342228554707,0.19202649062842578,True,prediction,"[0, 25]","(1, 5)","[None, 92]","[67, 0]","[0, 67]","[2606.616666666667, 2607.3166666666666]"
2607.35,1,S3_landing,0.26871829521724633,0.4595857753551218,0.18184812201135814,0.18184812201135814,False,prediction,"[388, 0]","(12, 1)","[228, None]","[160, 0]","[0, 0]","[2606.616666666667, 2607.35]"
2607.383333333333,1,S3_landing,0.2662300208214638,0.4595857753551218,0.18285235080844733,0.18285235080844733,False,prediction,"[388, 0]","(12, 1)","[228, None]","[160, 0]","[0, 0]","[2606.616666666667, 2607.383333333333]"
2607.4166666666665,1,S3_landing,0.2662300208214638,0.4595857753551218,0.18285235080844733,0.18285235080844733,False,prediction,"[388, 0]","(12, 1)","[228, None]","[160, 0]","[0, 0]","[2606.616666666667, 2607.383333333333]"
2607.45,1,S3_landing,0.2662300208214638,0.4595857753551218,0.18285235080844733,0.18285235080844733,False,prediction,"[388, 0]","(12, 1)","[228, None]","[160, 0]","[0, 0]","[2606.616666666667, 2607.383333333333]"
2607.483333333333,1,S3_landing,0.2662300208214638,0.4595857753551218,0.18285235080844733,0.18285235080844733,False,prediction,"[388, 0]","(12, 1)","[228, None]","[160, 0]","[0, 0]","[2606.616666666667, 2607.383333333333]"
2607.516666666667,1,S3_landing,0.2662300208214638,0.4595857753551218,0.18285235080844733,0.18285235080844733,False,prediction,"[388, 0]","(12, 1)","[228, None]","[160, 0]","[0, 0]","[2606.616666666667, 2607.383333333333]"
2607.55,1,S3_landing,0.2662300208214638,0.4595857753551218,0.18285235080844733,0.18285235080844733,False,prediction,"[388, 0]","(12, 1)","[228, None]","[160, 0]","[0, 0]","[2606.616666666667, 2607.383333333333]"
2607.5833333333335,1,S3_landing,0.2662300208214638,0.4595857753551218,0.18285235080844733,0.18285235080844733,False,prediction,"[388, 0]","(12, 1)","[228, None]","[160, 0]","[0, 0]","[2606.616666666667, 2607.383333333333]"
2607.616666666667,1,S3_landing,0.2662300208214638,0.4595857753551218,0.18285235080844733,0.18285235080844733,False,prediction,"[388, 0]","(12, 1)","[228, None]","[160, 0]","[0, 0]","[2606.616666666667, 2607.383333333333]"
2607.65,1,S3_landing,0.2662300208214638,0.4595857753551218,0.18285235080844733,0.18285235080844733,False,prediction,"[388, 0]","(12, 1)","[228, None]","[160, 0]","[0, 0]","[2606.616666666667, 2607.383333333333]"
2607.6833333333334,1,S3_landing,0.2662300208214638,0.4595857753551218,0.18285235080844733,0.18285235080844733,False,prediction,"[388, 0]","(12, 1)","[228, None]","[160, 0]","[0, 0]","[2606.616666666667, 2607.383333333333]"
2607.7166666666667,1,S3_landing,0.2662300208214638,0.4595857753551218,0.18285235080844733,0.18285235080844733,False,prediction,"[388, 0]","(12, 1)","[228, None]","[160, 0]","[0, 0]","[2606.616666666667, 2607.383333333333]"
2607.75,1,S3_landing,0.2662300208214638,0.4595857753551218,0.18285235080844733,0.18285235080844733,False,prediction,"[388, 0]","(12, 1)","[228, None]","[160, 0]","[0, 0]","[2606.616666666667, 2607.383333333333]"
2607.7833333333333,1,S3_landing,0.2662300208214638,0.4595857753551218,0.18285235080844733,0.18285235080844733,False,prediction,"[388, 0]","(12, 1)","[228, None]","[160, 0]","[0, 0]","[2606.616666666667, 2607.383333333333]"
2607.8166666666666,1,S3_landing,0.2662300208214638,0.4595857753551218,0.18285235080844733,0.18285235080844733,False,prediction,"[388, 0]","(12, 1)","[228, None]","[160, 0]","[0, 0]","[2606.616666666667, 2607.383333333333]"
2607.85,1,S3_landing,0.2662300208214638,0.4595857753551218,0.18285235080844733,0.18285235080844733,False,prediction,"[388, 0]","(12, 1)","[228, None]","[160, 0]","[0, 0]","[2606.616666666667, 2607.383333333333]"
2607.883333333333,1,S3_landing,0.2662300208214638,0.4595857753551218,0.18285235080844733,0.18285235080844733,False,prediction,"[388, 0]","(12, 1)","[228, None]","[160, 0]","[0, 0]","[2606.616666666667, 2607.383333333333]"
2607.9166666666665,1,S3_landing,0.2662300208214638,0.4595857753551218,0.18285235080844733,0.18285235080844733,False,prediction,"[388, 0]","(12, 1)","[228, None]","[160, 0]","[0, 0]","[2606.616666666667, 2607.383333333333]"
2607.95,1,S3_landing,0.2662300208214638,0.4595857753551218,0.18285235080844733,0.18285235080844733,False,prediction,"[388, 0]","(12, 1)","[228, None]","[160, 0]","[0, 0]","[2606.616666666667, 2607.383333333333]"
2607.983333333333,1,S3_landing,0.2662300208214638,0.4595857753551218,0.18285235080844733,0.18285235080844733,False,prediction,"[388, 0]","(12, 1)","[228, None]","[160, 0]","[0, 0]","[2606.616666666667, 2607.383333333333]"
2608.016666666667,1,S3_landing,0.2662300208214638,0.4595857753551218,0.18285235080844733,0.18285235080844733,False,prediction,"[388, 0]","(12, 1)","[228, None]","[160, 0]","[0, 0]","[2606.616666666667, 2607.383333333333]"
2608.05,1,S3_landing,0.2662300208214638,0.4595857753551218,0.18285235080844733,0.18285235080844733,False,prediction,"[388, 0]","(12, 1)","[228, None]","[160, 0]","[0, 0]","[2606.616666666667, 2607.516666666667]"
2608.0833333333335,1,S3_landing,0.2662300208214638,0.4595857753551218,0.18285235080844733,0.18285235080844733,False,prediction,"[388, 0]","(12, 1)","[228, None]","[160, 0]","[0, 0]","[2606.616666666667, 2607.516666666667]"
2608.116666666667,1,S3_landing,0.2662300208214638,0.4595857753551218,0.18285235080844733,0.18285235080844733,False,prediction,"[388, 0]","(12, 1)","[228, None]","[160, 0]","[0, 0]","[2606.616666666667, 2607.516666666667]"
2608.15,1,S3_landing,0.2662300208214638,0.4595857753551218,0.18285235080844733,0.18285235080844733,False,prediction,"[388, 0]","(12, 1)","[228, None]","[160, 0]","[0, 0]","[2606.616666666667, 2607.516666666667]"
2608.1833333333334,1,S3_landing,0.2662300208214638,0.4595857753551218,0.18285235080844733,0.18285235080844733,False,prediction,"[388, 0]","(12, 1)","[228, None]","[160, 0]","[0, 0]","[2606.616666666667, 2607.516666666667]"
2608.2166666666667,1,S3_landing,0.2662300208214638,0.4595857753551218,0.18285235080844733,0.18285235080844733,False,prediction,"[388, 0]","(12, 1)","[228, None]","[160, 0]","[0, 0]","[2606.616666666667, 2607.516666666667]"
2608.25,1,S3_landing,0.2662300208214638,0.4595857753551218,0.18285235080844733,0.18285235080844733,False,prediction,"[388, 0]","(12, 1)","[228, None]","[160, 0]","[0, 0]","[2606.616666666667, 2607.516666666667]"
2608.2833333333333,1,S3_landing,0.2662300208214638,0.4595857753551218,0.18285235080844733,0.18285235080844733,False,prediction,"[388, 0]","(12, 1)","[228, None]","[160, 0]","[0, 0]","[2606.616666666667, 2607.516666666667]"
2608.3166666666666,1,S3_landing,0.2662300208214638,0.4595857753551218,0.18285235080844733,0.18285235080844733,False,prediction,"[388, 0]","(12, 1)","[228, None]","[160, 0]","[0, 0]","[2606.616666666667, 2607.516666666667]"
2608.35,1,S3_landing,0.2662300208214638,0.4595857753551218,0.18285235080844733,0.18285235080844733,False,prediction,"[388, 0]","(12, 1)","[228, None]","[160, 0]","[0, 0]","[2606.616666666667, 2607.516666666667]"
2608.383333333333,1,S3_landing,0.2662300208214638,0.4595857753551218,0.18285235080844733,0.18285235080844733,False,prediction,"[388, 0]","(12, 1)","[228, None]","[160, 0]","[0, 0]","[2606.616666666667, 2607.516666666667]"
2608.4166666666665,1,S3_landing,0.2662300208214638,0.4595857753551218,0.18285235080844733,0.18285235080844733,False,prediction,"[388, 0]","(12, 1)","[228, None]","[160, 0]","[0, 0]","[2606.616666666667, 2607.516666666667]"
2608.45,1,S3_landing,0.2662300208214638,0.4595857753551218,0.18285235080844733,0.18285235080844733,False,prediction,"[388, 0]","(12, 1)","[228, None]","[160, 0]","[0, 0]","[2606.616666666667, 2607.516666666667]"
2608.483333333333,1,S3_landing,0.2662300208214638,0.4595857753551218,0.18285235080844733,0.18285235080844733,False,prediction,"[388, 0]","(12, 1)","[228, None]","[160, 0]","[0, 0]","[2606.616666666667, 2607.516666666667]"
2608.516666666667,1,S3_landing,0.2662300208214638,0.4595857753551218,0.18285235080844733,0.18285235080844733,False,prediction,"[388, 0]","(12, 1)","[228, None]","[160, 0]","[0, 0]","[2606.616666666667, 2607.516666666667]"
2608.55,1,S3_landing,0.2662300208214638,0.4595857753551218,0.18285235080844733,0.18285235080844733,False,prediction,"[388, 0]","(12, 1)","[228, None]","[160, 0]","[0, 0]","[2606.616666666667, 2607.516666666667]"
2608.5833333333335,1,S3_landing,0.2662300208214638,0.4595857753551218,0.18285235080844733,0.18285235080844733,False,prediction,"[388, 0]","(12, 1)","[228, None]","[160, 0]","[0, 0]","[2606.616666666667, 2607.516666666667]"
2608.616666666667,1,S3_landing,0.2662300208214638,0.4595857753551218,0.18285235080844733,0.18285235080844733,False,prediction,"[388, 0]","(12, 1)","[228, None]","[160, 0]","[0, 0]","[2606.616666666667, 2607.516666666667]"
2608.65,1,S3_landing,0.2662300208214638,0.4595857753551218,0.18285235080844733,0.18285235080844733,False,prediction,"[388, 0]","(12, 1)","[228, None]","[160, 0]","[0, 0]","[2606.616666666667, 2607.516666666667]"
2608.6833333333334,1,S3_landing,0.2662300208214638,0.4595857753551218,0.18285235080844733,0.18285235080844733,False,prediction,"[388, 0]","(12, 1)","[228, None]","[160, 0]","[0, 0]","[2606.616666666667, 2607.516666666667]"
2608.7166666666667,1,S3_landing,0.2753501424841795,0.4595857753551218,0.19202649062842578,0.19202649062842578,False,prediction,"[388, 0]","(12, 1)","[228, None]","[160, 0]","[0, 0]","[2606.616666666667, 2608.7166666666667]"
2608.75,1,S3_landing,0.3911214096104021,0.4595857753551218,0.4044860485335542,0.4044860485335542,False,prediction,"[388, 0]","(12, 1)","[228, None]","[160, 0]","[0, 0]","[2606.616666666667, 2608.75]"
2608.7833333333333,1,S3_landing,0.3852429763878063,0.4595857753551218,0.4003092634074938,0.4003092634074938,False,prediction,"[388, 0]","(12, 1)","[228, None]","[160, 0]","[0, 0]","[2606.616666666667, 2608.7833333333333]"
2608.8166666666666,1,S3_landing,0.3852429763878063,0.4595857753551218,0.4003092634074938,0.4003092634074938,False,prediction,"[388, 0]","(12, 1)","[228, None]","[160, 0]","[0, 0]","[2606.616666666667, 2608.7833333333333]"
2608.85,1,S3_landing,0.3852429763878063,0.4595857753551218,0.4003092634074938,0.4003092634074938,False,prediction,"[388, 0]","(12, 1)","[228, None]","[160, 0]","[0, 0]","[2606.616666666667, 2608.7833333333333]"
2608.883333333333,1,S3_landing,0.3852429763878063,0.4595857753551218,0.4003092634074938,0.4003092634074938,False,prediction,"[388, 0]","(12, 1)","[228, None]","[160, 0]","[0, 0]","[2606.616666666667, 2608.7833333333333]"
2608.9166666666665,1,S3_landing,0.3852429763878063,0.4595857753551218,0.4003092634074938,0.4003092634074938,False,prediction,"[388, 0]","(12, 1)","[228, None]","[160, 0]","[0, 0]","[2606.616666666667, 2608.7833333333333]"
2608.95,1,S3_landing,0.3852429763878063,0.4595857753551218,0.4003092634074938,0.4003092634074938,False,prediction,"[388, 0]","(12, 1)","[228, None]","[160, 0]","[0, 0]","[2606.616666666667, 2608.7833333333333]"
2608.983333333333,1,S3_landing,0.3852429763878063,0.4595857753551218,0.4003092634074938,0.4003092634074938,False,prediction,"[388, 0]","(12, 1)","[228, None]","[160, 0]","[0, 0]","[2606.616666666667, 2608.7833333333333]"
2609.016666666667,1,S3_landing,0.3852429763878063,0.4595857753551218,0.4003092634074938,0.4003092634074938,False,prediction,"[388, 0]","(12, 1)","[228, None]","[160, 0]","[0, 0]","[2606.616666666667, 2608.7833333333333]"
2609.05,1,S3_landing,0.3852429763878063,0.4595857753551218,0.4003092634074938,0.4003092634074938,False,prediction,"[388, 0]","(12, 1)","[228, None]","[160, 0]","[0, 0]","[2606.616666666667, 2608.7833333333333]"
2609.0833333333335,1,S3_landing,0.3852429763878063,0.4595857753551218,0.4003092634074938,0.4003092634074938,False,prediction,"[388, 0]","(12, 1)","[228, None]","[160, 0]","[0, 0]","[2606.616666666667, 2608.7833333333333]"
2609.116666666667,1,S3_landing,0.3852429763878063,0.4595857753551218,0.4003092634074938,0.4003092634074938,False,prediction,"[388, 0]","(12, 1)","[228, None]","[160, 0]","[0, 0]","[2606.616666666667, 2608.7833333333333]"
2609.15,1,S3_landing,0.3852429763878063,0.4595857753551218,0.4003092634074938,0.4003092634074938,False,prediction,"[388, 0]","(12, 1)","[228, None]","[160, 0]","[0, 0]","[2606.616666666667, 2608.7833333333333]"
2609.1833333333334,1,S3_landing,0.3852429763878063,0.4595857753551218,0.4003092634074938,0.4003092634074938,False,prediction,"[388, 0]","(12, 1)","[228, None]","[160, 0]","[0, 0]","[2606.616666666667, 2608.7833333333333]"
2609.2166666666667,1,S3_landing,0.3852429763878063,0.4595857753551218,0.4003092634074938,0.4003092634074938,False,prediction,"[388, 0]","(12, 1)","[228, None]","[160, 0]","[0, 0]","[2606.616666666667, 2608.7833333333333]"
2609.25,1,S3_landing,0.3852429763878063,0.4595857753551218,0.4003092634074938,0.4003092634074938,False,prediction,"[388, 0]","(12, 1)","[228, None]","[160, 0]","[0, 0]","[2606.616666666667, 2608.7833333333333]"
2609.2833333333333,1,S3_landing,0.3852429763878063,0.4595857753551218,0.4003092634074938,0.4003092634074938,False,prediction,"[388, 0]","(12, 1)","[228, None]","[160, 0]","[0, 0]","[2606.616666666667, 2608.7833333333333]"
2609.3166666666666,1,S3_landing,0.3852429763878063,0.4595857753551218,0.4003092634074938,0.4003092634074938,False,prediction,"[388, 0]","(12, 1)","[228, None]","[160, 0]","[0, 0]","[2606.616666666667, 2608.7833333333333]"
2609.35,1,S3_landing,0.3852429763878063,0.4595857753551218,0.4003092634074938,0.4003092634074938,False,prediction,"[388, 0]","(12, 1)","[228, None]","[160, 0]","[0, 0]","[2606.616666666667, 2608.7833333333333]"
2609.383333333333,1,S3_landing,0.3852429763878063,0.4595857753551218,0.4003092634074938,0.4003092634074938,False,prediction,"[388, 0]","(12, 1)","[228, None]","[160, 0]","[0, 0]","[2606.616666666667, 2608.7833333333333]"
2609.4166666666665,1,S3_landing,0.3852429763878063,0.4595857753551218,0.4003092634074938,0.4003092634074938,False,prediction,"[388, 0]","(12, 1)","[228, None]","[160, 0]","[0, 0]","[2606.616666666667, 2608.7833333333333]"
2609.45,1,S3_landing,0.3852429763878063,0.4595857753551218,0.4003092634074938,0.4003092634074938,False,prediction,"[388, 0]","(12, 1)","[228, None]","[160, 0]","[0, 0]","[2606.616666666667, 2608.7833333333333]"
2609.483333333333,1,S3_landing,0.3852429763878063,0.4595857753551218,0.4003092634074938,0.4003092634074938,False,prediction,"[388, 0]","(12, 1)","[228, None]","[160, 0]","[0, 0]","[2606.616666666667, 2608.7833333333333]"
2609.516666666667,1,S3_landing,0.3852429763878063,0.4595857753551218,0.4003092634074938,0.4003092634074938,False,prediction,"[388, 0]","(12, 1)","[228, None]","[160, 0]","[0, 0]","[2606.616666666667, 2608.7833333333333]"
2609.55,1,S3_landing,0.3852429763878063,0.4595857753551218,0.4003092634074938,0.4003092634074938,False,prediction,"[388, 0]","(12, 1)","[228, None]","[160, 0]","[0, 0]","[2606.616666666667, 2608.7833333333333]"
2609.5833333333335,1,S3_landing,0.3852429763878063,0.4595857753551218,0.4003092634074938,0.4003092634074938,False,prediction,"[388, 0]","(12, 1)","[228, None]","[160, 0]","[0, 0]","[2606.616666666667, 2608.7833333333333]"
2609.616666666667,1,S3_landing,0.3852429763878063,0.4595857753551218,0.4003092634074938,0.4003092634074938,False,prediction,"[388, 0]","(12, 1)","[228, None]","[160, 0]","[0, 0]","[2606.616666666667, 2608.7833333333333]"
2609.65,1,S3_landing,0.3852429763878063,0.4595857753551218,0.4003092634074938,0.4003092634074938,False,prediction,"[388, 0]","(12, 1)","[228, None]","[160, 0]","[0, 0]","[2606.616666666667, 2608.7833333333333]"
2609.6833333333334,1,S3_landing,0.3852429763878063,0.4595857753551218,0.4003092634074938,0.4003092634074938,False,prediction,"[388, 0]","(12, 1)","[228, None]","[160, 0]","[0, 0]","[2606.616666666667, 2608.7833333333333]"
2609.7166666666667,1,S3_landing,0.3852429763878063,0.4595857753551218,0.4003092634074938,0.4003092634074938,False,prediction,"[388, 0]","(12, 1)","[228, None]","[160, 0]","[0, 0]","[2606.616666666667, 2608.7833333333333]"
2609.75,1,S3_landing,0.3852429763878063,0.4595857753551218,0.4003092634074938,0.4003092634074938,False,prediction,"[388, 0]","(12, 1)","[228, None]","[160, 0]","[0, 0]","[2606.616666666667, 2608.7833333333333]"
2609.7833333333333,1,S3_landing,0.3852429763878063,0.4595857753551218,0.4003092634074938,0.4003092634074938,False,prediction,"[388, 0]","(12, 1)","[228, None]","[160, 0]","[0, 0]","[2606.616666666667, 2608.7833333333333]"
2609.8166666666666,1,S3_landing,0.3852429763878063,0.4595857753551218,0.4003092634074938,0.4003092634074938,False,prediction,"[388, 0]","(12, 1)","[228, None]","[160, 0]","[0, 0]","[2606.616666666667, 2608.7833333333333]"
2609.85,1,S3_landing,0.3852429763878063,0.4595857753551218,0.4003092634074938,0.4003092634074938,False,prediction,"[388, 0]","(13, 1)","[228, None]","[160, 0]","[0, 0]","[2606.616666666667, 2608.7833333333333]"
2609.883333333333,1,S3_landing,0.3852429763878063,0.4595857753551218,0.4003092634074938,0.4003092634074938,False,prediction,"[388, 0]","(13, 1)","[228, None]","[160, 0]","[0, 0]","[2606.616666666667, 2608.7833333333333]"
2609.9166666666665,1,S3_landing,0.3852429763878063,0.4595857753551218,0.4003092634074938,0.4003092634074938,False,prediction,"[388, 0]","(13, 1)","[228, None]","[160, 0]","[0, 0]","[2606.616666666667, 2608.7833333333333]"
2609.95,1,S3_landing,0.3852429763878063,0.4595857753551218,0.4003092634074938,0.4003092634074938,False,prediction,"[388, 0]","(13, 1)","[228, None]","[160, 0]","[0, 0]","[2606.616666666667, 2608.7833333333333]"
2609.983333333333,1,S3_landing,0.3852429763878063,0.4595857753551218,0.4003092634074938,0.4003092634074938,False,prediction,"[388, 0]","(13, 1)","[228, None]","[160, 0]","[0, 0]","[2606.616666666667, 2608.7833333333333]"
2610.016666666667,1,S3_landing,0.3852429763878063,0.4595857753551218,0.4003092634074938,0.4003092634074938,False,prediction,"[388, 0]","(13, 1)","[228, None]","[160, 0]","[0, 0]","[2606.616666666667, 2608.7833333333333]"
2610.05,1,S3_landing,0.3852429763878063,0.4595857753551218,0.4003092634074938,0.4003092634074938,False,prediction,"[388, 0]","(13, 1)","[228, None]","[160, 0]","[0, 0]","[2606.616666666667, 2608.7833333333333]"
2610.0833333333335,1,S3_landing,0.3852429763878063,0.4595857753551218,0.4003092634074938,0.4003092634074938,False,prediction,"[388, 0]","(13, 1)","[228, None]","[160, 0]","[0, 0]","[2606.616666666667, 2608.7833333333333]"
2610.116666666667,1,S3_landing,0.47359687236970127,0.4595857753551218,0.3972926896095744,0.4139684516551462,False,prediction,"[388, 0]","(13, 1)","[374, None]","[14, 0]","[0, 0]","[2610.116666666667, 2608.7833333333333]"
2610.15,1,S3_landing,0.6659442000640612,0.4595857753551218,0.3991209125587503,0.7639500430665738,True,prediction,"[388, 0]","(13, 1)","[488, None]","[0, 100]","[100, 0]","[2610.15, 2608.7833333333333]"
2610.1833333333334,1,S3_landing,0.5668682929098333,0.4595857753551218,0.39924904156569857,0.738186566700851,True,prediction,"[388, 0]","(13, 1)","[399, None]","[0, 11]","[11, 0]","[2610.1833333333334, 2608.7833333333333]"
2610.2166666666667,1,S3_landing,0.38306965249294267,0.4595857753551218,0.3959068286737155,0.3959068286737155,False,prediction,"[388, 0]","(13, 1)","[231, None]","[157, 0]","[0, 0]","[2610.2166666666667, 2608.7833333333333]"
2610.25,1,S3_landing,0.38306965249294267,0.4595857753551218,0.3959068286737155,0.3959068286737155,False,prediction,"[388, 0]","(13, 1)","[231, None]","[157, 0]","[0, 0]","[2610.2166666666667, 2608.7833333333333]"
2610.2833333333333,1,S3_landing,0.38306965249294267,0.4595857753551218,0.3959068286737155,0.3959068286737155,False,prediction,"[388, 0]","(13, 1)","[231, None]","[157, 0]","[0, 0]","[2610.2166666666667, 2608.7833333333333]"
2610.3166666666666,1,S3_landing,0.38306965249294267,0.4595857753551218,0.3959068286737155,0.3959068286737155,False,prediction,"[388, 0]","(13, 1)","[231, None]","[157, 0]","[0, 0]","[2610.2166666666667, 2608.7833333333333]"
2610.35,1,S3_landing,0.38306965249294267,0.4595857753551218,0.3959068286737155,0.3959068286737155,False,prediction,"[388, 0]","(13, 1)","[231, None]","[157, 0]","[0, 0]","[2610.2166666666667, 2608.7833333333333]"
2610.383333333333,1,S3_landing,0.28639024497735444,0.4595857753551218,0.25010359019362494,0.25010359019362494,False,prediction,"[388, 0]","(13, 1)","[167, None]","[221, 0]","[0, 0]","[2610.383333333333, 2608.7833333333333]"
2610.4166666666665,1,S3_landing,0.28639024497735444,0.4595857753551218,0.25010359019362494,0.25010359019362494,False,prediction,"[388, 0]","(13, 1)","[206, None]","[182, 0]","[0, 0]","[2610.383333333333, 2608.7833333333333]"
2610.45,1,S3_landing,0.28639024497735444,0.4595857753551218,0.25010359019362494,0.25010359019362494,False,prediction,"[388, 0]","(13, 1)","[206, None]","[182, 0]","[0, 0]","[2610.383333333333, 2608.7833333333333]"
2610.483333333333,1,S3_landing,0.28639024497735444,0.4595857753551218,0.25010359019362494,0.25010359019362494,False,prediction,"[388, 0]","(13, 1)","[206, None]","[182, 0]","[0, 0]","[2610.383333333333, 2608.7833333333333]"
2610.516666666667,1,S3_landing,0.28639024497735444,0.4595857753551218,0.25010359019362494,0.25010359019362494,False,prediction,"[388, 0]","(12, 1)","[206, None]","[182, 0]","[0, 0]","[2610.383333333333, 2608.7833333333333]"
2610.55,1,S3_landing,0.28639024497735444,0.4595857753551218,0.25010359019362494,0.25010359019362494,False,prediction,"[388, 0]","(12, 1)","[206, None]","[182, 0]","[0, 0]","[2610.383333333333, 2608.7833333333333]"
2610.5833333333335,1,S3_landing,0.28639024497735444,0.4595857753551218,0.25010359019362494,0.25010359019362494,False,prediction,"[388, 0]","(12, 1)","[206, None]","[182, 0]","[0, 0]","[2610.383333333333, 2608.7833333333333]"
2610.616666666667,1,S3_landing,0.28639024497735444,0.4595857753551218,0.25010359019362494,0.25010359019362494,False,prediction,"[388, 0]","(12, 1)","[206, None]","[182, 0]","[0, 0]","[2610.383333333333, 2608.7833333333333]"
2610.65,1,S3_landing,0.28639024497735444,0.4595857753551218,0.25010359019362494,0.25010359019362494,False,prediction,"[388, 0]","(12, 1)","[206, None]","[182, 0]","[0, 0]","[2610.383333333333, 2608.7833333333333]"
2610.6833333333334,1,S3_landing,0.28639024497735444,0.4595857753551218,0.25010359019362494,0.25010359019362494,False,prediction,"[388, 0]","(12, 1)","[206, None]","[182, 0]","[0, 0]","[2610.383333333333, 2608.7833333333333]"
2610.7166666666667,1,S3_landing,0.28639024497735444,0.4595857753551218,0.25010359019362494,0.25010359019362494,False,prediction,"[388, 0]","(12, 1)","[206, None]","[182, 0]","[0, 0]","[2610.383333333333, 2608.7833333333333]"
2610.75,1,S3_landing,0.28639024497735444,0.4595857753551218,0.25010359019362494,0.25010359019362494,False,prediction,"[388, 0]","(12, 1)","[206, None]","[182, 0]","[0, 0]","[2610.383333333333, 2608.7833333333333]"
2610.7833333333333,1,S3_landing,0.28639024497735444,0.4595857753551218,0.25010359019362494,0.25010359019362494,False,prediction,"[388, 0]","(12, 1)","[206, None]","[182, 0]","[0, 0]","[2610.383333333333, 2608.7833333333333]"
2610.8166666666666,1,S3_landing,0.28639024497735444,0.4595857753551218,0.25010359019362494,0.25010359019362494,False,prediction,"[388, 0]","(12, 1)","[206, None]","[182, 0]","[0, 0]","[2610.383333333333, 2608.7833333333333]"
2610.85,1,S3_landing,0.28639024497735444,0.4595857753551218,0.25010359019362494,0.25010359019362494,False,prediction,"[388, 0]","(12, 1)","[206, None]","[182, 0]","[0, 0]","[2610.383333333333, 2608.7833333333333]"
2610.883333333333,1,S3_landing,0.28639024497735444,0.4595857753551218,0.25010359019362494,0.25010359019362494,False,prediction,"[388, 0]","(12, 1)","[206, None]","[182, 0]","[0, 0]","[2610.383333333333, 2608.7833333333333]"
2610.9166666666665,1,S3_landing,0.28639024497735444,0.4595857753551218,0.25010359019362494,0.25010359019362494,False,prediction,"[388, 0]","(12, 1)","[206, None]","[182, 0]","[0, 0]","[2610.383333333333, 2608.7833333333333]"
2610.95,1,S3_landing,0.28639024497735444,0.4595857753551218,0.25010359019362494,0.25010359019362494,False,prediction,"[388, 0]","(12, 1)","[206, None]","[182, 0]","[0, 0]","[2610.383333333333, 2608.7833333333333]"
2610.983333333333,1,S3_landing,0.28639024497735444,0.4595857753551218,0.25010359019362494,0.25010359019362494,False,prediction,"[388, 0]","(12, 1)","[206, None]","[182, 0]","[0, 0]","[2610.383333333333, 2608.7833333333333]"
2611.016666666667,1,S3_landing,0.28639024497735444,0.4595857753551218,0.25010359019362494,0.25010359019362494,False,prediction,"[388, 0]","(12, 1)","[206, None]","[182, 0]","[0, 0]","[2610.383333333333, 2608.7833333333333]"
2611.05,1,S3_landing,0.28639024497735444,0.4595857753551218,0.25010359019362494,0.25010359019362494,False,prediction,"[388, 0]","(12, 1)","[206, None]","[182, 0]","[0, 0]","[2610.383333333333, 2608.7833333333333]"
2611.0833333333335,1,S3_landing,0.3039406478128378,0.4595857753551218,0.23888343356926872,0.23888343356926872,False,prediction,"[388, 0]","(12, 1)","[350, None]","[38, 0]","[0, 0]","[2611.0833333333335, 2608.7833333333333]"
2611.116666666667,1,S3_landing,0.3039406478128378,0.4595857753551218,0.23888343356926872,0.23888343356926872,False,prediction,"[388, 0]","(12, 1)","[350, None]","[38, 0]","[0, 0]","[2611.0833333333335, 2608.7833333333333]"
2611.15,1,S3_landing,0.3039406478128378,0.4595857753551218,0.23888343356926872,0.23888343356926872,False,prediction,"[388, 0]","(12, 1)","[350, None]","[38, 0]","[0, 0]","[2611.0833333333335, 2608.7833333333333]"
2611.1833333333334,1,S3_landing,0.3039406478128378,0.4595857753551218,0.23888343356926872,0.23888343356926872,False,prediction,"[388, 0]","(12, 1)","[350, None]","[38, 0]","[0, 0]","[2611.0833333333335, 2608.7833333333333]"
2611.2166666666667,1,S3_landing,0.3039406478128378,0.4595857753551218,0.23888343356926872,0.23888343356926872,False,prediction,"[388, 0]","(12, 1)","[350, None]","[38, 0]","[0, 0]","[2611.0833333333335, 2608.7833333333333]"
2611.25,1,S3_landing,0.3039406478128378,0.4595857753551218,0.23888343356926872,0.23888343356926872,False,prediction,"[388, 0]","(11, 1)","[350, None]","[38, 0]","[0, 0]","[2611.116666666667, 2608.7833333333333]"
2611.2833333333333,1,S3_landing,0.3039406478128378,0.4595857753551218,0.23888343356926872,0.23888343356926872,False,prediction,"[388, 0]","(11, 1)","[350, None]","[38, 0]","[0, 0]","[2611.116666666667, 2608.7833333333333]"
2611.3166666666666,1,S3_landing,0.3039406478128378,0.4595857753551218,0.23888343356926872,0.23888343356926872,False,prediction,"[388, 0]","(11, 1)","[350, None]","[38, 0]","[0, 0]","[2611.116666666667, 2608.7833333333333]"
2611.35,1,S3_landing,0.3039406478128378,0.4595857753551218,0.23888343356926872,0.23888343356926872,False,prediction,"[388, 0]","(11, 1)","[350, None]","[38, 0]","[0, 0]","[2611.116666666667, 2608.7833333333333]"
2611.383333333333,1,S3_landing,0.30619441316880647,0.4595857753551218,0.2427706631877655,0.2427706631877655,False,prediction,"[388, 0]","(11, 1)","[349, None]","[39, 0]","[0, 0]","[2611.383333333333, 2608.7833333333333]"
2611.4166666666665,1,S3_landing,0.3063535501470288,0.4595857753551218,0.24304614564781957,0.24304614564781957,False,prediction,"[388, 0]","(11, 1)","[353, None]","[35, 0]","[0, 0]","[2611.4166666666665, 2608.7833333333333]"
2611.45,1,S3_landing,0.5707196194113608,0.4595857753551218,0.24085807677494295,0.7442106219091861,True,prediction,"[388, 0]","(11, 1)","[459, None]","[0, 71]","[71, 0]","[2611.45, 2608.7833333333333]"
2611.483333333333,1,S3_landing,0.3030884526872207,0.4595857753551218,0.23742058558465362,0.23742058558465362,False,prediction,"[388, 0]","(11, 1)","[353, None]","[35, 0]","[0, 0]","[2611.483333333333, 2608.7833333333333]"
2611.516666666667,1,S3_landing,0.3030884526872207,0.4595857753551218,0.23742058558465362,0.23742058558465362,False,prediction,"[388, 0]","(11, 1)","[353, None]","[35, 0]","[0, 0]","[2611.483333333333, 2608.7833333333333]"
2611.55,1,S3_landing,0.3030884526872207,0.4595857753551218,0.23742058558465362,0.23742058558465362,False,prediction,"[388, 0]","(11, 1)","[353, None]","[35, 0]","[0, 0]","[2611.483333333333, 2608.7833333333333]"
2611.5833333333335,1,S3_landing,0.3030884526872207,0.4595857753551218,0.23742058558465362,0.23742058558465362,False,prediction,"[388, 0]","(11, 1)","[353, None]","[35, 0]","[0, 0]","[2611.483333333333, 2608.7833333333333]"
2611.616666666667,1,S3_landing,0.5519090336749548,0.4595857753551218,0.26325825371596095,0.6732424775637565,True,prediction,"[388, 0]","(11, 1)","[620, None]","[0, 232]","[232, 0]","[2611.616666666667, 2608.7833333333333]"
2611.65,1,S3_landing,0.5519090336749548,0.4595857753551218,0.26325825371596095,0.6732424775637565,True,prediction,"[388, 0]","(11, 1)","[620, None]","[0, 232]","[232, 0]","[2611.616666666667, 2608.7833333333333]"
2611.6833333333334,1,S3_landing,0.5519090336749548,0.4595857753551218,0.26325825371596095,0.6732424775637565,True,prediction,"[388, 0]","(11, 1)","[620, None]","[0, 232]","[232, 0]","[2611.616666666667, 2608.7833333333333]"
2611.7166666666667,1,S3_landing,0.5519090336749548,0.4595857753551218,0.26325825371596095,0.6732424775637565,True,prediction,"[388, 0]","(11, 1)","[620, None]","[0, 232]","[232, 0]","[2611.616666666667, 2608.7833333333333]"
2611.75,1,S3_landing,0.5519090336749548,0.4595857753551218,0.26325825371596095,0.6732424775637565,True,prediction,"[388, 0]","(11, 1)","[620, None]","[0, 232]","[232, 0]","[2611.616666666667, 2608.7833333333333]"
2611.7833333333333,1,S3_landing,0.5519090336749548,0.4595857753551218,0.26325825371596095,0.6732424775637565,True,prediction,"[388, 0]","(11, 1)","[620, None]","[0, 232]","[232, 0]","[2611.616666666667, 2608.7833333333333]"
2611.8166666666666,1,S3_landing,0.551410839252094,0.4595857753551218,0.27599133702394685,0.7197606050479671,True,prediction,"[388, 0]","(11, 1)","[456, None]","[0, 68]","[68, 0]","[2611.8166666666666, 2608.7833333333333]"
2611.85,1,S3_landing,0.551410839252094,0.4595857753551218,0.27599133702394685,0.7197606050479671,True,prediction,"[388, 0]","(11, 1)","[456, None]","[0, 68]","[68, 0]","[2611.8166666666666, 2608.7833333333333]"
2611.883333333333,1,S3_landing,0.551410839252094,0.4595857753551218,0.27599133702394685,0.7197606050479671,True,prediction,"[388, 0]","(11, 1)","[456, None]","[0, 68]","[68, 0]","[2611.8166666666666, 2608.7833333333333]"
2611.9166666666665,1,S3_landing,0.551410839252094,0.4595857753551218,0.27599133702394685,0.7197606050479671,True,prediction,"[388, 0]","(11, 1)","[456, None]","[0, 68]","[68, 0]","[2611.8166666666666, 2608.7833333333333]"
2611.95,1,S3_landing,0.551410839252094,0.4595857753551218,0.27599133702394685,0.7197606050479671,True,prediction,"[388, 0]","(11, 1)","[456, None]","[0, 68]","[68, 0]","[2611.8166666666666, 2608.7833333333333]"
2611.983333333333,1,S3_landing,0.551410839252094,0.4595857753551218,0.27599133702394685,0.7197606050479671,True,prediction,"[388, 0]","(10, 1)","[456, None]","[0, 68]","[68, 0]","[2611.983333333333, 2608.7833333333333]"
2612.016666666667,1,S3_landing,0.551410839252094,0.4595857753551218,0.27599133702394685,0.7197606050479671,True,prediction,"[388, 0]","(10, 1)","[456, None]","[0, 68]","[68, 0]","[2611.983333333333, 2608.7833333333333]"
2612.05,1,S3_landing,0.5761841108731005,0.4595857753551218,0.27694616432098185,0.7189288902061595,True,prediction,"[388, 0]","(10, 1)","[601, None]","[0, 213]","[213, 0]","[2612.05, 2608.7833333333333]"
2612.0833333333335,1,S3_landing,0.53181565262719,0.4595857753551218,0.27732352805221455,0.7212431773525846,True,prediction,"[388, 0]","(10, 1)","[570, None]","[0, 182]","[182, 0]","[2612.0833333333335, 2608.7833333333333]"
2612.116666666667,1,S3_landing,0.5782453683805976,0.4595857753551218,0.2781305174317795,0.7185463447046815,True,prediction,"[388, 0]","(10, 1)","[843, None]","[0, 455]","[455, 0]","[2612.116666666667, 2608.7833333333333]"
2612.15,1,S3_landing,0.5788565221774685,0.4595857753551218,0.2761370916950775,0.7195590407453109,True,prediction,"[388, 0]","(10, 1)","[1043, None]","[0, 655]","[655, 0]","[2612.15, 2608.7833333333333]"
2612.1833333333334,1,S3_landing,0.5788565221774685,0.4595857753551218,0.2761370916950775,0.7195590407453109,True,prediction,"[388, 0]","(10, 1)","[1043, None]","[0, 655]","[655, 0]","[2612.15, 2608.7833333333333]"
2612.2166666666667,1,S3_landing,0.5788565221774685,0.4595857753551218,0.2761370916950775,0.7195590407453109,True,prediction,"[388, 0]","(10, 1)","[1043, None]","[0, 655]","[655, 0]","[2612.15, 2608.7833333333333]"
2612.25,1,S3_landing,0.5788565221774685,0.4595857753551218,0.2761370916950775,0.7195590407453109,True,prediction,"[388, 0]","(10, 1)","[1043, None]","[0, 655]","[655, 0]","[2612.15, 2608.7833333333333]"
2612.2833333333333,1,S3_landing,0.5788565221774685,0.4595857753551218,0.2761370916950775,0.7195590407453109,True,prediction,"[388, 0]","(10, 1)","[1043, None]","[0, 655]","[655, 0]","[2612.15, 2608.7833333333333]"
2612.3166666666666,1,S3_landing,0.5865988917117175,0.4595857753551218,0.29329318082145217,0.7273749075254041,True,prediction,"[388, 0]","(10, 1)","[1116, None]","[0, 728]","[728, 0]","[2612.3166666666666, 2608.7833333333333]"
2612.35,1,S3_landing,0.5865988917117175,0.4595857753551218,0.29329318082145217,0.7273749075254041,True,prediction,"[388, 0]","(10, 1)","[1116, None]","[0, 728]","[728, 0]","[2612.3166666666666, 2608.7833333333333]"
2612.383333333333,1,S3_landing,0.5865988917117175,0.4595857753551218,0.29329318082145217,0.7273749075254041,True,prediction,"[388, 0]","(10, 1)","[1116, None]","[0, 728]","[728, 0]","[2612.3166666666666, 2608.7833333333333]"
2612.4166666666665,1,S3_landing,0.5865988917117175,0.4595857753551218,0.29329318082145217,0.7273749075254041,True,prediction,"[388, 0]","(10, 1)","[1116, None]","[0, 728]","[728, 0]","[2612.3166666666666, 2608.7833333333333]"
2612.45,1,S3_landing,0.6017999547038747,0.4595857753551218,0.18625202053511017,0.7516514957275319,True,prediction,"[388, 0]","(10, 1)","[1116, None]","[0, 728]","[728, 0]","[2612.45, 2608.7833333333333]"
2612.483333333333,1,S3_landing,0.6017999547038747,0.4595857753551218,0.18625202053511017,0.7516514957275319,True,prediction,"[388, 0]","(10, 1)","[1116, None]","[0, 728]","[728, 0]","[2612.45, 2608.7833333333333]"
2612.516666666667,1,S3_landing,0.6017999547038747,0.4595857753551218,0.18625202053511017,0.7516514957275319,True,prediction,"[388, 0]","(10, 1)","[1116, None]","[0, 728]","[728, 0]","[2612.45, 2608.7833333333333]"
2612.55,1,S3_landing,0.6017999547038747,0.4595857753551218,0.18625202053511017,0.7516514957275319,True,prediction,"[388, 0]","(10, 1)","[1116, None]","[0, 728]","[728, 0]","[2612.45, 2608.7833333333333]"
2612.5833333333335,1,S3_landing,0.6017999547038747,0.4595857753551218,0.18625202053511017,0.7516514957275319,True,prediction,"[388, 0]","(10, 1)","[1116, None]","[0, 728]","[728, 0]","[2612.45, 2608.7833333333333]"
2612.616666666667,1,S3_landing,0.6017999547038747,0.4595857753551218,0.18625202053511017,0.7516514957275319,True,prediction,"[388, 0]","(10, 1)","[1116, None]","[0, 728]","[728, 0]","[2612.45, 2608.7833333333333]"
2612.65,1,S3_landing,0.6017999547038747,0.4595857753551218,0.18625202053511017,0.7516514957275319,True,prediction,"[388, 0]","(10, 1)","[1116, None]","[0, 728]","[728, 0]","[2612.45, 2608.7833333333333]"
2612.6833333333334,1,S3_landing,0.5977789678119438,0.4595857753551218,0.1800674417016636,0.7453449390771423,True,prediction,"[388, 0]","(10, 1)","[1078, None]","[0, 690]","[690, 0]","[2612.6833333333334, 2608.7833333333333]"
2612.7166666666667,1,S3_landing,0.6017999547038747,0.4595857753551218,0.18625202053511017,0.7516514957275319,True,prediction,"[388, 0]","(9, 1)","[1116, None]","[0, 728]","[728, 0]","[2612.7166666666667, 2608.7833333333333]"
2612.75,1,S3_landing,0.6017999547038747,0.4595857753551218,0.18625202053511017,0.7516514957275319,True,prediction,"[388, 0]","(9, 1)","[1116, None]","[0, 728]","[728, 0]","[2612.7166666666667, 2608.7833333333333]"
2612.7833333333333,1,S3_landing,0.6017999547038747,0.4595857753551218,0.18625202053511017,0.7516514957275319,True,prediction,"[388, 0]","(9, 1)","[1116, None]","[0, 728]","[728, 0]","[2612.7166666666667, 2608.7833333333333]"
2612.8166666666666,1,S3_landing,0.6013454324113717,0.4595857753551218,0.18339585476397188,0.7509428318939922,True,prediction,"[388, 0]","(9, 1)","[1121, None]","[0, 733]","[733, 0]","[2612.8166666666666, 2608.7833333333333]"
2612.85,1,S3_landing,0.6032474602094451,0.4595857753551218,0.1689490969220951,0.7539011661018604,True,prediction,"[388, 0]","(9, 1)","[874, None]","[0, 486]","[486, 0]","[2612.85, 2608.7833333333333]"
2612.883333333333,1,S3_landing,0.5942904233689806,0.4595857753551218,0.0640928494278987,0.7398058492645972,True,prediction,"[388, 0]","(9, 1)","[1078, None]","[0, 690]","[690, 0]","[2612.883333333333, 2612.883333333333]"
2612.9166666666665,1,S3_landing,0.6648749085984472,0.4595857753551218,0.06360502079113706,0.757723464314875,True,prediction,"[388, 0]","(9, 1)","[1078, None]","[0, 690]","[690, 0]","[2612.9166666666665, 2612.9166666666665]"
2612.95,1,S3_landing,0.6648749085984472,0.4595857753551218,0.06360502079113706,0.757723464314875,True,prediction,"[388, 0]","(9, 1)","[1078, None]","[0, 690]","[690, 0]","[2612.9166666666665, 2612.9166666666665]"
2612.983333333333,1,S3_landing,0.6648749085984472,0.4595857753551218,0.06360502079113706,0.757723464314875,True,prediction,"[388, 0]","(9, 1)","[1078, None]","[0, 690]","[690, 0]","[2612.9166666666665, 2612.9166666666665]"
2613.016666666667,1,S3_landing,0.6648749085984472,0.4595857753551218,0.06360502079113706,0.757723464314875,True,prediction,"[388, 0]","(9, 1)","[1078, None]","[0, 690]","[690, 0]","[2612.9166666666665, 2612.9166666666665]"
2613.05,1,S3_landing,0.6648749085984472,0.4595857753551218,0.06360502079113706,0.757723464314875,True,prediction,"[388, 0]","(9, 1)","[1078, None]","[0, 690]","[690, 0]","[2612.9166666666665, 2612.9166666666665]"
2613.0833333333335,1,S3_landing,0.6648749085984472,0.4595857753551218,0.06360502079113706,0.757723464314875,True,prediction,"[388, 0]","(9, 1)","[1078, None]","[0, 690]","[690, 0]","[2612.9166666666665, 2612.9166666666665]"
2613.116666666667,1,S3_landing,0.6648749085984472,0.4595857753551218,0.06360502079113706,0.757723464314875,True,prediction,"[388, 0]","(9, 1)","[1078, None]","[0, 690]","[690, 0]","[2612.9166666666665, 2612.9166666666665]"
2613.15,1,S3_landing,0.6648749085984472,0.4595857753551218,0.06360502079113706,0.757723464314875,True,prediction,"[388, 0]","(9, 1)","[1078, None]","[0, 690]","[690, 0]","[2612.9166666666665, 2612.9166666666665]"
2613.1833333333334,1,S3_landing,0.6648749085984472,0.4595857753551218,0.06360502079113706,0.757723464314875,True,prediction,"[388, 0]","(9, 1)","[1078, None]","[0, 690]","[690, 0]","[2612.9166666666665, 2612.9166666666665]"
2613.2166666666667,1,S3_landing,0.6670731241833615,0.4595857753551218,0.06829045259233199,0.7613331174581962,True,prediction,"[388, 0]","(9, 1)","[1116, None]","[0, 728]","[728, 0]","[2613.2166666666667, 2612.9166666666665]"
2613.25,1,S3_landing,0.6670731241833615,0.4595857753551218,0.06829045259233199,0.7613331174581962,True,prediction,"[388, 0]","(9, 1)","[1116, None]","[0, 728]","[728, 0]","[2613.2166666666667, 2612.9166666666665]"
2613.2833333333333,1,S3_landing,0.6670731241833615,0.4595857753551218,0.06829045259233199,0.7613331174581962,True,prediction,"[388, 0]","(9, 1)","[1116, None]","[0, 728]","[728, 0]","[2613.2166666666667, 2612.9166666666665]"
2613.3166666666666,1,S3_landing,0.6670731241833615,0.4595857753551218,0.06829045259233199,0.7613331174581962,True,prediction,"[388, 0]","(9, 1)","[1116, None]","[0, 728]","[728, 0]","[2613.2166666666667, 2612.9166666666665]"
2613.35,1,S3_landing,0.6670731241833615,0.4595857753551218,0.06829045259233199,0.7613331174581962,True,prediction,"[388, 0]","(9, 1)","[1116, None]","[0, 728]","[728, 0]","[2613.2166666666667, 2612.9166666666665]"
2613.383333333333,1,S3_landing,0.6670731241833615,0.4595857753551218,0.06829045259233199,0.7613331174581962,True,prediction,"[388, 0]","(9, 1)","[1116, None]","[0, 728]","[728, 0]","[2613.2166666666667, 2612.9166666666665]"
2613.4166666666665,1,S3_landing,0.6670731241833615,0.4595857753551218,0.06829045259233199,0.7613331174581962,True,prediction,"[388, 0]","(9, 1)","[1116, None]","[0, 728]","[728, 0]","[2613.2166666666667, 2612.9166666666665]"
2613.45,1,S3_landing,0.6670731241833615,0.4595857753551218,0.06829045259233199,0.7613331174581962,True,prediction,"[388, 0]","(8, 1)","[1116, None]","[0, 728]","[728, 0]","[2613.45, 2612.9166666666665]"
2613.483333333333,1,S3_landing,0.6670731241833615,0.4595857753551218,0.06829045259233199,0.7613331174581962,True,prediction,"[388, 0]","(8, 1)","[1116, None]","[0, 728]","[728, 0]","[2613.45, 2612.9166666666665]"
2613.516666666667,1,S3_landing,0.5971365448690051,0.4595857753551218,0.06805500478587366,0.7443296010797996,True,prediction,"[388, 0]","(8, 1)","[1116, None]","[0, 728]","[728, 0]","[2613.516666666667, 2612.9166666666665]"
2613.55,1,S3_landing,0.5997203814728322,0.4595857753551218,0.06606491388450811,0.7484003497558382,True,prediction,"[388, 0]","(8, 1)","[912, None]","[0, 524]","[524, 0]","[2613.55, 2612.9166666666665]"
2613.5833333333335,1,S3_landing,0.5971365448690051,0.4595857753551218,0.06805500478587366,0.7443296010797996,True,prediction,"[388, 0]","(8, 1)","[1116, None]","[0, 728]","[728, 0]","[2613.5833333333335, 2612.9166666666665]"
2613.616666666667,1,S3_landing,0.6008983822513513,0.4595857753551218,0.06939509044681459,0.750244767408682,True,prediction,"[388, 0]","(8, 1)","[1155, None]","[0, 767]","[767, 0]","[2613.616666666667, 2612.9166666666665]"
2613.65,1,S3_landing,0.6116574184217788,0.4595857753551218,0.07043524251853471,0.7667531387303678,True,prediction,"[388, 0]","(8, 1)","[1155, None]","[0, 767]","[767, 0]","[2613.65, 2612.9166666666665]"
2613.6833333333334,1,S3_landing,0.6116574184217788,0.4595857753551218,0.07043524251853471,0.7667531387303678,True,prediction,"[388, 0]","(8, 1)","[1155, None]","[0, 767]","[767, 0]","[2613.65, 2612.9166666666665]"
2613.7166666666667,1,S3_landing,0.5971365448690051,0.4595857753551218,0.06805500478587366,0.7443296010797996,True,prediction,"[388, 0]","(8, 1)","[1116, None]","[0, 728]","[728, 0]","[2613.7166666666667, 2612.9166666666665]"
2613.75,1,S3_landing,0.6105136663779032,0.4595857753551218,0.0686705786658007,0.7650273384711614,True,prediction,"[388, 0]","(8, 1)","[1156, None]","[0, 768]","[768, 0]","[2613.75, 2612.9166666666665]"
2613.7833333333333,1,S3_landing,0.6105136663779032,0.4595857753551218,0.0686705786658007,0.7650273384711614,True,prediction,"[388, 0]","(8, 1)","[1156, None]","[0, 768]","[768, 0]","[2613.75, 2612.9166666666665]"
2613.8166666666666,1,S3_landing,0.7697472960715881,0.4595857753551218,0.1325948274290951,0.8987869510772393,True,prediction,"[388, 0]","(8, 1)","[1116, None]","[0, 728]","[728, 0]","[2613.8166666666666, 2612.9166666666665]"
2613.85,1,S3_landing,0.7697472960715881,0.4595857753551218,0.1325948274290951,0.8987869510772393,True,prediction,"[388, 0]","(8, 1)","[1116, None]","[0, 728]","[728, 0]","[2613.8166666666666, 2612.9166666666665]"
2613.883333333333,1,S3_landing,0.7697472960715881,0.4595857753551218,0.1325948274290951,0.8987869510772393,True,prediction,"[388, 0]","(8, 1)","[1116, None]","[0, 728]","[728, 0]","[2613.8166666666666, 2612.9166666666665]"
2613.9166666666665,1,S3_landing,0.7697472960715881,0.4595857753551218,0.1325948274290951,0.8987869510772393,True,prediction,"[388, 0]","(8, 1)","[1116, None]","[0, 728]","[728, 0]","[2613.8166666666666, 2612.9166666666665]"
2613.95,1,S3_landing,0.7697472960715881,0.4595857753551218,0.1325948274290951,0.8987869510772393,True,prediction,"[388, 0]","(8, 1)","[1116, None]","[0, 728]","[728, 0]","[2613.8166666666666, 2612.9166666666665]"
2613.983333333333,1,S3_landing,0.7697472960715881,0.4595857753551218,0.1325948274290951,0.8987869510772393,True,prediction,"[388, 0]","(8, 1)","[1116, None]","[0, 728]","[728, 0]","[2613.8166666666666, 2612.9166666666665]"
2614.016666666667,1,S3_landing,0.7697472960715881,0.4595857753551218,0.1325948274290951,0.8987869510772393,True,prediction,"[388, 0]","(8, 1)","[1116, None]","[0, 728]","[728, 0]","[2613.8166666666666, 2612.9166666666665]"
2614.05,1,S3_landing,0.7697472960715881,0.4595857753551218,0.1325948274290951,0.8987869510772393,True,prediction,"[388, 0]","(8, 1)","[1116, None]","[0, 728]","[728, 0]","[2613.8166666666666, 2612.9166666666665]"
2614.0833333333335,1,S3_landing,0.7713407676708794,0.4595857753551218,0.8987869510772393,0.8987869510772393,False,prediction,"[0, 728]","(1, 13)","[None, 90]","[0, 638]","[0, 0]","[2613.8166666666666, 2612.9166666666665]"
2614.116666666667,1,S3_landing,0.7713407676708794,0.4595857753551218,0.8987869510772393,0.8987869510772393,False,prediction,"[0, 728]","(1, 13)","[None, 90]","[0, 638]","[0, 0]","[2613.8166666666666, 2612.9166666666665]"
2614.15,1,S3_landing,0.7713407676708794,0.4595857753551218,0.8987869510772393,0.8987869510772393,False,prediction,"[0, 728]","(1, 13)","[None, 90]","[0, 638]","[0, 0]","[2613.8166666666666, 2612.9166666666665]"
2614.1833333333334,1,S3_landing,0.7713407676708794,0.4595857753551218,0.8987869510772393,0.8987869510772393,False,prediction,"[0, 728]","(1, 13)","[None, 90]","[0, 638]","[0, 0]","[2613.8166666666666, 2612.9166666666665]"
2614.2166666666667,1,S3_landing,0.7713407676708794,0.4595857753551218,0.8987869510772393,0.8987869510772393,False,prediction,"[0, 728]","(1, 13)","[None, 90]","[0, 638]","[0, 0]","[2613.8166666666666, 2612.9166666666665]"
2614.25,1,S3_landing,0.7713407676708794,0.4595857753551218,0.8987869510772393,0.8987869510772393,False,prediction,"[0, 728]","(1, 13)","[None, 90]","[0, 638]","[0, 0]","[2613.8166666666666, 2612.9166666666665]"
2614.2833333333333,1,S3_landing,0.7713407676708794,0.4595857753551218,0.8987869510772393,0.8987869510772393,False,prediction,"[0, 728]","(1, 13)","[None, 90]","[0, 638]","[0, 0]","[2613.8166666666666, 2612.9166666666665]"
2614.3166666666666,1,S3_landing,0.7713407676708794,0.4595857753551218,0.8987869510772393,0.8987869510772393,False,prediction,"[0, 728]","(1, 13)","[None, 90]","[0, 638]","[0, 0]","[2613.8166666666666, 2612.9166666666665]"
2614.35,1,S3_landing,0.7713407676708794,0.4595857753551218,0.8987869510772393,0.8987869510772393,False,prediction,"[0, 728]","(1, 13)","[None, 90]","[0, 638]","[0, 0]","[2613.8166666666666, 2612.9166666666665]"
2614.383333333333,1,S3_landing,0.7713407676708794,0.4595857753551218,0.8987869510772393,0.8987869510772393,False,prediction,"[0, 728]","(1, 13)","[None, 90]","[0, 638]","[0, 0]","[2613.8166666666666, 2612.9166666666665]"
2614.4166666666665,1,S3_landing,0.7713407676708794,0.4595857753551218,0.8987869510772393,0.8987869510772393,False,prediction,"[0, 728]","(1, 13)","[None, 90]","[0, 638]","[0, 0]","[2613.8166666666666, 2612.9166666666665]"
2614.45,1,S3_landing,0.7713407676708794,0.4595857753551218,0.8987869510772393,0.8987869510772393,False,prediction,"[0, 728]","(1, 13)","[None, 90]","[0, 638]","[0, 0]","[2613.8166666666666, 2612.9166666666665]"
2614.483333333333,1,S3_landing,0.7713407676708794,0.4595857753551218,0.8987869510772393,0.8987869510772393,False,prediction,"[0, 728]","(1, 13)","[None, 90]","[0, 638]","[0, 0]","[2613.8166666666666, 2612.9166666666665]"
2614.516666666667,1,S3_landing,0.7713407676708794,0.4595857753551218,0.8987869510772393,0.8987869510772393,False,prediction,"[0, 728]","(1, 13)","[None, 90]","[0, 638]","[0, 0]","[2613.8166666666666, 2612.9166666666665]"
2614.55,1,S3_landing,0.7713407676708794,0.4595857753551218,0.8987869510772393,0.8987869510772393,False,prediction,"[0, 728]","(1, 13)","[None, 90]","[0, 638]","[0, 0]","[2613.8166666666666, 2612.9166666666665]"
2614.5833333333335,1,S3_landing,0.7713407676708794,0.4595857753551218,0.8987869510772393,0.8987869510772393,False,prediction,"[0, 728]","(1, 13)","[None, 90]","[0, 638]","[0, 0]","[2613.8166666666666, 2612.9166666666665]"
2614.616666666667,1,S3_landing,0.7713407676708794,0.4595857753551218,0.8987869510772393,0.8987869510772393,False,prediction,"[0, 728]","(1, 13)","[None, 90]","[0, 638]","[0, 0]","[2613.8166666666666, 2612.9166666666665]"
2614.65,1,S3_landing,0.7713407676708794,0.4595857753551218,0.8987869510772393,0.8987869510772393,False,prediction,"[0, 728]","(1, 13)","[None, 90]","[0, 638]","[0, 0]","[2613.8166666666666, 2612.9166666666665]"
2614.6833333333334,1,S3_landing,0.7713407676708794,0.4595857753551218,0.8987869510772393,0.8987869510772393,False,prediction,"[0, 728]","(1, 13)","[None, 90]","[0, 638]","[0, 0]","[2613.8166666666666, 2612.9166666666665]"
2614.7166666666667,1,S3_landing,0.7713407676708794,0.4595857753551218,0.8987869510772393,0.8987869510772393,False,prediction,"[0, 728]","(1, 13)","[None, 90]","[0, 638]","[0, 0]","[2613.8166666666666, 2612.9166666666665]"
2614.75,1,S3_landing,0.7713407676708794,0.4595857753551218,0.8987869510772393,0.8987869510772393,False,prediction,"[0, 728]","(1, 13)","[None, 90]","[0, 638]","[0, 0]","[2613.8166666666666, 2612.9166666666665]"
2614.7833333333333,1,S3_landing,0.7713407676708794,0.4595857753551218,0.8987869510772393,0.8987869510772393,False,prediction,"[0, 728]","(1, 13)","[None, 90]","[0, 638]","[0, 0]","[2613.8166666666666, 2612.9166666666665]"
2614.8166666666666,1,S3_landing,0.7713407676708794,0.4595857753551218,0.8987869510772393,0.8987869510772393,False,prediction,"[0, 728]","(1, 13)","[None, 90]","[0, 638]","[0, 0]","[2613.8166666666666, 2612.9166666666665]"
2614.85,1,S3_landing,0.7713407676708794,0.4595857753551218,0.8987869510772393,0.8987869510772393,False,prediction,"[0, 728]","(1, 13)","[None, 90]","[0, 638]","[0, 0]","[2613.8166666666666, 2612.9166666666665]"
2614.883333333333,1,S3_landing,0.7713407676708794,0.4595857753551218,0.8987869510772393,0.8987869510772393,False,prediction,"[0, 728]","(1, 13)","[None, 90]","[0, 638]","[0, 0]","[2613.8166666666666, 2612.9166666666665]"
2614.9166666666665,1,S3_landing,0.7713407676708794,0.4595857753551218,0.8987869510772393,0.8987869510772393,False,prediction,"[0, 728]","(1, 13)","[None, 90]","[0, 638]","[0, 0]","[2613.8166666666666, 2612.9166666666665]"
2614.95,1,S3_landing,0.7713407676708794,0.4595857753551218,0.8987869510772393,0.8987869510772393,False,prediction,"[0, 728]","(1, 13)","[None, 90]","[0, 638]","[0, 0]","[2613.8166666666666, 2612.9166666666665]"
2614.983333333333,1,S3_landing,0.7713407676708794,0.4595857753551218,0.8987869510772393,0.8987869510772393,False,prediction,"[0, 728]","(1, 13)","[None, 90]","[0, 638]","[0, 0]","[2613.8166666666666, 2612.9166666666665]"
2615.016666666667,1,S3_landing,0.7713407676708794,0.4595857753551218,0.8987869510772393,0.8987869510772393,False,prediction,"[0, 728]","(1, 13)","[None, 90]","[0, 638]","[0, 0]","[2613.8166666666666, 2612.9166666666665]"
2615.05,1,S3_landing,0.7713407676708794,0.4595857753551218,0.8987869510772393,0.8987869510772393,False,prediction,"[0, 728]","(1, 13)","[None, 90]","[0, 638]","[0, 0]","[2613.8166666666666, 2612.9166666666665]"
2615.0833333333335,1,S3_landing,0.7713407676708794,0.4595857753551218,0.8987869510772393,0.8987869510772393,False,prediction,"[0, 728]","(1, 13)","[None, 90]","[0, 638]","[0, 0]","[2613.8166666666666, 2612.9166666666665]"
2615.116666666667,1,S3_landing,0.7713407676708794,0.4595857753551218,0.8987869510772393,0.8987869510772393,False,prediction,"[0, 728]","(1, 13)","[None, 90]","[0, 638]","[0, 0]","[2613.8166666666666, 2612.9166666666665]"
2615.15,1,S3_landing,0.7713407676708794,0.4595857753551218,0.8987869510772393,0.8987869510772393,False,prediction,"[0, 728]","(1, 13)","[None, 90]","[0, 638]","[0, 0]","[2613.8166666666666, 2612.9166666666665]"
2615.1833333333334,1,S3_landing,0.7713407676708794,0.4595857753551218,0.8987869510772393,0.8987869510772393,False,prediction,"[0, 728]","(1, 13)","[None, 90]","[0, 638]","[0, 0]","[2613.8166666666666, 2612.9166666666665]"
2615.2166666666667,1,S3_landing,0.7713407676708794,0.4595857753551218,0.8987869510772393,0.8987869510772393,False,prediction,"[0, 728]","(1, 13)","[None, 90]","[0, 638]","[0, 0]","[2613.8166666666666, 2612.9166666666665]"
2615.25,1,S3_landing,0.7713407676708794,0.4595857753551218,0.8987869510772393,0.8987869510772393,False,prediction,"[0, 728]","(1, 13)","[None, 90]","[0, 638]","[0, 0]","[2613.8166666666666, 2612.9166666666665]"
2615.2833333333333,1,S3_landing,0.7713407676708794,0.4595857753551218,0.8987869510772393,0.8987869510772393,False,prediction,"[0, 728]","(1, 13)","[None, 90]","[0, 638]","[0, 0]","[2613.8166666666666, 2612.9166666666665]"
2615.3166666666666,1,S3_landing,0.7713407676708794,0.4595857753551218,0.8987869510772393,0.8987869510772393,False,prediction,"[0, 728]","(1, 13)","[None, 90]","[0, 638]","[0, 0]","[2613.8166666666666, 2612.9166666666665]"
2615.35,1,S3_landing,0.7713407676708794,0.4595857753551218,0.8987869510772393,0.8987869510772393,False,prediction,"[0, 728]","(1, 13)","[None, 90]","[0, 638]","[0, 0]","[2613.8166666666666, 2612.9166666666665]"
2615.383333333333,1,S3_landing,0.7713407676708794,0.4595857753551218,0.8987869510772393,0.8987869510772393,False,prediction,"[0, 728]","(1, 13)","[None, 90]","[0, 638]","[0, 0]","[2613.8166666666666, 2612.9166666666665]"
2615.4166666666665,1,S3_landing,0.7713407676708794,0.4595857753551218,0.8987869510772393,0.8987869510772393,False,prediction,"[0, 728]","(1, 13)","[None, 90]","[0, 638]","[0, 0]","[2613.8166666666666, 2612.9166666666665]"
2615.45,1,S3_landing,0.7713407676708794,0.4595857753551218,0.8987869510772393,0.8987869510772393,False,prediction,"[0, 728]","(1, 13)","[None, 90]","[0, 638]","[0, 0]","[2613.8166666666666, 2612.9166666666665]"
2615.483333333333,1,S3_landing,0.7713407676708794,0.4595857753551218,0.8987869510772393,0.8987869510772393,False,prediction,"[0, 728]","(1, 13)","[None, 90]","[0, 638]","[0, 0]","[2613.8166666666666, 2612.9166666666665]"
2615.516666666667,1,S3_landing,0.7713407676708794,0.4595857753551218,0.8987869510772393,0.8987869510772393,False,prediction,"[0, 728]","(1, 13)","[None, 90]","[0, 638]","[0, 0]","[2613.8166666666666, 2612.9166666666665]"
2615.55,1,S3_landing,0.7713407676708794,0.4595857753551218,0.8987869510772393,0.8987869510772393,False,prediction,"[0, 728]","(1, 13)","[None, 90]","[0, 638]","[0, 0]","[2613.8166666666666, 2612.9166666666665]"
2615.5833333333335,1,S3_landing,0.7713407676708794,0.4595857753551218,0.8987869510772393,0.8987869510772393,False,prediction,"[0, 728]","(1, 13)","[None, 90]","[0, 638]","[0, 0]","[2613.8166666666666, 2612.9166666666665]"
2615.616666666667,1,S3_landing,0.7713407676708794,0.4595857753551218,0.8987869510772393,0.8987869510772393,False,prediction,"[0, 728]","(1, 13)","[None, 90]","[0, 638]","[0, 0]","[2613.8166666666666, 2612.9166666666665]"
2615.65,1,S3_landing,0.7713407676708794,0.4595857753551218,0.8987869510772393,0.8987869510772393,False,prediction,"[0, 728]","(1, 13)","[None, 90]","[0, 638]","[0, 0]","[2613.8166666666666, 2612.9166666666665]"
2615.6833333333334,1,S3_landing,0.7713407676708794,0.4595857753551218,0.8987869510772393,0.8987869510772393,False,prediction,"[0, 728]","(1, 13)","[None, 90]","[0, 638]","[0, 0]","[2613.8166666666666, 2612.9166666666665]"
2615.7166666666667,1,S3_landing,0.7713407676708794,0.4595857753551218,0.8987869510772393,0.8987869510772393,False,prediction,"[0, 728]","(1, 13)","[None, 90]","[0, 638]","[0, 0]","[2613.8166666666666, 2612.9166666666665]"
2615.75,1,S3_landing,0.7713407676708794,0.4595857753551218,0.8987869510772393,0.8987869510772393,False,prediction,"[0, 728]","(1, 13)","[None, 90]","[0, 638]","[0, 0]","[2613.8166666666666, 2612.9166666666665]"
2615.7833333333333,1,S3_landing,0.7713407676708794,0.4595857753551218,0.8987869510772393,0.8987869510772393,False,prediction,"[0, 728]","(1, 13)","[None, 90]","[0, 638]","[0, 0]","[2613.8166666666666, 2612.9166666666665]"
2615.8166666666666,1,S3_landing,0.7713407676708794,0.4595857753551218,0.8987869510772393,0.8987869510772393,False,prediction,"[0, 728]","(1, 13)","[None, 90]","[0, 638]","[0, 0]","[2613.8166666666666, 2612.9166666666665]"
2615.85,1,S3_landing,0.7713407676708794,0.4595857753551218,0.8987869510772393,0.8987869510772393,False,prediction,"[0, 728]","(1, 13)","[None, 90]","[0, 638]","[0, 0]","[2613.8166666666666, 2612.9166666666665]"
2615.883333333333,1,S3_landing,0.7713407676708794,0.4595857753551218,0.8987869510772393,0.8987869510772393,False,prediction,"[0, 728]","(1, 13)","[None, 90]","[0, 638]","[0, 0]","[2613.8166666666666, 2612.9166666666665]"
2615.9166666666665,1,S3_landing,0.7713407676708794,0.4595857753551218,0.8987869510772393,0.8987869510772393,False,prediction,"[0, 728]","(1, 13)","[None, 90]","[0, 638]","[0, 0]","[2613.8166666666666, 2612.9166666666665]"
2615.95,1,S3_landing,0.7713407676708794,0.4595857753551218,0.8987869510772393,0.8987869510772393,False,prediction,"[0, 728]","(1, 13)","[None, 90]","[0, 638]","[0, 0]","[2613.8166666666666, 2612.9166666666665]"
2615.983333333333,1,S3_landing,0.7713407676708794,0.4595857753551218,0.8987869510772393,0.8987869510772393,False,prediction,"[0, 728]","(1, 13)","[None, 90]","[0, 638]","[0, 0]","[2613.8166666666666, 2612.9166666666665]"
2616.016666666667,1,S3_landing,0.7713407676708794,0.4595857753551218,0.8987869510772393,0.8987869510772393,False,prediction,"[0, 728]","(1, 13)","[None, 90]","[0, 638]","[0, 0]","[2613.8166666666666, 2612.9166666666665]"
2616.05,1,S3_landing,0.7713407676708794,0.4595857753551218,0.8987869510772393,0.8987869510772393,False,prediction,"[0, 728]","(1, 13)","[None, 90]","[0, 638]","[0, 0]","[2613.8166666666666, 2612.9166666666665]"
2616.0833333333335,1,S3_landing,0.7713407676708794,0.4595857753551218,0.8987869510772393,0.8987869510772393,False,prediction,"[0, 728]","(1, 13)","[None, 90]","[0, 638]","[0, 0]","[2613.8166666666666, 2612.9166666666665]"
2616.116666666667,1,S3_landing,0.7713407676708794,0.4595857753551218,0.8987869510772393,0.8987869510772393,False,prediction,"[0, 728]","(1, 13)","[None, 90]","[0, 638]","[0, 0]","[2613.8166666666666, 2612.9166666666665]"
2616.15,1,S3_landing,0.7713407676708794,0.4595857753551218,0.8987869510772393,0.8987869510772393,False,prediction,"[0, 728]","(1, 13)","[None, 90]","[0, 638]","[0, 0]","[2613.8166666666666, 2612.9166666666665]"
2616.1833333333334,1,S3_landing,0.7713407676708794,0.4595857753551218,0.8987869510772393,0.8987869510772393,False,prediction,"[0, 728]","(1, 13)","[None, 90]","[0, 638]","[0, 0]","[2613.8166666666666, 2612.9166666666665]"
2616.2166666666667,1,S3_landing,0.7713407676708794,0.4595857753551218,0.8987869510772393,0.8987869510772393,False,prediction,"[0, 728]","(1, 13)","[None, 90]","[0, 638]","[0, 0]","[2613.8166666666666, 2612.9166666666665]"
2616.25,1,S3_landing,0.7713407676708794,0.4595857753551218,0.8987869510772393,0.8987869510772393,False,prediction,"[0, 728]","(1, 13)","[None, 90]","[0, 638]","[0, 0]","[2613.8166666666666, 2612.9166666666665]"
2616.2833333333333,1,S3_landing,0.7713407676708794,0.4595857753551218,0.8987869510772393,0.8987869510772393,False,prediction,"[0, 728]","(1, 13)","[None, 90]","[0, 638]","[0, 0]","[2613.8166666666666, 2612.9166666666665]"
2616.3166666666666,1,S3_landing,0.7713407676708794,0.4595857753551218,0.8987869510772393,0.8987869510772393,False,prediction,"[0, 728]","(1, 13)","[None, 90]","[0, 638]","[0, 0]","[2613.8166666666666, 2612.9166666666665]"
2616.35,1,S3_landing,0.7713407676708794,0.4595857753551218,0.8987869510772393,0.8987869510772393,False,prediction,"[0, 728]","(1, 13)","[None, 90]","[0, 638]","[0, 0]","[2613.8166666666666, 2612.9166666666665]"
2616.383333333333,1,S3_landing,0.7713407676708794,0.4595857753551218,0.8987869510772393,0.8987869510772393,False,prediction,"[0, 728]","(1, 13)","[None, 90]","[0, 638]","[0, 0]","[2613.8166666666666, 2612.9166666666665]"
2616.4166666666665,1,S3_landing,0.7713407676708794,0.4595857753551218,0.8987869510772393,0.8987869510772393,False,prediction,"[0, 728]","(1, 13)","[None, 90]","[0, 638]","[0, 0]","[2613.8166666666666, 2612.9166666666665]"
2616.45,1,S3_landing,0.7713407676708794,0.4595857753551218,0.8987869510772393,0.8987869510772393,False,prediction,"[0, 728]","(1, 13)","[None, 90]","[0, 638]","[0, 0]","[2613.8166666666666, 2612.9166666666665]"
2616.483333333333,1,S3_landing,0.7713407676708794,0.4595857753551218,0.8987869510772393,0.8987869510772393,False,prediction,"[0, 728]","(1, 13)","[None, 90]","[0, 638]","[0, 0]","[2613.8166666666666, 2612.9166666666665]"
2616.516666666667,1,S3_landing,0.7713407676708794,0.4595857753551218,0.8987869510772393,0.8987869510772393,False,prediction,"[0, 728]","(1, 13)","[None, 90]","[0, 638]","[0, 0]","[2613.8166666666666, 2612.9166666666665]"
2616.55,1,S3_landing,0.7713407676708794,0.4595857753551218,0.8987869510772393,0.8987869510772393,False,prediction,"[0, 728]","(1, 13)","[None, 90]","[0, 638]","[0, 0]","[2613.8166666666666, 2612.9166666666665]"
2616.5833333333335,1,S3_landing,0.7713407676708794,0.4595857753551218,0.8987869510772393,0.8987869510772393,False,prediction,"[0, 728]","(1, 13)","[None, 90]","[0, 638]","[0, 0]","[2613.8166666666666, 2612.9166666666665]"
2616.616666666667,1,S3_landing,0.7713407676708794,0.4595857753551218,0.8987869510772393,0.8987869510772393,False,prediction,"[0, 728]","(1, 13)","[None, 90]","[0, 638]","[0, 0]","[2613.8166666666666, 2612.9166666666665]"
2616.65,1,S3_landing,0.7713407676708794,0.4595857753551218,0.8987869510772393,0.8987869510772393,False,prediction,"[0, 728]","(1, 13)","[None, 90]","[0, 638]","[0, 0]","[2613.8166666666666, 2612.9166666666665]"
2616.6833333333334,1,S3_landing,0.7713407676708794,0.4595857753551218,0.8987869510772393,0.8987869510772393,False,prediction,"[0, 728]","(1, 13)","[None, 90]","[0, 638]","[0, 0]","[2613.8166666666666, 2612.9166666666665]"
2616.7166666666667,1,S3_landing,0.7713407676708794,0.4595857753551218,0.8987869510772393,0.8987869510772393,False,prediction,"[0, 728]","(1, 13)","[None, 90]","[0, 638]","[0, 0]","[2613.8166666666666, 2612.9166666666665]"
2616.75,1,S3_landing,0.7713407676708794,0.4595857753551218,0.8987869510772393,0.8987869510772393,False,prediction,"[0, 728]","(1, 13)","[None, 90]","[0, 638]","[0, 0]","[2613.8166666666666, 2612.9166666666665]"
2616.7833333333333,1,S3_landing,0.7713407676708794,0.4595857753551218,0.8987869510772393,0.8987869510772393,False,prediction,"[0, 728]","(1, 13)","[None, 90]","[0, 638]","[0, 0]","[2613.8166666666666, 2612.9166666666665]"
2616.8166666666666,1,S3_landing,0.7713407676708794,0.4595857753551218,0.8987869510772393,0.8987869510772393,False,prediction,"[0, 728]","(1, 13)","[None, 90]","[0, 638]","[0, 0]","[2613.8166666666666, 2612.9166666666665]"
2616.85,1,S3_landing,0.7713407676708794,0.4595857753551218,0.8987869510772393,0.8987869510772393,False,prediction,"[0, 728]","(1, 13)","[None, 90]","[0, 638]","[0, 0]","[2613.8166666666666, 2612.9166666666665]"
2616.883333333333,1,S3_landing,0.7713407676708794,0.4595857753551218,0.8987869510772393,0.8987869510772393,False,prediction,"[0, 728]","(1, 13)","[None, 90]","[0, 638]","[0, 0]","[2613.8166666666666, 2612.9166666666665]"
2616.9166666666665,1,S3_landing,0.7713407676708794,0.4595857753551218,0.8987869510772393,0.8987869510772393,False,prediction,"[0, 728]","(1, 13)","[None, 90]","[0, 638]","[0, 0]","[2613.8166666666666, 2612.9166666666665]"
2616.95,1,S3_landing,0.7713407676708794,0.4595857753551218,0.8987869510772393,0.8987869510772393,False,prediction,"[0, 728]","(1, 13)","[None, 90]","[0, 638]","[0, 0]","[2613.8166666666666, 2612.9166666666665]"
2616.983333333333,1,S3_landing,0.7713407676708794,0.4595857753551218,0.8987869510772393,0.8987869510772393,False,prediction,"[0, 728]","(1, 13)","[None, 90]","[0, 638]","[0, 0]","[2613.8166666666666, 2612.9166666666665]"
2617.016666666667,1,S3_landing,0.7713407676708794,0.4595857753551218,0.8987869510772393,0.8987869510772393,False,prediction,"[0, 728]","(1, 13)","[None, 90]","[0, 638]","[0, 0]","[2613.8166666666666, 2612.9166666666665]"
2617.05,1,S3_landing,0.7713407676708794,0.4595857753551218,0.8987869510772393,0.8987869510772393,False,prediction,"[0, 728]","(1, 13)","[None, 90]","[0, 638]","[0, 0]","[2613.8166666666666, 2612.9166666666665]"
2617.0833333333335,1,S3_landing,0.7713407676708794,0.4595857753551218,0.8987869510772393,0.8987869510772393,False,prediction,"[0, 728]","(1, 13)","[None, 90]","[0, 638]","[0, 0]","[2613.8166666666666, 2612.9166666666665]"
2617.116666666667,1,S3_landing,0.7713407676708794,0.4595857753551218,0.8987869510772393,0.8987869510772393,False,prediction,"[0, 728]","(1, 13)","[None, 90]","[0, 638]","[0, 0]","[2613.8166666666666, 2612.9166666666665]"
2617.15,1,S3_landing,0.7713407676708794,0.4595857753551218,0.8987869510772393,0.8987869510772393,False,prediction,"[0, 728]","(1, 13)","[None, 90]","[0, 638]","[0, 0]","[2613.8166666666666, 2612.9166666666665]"
2617.1833333333334,1,S3_landing,0.7713407676708794,0.4595857753551218,0.8987869510772393,0.8987869510772393,False,prediction,"[0, 728]","(1, 13)","[None, 90]","[0, 638]","[0, 0]","[2613.8166666666666, 2612.9166666666665]"
2617.2166666666667,1,S3_landing,0.7713407676708794,0.4595857753551218,0.8987869510772393,0.8987869510772393,False,prediction,"[0, 728]","(1, 13)","[None, 90]","[0, 638]","[0, 0]","[2613.8166666666666, 2612.9166666666665]"
2617.25,1,S3_landing,0.7713407676708794,0.4595857753551218,0.8987869510772393,0.8987869510772393,False,prediction,"[0, 728]","(1, 13)","[None, 90]","[0, 638]","[0, 0]","[2613.8166666666666, 2612.9166666666665]"
2617.2833333333333,1,S3_landing,0.7713407676708794,0.4595857753551218,0.8987869510772393,0.8987869510772393,False,prediction,"[0, 728]","(1, 13)","[None, 90]","[0, 638]","[0, 0]","[2613.8166666666666, 2612.9166666666665]"
2617.3166666666666,1,S3_landing,0.7713407676708794,0.4595857753551218,0.8987869510772393,0.8987869510772393,False,prediction,"[0, 728]","(1, 13)","[None, 90]","[0, 638]","[0, 0]","[2613.8166666666666, 2612.9166666666665]"
2617.35,1,S3_landing,0.7713407676708794,0.4595857753551218,0.8987869510772393,0.8987869510772393,False,prediction,"[0, 728]","(1, 13)","[None, 90]","[0, 638]","[0, 0]","[2613.8166666666666, 2612.9166666666665]"
2617.383333333333,1,S3_landing,0.7713407676708794,0.4595857753551218,0.8987869510772393,0.8987869510772393,False,prediction,"[0, 728]","(1, 13)","[None, 90]","[0, 638]","[0, 0]","[2613.8166666666666, 2612.9166666666665]"
2617.4166666666665,1,S3_landing,0.7713407676708794,0.4595857753551218,0.8987869510772393,0.8987869510772393,False,prediction,"[0, 728]","(1, 13)","[None, 90]","[0, 638]","[0, 0]","[2613.8166666666666, 2612.9166666666665]"
2617.45,1,S3_landing,0.7713407676708794,0.4595857753551218,0.8987869510772393,0.8987869510772393,False,prediction,"[0, 728]","(1, 13)","[None, 90]","[0, 638]","[0, 0]","[2613.8166666666666, 2612.9166666666665]"
2617.483333333333,1,S3_landing,0.7713407676708794,0.4595857753551218,0.8987869510772393,0.8987869510772393,False,prediction,"[0, 728]","(1, 13)","[None, 90]","[0, 638]","[0, 0]","[2613.8166666666666, 2612.9166666666665]"
2617.516666666667,1,S3_landing,0.7713407676708794,0.4595857753551218,0.8987869510772393,0.8987869510772393,False,prediction,"[0, 728]","(1, 13)","[None, 90]","[0, 638]","[0, 0]","[2613.8166666666666, 2612.9166666666665]"
2617.55,1,S3_landing,0.7713407676708794,0.4595857753551218,0.8987869510772393,0.8987869510772393,False,prediction,"[0, 728]","(1, 13)","[None, 90]","[0, 638]","[0, 0]","[2613.8166666666666, 2612.9166666666665]"
2617.5833333333335,1,S3_landing,0.7713407676708794,0.4595857753551218,0.8987869510772393,0.8987869510772393,False,prediction,"[0, 728]","(1, 13)","[None, 90]","[0, 638]","[0, 0]","[2613.8166666666666, 2612.9166666666665]"
2617.616666666667,1,S3_landing,0.7713407676708794,0.4595857753551218,0.8987869510772393,0.8987869510772393,False,prediction,"[0, 728]","(1, 13)","[None, 90]","[0, 638]","[0, 0]","[2613.8166666666666, 2612.9166666666665]"
2617.65,1,S3_landing,0.7713407676708794,0.4595857753551218,0.8987869510772393,0.8987869510772393,False,prediction,"[0, 728]","(1, 13)","[None, 90]","[0, 638]","[0, 0]","[2613.8166666666666, 2612.9166666666665]"
2617.6833333333334,1,S3_landing,0.7713407676708794,0.4595857753551218,0.8987869510772393,0.8987869510772393,False,prediction,"[0, 728]","(1, 13)","[None, 90]","[0, 638]","[0, 0]","[2613.8166666666666, 2612.9166666666665]"
2617.7166666666667,1,S3_landing,0.7713407676708794,0.4595857753551218,0.8987869510772393,0.8987869510772393,False,prediction,"[0, 728]","(1, 13)","[None, 90]","[0, 638]","[0, 0]","[2613.8166666666666, 2612.9166666666665]"
2617.75,1,S3_landing,0.7713407676708794,0.4595857753551218,0.8987869510772393,0.8987869510772393,False,prediction,"[0, 728]","(1, 13)","[None, 90]","[0, 638]","[0, 0]","[2613.8166666666666, 2612.9166666666665]"
2617.7833333333333,1,S3_landing,0.7713407676708794,0.4595857753551218,0.8987869510772393,0.8987869510772393,False,prediction,"[0, 728]","(1, 13)","[None, 90]","[0, 638]","[0, 0]","[2613.8166666666666, 2612.9166666666665]"
2617.8166666666666,1,S3_landing,0.7713407676708794,0.4595857753551218,0.8987869510772393,0.8987869510772393,False,prediction,"[0, 728]","(1, 13)","[None, 90]","[0, 638]","[0, 0]","[2613.8166666666666, 2612.9166666666665]"
2617.85,1,S3_landing,0.7713407676708794,0.4595857753551218,0.8987869510772393,0.8987869510772393,False,prediction,"[0, 728]","(1, 13)","[None, 90]","[0, 638]","[0, 0]","[2613.8166666666666, 2612.9166666666665]"
2617.883333333333,1,S3_landing,0.7713407676708794,0.4595857753551218,0.8987869510772393,0.8987869510772393,False,prediction,"[0, 728]","(1, 13)","[None, 90]","[0, 638]","[0, 0]","[2613.8166666666666, 2612.9166666666665]"
2617.9166666666665,1,S3_landing,0.7713407676708794,0.4595857753551218,0.8987869510772393,0.8987869510772393,False,prediction,"[0, 728]","(1, 13)","[None, 90]","[0, 638]","[0, 0]","[2613.8166666666666, 2612.9166666666665]"
2617.95,1,S3_landing,0.7713407676708794,0.4595857753551218,0.8987869510772393,0.8987869510772393,False,prediction,"[0, 728]","(1, 13)","[None, 90]","[0, 638]","[0, 0]","[2613.8166666666666, 2612.9166666666665]"
2617.983333333333,1,S3_landing,0.7713407676708794,0.4595857753551218,0.8987869510772393,0.8987869510772393,False,prediction,"[0, 728]","(1, 13)","[None, 90]","[0, 638]","[0, 0]","[2613.8166666666666, 2612.9166666666665]"
2618.016666666667,1,S3_landing,0.7713407676708794,0.4595857753551218,0.8987869510772393,0.8987869510772393,False,prediction,"[0, 728]","(1, 13)","[None, 90]","[0, 638]","[0, 0]","[2613.8166666666666, 2612.9166666666665]"
2618.05,1,S3_landing,0.7713407676708794,0.4595857753551218,0.8987869510772393,0.8987869510772393,False,prediction,"[0, 728]","(1, 13)","[None, 90]","[0, 638]","[0, 0]","[2613.8166666666666, 2612.9166666666665]"
2618.0833333333335,1,S3_landing,0.7713407676708794,0.4595857753551218,0.8987869510772393,0.8987869510772393,False,prediction,"[0, 728]","(1, 13)","[None, 90]","[0, 638]","[0, 0]","[2613.8166666666666, 2612.9166666666665]"
2618.116666666667,1,S3_landing,0.7713407676708794,0.4595857753551218,0.8987869510772393,0.8987869510772393,False,prediction,"[0, 728]","(1, 13)","[None, 90]","[0, 638]","[0, 0]","[2613.8166666666666, 2612.9166666666665]"
2618.15,1,S3_landing,0.7713407676708794,0.4595857753551218,0.8987869510772393,0.8987869510772393,False,prediction,"[0, 728]","(1, 13)","[None, 90]","[0, 638]","[0, 0]","[2613.8166666666666, 2612.9166666666665]"
2618.1833333333334,1,S3_landing,0.7713407676708794,0.4595857753551218,0.8987869510772393,0.8987869510772393,False,prediction,"[0, 728]","(1, 13)","[None, 90]","[0, 638]","[0, 0]","[2613.8166666666666, 2612.9166666666665]"
2618.2166666666667,1,S3_landing,0.7713407676708794,0.4595857753551218,0.8987869510772393,0.8987869510772393,False,prediction,"[0, 728]","(1, 13)","[None, 90]","[0, 638]","[0, 0]","[2613.8166666666666, 2612.9166666666665]"
2618.25,1,S3_landing,0.7713407676708794,0.4595857753551218,0.8987869510772393,0.8987869510772393,False,prediction,"[0, 728]","(1, 13)","[None, 90]","[0, 638]","[0, 0]","[2613.8166666666666, 2612.9166666666665]"
2618.2833333333333,1,S3_landing,0.7713407676708794,0.4595857753551218,0.8987869510772393,0.8987869510772393,False,prediction,"[0, 728]","(1, 13)","[None, 90]","[0, 638]","[0, 0]","[2613.8166666666666, 2612.9166666666665]"
2618.3166666666666,1,S3_landing,0.7592212459167266,0.4595857753551218,0.8983112204364789,0.8983112204364789,False,prediction,"[0, 728]","(1, 13)","[None, 88]","[0, 640]","[0, 0]","[2618.2833333333333, 2618.3166666666666]"
2618.35,1,S3_landing,0.7592212459167266,0.4595857753551218,0.8983112204364789,0.8983112204364789,False,prediction,"[0, 728]","(1, 13)","[None, 88]","[0, 640]","[0, 0]","[2618.2833333333333, 2618.3166666666666]"
2618.383333333333,1,S3_landing,0.7592212459167266,0.4595857753551218,0.8983112204364789,0.8983112204364789,False,prediction,"[0, 728]","(1, 13)","[None, 88]","[0, 640]","[0, 0]","[2618.2833333333333, 2618.3166666666666]"
2618.4166666666665,1,S3_landing,0.7592212459167266,0.4595857753551218,0.8983112204364789,0.8983112204364789,False,prediction,"[0, 728]","(1, 13)","[None, 88]","[0, 640]","[0, 0]","[2618.2833333333333, 2618.4166666666665]"
2618.45,1,S3_landing,0.7592212459167266,0.4595857753551218,0.8983112204364789,0.8983112204364789,False,prediction,"[0, 728]","(1, 14)","[None, 88]","[0, 640]","[0, 0]","[2618.2833333333333, 2618.45]"
2618.483333333333,1,S3_landing,0.7592212459167266,0.4595857753551218,0.8983112204364789,0.8983112204364789,False,prediction,"[0, 728]","(1, 14)","[None, 88]","[0, 640]","[0, 0]","[2618.2833333333333, 2618.45]"
2618.516666666667,1,S3_landing,0.7592212459167266,0.4595857753551218,0.8983112204364789,0.8983112204364789,False,prediction,"[0, 728]","(1, 14)","[None, 88]","[0, 640]","[0, 0]","[2618.2833333333333, 2618.45]"
2618.55,1,S3_landing,0.7592212459167266,0.4595857753551218,0.8983112204364789,0.8983112204364789,False,prediction,"[0, 728]","(1, 14)","[None, 88]","[0, 640]","[0, 0]","[2618.2833333333333, 2618.45]"
2618.5833333333335,1,S3_landing,0.7592212459167266,0.4595857753551218,0.8983112204364789,0.8983112204364789,False,prediction,"[0, 728]","(1, 14)","[None, 88]","[0, 640]","[0, 0]","[2618.2833333333333, 2618.45]"
2618.616666666667,1,S3_landing,0.7592212459167266,0.4595857753551218,0.8983112204364789,0.8983112204364789,False,prediction,"[0, 728]","(1, 14)","[None, 88]","[0, 640]","[0, 0]","[2618.2833333333333, 2618.45]"
2618.65,1,S3_landing,0.7592212459167266,0.4595857753551218,0.8983112204364789,0.8983112204364789,False,prediction,"[0, 728]","(1, 13)","[None, 88]","[0, 640]","[0, 0]","[2618.2833333333333, 2618.65]"
2618.6833333333334,1,S3_landing,0.7592212459167266,0.4595857753551218,0.8983112204364789,0.8983112204364789,False,prediction,"[0, 728]","(1, 13)","[None, 88]","[0, 640]","[0, 0]","[2618.2833333333333, 2618.65]"
2618.7166666666667,1,S3_landing,0.8015666904347908,0.4595857753551218,0.935474917751248,0.935474917751248,False,prediction,"[0, 728]","(1, 13)","[None, 145]","[0, 583]","[0, 0]","[2618.2833333333333, 2618.7166666666667]"
2618.75,1,S3_landing,0.8015666904347908,0.4595857753551218,0.935474917751248,0.935474917751248,False,prediction,"[0, 728]","(1, 13)","[None, 145]","[0, 583]","[0, 0]","[2618.2833333333333, 2618.7166666666667]"
2618.7833333333333,1,S3_landing,0.8015666904347908,0.4595857753551218,0.935474917751248,0.935474917751248,False,prediction,"[0, 728]","(1, 13)","[None, 145]","[0, 583]","[0, 0]","[2618.2833333333333, 2618.7166666666667]"
2618.8166666666666,1,S3_landing,0.8015666904347908,0.4595857753551218,0.935474917751248,0.935474917751248,False,prediction,"[0, 728]","(1, 13)","[None, 145]","[0, 583]","[0, 0]","[2618.2833333333333, 2618.7166666666667]"
2618.85,1,S3_landing,0.8015666904347908,0.4595857753551218,0.935474917751248,0.935474917751248,False,prediction,"[0, 728]","(1, 13)","[None, 145]","[0, 583]","[0, 0]","[2618.2833333333333, 2618.7166666666667]"
2618.883333333333,1,S3_landing,0.8015666904347908,0.4595857753551218,0.935474917751248,0.935474917751248,False,prediction,"[0, 728]","(1, 13)","[None, 145]","[0, 583]","[0, 0]","[2618.2833333333333, 2618.7166666666667]"
2618.9166666666665,1,S3_landing,0.8015666904347908,0.4595857753551218,0.935474917751248,0.935474917751248,False,prediction,"[0, 728]","(1, 13)","[None, 145]","[0, 583]","[0, 0]","[2618.2833333333333, 2618.7166666666667]"
2618.95,1,S3_landing,0.7761498333578097,0.4595857753551218,0.9143940972459573,0.9143940972459573,False,prediction,"[0, 728]","(1, 13)","[None, 145]","[0, 583]","[0, 0]","[2618.2833333333333, 2618.95]"
2618.983333333333,1,S3_landing,0.777614331913899,0.4595857753551218,0.9157075879620804,0.9157075879620804,False,prediction,"[0, 728]","(1, 13)","[None, 92]","[0, 636]","[0, 0]","[2618.2833333333333, 2618.983333333333]"
2619.016666666667,1,S3_landing,0.7797118950581108,0.4595857753551218,0.9175675145829384,0.9175675145829384,False,prediction,"[0, 728]","(1, 13)","[None, 82]","[0, 646]","[0, 0]","[2618.2833333333333, 2619.016666666667]"
2619.05,1,S3_landing,0.784222572085839,0.4595857753551218,0.9214824055964458,0.9214824055964458,False,prediction,"[0, 728]","(1, 13)","[None, 84]","[0, 644]","[0, 0]","[2618.2833333333333, 2619.05]"
2619.0833333333335,1,S3_landing,0.7916892882886115,0.4595857753551218,0.9277108845777138,0.9277108845777138,False,prediction,"[0, 728]","(1, 13)","[None, 90]","[0, 638]","[0, 0]","[2618.2833333333333, 2619.0833333333335]"
2619.116666666667,1,S3_landing,0.7916892882886115,0.4595857753551218,0.9277108845777138,0.9277108845777138,False,prediction,"[0, 728]","(1, 13)","[None, 90]","[0, 638]","[0, 0]","[2618.2833333333333, 2619.0833333333335]"
2619.15,1,S3_landing,0.7916892882886115,0.4595857753551218,0.9277108845777138,0.9277108845777138,False,prediction,"[0, 728]","(1, 13)","[None, 90]","[0, 638]","[0, 0]","[2618.2833333333333, 2619.0833333333335]"
2619.1833333333334,1,S3_landing,0.7916892882886115,0.4595857753551218,0.9277108845777138,0.9277108845777138,False,prediction,"[0, 728]","(1, 13)","[None, 90]","[0, 638]","[0, 0]","[2618.2833333333333, 2619.0833333333335]"
2619.2166666666667,1,S3_landing,0.7916892882886115,0.4595857753551218,0.9277108845777138,0.9277108845777138,False,prediction,"[0, 728]","(1, 13)","[None, 90]","[0, 638]","[0, 0]","[2618.2833333333333, 2619.0833333333335]"
2619.25,1,S3_landing,0.7916892882886115,0.4595857753551218,0.9277108845777138,0.9277108845777138,False,prediction,"[0, 728]","(1, 13)","[None, 90]","[0, 638]","[0, 0]","[2618.2833333333333, 2619.0833333333335]"
2619.2833333333333,1,S3_landing,0.7916892882886115,0.4595857753551218,0.9277108845777138,0.9277108845777138,False,prediction,"[0, 728]","(1, 13)","[None, 90]","[0, 638]","[0, 0]","[2618.2833333333333, 2619.0833333333335]"
2619.3166666666666,1,S3_landing,0.7916892882886115,0.4595857753551218,0.9277108845777138,0.9277108845777138,False,prediction,"[0, 728]","(1, 13)","[None, 90]","[0, 638]","[0, 0]","[2618.2833333333333, 2619.0833333333335]"
2619.35,1,S3_landing,0.7916892882886115,0.4595857753551218,0.9277108845777138,0.9277108845777138,False,prediction,"[0, 728]","(1, 13)","[None, 90]","[0, 638]","[0, 0]","[2618.2833333333333, 2619.0833333333335]"
2619.383333333333,1,S3_landing,0.7916892882886115,0.4595857753551218,0.9277108845777138,0.9277108845777138,False,prediction,"[0, 728]","(1, 12)","[None, 90]","[0, 638]","[0, 0]","[2618.2833333333333, 2619.15]"
2619.4166666666665,1,S3_landing,0.7916892882886115,0.4595857753551218,0.9277108845777138,0.9277108845777138,False,prediction,"[0, 728]","(1, 12)","[None, 90]","[0, 638]","[0, 0]","[2618.2833333333333, 2619.15]"
2619.45,1,S3_landing,0.7916892882886115,0.4595857753551218,0.9277108845777138,0.9277108845777138,False,prediction,"[0, 728]","(1, 12)","[None, 90]","[0, 638]","[0, 0]","[2618.2833333333333, 2619.15]"
2619.483333333333,1,S3_landing,0.7916892882886115,0.4595857753551218,0.9277108845777138,0.9277108845777138,False,prediction,"[0, 728]","(1, 12)","[None, 90]","[0, 638]","[0, 0]","[2618.2833333333333, 2619.15]"
2619.516666666667,1,S3_landing,0.7916892882886115,0.4595857753551218,0.9277108845777138,0.9277108845777138,False,prediction,"[0, 728]","(1, 12)","[None, 90]","[0, 638]","[0, 0]","[2618.2833333333333, 2619.15]"
2619.55,1,S3_landing,0.7916892882886115,0.4595857753551218,0.9277108845777138,0.9277108845777138,False,prediction,"[0, 728]","(1, 12)","[None, 90]","[0, 638]","[0, 0]","[2618.2833333333333, 2619.15]"
2619.5833333333335,1,S3_landing,0.7916892882886115,0.4595857753551218,0.9277108845777138,0.9277108845777138,False,prediction,"[0, 728]","(1, 12)","[None, 90]","[0, 638]","[0, 0]","[2618.2833333333333, 2619.15]"
2619.616666666667,1,S3_landing,0.7916892882886115,0.4595857753551218,0.9277108845777138,0.9277108845777138,False,prediction,"[0, 728]","(1, 12)","[None, 90]","[0, 638]","[0, 0]","[2618.2833333333333, 2619.15]"
2619.65,1,S3_landing,0.7916892882886115,0.4595857753551218,0.9277108845777138,0.9277108845777138,False,prediction,"[0, 728]","(1, 12)","[None, 90]","[0, 638]","[0, 0]","[2618.2833333333333, 2619.15]"
2619.6833333333334,1,S3_landing,0.7916892882886115,0.4595857753551218,0.9277108845777138,0.9277108845777138,False,prediction,"[0, 728]","(1, 12)","[None, 90]","[0, 638]","[0, 0]","[2618.2833333333333, 2619.15]"
2619.7166666666667,1,S3_landing,0.7916892882886115,0.4595857753551218,0.9277108845777138,0.9277108845777138,False,prediction,"[0, 728]","(1, 12)","[None, 90]","[0, 638]","[0, 0]","[2618.2833333333333, 2619.15]"
2619.75,1,S3_landing,0.8379693908596819,0.4595857753551218,0.9596184487214516,0.9596184487214516,False,prediction,"[0, 728]","(1, 12)","[None, 157]","[0, 571]","[0, 0]","[2618.2833333333333, 2619.75]"
2619.7833333333333,1,S3_landing,0.8486006111852213,0.4595857753551218,0.9608101167992122,0.9608101167992122,False,prediction,"[0, 728]","(1, 12)","[None, 142]","[0, 586]","[0, 0]","[2618.2833333333333, 2619.7833333333333]"
2619.8166666666666,1,S3_landing,0.8469561249835803,0.4595857753551218,0.9598391071428907,0.9598391071428907,False,prediction,"[0, 728]","(1, 12)","[None, 145]","[0, 583]","[0, 0]","[2618.2833333333333, 2619.8166666666666]"
2619.85,1,S3_landing,0.8554242257904023,0.4595857753551218,0.964688991338573,0.964688991338573,False,prediction,"[0, 728]","(1, 12)","[None, 160]","[0, 568]","[0, 0]","[2618.2833333333333, 2619.85]"
2619.883333333333,1,S3_landing,0.8554242257904023,0.4595857753551218,0.964688991338573,0.964688991338573,False,prediction,"[0, 728]","(1, 12)","[None, 160]","[0, 568]","[0, 0]","[2618.2833333333333, 2619.85]"
2619.9166666666665,1,S3_landing,0.8554242257904023,0.4595857753551218,0.964688991338573,0.964688991338573,False,prediction,"[0, 728]","(1, 12)","[None, 160]","[0, 568]","[0, 0]","[2618.2833333333333, 2619.85]"
2619.95,1,S3_landing,0.8554242257904023,0.4595857753551218,0.964688991338573,0.964688991338573,False,prediction,"[0, 728]","(1, 12)","[None, 160]","[0, 568]","[0, 0]","[2618.2833333333333, 2619.85]"
2619.983333333333,1,S3_landing,0.8554242257904023,0.4595857753551218,0.964688991338573,0.964688991338573,False,prediction,"[0, 728]","(1, 12)","[None, 160]","[0, 568]","[0, 0]","[2618.2833333333333, 2619.85]"
2620.016666666667,1,S3_landing,0.8554242257904023,0.4595857753551218,0.964688991338573,0.964688991338573,False,prediction,"[0, 728]","(1, 12)","[None, 160]","[0, 568]","[0, 0]","[2618.2833333333333, 2619.85]"
2620.05,1,S3_landing,0.8554242257904023,0.4595857753551218,0.964688991338573,0.964688991338573,False,prediction,"[0, 728]","(1, 12)","[None, 160]","[0, 568]","[0, 0]","[2618.2833333333333, 2619.85]"
2620.0833333333335,1,S3_landing,0.8554242257904023,0.4595857753551218,0.964688991338573,0.964688991338573,False,prediction,"[0, 728]","(1, 12)","[None, 160]","[0, 568]","[0, 0]","[2618.2833333333333, 2619.85]"
2620.116666666667,1,S3_landing,0.8554242257904023,0.4595857753551218,0.964688991338573,0.964688991338573,False,prediction,"[0, 728]","(1, 11)","[None, 160]","[0, 568]","[0, 0]","[2618.2833333333333, 2620.116666666667]"
2620.15,1,S3_landing,0.8554242257904023,0.4595857753551218,0.964688991338573,0.964688991338573,False,prediction,"[0, 728]","(1, 11)","[None, 160]","[0, 568]","[0, 0]","[2618.2833333333333, 2620.116666666667]"
2620.1833333333334,1,S3_landing,0.8554242257904023,0.4595857753551218,0.964688991338573,0.964688991338573,False,prediction,"[0, 728]","(1, 11)","[None, 160]","[0, 568]","[0, 0]","[2618.2833333333333, 2620.116666666667]"
2620.2166666666667,1,S3_landing,0.8554242257904023,0.4595857753551218,0.964688991338573,0.964688991338573,False,prediction,"[0, 728]","(1, 11)","[None, 160]","[0, 568]","[0, 0]","[2618.2833333333333, 2620.116666666667]"
2620.25,1,S3_landing,0.8554242257904023,0.4595857753551218,0.964688991338573,0.964688991338573,False,prediction,"[0, 728]","(1, 11)","[None, 160]","[0, 568]","[0, 0]","[2618.2833333333333, 2620.116666666667]"
2620.2833333333333,1,S3_landing,0.8637261098789671,0.4595857753551218,0.9720965980417642,0.9720965980417642,False,prediction,"[0, 728]","(1, 11)","[None, 19]","[0, 709]","[0, 0]","[2618.2833333333333, 2620.2833333333333]"
2620.3166666666666,1,S3_landing,0.8637261098789671,0.4595857753551218,0.9720965980417642,0.9720965980417642,False,prediction,"[0, 728]","(1, 11)","[None, 19]","[0, 709]","[0, 0]","[2618.2833333333333, 2620.2833333333333]"
2620.35,1,S3_landing,0.8637261098789671,0.4595857753551218,0.9720965980417642,0.9720965980417642,False,prediction,"[0, 728]","(1, 11)","[None, 19]","[0, 709]","[0, 0]","[2618.2833333333333, 2620.2833333333333]"
2620.383333333333,1,S3_landing,0.8637261098789671,0.4595857753551218,0.9720965980417642,0.9720965980417642,False,prediction,"[0, 728]","(1, 11)","[None, 19]","[0, 709]","[0, 0]","[2618.2833333333333, 2620.2833333333333]"
2620.4166666666665,1,S3_landing,0.8637261098789671,0.4595857753551218,0.9720965980417642,0.9720965980417642,False,prediction,"[0, 728]","(1, 11)","[None, 19]","[0, 709]","[0, 0]","[2618.2833333333333, 2620.2833333333333]"
2620.45,1,S3_landing,0.8637261098789671,0.4595857753551218,0.9720965980417642,0.9720965980417642,False,prediction,"[0, 728]","(1, 11)","[None, 19]","[0, 709]","[0, 0]","[2618.2833333333333, 2620.2833333333333]"
2620.483333333333,1,S3_landing,0.8637261098789671,0.4595857753551218,0.9720965980417642,0.9720965980417642,False,prediction,"[0, 728]","(1, 11)","[None, 19]","[0, 709]","[0, 0]","[2618.2833333333333, 2620.2833333333333]"
2620.516666666667,1,S3_landing,0.8637261098789671,0.4595857753551218,0.9720965980417642,0.9720965980417642,False,prediction,"[0, 728]","(1, 11)","[None, 19]","[0, 709]","[0, 0]","[2618.2833333333333, 2620.2833333333333]"
2620.55,1,S3_landing,0.8637261098789671,0.4595857753551218,0.9720965980417642,0.9720965980417642,False,prediction,"[0, 728]","(1, 11)","[None, 19]","[0, 709]","[0, 0]","[2618.2833333333333, 2620.2833333333333]"
2620.5833333333335,1,S3_landing,0.8637261098789671,0.4595857753551218,0.9720965980417642,0.9720965980417642,False,prediction,"[0, 728]","(1, 11)","[None, 19]","[0, 709]","[0, 0]","[2618.2833333333333, 2620.2833333333333]"
2620.616666666667,1,S3_landing,0.8637261098789671,0.4595857753551218,0.9720965980417642,0.9720965980417642,False,prediction,"[0, 728]","(1, 11)","[None, 19]","[0, 709]","[0, 0]","[2618.2833333333333, 2620.2833333333333]"
2620.65,1,S3_landing,0.8637261098789671,0.4595857753551218,0.9720965980417642,0.9720965980417642,False,prediction,"[0, 728]","(1, 11)","[None, 19]","[0, 709]","[0, 0]","[2618.2833333333333, 2620.2833333333333]"
2620.6833333333334,1,S3_landing,0.8637261098789671,0.4595857753551218,0.9720965980417642,0.9720965980417642,False,prediction,"[0, 728]","(1, 11)","[None, 19]","[0, 709]","[0, 0]","[2618.2833333333333, 2620.2833333333333]"
2620.7166666666667,1,S3_landing,0.8479339510517252,0.4595857753551218,0.9642397912280752,0.9642397912280752,False,prediction,"[0, 728]","(1, 11)","[None, 12]","[0, 716]","[0, 0]","[2618.2833333333333, 2620.7166666666667]"
2620.75,1,S3_landing,0.8479339510517252,0.4595857753551218,0.9642397912280752,0.9642397912280752,False,prediction,"[0, 728]","(1, 11)","[None, 12]","[0, 716]","[0, 0]","[2618.2833333333333, 2620.7166666666667]"
2620.7833333333333,1,S3_landing,0.8479339510517252,0.4595857753551218,0.9642397912280752,0.9642397912280752,False,prediction,"[0, 728]","(1, 11)","[None, 12]","[0, 716]","[0, 0]","[2618.2833333333333, 2620.7166666666667]"
2620.8166666666666,1,S3_landing,0.8479339510517252,0.4595857753551218,0.9642397912280752,0.9642397912280752,False,prediction,"[0, 728]","(1, 11)","[None, 12]","[0, 716]","[0, 0]","[2618.2833333333333, 2620.7166666666667]"
2620.85,1,S3_landing,0.8479339510517252,0.4595857753551218,0.9642397912280752,0.9642397912280752,False,prediction,"[0, 728]","(1, 10)","[None, 12]","[0, 716]","[0, 0]","[2618.2833333333333, 2620.85]"
2620.883333333333,1,S3_landing,0.8479339510517252,0.4595857753551218,0.9642397912280752,0.9642397912280752,False,prediction,"[0, 728]","(1, 10)","[None, 12]","[0, 716]","[0, 0]","[2618.2833333333333, 2620.85]"
2620.9166666666665,1,S3_landing,0.8479339510517252,0.4595857753551218,0.9642397912280752,0.9642397912280752,False,prediction,"[0, 728]","(1, 10)","[None, 12]","[0, 716]","[0, 0]","[2618.2833333333333, 2620.85]"
2620.95,1,S3_landing,0.8479339510517252,0.4595857753551218,0.9642397912280752,0.9642397912280752,False,prediction,"[0, 728]","(1, 10)","[None, 12]","[0, 716]","[0, 0]","[2618.2833333333333, 2620.85]"
2620.983333333333,1,S3_landing,0.8479339510517252,0.4595857753551218,0.9642397912280752,0.9642397912280752,False,prediction,"[0, 728]","(1, 10)","[None, 12]","[0, 716]","[0, 0]","[2618.2833333333333, 2620.85]"
2621.016666666667,1,S3_landing,0.8479339510517252,0.4595857753551218,0.9642397912280752,0.9642397912280752,False,prediction,"[0, 728]","(1, 10)","[None, 12]","[0, 716]","[0, 0]","[2618.2833333333333, 2620.85]"
2621.05,1,S3_landing,0.8544450766472172,0.4595857753551218,0.9676208650177096,0.9676208650177096,False,prediction,"[0, 728]","(1, 10)","[None, 12]","[0, 716]","[0, 0]","[2618.2833333333333, 2621.05]"
2621.0833333333335,1,S3_landing,0.8544450766472172,0.4595857753551218,0.9676208650177096,0.9676208650177096,False,prediction,"[0, 728]","(1, 10)","[None, 12]","[0, 716]","[0, 0]","[2618.2833333333333, 2621.05]"
2621.116666666667,1,S3_landing,0.8544450766472172,0.4595857753551218,0.9676208650177096,0.9676208650177096,False,prediction,"[0, 728]","(1, 10)","[None, 12]","[0, 716]","[0, 0]","[2618.2833333333333, 2621.05]"
2621.15,1,S3_landing,0.8544450766472172,0.4595857753551218,0.9676208650177096,0.9676208650177096,False,prediction,"[0, 728]","(1, 10)","[None, 12]","[0, 716]","[0, 0]","[2618.2833333333333, 2621.05]"
2621.1833333333334,1,S3_landing,0.8544450766472172,0.4595857753551218,0.9676208650177096,0.9676208650177096,False,prediction,"[0, 728]","(1, 10)","[None, 12]","[0, 716]","[0, 0]","[2618.2833333333333, 2621.05]"
2621.2166666666667,1,S3_landing,0.8544450766472172,0.4595857753551218,0.9676208650177096,0.9676208650177096,False,prediction,"[0, 728]","(1, 10)","[None, 12]","[0, 716]","[0, 0]","[2618.2833333333333, 2621.05]"
2621.25,1,S3_landing,0.8634777939410895,0.4595857753551218,0.9670711459005213,0.9670711459005213,False,prediction,"[0, 728]","(1, 10)","[None, 38]","[0, 690]","[0, 0]","[2618.2833333333333, 2621.25]"
2621.2833333333333,1,S3_landing,0.8634777939410895,0.4595857753551218,0.9670711459005213,0.9670711459005213,False,prediction,"[0, 728]","(1, 10)","[None, 38]","[0, 690]","[0, 0]","[2618.2833333333333, 2621.25]"
2621.3166666666666,1,S3_landing,0.8634777939410895,0.4595857753551218,0.9670711459005213,0.9670711459005213,False,prediction,"[0, 728]","(1, 10)","[None, 38]","[0, 690]","[0, 0]","[2618.2833333333333, 2621.25]"
2621.35,1,S3_landing,0.8634777939410895,0.4595857753551218,0.9670711459005213,0.9670711459005213,False,prediction,"[0, 728]","(1, 10)","[None, 38]","[0, 690]","[0, 0]","[2618.2833333333333, 2621.25]"
2621.383333333333,1,S3_landing,0.8634777939410895,0.4595857753551218,0.9670711459005213,0.9670711459005213,False,prediction,"[0, 728]","(1, 10)","[None, 38]","[0, 690]","[0, 0]","[2618.2833333333333, 2621.25]"
2621.4166666666665,1,S3_landing,0.8634777939410895,0.4595857753551218,0.9670711459005213,0.9670711459005213,False,prediction,"[0, 728]","(1, 10)","[None, 38]","[0, 690]","[0, 0]","[2618.2833333333333, 2621.25]"
2621.45,1,S3_landing,0.8634777939410895,0.4595857753551218,0.9670711459005213,0.9670711459005213,False,prediction,"[0, 728]","(1, 10)","[None, 38]","[0, 690]","[0, 0]","[2618.2833333333333, 2621.25]"
2621.483333333333,1,S3_landing,0.8634777939410895,0.4595857753551218,0.9670711459005213,0.9670711459005213,False,prediction,"[0, 728]","(1, 10)","[None, 38]","[0, 690]","[0, 0]","[2618.2833333333333, 2621.25]"
2621.516666666667,1,S3_landing,0.8634777939410895,0.4595857753551218,0.9670711459005213,0.9670711459005213,False,prediction,"[0, 728]","(1, 10)","[None, 38]","[0, 690]","[0, 0]","[2618.2833333333333, 2621.25]"
2621.55,1,S3_landing,0.8634777939410895,0.4595857753551218,0.9670711459005213,0.9670711459005213,False,prediction,"[0, 728]","(1, 10)","[None, 38]","[0, 690]","[0, 0]","[2618.2833333333333, 2621.25]"
2621.5833333333335,1,S3_landing,0.8634777939410895,0.4595857753551218,0.9670711459005213,0.9670711459005213,False,prediction,"[0, 728]","(1, 9)","[None, 38]","[0, 690]","[0, 0]","[2618.2833333333333, 2621.5833333333335]"
2621.616666666667,1,S3_landing,0.8634777939410895,0.4595857753551218,0.9670711459005213,0.9670711459005213,False,prediction,"[0, 728]","(1, 9)","[None, 38]","[0, 690]","[0, 0]","[2618.2833333333333, 2621.5833333333335]"
2621.65,1,S3_landing,0.8634777939410895,0.4595857753551218,0.9670711459005213,0.9670711459005213,False,prediction,"[0, 728]","(1, 9)","[None, 38]","[0, 690]","[0, 0]","[2618.2833333333333, 2621.5833333333335]"
2621.6833333333334,1,S3_landing,0.8634777939410895,0.4595857753551218,0.9670711459005213,0.9670711459005213,False,prediction,"[0, 728]","(1, 9)","[None, 38]","[0, 690]","[0, 0]","[2618.2833333333333, 2621.5833333333335]"
2621.7166666666667,1,S3_landing,0.870023967894511,0.4595857753551218,0.9700283903128925,0.9700283903128925,False,prediction,"[0, 728]","(1, 9)","[None, 222]","[0, 506]","[0, 0]","[2618.2833333333333, 2621.7166666666667]"
2621.75,1,S3_landing,0.8578503750436317,0.4595857753551218,0.9693094060173288,0.9693094060173288,False,prediction,"[0, 728]","(1, 9)","[None, 9]","[0, 719]","[0, 0]","[2618.2833333333333, 2621.75]"
2621.7833333333333,1,S3_landing,0.8722281653945991,0.4595857753551218,0.9716004346913075,0.9716004346913075,False,prediction,"[0, 728]","(1, 9)","[None, 38]","[0, 690]","[0, 0]","[2618.2833333333333, 2621.7833333333333]"
2621.8166666666666,1,S3_landing,0.876909647717592,0.4595857753551218,0.9738633279202775,0.9738633279202775,False,prediction,"[0, 728]","(1, 9)","[None, 75]","[0, 653]","[0, 0]","[2618.2833333333333, 2621.8166666666666]"
2621.85,1,S3_landing,0.876909647717592,0.4595857753551218,0.9738633279202775,0.9738633279202775,False,prediction,"[0, 728]","(1, 9)","[None, 75]","[0, 653]","[0, 0]","[2618.2833333333333, 2621.8166666666666]"
2621.883333333333,1,S3_landing,0.876909647717592,0.4595857753551218,0.9738633279202775,0.9738633279202775,False,prediction,"[0, 728]","(1, 9)","[None, 75]","[0, 653]","[0, 0]","[2618.2833333333333, 2621.8166666666666]"
2621.9166666666665,1,S3_landing,0.876909647717592,0.4595857753551218,0.9738633279202775,0.9738633279202775,False,prediction,"[0, 728]","(1, 9)","[None, 75]","[0, 653]","[0, 0]","[2618.2833333333333, 2621.8166666666666]"
2621.95,1,S3_landing,0.876909647717592,0.4595857753551218,0.9738633279202775,0.9738633279202775,False,prediction,"[0, 728]","(1, 9)","[None, 75]","[0, 653]","[0, 0]","[2618.2833333333333, 2621.8166666666666]"
2621.983333333333,1,S3_landing,0.876909647717592,0.4595857753551218,0.9738633279202775,0.9738633279202775,False,prediction,"[0, 728]","(1, 9)","[None, 75]","[0, 653]","[0, 0]","[2618.2833333333333, 2621.8166666666666]"
2622.016666666667,1,S3_landing,0.876909647717592,0.4595857753551218,0.9738633279202775,0.9738633279202775,False,prediction,"[0, 728]","(1, 9)","[None, 75]","[0, 653]","[0, 0]","[2618.2833333333333, 2621.8166666666666]"
2622.05,1,S3_landing,0.876909647717592,0.4595857753551218,0.9738633279202775,0.9738633279202775,False,prediction,"[0, 728]","(1, 9)","[None, 75]","[0, 653]","[0, 0]","[2618.2833333333333, 2621.8166666666666]"
2622.0833333333335,1,S3_landing,0.876909647717592,0.4595857753551218,0.9738633279202775,0.9738633279202775,False,prediction,"[0, 728]","(1, 9)","[None, 75]","[0, 653]","[0, 0]","[2618.2833333333333, 2621.8166666666666]"
2622.116666666667,1,S3_landing,0.876909647717592,0.4595857753551218,0.9738633279202775,0.9738633279202775,False,prediction,"[0, 728]","(1, 9)","[None, 75]","[0, 653]","[0, 0]","[2618.2833333333333, 2621.8166666666666]"
2622.15,1,S3_landing,0.876909647717592,0.4595857753551218,0.9738633279202775,0.9738633279202775,False,prediction,"[0, 728]","(1, 9)","[None, 75]","[0, 653]","[0, 0]","[2618.2833333333333, 2621.8166666666666]"
2622.1833333333334,1,S3_landing,0.8753334666109478,0.4595857753551218,0.9731137487590247,0.9731137487590247,False,prediction,"[0, 728]","(1, 9)","[None, 75]","[0, 653]","[0, 0]","[2618.2833333333333, 2622.1833333333334]"
2622.2166666666667,1,S3_landing,0.8753334666109478,0.4595857753551218,0.9731137487590247,0.9731137487590247,False,prediction,"[0, 728]","(1, 9)","[None, 75]","[0, 653]","[0, 0]","[2618.2833333333333, 2622.1833333333334]"
2622.25,1,S3_landing,0.8753334666109478,0.4595857753551218,0.9731137487590247,0.9731137487590247,False,prediction,"[0, 728]","(1, 9)","[None, 75]","[0, 653]","[0, 0]","[2618.2833333333333, 2622.1833333333334]"
2622.2833333333333,1,S3_landing,0.8753334666109478,0.4595857753551218,0.9731137487590247,0.9731137487590247,False,prediction,"[0, 728]","(1, 9)","[None, 75]","[0, 653]","[0, 0]","[2618.2833333333333, 2622.1833333333334]"
2622.3166666666666,1,S3_landing,0.8753334666109478,0.4595857753551218,0.9731137487590247,0.9731137487590247,False,prediction,"[0, 728]","(1, 8)","[None, 75]","[0, 653]","[0, 0]","[2618.2833333333333, 2622.3166666666666]"
2622.35,1,S3_landing,0.8753334666109478,0.4595857753551218,0.9731137487590247,0.9731137487590247,False,prediction,"[0, 728]","(1, 8)","[None, 75]","[0, 653]","[0, 0]","[2618.2833333333333, 2622.3166666666666]"
2622.383333333333,1,S3_landing,0.8753334666109478,0.4595857753551218,0.9731137487590247,0.9731137487590247,False,prediction,"[0, 728]","(1, 8)","[None, 75]","[0, 653]","[0, 0]","[2618.2833333333333, 2622.3166666666666]"
2622.4166666666665,1,S3_landing,0.8753334666109478,0.4595857753551218,0.9731137487590247,0.9731137487590247,False,prediction,"[0, 728]","(1, 8)","[None, 75]","[0, 653]","[0, 0]","[2618.2833333333333, 2622.3166666666666]"
2622.45,1,S3_landing,0.8673824437332952,0.4595857753551218,0.9686519835197223,0.9686519835197223,False,prediction,"[0, 728]","(1, 8)","[None, 222]","[0, 506]","[0, 0]","[2618.2833333333333, 2622.45]"
2622.483333333333,1,S3_landing,0.8592626370726193,0.4595857753551218,0.969993837372672,0.969993837372672,False,prediction,"[0, 728]","(1, 8)","[None, 5]","[0, 723]","[0, 0]","[2618.2833333333333, 2622.483333333333]"
2622.516666666667,1,S3_landing,0.8699536731492332,0.4595857753551218,0.9735470487038784,0.9735470487038784,False,prediction,"[0, 728]","(1, 8)","[None, 222]","[0, 506]","[0, 0]","[2618.2833333333333, 2622.516666666667]"
2622.55,1,S3_landing,0.8674690295334835,0.4595857753551218,0.9737900229226236,0.9737900229226236,False,prediction,"[0, 728]","(1, 8)","[None, 10]","[0, 718]","[0, 0]","[2618.2833333333333, 2622.55]"
2622.5833333333335,1,S3_landing,0.8674690295334835,0.4595857753551218,0.9737900229226236,0.9737900229226236,False,prediction,"[0, 728]","(1, 8)","[None, 10]","[0, 718]","[0, 0]","[2618.2833333333333, 2622.55]"
2622.616666666667,1,S3_landing,0.8674690295334835,0.4595857753551218,0.9737900229226236,0.9737900229226236,False,prediction,"[0, 728]","(1, 8)","[None, 10]","[0, 718]","[0, 0]","[2618.2833333333333, 2622.55]"
2622.65,1,S3_landing,0.8674690295334835,0.4595857753551218,0.9737900229226236,0.9737900229226236,False,prediction,"[0, 728]","(1, 8)","[None, 10]","[0, 718]","[0, 0]","[2618.2833333333333, 2622.55]"
2622.6833333333334,1,S3_landing,0.8674690295334835,0.4595857753551218,0.9737900229226236,0.9737900229226236,False,prediction,"[0, 728]","(1, 8)","[None, 10]","[0, 718]","[0, 0]","[2618.2833333333333, 2622.55]"
2622.7166666666667,1,S3_landing,0.8674690295334835,0.4595857753551218,0.9737900229226236,0.9737900229226236,False,prediction,"[0, 728]","(1, 8)","[None, 10]","[0, 718]","[0, 0]","[2618.2833333333333, 2622.55]"
2622.75,1,S3_landing,0.8674690295334835,0.4595857753551218,0.9737900229226236,0.9737900229226236,False,prediction,"[0, 728]","(1, 8)","[None, 10]","[0, 718]","[0, 0]","[2618.2833333333333, 2622.55]"
2622.7833333333333,1,S3_landing,0.8674690295334835,0.4595857753551218,0.9737900229226236,0.9737900229226236,False,prediction,"[0, 728]","(1, 8)","[None, 10]","[0, 718]","[0, 0]","[2618.2833333333333, 2622.55]"
2622.8166666666666,1,S3_landing,0.8674690295334835,0.4595857753551218,0.9737900229226236,0.9737900229226236,False,prediction,"[0, 728]","(1, 8)","[None, 10]","[0, 718]","[0, 0]","[2618.2833333333333, 2622.55]"
2622.85,1,S3_landing,0.8686742824275105,0.4595857753551218,0.9743219151826336,0.9743219151826336,False,prediction,"[0, 728]","(1, 8)","[None, 10]","[0, 718]","[0, 0]","[2618.2833333333333, 2622.85]"
2622.883333333333,1,S3_landing,0.8686742824275105,0.4595857753551218,0.9743219151826336,0.9743219151826336,False,prediction,"[0, 728]","(1, 8)","[None, 10]","[0, 718]","[0, 0]","[2618.2833333333333, 2622.85]"
2622.9166666666665,1,S3_landing,0.8686742824275105,0.4595857753551218,0.9743219151826336,0.9743219151826336,False,prediction,"[0, 728]","(1, 8)","[None, 10]","[0, 718]","[0, 0]","[2618.2833333333333, 2622.85]"
2622.95,1,S3_landing,0.8686742824275105,0.4595857753551218,0.9743219151826336,0.9743219151826336,False,prediction,"[0, 728]","(1, 8)","[None, 10]","[0, 718]","[0, 0]","[2618.2833333333333, 2622.85]"
2622.983333333333,1,S3_landing,0.8686742824275105,0.4595857753551218,0.9743219151826336,0.9743219151826336,False,prediction,"[0, 728]","(1, 8)","[None, 10]","[0, 718]","[0, 0]","[2618.2833333333333, 2622.85]"
2623.016666666667,1,S3_landing,0.8686742824275105,0.4595857753551218,0.9743219151826336,0.9743219151826336,False,prediction,"[0, 728]","(1, 8)","[None, 10]","[0, 718]","[0, 0]","[2618.2833333333333, 2622.85]"
2623.05,1,S3_landing,0.8686742824275105,0.4595857753551218,0.9743219151826336,0.9743219151826336,False,prediction,"[0, 728]","(1, 7)","[None, 10]","[0, 718]","[0, 0]","[2618.2833333333333, 2623.05]"
2623.0833333333335,1,S3_landing,0.8686742824275105,0.4595857753551218,0.9743219151826336,0.9743219151826336,False,prediction,"[0, 728]","(1, 7)","[None, 10]","[0, 718]","[0, 0]","[2618.2833333333333, 2623.05]"
2623.116666666667,1,S3_landing,0.8645884326504787,0.4595857753551218,0.9671563889098095,0.9671563889098095,False,prediction,"[0, 728]","(1, 7)","[None, 222]","[0, 506]","[0, 0]","[2618.2833333333333, 2623.116666666667]"
2623.15,1,S3_landing,0.8603808739435638,0.4595857753551218,0.9705292304380246,0.9705292304380246,False,prediction,"[0, 728]","(1, 7)","[None, 10]","[0, 718]","[0, 0]","[2618.2833333333333, 2623.15]"
2623.1833333333334,1,S3_landing,0.8630280441739061,0.4595857753551218,0.9717737500957419,0.9717737500957419,False,prediction,"[0, 728]","(1, 7)","[None, 14]","[0, 714]","[0, 0]","[2618.2833333333333, 2623.1833333333334]"
2623.2166666666667,1,S3_landing,0.8766629476026605,0.4595857753551218,0.9733287789022688,0.9733287789022688,False,prediction,"[0, 728]","(1, 7)","[None, 228]","[0, 500]","[0, 0]","[2618.2833333333333, 2623.2166666666667]"
2623.25,1,S3_landing,0.8766629476026605,0.4595857753551218,0.9733287789022688,0.9733287789022688,False,prediction,"[0, 728]","(1, 7)","[None, 228]","[0, 500]","[0, 0]","[2618.2833333333333, 2623.2166666666667]"
2623.2833333333333,1,S3_landing,0.8766629476026605,0.4595857753551218,0.9733287789022688,0.9733287789022688,False,prediction,"[0, 728]","(1, 7)","[None, 228]","[0, 500]","[0, 0]","[2618.2833333333333, 2623.2166666666667]"
2623.3166666666666,1,S3_landing,0.8766629476026605,0.4595857753551218,0.9733287789022688,0.9733287789022688,False,prediction,"[0, 728]","(1, 7)","[None, 228]","[0, 500]","[0, 0]","[2618.2833333333333, 2623.2166666666667]"
2623.35,1,S3_landing,0.8766629476026605,0.4595857753551218,0.9733287789022688,0.9733287789022688,False,prediction,"[0, 728]","(1, 7)","[None, 228]","[0, 500]","[0, 0]","[2618.2833333333333, 2623.2166666666667]"
2623.383333333333,1,S3_landing,0.8766629476026605,0.4595857753551218,0.9733287789022688,0.9733287789022688,False,prediction,"[0, 728]","(1, 7)","[None, 228]","[0, 500]","[0, 0]","[2618.2833333333333, 2623.2166666666667]"
2623.4166666666665,1,S3_landing,0.8766629476026605,0.4595857753551218,0.9733287789022688,0.9733287789022688,False,prediction,"[0, 728]","(1, 7)","[None, 228]","[0, 500]","[0, 0]","[2618.2833333333333, 2623.2166666666667]"
2623.45,1,S3_landing,0.8766629476026605,0.4595857753551218,0.9733287789022688,0.9733287789022688,False,prediction,"[0, 728]","(1, 7)","[None, 228]","[0, 500]","[0, 0]","[2618.2833333333333, 2623.2166666666667]"
2623.483333333333,1,S3_landing,0.8766629476026605,0.4595857753551218,0.9733287789022688,0.9733287789022688,False,prediction,"[0, 728]","(1, 7)","[None, 228]","[0, 500]","[0, 0]","[2618.2833333333333, 2623.2166666666667]"
2623.516666666667,1,S3_landing,0.8766629476026605,0.4595857753551218,0.9733287789022688,0.9733287789022688,False,prediction,"[0, 728]","(1, 7)","[None, 228]","[0, 500]","[0, 0]","[2618.2833333333333, 2623.2166666666667]"
2623.55,1,S3_landing,0.8766629476026605,0.4595857753551218,0.9733287789022688,0.9733287789022688,False,prediction,"[0, 728]","(1, 7)","[None, 228]","[0, 500]","[0, 0]","[2618.2833333333333, 2623.2166666666667]"
2623.5833333333335,1,S3_landing,0.8766629476026605,0.4595857753551218,0.9733287789022688,0.9733287789022688,False,prediction,"[0, 728]","(1, 7)","[None, 228]","[0, 500]","[0, 0]","[2618.2833333333333, 2623.2166666666667]"
2623.616666666667,1,S3_landing,0.8766629476026605,0.4595857753551218,0.9733287789022688,0.9733287789022688,False,prediction,"[0, 728]","(1, 7)","[None, 228]","[0, 500]","[0, 0]","[2618.2833333333333, 2623.2166666666667]"
2623.65,1,S3_landing,0.8519168187068775,0.4595857753551218,0.9663319512029817,0.9663319512029817,False,prediction,"[0, 728]","(1, 7)","[None, 7]","[0, 721]","[0, 0]","[2618.2833333333333, 2623.65]"
2623.6833333333334,1,S3_landing,0.8519168187068775,0.4595857753551218,0.9663319512029817,0.9663319512029817,False,prediction,"[0, 728]","(1, 7)","[None, 7]","[0, 721]","[0, 0]","[2618.2833333333333, 2623.65]"
2623.7166666666667,1,S3_landing,0.8519168187068775,0.4595857753551218,0.9663319512029817,0.9663319512029817,False,prediction,"[0, 728]","(1, 7)","[None, 7]","[0, 721]","[0, 0]","[2618.2833333333333, 2623.65]"
2623.75,1,S3_landing,0.8519168187068775,0.4595857753551218,0.9663319512029817,0.9663319512029817,False,prediction,"[0, 728]","(1, 7)","[None, 7]","[0, 721]","[0, 0]","[2618.2833333333333, 2623.65]"
2623.7833333333333,1,S3_landing,0.8519168187068775,0.4595857753551218,0.9663319512029817,0.9663319512029817,False,prediction,"[0, 728]","(1, 6)","[None, 7]","[0, 721]","[0, 0]","[2618.2833333333333, 2623.7833333333333]"
2623.8166666666666,1,S3_landing,0.8519168187068775,0.4595857753551218,0.9663319512029817,0.9663319512029817,False,prediction,"[0, 728]","(1, 6)","[None, 7]","[0, 721]","[0, 0]","[2618.2833333333333, 2623.7833333333333]"
2623.85,1,S3_landing,0.8519168187068775,0.4595857753551218,0.9663319512029817,0.9663319512029817,False,prediction,"[0, 728]","(1, 6)","[None, 7]","[0, 721]","[0, 0]","[2618.2833333333333, 2623.7833333333333]"
2623.883333333333,1,S3_landing,0.8519168187068775,0.4595857753551218,0.9663319512029817,0.9663319512029817,False,prediction,"[0, 728]","(1, 6)","[None, 7]","[0, 721]","[0, 0]","[2618.2833333333333, 2623.7833333333333]"
2623.9166666666665,1,S3_landing,0.848570919255428,0.4595857753551218,0.9584266420254322,0.9584266420254322,False,prediction,"[0, 728]","(1, 6)","[None, 222]","[0, 506]","[0, 0]","[2618.2833333333333, 2623.9166666666665]"
2623.95,1,S3_landing,0.84447284643581,0.4595857753551218,0.9623597048971112,0.9623597048971112,False,prediction,"[0, 728]","(1, 6)","[None, 14]","[0, 714]","[0, 0]","[2618.2833333333333, 2623.95]"
2623.983333333333,1,S3_landing,0.8608057427069222,0.4595857753551218,0.9637997622031014,0.9637997622031014,False,prediction,"[0, 728]","(1, 6)","[None, 14]","[0, 714]","[0, 0]","[2618.2833333333333, 2623.983333333333]"
2624.016666666667,1,S3_landing,0.8613677485396335,0.4595857753551218,0.9659194803495279,0.9659194803495279,False,prediction,"[0, 728]","(1, 6)","[None, 38]","[0, 690]","[0, 0]","[2618.2833333333333, 2624.016666666667]"
2624.05,1,S3_landing,0.8613677485396335,0.4595857753551218,0.9659194803495279,0.9659194803495279,False,prediction,"[0, 728]","(1, 6)","[None, 38]","[0, 690]","[0, 0]","[2618.2833333333333, 2624.016666666667]"
2624.0833333333335,1,S3_landing,0.8613677485396335,0.4595857753551218,0.9659194803495279,0.9659194803495279,False,prediction,"[0, 728]","(1, 6)","[None, 38]","[0, 690]","[0, 0]","[2618.2833333333333, 2624.016666666667]"
2624.116666666667,1,S3_landing,0.8613677485396335,0.4595857753551218,0.9659194803495279,0.9659194803495279,False,prediction,"[0, 728]","(1, 6)","[None, 38]","[0, 690]","[0, 0]","[2618.2833333333333, 2624.016666666667]"
2624.15,1,S3_landing,0.8613677485396335,0.4595857753551218,0.9659194803495279,0.9659194803495279,False,prediction,"[0, 728]","(1, 6)","[None, 38]","[0, 690]","[0, 0]","[2618.2833333333333, 2624.016666666667]"
2624.1833333333334,1,S3_landing,0.8613677485396335,0.4595857753551218,0.9659194803495279,0.9659194803495279,False,prediction,"[0, 728]","(1, 6)","[None, 38]","[0, 690]","[0, 0]","[2618.2833333333333, 2624.016666666667]"
2624.2166666666667,1,S3_landing,0.8613677485396335,0.4595857753551218,0.9659194803495279,0.9659194803495279,False,prediction,"[0, 728]","(1, 6)","[None, 38]","[0, 690]","[0, 0]","[2618.2833333333333, 2624.016666666667]"
2624.25,1,S3_landing,0.8613677485396335,0.4595857753551218,0.9659194803495279,0.9659194803495279,False,prediction,"[0, 728]","(1, 6)","[None, 38]","[0, 690]","[0, 0]","[2618.2833333333333, 2624.016666666667]"
2624.2833333333333,1,S3_landing,0.8613677485396335,0.4595857753551218,0.9659194803495279,0.9659194803495279,False,prediction,"[0, 728]","(1, 6)","[None, 38]","[0, 690]","[0, 0]","[2618.2833333333333, 2624.016666666667]"
2624.3166666666666,1,S3_landing,0.8613677485396335,0.4595857753551218,0.9659194803495279,0.9659194803495279,False,prediction,"[0, 728]","(1, 6)","[None, 38]","[0, 690]","[0, 0]","[2618.2833333333333, 2624.016666666667]"
2624.35,1,S3_landing,0.8613677485396335,0.4595857753551218,0.9659194803495279,0.9659194803495279,False,prediction,"[0, 728]","(1, 6)","[None, 38]","[0, 690]","[0, 0]","[2618.2833333333333, 2624.016666666667]"
2624.383333333333,1,S3_landing,0.8589327227669445,0.4595857753551218,0.9645612790445391,0.9645612790445391,False,prediction,"[0, 728]","(1, 6)","[None, 42]","[0, 686]","[0, 0]","[2618.2833333333333, 2624.383333333333]"
2624.4166666666665,1,S3_landing,0.8589327227669445,0.4595857753551218,0.9645612790445391,0.9645612790445391,False,prediction,"[0, 728]","(1, 6)","[None, 42]","[0, 686]","[0, 0]","[2618.2833333333333, 2624.383333333333]"
2624.45,1,S3_landing,0.8589327227669445,0.4595857753551218,0.9645612790445391,0.9645612790445391,False,prediction,"[0, 728]","(1, 6)","[None, 42]","[0, 686]","[0, 0]","[2618.2833333333333, 2624.383333333333]"
2624.483333333333,1,S3_landing,0.8589327227669445,0.4595857753551218,0.9645612790445391,0.9645612790445391,False,prediction,"[0, 728]","(1, 6)","[None, 42]","[0, 686]","[0, 0]","[2618.2833333333333, 2624.383333333333]"
2624.516666666667,1,S3_landing,0.8589327227669445,0.4595857753551218,0.9645612790445391,0.9645612790445391,False,prediction,"[0, 728]","(1, 5)","[None, 42]","[0, 686]","[0, 0]","[2618.2833333333333, 2624.516666666667]"
2624.55,1,S3_landing,0.8589327227669445,0.4595857753551218,0.9645612790445391,0.9645612790445391,False,prediction,"[0, 728]","(1, 5)","[None, 42]","[0, 686]","[0, 0]","[2618.2833333333333, 2624.516666666667]"
2624.5833333333335,1,S3_landing,0.8589327227669445,0.4595857753551218,0.9645612790445391,0.9645612790445391,False,prediction,"[0, 728]","(1, 5)","[None, 42]","[0, 686]","[0, 0]","[2618.2833333333333, 2624.516666666667]"
2624.616666666667,1,S3_landing,0.8589327227669445,0.4595857753551218,0.9645612790445391,0.9645612790445391,False,prediction,"[0, 728]","(1, 5)","[None, 42]","[0, 686]","[0, 0]","[2618.2833333333333, 2624.516666666667]"
2624.65,1,S3_landing,0.8440421168224556,0.4595857753551218,0.9555615367566673,0.9555615367566673,False,prediction,"[0, 728]","(1, 5)","[None, 222]","[0, 506]","[0, 0]","[2618.2833333333333, 2624.65]"
2624.6833333333334,1,S3_landing,0.8440421168224556,0.4595857753551218,0.9555615367566673,0.9555615367566673,False,prediction,"[0, 728]","(1, 5)","[None, 222]","[0, 506]","[0, 0]","[2618.2833333333333, 2624.65]"
2624.7166666666667,1,S3_landing,0.8440421168224556,0.4595857753551218,0.9555615367566673,0.9555615367566673,False,prediction,"[0, 728]","(1, 5)","[None, 222]","[0, 506]","[0, 0]","[2618.2833333333333, 2624.65]"
2624.75,1,S3_landing,0.8440421168224556,0.4595857753551218,0.9555615367566673,0.9555615367566673,False,prediction,"[0, 728]","(1, 5)","[None, 222]","[0, 506]","[0, 0]","[2618.2833333333333, 2624.65]"
2624.7833333333333,1,S3_landing,0.8440421168224556,0.4595857753551218,0.9555615367566673,0.9555615367566673,False,prediction,"[0, 728]","(1, 5)","[None, 222]","[0, 506]","[0, 0]","[2618.2833333333333, 2624.65]"
2624.8166666666666,1,S3_landing,0.8440421168224556,0.4595857753551218,0.9555615367566673,0.9555615367566673,False,prediction,"[0, 728]","(1, 5)","[None, 222]","[0, 506]","[0, 0]","[2618.2833333333333, 2624.65]"
2624.85,1,S3_landing,0.8440421168224556,0.4595857753551218,0.9555615367566673,0.9555615367566673,False,prediction,"[0, 728]","(1, 5)","[None, 222]","[0, 506]","[0, 0]","[2618.2833333333333, 2624.65]"
2624.883333333333,1,S3_landing,0.8524388885631311,0.4595857753551218,0.9653912140060923,0.9653912140060923,False,prediction,"[0, 728]","(1, 5)","[None, 75]","[0, 653]","[0, 0]","[2618.2833333333333, 2624.883333333333]"
2624.9166666666665,1,S3_landing,0.8524388885631311,0.4595857753551218,0.9653912140060923,0.9653912140060923,False,prediction,"[0, 728]","(1, 5)","[None, 75]","[0, 653]","[0, 0]","[2618.2833333333333, 2624.883333333333]"
2624.95,1,S3_landing,0.8524388885631311,0.4595857753551218,0.9653912140060923,0.9653912140060923,False,prediction,"[0, 728]","(1, 5)","[None, 75]","[0, 653]","[0, 0]","[2618.2833333333333, 2624.883333333333]"
2624.983333333333,1,S3_landing,0.8524388885631311,0.4595857753551218,0.9653912140060923,0.9653912140060923,False,prediction,"[0, 728]","(1, 5)","[None, 75]","[0, 653]","[0, 0]","[2618.2833333333333, 2624.883333333333]"
2625.016666666667,1,S3_landing,0.8524388885631311,0.4595857753551218,0.9653912140060923,0.9653912140060923,False,prediction,"[0, 728]","(1, 5)","[None, 75]","[0, 653]","[0, 0]","[2618.2833333333333, 2624.883333333333]"
2625.05,1,S3_landing,0.8157649759470836,0.4595857753551218,0.950879149463363,0.950879149463363,False,prediction,"[0, 728]","(1, 5)","[None, 222]","[0, 506]","[0, 0]","[2618.2833333333333, 2625.05]"
2625.0833333333335,1,S3_landing,0.8157649759470836,0.4595857753551218,0.950879149463363,0.950879149463363,False,prediction,"[0, 728]","(1, 5)","[None, 222]","[0, 506]","[0, 0]","[2618.2833333333333, 2625.05]"
2625.116666666667,1,S3_landing,0.8157649759470836,0.4595857753551218,0.950879149463363,0.950879149463363,False,prediction,"[0, 728]","(1, 5)","[None, 222]","[0, 506]","[0, 0]","[2618.2833333333333, 2625.05]"
2625.15,1,S3_landing,0.8157649759470836,0.4595857753551218,0.950879149463363,0.950879149463363,False,prediction,"[0, 728]","(1, 5)","[None, 222]","[0, 506]","[0, 0]","[2618.2833333333333, 2625.05]"
2625.1833333333334,1,S3_landing,0.8157649759470836,0.4595857753551218,0.950879149463363,0.950879149463363,False,prediction,"[0, 728]","(1, 5)","[None, 222]","[0, 506]","[0, 0]","[2618.2833333333333, 2625.05]"
2625.2166666666667,1,S3_landing,0.8157649759470836,0.4595857753551218,0.950879149463363,0.950879149463363,False,prediction,"[0, 728]","(1, 5)","[None, 222]","[0, 506]","[0, 0]","[2618.2833333333333, 2625.05]"
2625.25,1,S3_landing,0.8157649759470836,0.4595857753551218,0.950879149463363,0.950879149463363,False,prediction,"[0, 728]","(1, 4)","[None, 14]","[0, 714]","[0, 0]","[2618.2833333333333, 2625.25]"
2625.2833333333333,1,S3_landing,0.8157649759470836,0.4595857753551218,0.950879149463363,0.950879149463363,False,prediction,"[0, 728]","(1, 4)","[None, 14]","[0, 714]","[0, 0]","[2618.2833333333333, 2625.25]"
2625.3166666666666,1,S3_landing,0.8304812827191927,0.4595857753551218,0.943529285153302,0.943529285153302,False,prediction,"[0, 728]","(1, 4)","[None, 14]","[0, 714]","[0, 0]","[2618.2833333333333, 2625.3166666666666]"
2625.35,1,S3_landing,0.82812995518286,0.4595857753551218,0.9526820526275188,0.9526820526275188,False,prediction,"[0, 728]","(1, 4)","[None, 5]","[0, 723]","[0, 0]","[2618.2833333333333, 2625.35]"
2625.383333333333,1,S3_landing,0.8409609174218571,0.4595857753551218,0.9603923293868221,0.9603923293868221,False,prediction,"[0, 728]","(1, 4)","[None, 5]","[0, 723]","[0, 0]","[2618.2833333333333, 2625.383333333333]"
2625.4166666666665,1,S3_landing,0.8419827228956828,0.4595857753551218,0.9518428978643473,0.9518428978643473,False,prediction,"[0, 728]","(1, 4)","[None, 6]","[0, 722]","[0, 0]","[2618.2833333333333, 2625.4166666666665]"
2625.45,1,S3_landing,0.8419827228956828,0.4595857753551218,0.9518428978643473,0.9518428978643473,False,prediction,"[0, 728]","(1, 4)","[None, 6]","[0, 722]","[0, 0]","[2618.2833333333333, 2625.4166666666665]"
2625.483333333333,1,S3_landing,0.8419827228956828,0.4595857753551218,0.9518428978643473,0.9518428978643473,False,prediction,"[0, 728]","(1, 4)","[None, 6]","[0, 722]","[0, 0]","[2618.2833333333333, 2625.4166666666665]"
2625.516666666667,1,S3_landing,0.8419827228956828,0.4595857753551218,0.9518428978643473,0.9518428978643473,False,prediction,"[0, 728]","(1, 4)","[None, 6]","[0, 722]","[0, 0]","[2618.2833333333333, 2625.4166666666665]"
2625.55,1,S3_landing,0.8419827228956828,0.4595857753551218,0.9518428978643473,0.9518428978643473,False,prediction,"[0, 728]","(1, 4)","[None, 6]","[0, 722]","[0, 0]","[2618.2833333333333, 2625.4166666666665]"
2625.5833333333335,1,S3_landing,0.8419827228956828,0.4595857753551218,0.9518428978643473,0.9518428978643473,False,prediction,"[0, 728]","(1, 4)","[None, 6]","[0, 722]","[0, 0]","[2618.2833333333333, 2625.4166666666665]"
2625.616666666667,1,S3_landing,0.8419827228956828,0.4595857753551218,0.9518428978643473,0.9518428978643473,False,prediction,"[0, 728]","(1, 4)","[None, 6]","[0, 722]","[0, 0]","[2618.2833333333333, 2625.4166666666665]"
2625.65,1,S3_landing,0.8237387859680041,0.4595857753551218,0.9412951161854202,0.9412951161854202,False,prediction,"[0, 728]","(1, 4)","[None, 6]","[0, 722]","[0, 0]","[2618.2833333333333, 2625.65]"
2625.6833333333334,1,S3_landing,0.8237387859680041,0.4595857753551218,0.9412951161854202,0.9412951161854202,False,prediction,"[0, 728]","(1, 4)","[None, 6]","[0, 722]","[0, 0]","[2618.2833333333333, 2625.65]"
2625.7166666666667,1,S3_landing,0.8237387859680041,0.4595857753551218,0.9412951161854202,0.9412951161854202,False,prediction,"[0, 728]","(1, 4)","[None, 6]","[0, 722]","[0, 0]","[2618.2833333333333, 2625.65]"
2625.75,1,S3_landing,0.8237387859680041,0.4595857753551218,0.9412951161854202,0.9412951161854202,False,prediction,"[0, 728]","(1, 4)","[None, 6]","[0, 722]","[0, 0]","[2618.2833333333333, 2625.65]"
2625.7833333333333,1,S3_landing,0.8237387859680041,0.4595857753551218,0.9412951161854202,0.9412951161854202,False,prediction,"[0, 728]","(1, 4)","[None, 6]","[0, 722]","[0, 0]","[2618.2833333333333, 2625.65]"
2625.8166666666666,1,S3_landing,0.8237387859680041,0.4595857753551218,0.9412951161854202,0.9412951161854202,False,prediction,"[0, 728]","(1, 4)","[None, 6]","[0, 722]","[0, 0]","[2618.2833333333333, 2625.65]"
2625.85,1,S3_landing,0.8237387859680041,0.4595857753551218,0.9412951161854202,0.9412951161854202,False,prediction,"[0, 728]","(1, 4)","[None, 6]","[0, 722]","[0, 0]","[2618.2833333333333, 2625.65]"
2625.883333333333,1,S3_landing,0.8237387859680041,0.4595857753551218,0.9412951161854202,0.9412951161854202,False,prediction,"[0, 728]","(1, 4)","[None, 6]","[0, 722]","[0, 0]","[2618.2833333333333, 2625.65]"
2625.9166666666665,1,S3_landing,0.8115341588106759,0.4595857753551218,0.9315649235746888,0.9315649235746888,False,prediction,"[0, 728]","(1, 4)","[None, 14]","[0, 714]","[0, 0]","[2618.2833333333333, 2625.9166666666665]"
2625.95,1,S3_landing,0.8230494290004284,0.4595857753551218,0.9407690028053989,0.9407690028053989,False,prediction,"[0, 728]","(1, 4)","[None, 7]","[0, 721]","[0, 0]","[2618.2833333333333, 2625.95]"
2625.983333333333,1,S3_landing,0.8272461816257292,0.4595857753551218,0.9430638158304891,0.9430638158304891,False,prediction,"[0, 728]","(1, 3)","[None, 352]","[0, 376]","[0, 0]","[2618.2833333333333, 2625.983333333333]"
2626.016666666667,1,S3_landing,0.8272461816257292,0.4595857753551218,0.9430638158304891,0.9430638158304891,False,prediction,"[0, 728]","(1, 3)","[None, 352]","[0, 376]","[0, 0]","[2618.2833333333333, 2625.983333333333]"
2626.05,1,S3_landing,0.8272461816257292,0.4595857753551218,0.9430638158304891,0.9430638158304891,False,prediction,"[0, 728]","(1, 3)","[None, 352]","[0, 376]","[0, 0]","[2618.2833333333333, 2625.983333333333]"
2626.0833333333335,1,S3_landing,0.8272461816257292,0.4595857753551218,0.9430638158304891,0.9430638158304891,False,prediction,"[0, 728]","(1, 3)","[None, 352]","[0, 376]","[0, 0]","[2618.2833333333333, 2625.983333333333]"
2626.116666666667,1,S3_landing,0.8272461816257292,0.4595857753551218,0.9430638158304891,0.9430638158304891,False,prediction,"[0, 728]","(1, 3)","[None, 352]","[0, 376]","[0, 0]","[2618.2833333333333, 2625.983333333333]"
2626.15,1,S3_landing,0.8272461816257292,0.4595857753551218,0.9430638158304891,0.9430638158304891,False,prediction,"[0, 728]","(1, 3)","[None, 352]","[0, 376]","[0, 0]","[2618.2833333333333, 2625.983333333333]"
2626.1833333333334,1,S3_landing,0.8187663745965822,0.4595857753551218,0.9364790296903351,0.9364790296903351,False,prediction,"[0, 728]","(1, 3)","[None, 593]","[0, 135]","[0, 0]","[2618.2833333333333, 2626.1833333333334]"
2626.2166666666667,1,S3_landing,0.8115341588106759,0.4595857753551218,0.9315649235746888,0.9315649235746888,False,prediction,"[0, 728]","(1, 3)","[None, 14]","[0, 714]","[0, 0]","[2618.2833333333333, 2626.2166666666667]"
2626.25,1,S3_landing,0.8115341588106759,0.4595857753551218,0.9315649235746888,0.9315649235746888,False,prediction,"[0, 728]","(1, 3)","[None, 14]","[0, 714]","[0, 0]","[2618.2833333333333, 2626.2166666666667]"
2626.2833333333333,1,S3_landing,0.8115341588106759,0.4595857753551218,0.9315649235746888,0.9315649235746888,False,prediction,"[0, 728]","(1, 3)","[None, 14]","[0, 714]","[0, 0]","[2618.2833333333333, 2626.2166666666667]"
2626.3166666666666,1,S3_landing,0.595781975912596,0.4595857753551218,0.9332633946992265,0.61077573277446,True,prediction,"[0, 728]","(1, 3)","[None, 740]","[12, 0]","[0, 12]","[2618.2833333333333, 2626.3166666666666]"
2626.35,1,S3_landing,0.595781975912596,0.4595857753551218,0.9332633946992265,0.61077573277446,True,prediction,"[0, 728]","(1, 3)","[None, 740]","[12, 0]","[0, 12]","[2618.2833333333333, 2626.3166666666666]"
2626.383333333333,1,S3_landing,0.6069992677809417,0.4595857753551218,0.9476363857783899,0.6327809041784679,True,prediction,"[0, 728]","(1, 3)","[None, 740]","[12, 0]","[0, 12]","[2626.383333333333, 2626.383333333333]"
2626.4166666666665,1,S3_landing,0.6069992677809417,0.4595857753551218,0.9476363857783899,0.6327809041784679,True,prediction,"[0, 728]","(1, 3)","[None, 740]","[12, 0]","[0, 12]","[2626.383333333333, 2626.383333333333]"
2626.45,1,S3_landing,0.6069992677809417,0.4595857753551218,0.9476363857783899,0.6327809041784679,True,prediction,"[0, 728]","(1, 3)","[None, 740]","[12, 0]","[0, 12]","[2626.383333333333, 2626.383333333333]"
2626.483333333333,1,S3_landing,0.6069992677809417,0.4595857753551218,0.9476363857783899,0.6327809041784679,True,prediction,"[0, 728]","(1, 3)","[None, 740]","[12, 0]","[0, 12]","[2626.383333333333, 2626.383333333333]"
2626.516666666667,1,S3_landing,0.3842627164783483,0.4595857753551218,0.9152802652221886,0.21955620639868967,True,prediction,"[0, 728]","(1, 3)","[None, 740]","[12, 0]","[0, 12]","[2626.516666666667, 2626.516666666667]"
2626.55,1,S3_landing,0.781622683472263,0.4595857753551218,0.903893662675176,0.903893662675176,False,prediction,"[0, 728]","(1, 3)","[None, 14]","[0, 714]","[0, 0]","[2626.516666666667, 2626.55]"
2626.5833333333335,1,S3_landing,0.7800993918484133,0.4595857753551218,0.9160631057470257,0.9160631057470257,False,prediction,"[0, 728]","(1, 3)","[None, 7]","[0, 721]","[0, 0]","[2626.516666666667, 2626.5833333333335]"
2626.616666666667,1,S3_landing,0.7852834042351201,0.4595857753551218,0.9206330871720872,0.9206330871720872,False,prediction,"[0, 728]","(1, 3)","[None, 8]","[0, 720]","[0, 0]","[2626.516666666667, 2626.616666666667]"
2626.65,1,S3_landing,0.7894969113788279,0.4595857753551218,0.9103996579417601,0.9103996579417601,False,prediction,"[0, 728]","(1, 3)","[None, 320]","[0, 408]","[0, 0]","[2626.516666666667, 2626.65]"
2626.6833333333334,1,S3_landing,0.7894969113788279,0.4595857753551218,0.9103996579417601,0.9103996579417601,False,prediction,"[0, 728]","(1, 3)","[None, 320]","[0, 408]","[0, 0]","[2626.516666666667, 2626.65]"
2626.7166666666667,1,S3_landing,0.7894969113788279,0.4595857753551218,0.9103996579417601,0.9103996579417601,False,prediction,"[0, 728]","(1, 2)","[None, 6]","[0, 722]","[0, 0]","[2626.516666666667, 2626.7166666666667]"
2626.75,1,S3_landing,0.7894969113788279,0.4595857753551218,0.9103996579417601,0.9103996579417601,False,prediction,"[0, 728]","(1, 2)","[None, 6]","[0, 722]","[0, 0]","[2626.516666666667, 2626.7166666666667]"
2626.7833333333333,1,S3_landing,0.7894969113788279,0.4595857753551218,0.9103996579417601,0.9103996579417601,False,prediction,"[0, 728]","(1, 2)","[None, 6]","[0, 722]","[0, 0]","[2626.516666666667, 2626.7166666666667]"
2626.8166666666666,1,S3_landing,0.7894969113788279,0.4595857753551218,0.9103996579417601,0.9103996579417601,False,prediction,"[0, 728]","(1, 2)","[None, 6]","[0, 722]","[0, 0]","[2626.516666666667, 2626.7166666666667]"
2626.85,1,S3_landing,0.7894969113788279,0.4595857753551218,0.9103996579417601,0.9103996579417601,False,prediction,"[0, 728]","(1, 2)","[None, 6]","[0, 722]","[0, 0]","[2626.516666666667, 2626.7166666666667]"
2626.883333333333,1,S3_landing,0.7939068187283422,0.4595857753551218,0.9146677752873168,0.9146677752873168,False,prediction,"[0, 728]","(1, 2)","[None, 18]","[0, 710]","[0, 0]","[2626.516666666667, 2626.883333333333]"
2626.9166666666665,1,S3_landing,0.7939068187283422,0.4595857753551218,0.9146677752873168,0.9146677752873168,False,prediction,"[0, 728]","(1, 2)","[None, 18]","[0, 710]","[0, 0]","[2626.516666666667, 2626.883333333333]"
2626.95,1,S3_landing,0.7939068187283422,0.4595857753551218,0.9146677752873168,0.9146677752873168,False,prediction,"[0, 728]","(1, 2)","[None, 18]","[0, 710]","[0, 0]","[2626.516666666667, 2626.883333333333]"
2626.983333333333,1,S3_landing,0.7939068187283422,0.4595857753551218,0.9146677752873168,0.9146677752873168,False,prediction,"[0, 728]","(1, 2)","[None, 18]","[0, 710]","[0, 0]","[2626.516666666667, 2626.883333333333]"
2627.016666666667,1,S3_landing,0.7939068187283422,0.4595857753551218,0.9146677752873168,0.9146677752873168,False,prediction,"[0, 728]","(1, 2)","[None, 18]","[0, 710]","[0, 0]","[2626.516666666667, 2626.883333333333]"
2627.05,1,S3_landing,0.7939068187283422,0.4595857753551218,0.9146677752873168,0.9146677752873168,False,prediction,"[0, 728]","(1, 2)","[None, 18]","[0, 710]","[0, 0]","[2626.516666666667, 2626.883333333333]"
2627.0833333333335,1,S3_landing,0.7939068187283422,0.4595857753551218,0.9146677752873168,0.9146677752873168,False,prediction,"[0, 728]","(1, 2)","[None, 18]","[0, 710]","[0, 0]","[2626.516666666667, 2626.883333333333]"
2627.116666666667,1,S3_landing,0.7881226158048907,0.4595857753551218,0.903868145763229,0.903868145763229,False,prediction,"[0, 728]","(1, 2)","[None, 14]","[0, 714]","[0, 0]","[2626.516666666667, 2627.116666666667]"
2627.15,1,S3_landing,0.7965720410257262,0.4595857753551218,0.9143412445962208,0.9143412445962208,False,prediction,"[0, 728]","(1, 2)","[None, 7]","[0, 721]","[0, 0]","[2626.516666666667, 2627.15]"
2627.1833333333334,1,S3_landing,0.7881226158048907,0.4595857753551218,0.903868145763229,0.903868145763229,False,prediction,"[0, 728]","(1, 2)","[None, 14]","[0, 714]","[0, 0]","[2626.516666666667, 2627.1833333333334]"
2627.2166666666667,1,S3_landing,0.8022997247772898,0.4595857753551218,0.9179738748914471,0.9179738748914471,False,prediction,"[0, 728]","(1, 2)","[None, 20]","[0, 708]","[0, 0]","[2626.516666666667, 2627.2166666666667]"
2627.25,1,S3_landing,0.8022997247772898,0.4595857753551218,0.9179738748914471,0.9179738748914471,False,prediction,"[0, 728]","(1, 2)","[None, 20]","[0, 708]","[0, 0]","[2626.516666666667, 2627.2166666666667]"
2627.2833333333333,1,S3_landing,0.8022997247772898,0.4595857753551218,0.9179738748914471,0.9179738748914471,False,prediction,"[0, 728]","(1, 2)","[None, 20]","[0, 708]","[0, 0]","[2626.516666666667, 2627.2166666666667]"
2627.3166666666666,1,S3_landing,0.8022997247772898,0.4595857753551218,0.9179738748914471,0.9179738748914471,False,prediction,"[0, 728]","(1, 2)","[None, 20]","[0, 708]","[0, 0]","[2626.516666666667, 2627.2166666666667]"
2627.35,1,S3_landing,0.8022997247772898,0.4595857753551218,0.9179738748914471,0.9179738748914471,False,prediction,"[0, 728]","(1, 2)","[None, 20]","[0, 708]","[0, 0]","[2626.516666666667, 2627.2166666666667]"
2627.383333333333,1,S3_landing,0.8022997247772898,0.4595857753551218,0.9179738748914471,0.9179738748914471,False,prediction,"[0, 728]","(1, 2)","[None, 20]","[0, 708]","[0, 0]","[2626.516666666667, 2627.2166666666667]"
2627.4166666666665,1,S3_landing,0.8022997247772898,0.4595857753551218,0.9179738748914471,0.9179738748914471,False,prediction,"[0, 728]","(1, 2)","[None, 20]","[0, 708]","[0, 0]","[2626.516666666667, 2627.2166666666667]"
2627.45,1,S3_landing,0.8022997247772898,0.4595857753551218,0.9179738748914471,0.9179738748914471,False,prediction,"[0, 728]","(1, 1)","[None, 0]","[0, 728]","[0, 0]","[2626.516666666667, 2627.45]"
2627.483333333333,1,S3_landing,0.8022997247772898,0.4595857753551218,0.9179738748914471,0.9179738748914471,False,prediction,"[0, 728]","(1, 1)","[None, 0]","[0, 728]","[0, 0]","[2626.516666666667, 2627.45]"
2627.516666666667,1,S3_landing,0.8022997247772898,0.4595857753551218,0.9179738748914471,0.9179738748914471,False,prediction,"[0, 728]","(1, 1)","[None, 0]","[0, 728]","[0, 0]","[2626.516666666667, 2627.45]"
2627.55,1,S3_landing,0.8022997247772898,0.4595857753551218,0.9179738748914471,0.9179738748914471,False,prediction,"[0, 728]","(1, 1)","[None, 0]","[0, 728]","[0, 0]","[2626.516666666667, 2627.45]"
2627.5833333333335,1,S3_landing,0.8022997247772898,0.4595857753551218,0.9179738748914471,0.9179738748914471,False,prediction,"[0, 728]","(1, 1)","[None, 0]","[0, 728]","[0, 0]","[2626.516666666667, 2627.45]"
2627.616666666667,1,S3_landing,0.8003108134780753,0.4595857753551218,0.9160728720852642,0.9160728720852642,False,prediction,"[0, 728]","(1, 1)","[None, 0]","[0, 728]","[0, 0]","[2626.516666666667, 2627.616666666667]"
2627.65,1,S3_landing,0.8003108134780753,0.4595857753551218,0.9160728720852642,0.9160728720852642,False,prediction,"[0, 728]","(1, 1)","[None, 0]","[0, 728]","[0, 0]","[2626.516666666667, 2627.616666666667]"
2627.6833333333334,1,S3_landing,0.8003108134780753,0.4595857753551218,0.9160728720852642,0.9160728720852642,False,prediction,"[0, 728]","(1, 1)","[None, 0]","[0, 728]","[0, 0]","[2626.516666666667, 2627.616666666667]"
2627.7166666666667,1,S3_landing,0.8003108134780753,0.4595857753551218,0.9160728720852642,0.9160728720852642,False,prediction,"[0, 728]","(1, 1)","[None, 0]","[0, 728]","[0, 0]","[2626.516666666667, 2627.616666666667]"
2627.75,1,S3_landing,0.7861911521845534,0.4595857753551218,0.9018459926238855,0.9018459926238855,False,prediction,"[0, 728]","(1, 1)","[None, 5]","[0, 723]","[0, 0]","[2626.516666666667, 2627.75]"
2627.7833333333333,1,S3_landing,0.7824820467294907,0.4595857753551218,0.9047660709177308,0.9047660709177308,False,prediction,"[0, 728]","(1, 1)","[None, 0]","[0, 728]","[0, 0]","[2626.516666666667, 2627.7833333333333]"
2627.8166666666666,1,S3_landing,0.7954651753192383,0.4595857753551218,0.9113352553836422,0.9113352553836422,False,prediction,"[0, 728]","(1, 1)","[None, 0]","[0, 728]","[0, 0]","[2626.516666666667, 2627.8166666666666]"
2627.85,1,S3_landing,0.7837276785879171,0.4595857753551218,0.9046315445247005,0.9046315445247005,False,prediction,"[0, 728]","(1, 1)","[None, 0]","[0, 728]","[0, 0]","[2626.516666666667, 2627.85]"
2627.883333333333,1,S3_landing,0.7837276785879171,0.4595857753551218,0.9046315445247005,0.9046315445247005,False,prediction,"[0, 728]","(1, 1)","[None, 0]","[0, 728]","[0, 0]","[2626.516666666667, 2627.85]"
2627.9166666666665,1,S3_landing,0.7837276785879171,0.4595857753551218,0.9046315445247005,0.9046315445247005,False,prediction,"[0, 728]","(1, 1)","[None, 0]","[0, 728]","[0, 0]","[2626.516666666667, 2627.85]"
2627.95,1,S3_landing,0.7837276785879171,0.4595857753551218,0.9046315445247005,0.9046315445247005,False,prediction,"[0, 728]","(1, 1)","[None, 0]","[0, 728]","[0, 0]","[2626.516666666667, 2627.85]"
2627.983333333333,1,S3_landing,0.7837276785879171,0.4595857753551218,0.9046315445247005,0.9046315445247005,False,prediction,"[0, 728]","(1, 1)","[None, 0]","[0, 728]","[0, 0]","[2626.516666666667, 2627.85]"
2628.016666666667,1,S3_landing,0.7837276785879171,0.4595857753551218,0.9046315445247005,0.9046315445247005,False,prediction,"[0, 728]","(1, 1)","[None, 0]","[0, 728]","[0, 0]","[2626.516666666667, 2627.85]"
2628.05,1,S3_landing,0.7287952437256783,0.4595857753551218,0.8966017371754263,0.8966017371754263,False,prediction,"[0, 728]","(1, 1)","[None, 0]","[0, 728]","[0, 0]","[2626.516666666667, 2628.05]"
2628.0833333333335,1,S3_landing,0.7287952437256783,0.4595857753551218,0.8966017371754263,0.8966017371754263,False,prediction,"[0, 728]","(1, 1)","[None, 0]","[0, 728]","[0, 0]","[2626.516666666667, 2628.05]"
2628.116666666667,1,S3_landing,0.7287952437256783,0.4595857753551218,0.8966017371754263,0.8966017371754263,False,prediction,"[0, 728]","(1, 1)","[None, 0]","[0, 728]","[0, 0]","[2626.516666666667, 2628.05]"
2628.15,1,S3_landing,0.7287952437256783,0.4595857753551218,0.8966017371754263,0.8966017371754263,False,prediction,"[0, 728]","(1, 1)","[None, 0]","[0, 728]","[0, 0]","[2626.516666666667, 2628.05]"
2628.1833333333334,1,S3_landing,0.7287952437256783,0.4595857753551218,0.8966017371754263,0.8966017371754263,False,prediction,"[0, 728]","(1, 1)","[None, 0]","[0, 728]","[0, 0]","[2626.516666666667, 2628.05]"
2628.2166666666667,1,S3_landing,0.7287952437256783,0.4595857753551218,0.8966017371754263,0.8966017371754263,False,prediction,"[0, 728]","(1, 1)","[None, 0]","[0, 728]","[0, 0]","[2626.516666666667, 2628.05]"
2628.25,1,S3_landing,0.7287952437256783,0.4595857753551218,0.8966017371754263,0.8966017371754263,False,prediction,"[0, 728]","(1, 1)","[None, 0]","[0, 728]","[0, 0]","[2626.516666666667, 2628.05]"
2628.2833333333333,1,S3_landing,0.7287952437256783,0.4595857753551218,0.8966017371754263,0.8966017371754263,False,prediction,"[0, 728]","(1, 1)","[None, 0]","[0, 728]","[0, 0]","[2626.516666666667, 2628.05]"
2628.3166666666666,1,S3_landing,0.7704829621274737,0.4595857753551218,0.902609429930738,0.902609429930738,False,prediction,"[0, 728]","(1, 1)","[None, 14]","[0, 714]","[0, 0]","[2626.516666666667, 2628.3166666666666]"
2628.35,1,S3_landing,0.7758050697112064,0.4595857753551218,0.8978656879336647,0.8978656879336647,False,prediction,"[0, 728]","(1, 1)","[None, 0]","[0, 728]","[0, 0]","[2626.516666666667, 2628.35]"
2628.383333333333,1,S3_landing,0.7831910348669154,0.4595857753551218,0.9098772887915945,0.9098772887915945,False,prediction,"[0, 728]","(1, 1)","[None, 14]","[0, 714]","[0, 0]","[2626.516666666667, 2628.383333333333]"
2628.4166666666665,1,S3_landing,0.7581390912482703,0.4595857753551218,0.8914574779026752,0.8914574779026752,False,prediction,"[0, 728]","(1, 1)","[None, 32]","[0, 696]","[0, 0]","[2626.516666666667, 2628.4166666666665]"
2628.45,1,S3_landing,0.7581390912482703,0.4595857753551218,0.8914574779026752,0.8914574779026752,False,prediction,"[0, 728]","(1, 1)","[None, 32]","[0, 696]","[0, 0]","[2626.516666666667, 2628.4166666666665]"
2628.483333333333,1,S3_landing,0.7581390912482703,0.4595857753551218,0.8914574779026752,0.8914574779026752,False,prediction,"[0, 728]","(1, 1)","[None, 32]","[0, 696]","[0, 0]","[2626.516666666667, 2628.4166666666665]"
2628.516666666667,1,S3_landing,0.7581390912482703,0.4595857753551218,0.8914574779026752,0.8914574779026752,False,prediction,"[0, 728]","(1, 1)","[None, 32]","[0, 696]","[0, 0]","[2626.516666666667, 2628.4166666666665]"
2628.55,1,S3_landing,0.7581390912482703,0.4595857753551218,0.8914574779026752,0.8914574779026752,False,prediction,"[0, 728]","(1, 1)","[None, 32]","[0, 696]","[0, 0]","[2626.516666666667, 2628.4166666666665]"
2628.5833333333335,1,S3_landing,0.7628057278916459,0.4595857753551218,0.8947991332160236,0.8947991332160236,False,prediction,"[0, 728]","(1, 1)","[None, 14]","[0, 714]","[0, 0]","[2626.516666666667, 2628.5833333333335]"
2628.616666666667,1,S3_landing,0.7548489391067935,0.4595857753551218,0.8800288720031504,0.8800288720031504,False,prediction,"[0, 728]","(1, 1)","[None, 32]","[0, 696]","[0, 0]","[2626.516666666667, 2628.616666666667]"
2628.65,1,S3_landing,0.7548489391067935,0.4595857753551218,0.8800288720031504,0.8800288720031504,False,prediction,"[0, 728]","(1, 1)","[None, 32]","[0, 696]","[0, 0]","[2626.516666666667, 2628.616666666667]"
2628.6833333333334,1,S3_landing,0.7548489391067935,0.4595857753551218,0.8800288720031504,0.8800288720031504,False,prediction,"[0, 728]","(1, 1)","[None, 32]","[0, 696]","[0, 0]","[2626.516666666667, 2628.616666666667]"
2628.7166666666667,1,S3_landing,0.7548489391067935,0.4595857753551218,0.8800288720031504,0.8800288720031504,False,prediction,"[0, 728]","(1, 1)","[None, 32]","[0, 696]","[0, 0]","[2626.516666666667, 2628.616666666667]"
2628.75,1,S3_landing,0.7548489391067935,0.4595857753551218,0.8800288720031504,0.8800288720031504,False,prediction,"[0, 728]","(1, 1)","[None, 32]","[0, 696]","[0, 0]","[2626.516666666667, 2628.616666666667]"
2628.7833333333333,1,S3_landing,0.7548489391067935,0.4595857753551218,0.8800288720031504,0.8800288720031504,False,prediction,"[0, 728]","(1, 1)","[None, 32]","[0, 696]","[0, 0]","[2626.516666666667, 2628.616666666667]"
2628.8166666666666,1,S3_landing,0.7548489391067935,0.4595857753551218,0.8800288720031504,0.8800288720031504,False,prediction,"[0, 728]","(1, 1)","[None, 32]","[0, 696]","[0, 0]","[2626.516666666667, 2628.616666666667]"
2628.85,1,S3_landing,0.7548489391067935,0.4595857753551218,0.8800288720031504,0.8800288720031504,False,prediction,"[0, 728]","(1, 1)","[None, 32]","[0, 696]","[0, 0]","[2626.516666666667, 2628.616666666667]"
2628.883333333333,1,S3_landing,0.7628057278916459,0.4595857753551218,0.8947991332160236,0.8947991332160236,False,prediction,"[0, 728]","(1, 1)","[None, 14]","[0, 714]","[0, 0]","[2626.516666666667, 2628.883333333333]"
2628.9166666666665,1,S3_landing,0.7625140242662896,0.4595857753551218,0.8832925033283341,0.8832925033283341,False,prediction,"[0, 728]","(1, 1)","[None, 0]","[0, 728]","[0, 0]","[2626.516666666667, 2628.9166666666665]"
2628.95,1,S3_landing,0.7625140242662896,0.4595857753551218,0.8832925033283341,0.8832925033283341,False,prediction,"[0, 728]","(1, 1)","[None, 0]","[0, 728]","[0, 0]","[2626.516666666667, 2628.9166666666665]"
2628.983333333333,1,S3_landing,0.7625140242662896,0.4595857753551218,0.8832925033283341,0.8832925033283341,False,prediction,"[0, 728]","(1, 1)","[None, 0]","[0, 728]","[0, 0]","[2626.516666666667, 2628.9166666666665]"
2629.016666666667,1,S3_landing,0.7625140242662896,0.4595857753551218,0.8832925033283341,0.8832925033283341,False,prediction,"[0, 728]","(1, 1)","[None, 0]","[0, 728]","[0, 0]","[2626.516666666667, 2628.9166666666665]"
2629.05,1,S3_landing,0.7625140242662896,0.4595857753551218,0.8832925033283341,0.8832925033283341,False,prediction,"[0, 728]","(1, 1)","[None, 0]","[0, 728]","[0, 0]","[2626.516666666667, 2628.9166666666665]"
2629.0833333333335,1,S3_landing,0.7625140242662896,0.4595857753551218,0.8832925033283341,0.8832925033283341,False,prediction,"[0, 728]","(1, 1)","[None, 0]","[0, 728]","[0, 0]","[2626.516666666667, 2628.9166666666665]"
2629.116666666667,1,S3_landing,0.7625140242662896,0.4595857753551218,0.8832925033283341,0.8832925033283341,False,prediction,"[0, 728]","(1, 1)","[None, 0]","[0, 728]","[0, 0]","[2626.516666666667, 2628.9166666666665]"
2629.15,1,S3_landing,0.7625140242662896,0.4595857753551218,0.8832925033283341,0.8832925033283341,False,prediction,"[0, 728]","(1, 1)","[None, 0]","[0, 728]","[0, 0]","[2626.516666666667, 2628.9166666666665]"
2629.1833333333334,1,S3_landing,0.7625140242662896,0.4595857753551218,0.8832925033283341,0.8832925033283341,False,prediction,"[0, 728]","(1, 1)","[None, 0]","[0, 728]","[0, 0]","[2626.516666666667, 2628.9166666666665]"
2629.2166666666667,1,S3_landing,0.7625140242662896,0.4595857753551218,0.8832925033283341,0.8832925033283341,False,prediction,"[0, 728]","(1, 1)","[None, 0]","[0, 728]","[0, 0]","[2626.516666666667, 2628.9166666666665]"
2629.25,1,S3_landing,0.7625140242662896,0.4595857753551218,0.8832925033283341,0.8832925033283341,False,prediction,"[0, 728]","(1, 1)","[None, 0]","[0, 728]","[0, 0]","[2626.516666666667, 2628.9166666666665]"
2629.2833333333333,1,S3_landing,0.7625140242662896,0.4595857753551218,0.8832925033283341,0.8832925033283341,False,prediction,"[0, 728]","(1, 1)","[None, 0]","[0, 728]","[0, 0]","[2626.516666666667, 2628.9166666666665]"
2629.3166666666666,1,S3_landing,0.7625140242662896,0.4595857753551218,0.8832925033283341,0.8832925033283341,False,prediction,"[0, 728]","(1, 1)","[None, 0]","[0, 728]","[0, 0]","[2626.516666666667, 2628.9166666666665]"
2629.35,1,S3_landing,0.7625140242662896,0.4595857753551218,0.8832925033283341,0.8832925033283341,False,prediction,"[0, 728]","(1, 1)","[None, 0]","[0, 728]","[0, 0]","[2626.516666666667, 2628.9166666666665]"
2629.383333333333,1,S3_landing,0.7628057278916459,0.4595857753551218,0.8947991332160236,0.8947991332160236,False,prediction,"[0, 728]","(1, 1)","[None, 14]","[0, 714]","[0, 0]","[2626.516666666667, 2629.383333333333]"
2629.4166666666665,1,S3_landing,0.7528243007399916,0.4595857753551218,0.8719627955842465,0.8719627955842465,False,prediction,"[0, 728]","(1, 1)","[None, 0]","[0, 728]","[0, 0]","[2626.516666666667, 2629.4166666666665]"
2629.45,1,S3_landing,0.7528243007399916,0.4595857753551218,0.8719627955842465,0.8719627955842465,False,prediction,"[0, 728]","(1, 1)","[None, 0]","[0, 728]","[0, 0]","[2626.516666666667, 2629.4166666666665]"
2629.483333333333,1,S3_landing,0.7528243007399916,0.4595857753551218,0.8719627955842465,0.8719627955842465,False,prediction,"[0, 728]","(1, 1)","[None, 0]","[0, 728]","[0, 0]","[2626.516666666667, 2629.4166666666665]"
2629.516666666667,1,S3_landing,0.7383141185772867,0.4595857753551218,0.8538859298304338,0.8538859298304338,False,prediction,"[0, 728]","(1, 1)","[None, 1]","[0, 727]","[0, 0]","[2626.516666666667, 2629.516666666667]"
2629.55,1,S3_landing,0.7706311057826435,0.4595857753551218,0.8907563042229629,0.8907563042229629,False,prediction,"[0, 728]","(1, 1)","[None, 1]","[0, 727]","[0, 0]","[2626.516666666667, 2629.55]"
2629.5833333333335,1,S3_landing,0.7706311057826435,0.4595857753551218,0.8907563042229629,0.8907563042229629,False,prediction,"[0, 728]","(1, 1)","[None, 1]","[0, 727]","[0, 0]","[2626.516666666667, 2629.55]"
2629.616666666667,1,S3_landing,0.7706311057826435,0.4595857753551218,0.8907563042229629,0.8907563042229629,False,prediction,"[0, 728]","(1, 1)","[None, 1]","[0, 727]","[0, 0]","[2626.516666666667, 2629.55]"
2629.65,1,S3_landing,0.7706311057826435,0.4595857753551218,0.8907563042229629,0.8907563042229629,False,prediction,"[0, 728]","(1, 1)","[None, 1]","[0, 727]","[0, 0]","[2626.516666666667, 2629.55]"
2629.6833333333334,1,S3_landing,0.7706311057826435,0.4595857753551218,0.8907563042229629,0.8907563042229629,False,prediction,"[0, 728]","(1, 1)","[None, 1]","[0, 727]","[0, 0]","[2626.516666666667, 2629.55]"
2629.7166666666667,1,S3_landing,0.7706311057826435,0.4595857753551218,0.8907563042229629,0.8907563042229629,False,prediction,"[0, 728]","(1, 1)","[None, 1]","[0, 727]","[0, 0]","[2626.516666666667, 2629.55]"
2629.75,1,S3_landing,0.7706311057826435,0.4595857753551218,0.8907563042229629,0.8907563042229629,False,prediction,"[0, 728]","(1, 1)","[None, 1]","[0, 727]","[0, 0]","[2626.516666666667, 2629.55]"
2629.7833333333333,1,S3_landing,0.7706311057826435,0.4595857753551218,0.8907563042229629,0.8907563042229629,False,prediction,"[0, 728]","(1, 1)","[None, 1]","[0, 727]","[0, 0]","[2626.516666666667, 2629.55]"
2629.8166666666666,1,S3_landing,0.7394798953047276,0.4595857753551218,0.8553872848558238,0.8553872848558238,False,prediction,"[0, 728]","(1, 1)","[None, 1]","[0, 727]","[0, 0]","[2626.516666666667, 2629.8166666666666]"
2629.85,1,S3_landing,0.7394798953047276,0.4595857753551218,0.8553872848558238,0.8553872848558238,False,prediction,"[0, 728]","(1, 1)","[None, 1]","[0, 727]","[0, 0]","[2626.516666666667, 2629.8166666666666]"
2629.883333333333,1,S3_landing,0.7394798953047276,0.4595857753551218,0.8553872848558238,0.8553872848558238,False,prediction,"[0, 728]","(1, 1)","[None, 1]","[0, 727]","[0, 0]","[2626.516666666667, 2629.8166666666666]"
2629.9166666666665,1,S3_landing,0.7394798953047276,0.4595857753551218,0.8553872848558238,0.8553872848558238,False,prediction,"[0, 728]","(1, 1)","[None, 1]","[0, 727]","[0, 0]","[2626.516666666667, 2629.8166666666666]"
2629.95,1,S3_landing,0.7365182688986449,0.4595857753551218,0.851556443096511,0.851556443096511,False,prediction,"[0, 728]","(1, 1)","[None, 1]","[0, 727]","[0, 0]","[2626.516666666667, 2629.95]"
2629.983333333333,1,S3_landing,0.7347234971517489,0.4595857753551218,0.8650812512614557,0.8650812512614557,False,prediction,"[0, 728]","(1, 1)","[None, 32]","[0, 696]","[0, 0]","[2626.516666666667, 2629.983333333333]"
2630.016666666667,1,S3_landing,0.7366233370663053,0.4595857753551218,0.8516932891199237,0.8516932891199237,False,prediction,"[0, 728]","(1, 1)","[None, 0]","[0, 728]","[0, 0]","[2626.516666666667, 2630.016666666667]"
2630.05,1,S3_landing,0.7366233370663053,0.4595857753551218,0.8516932891199237,0.8516932891199237,False,prediction,"[0, 728]","(1, 1)","[None, 0]","[0, 728]","[0, 0]","[2626.516666666667, 2630.016666666667]"
2630.0833333333335,1,S3_landing,0.7366233370663053,0.4595857753551218,0.8516932891199237,0.8516932891199237,False,prediction,"[0, 728]","(1, 1)","[None, 0]","[0, 728]","[0, 0]","[2626.516666666667, 2630.016666666667]"
2630.116666666667,1,S3_landing,0.7366233370663053,0.4595857753551218,0.8516932891199237,0.8516932891199237,False,prediction,"[0, 728]","(1, 1)","[None, 0]","[0, 728]","[0, 0]","[2626.516666666667, 2630.016666666667]"
2630.15,1,S3_landing,0.7282972574541574,0.4595857753551218,0.8572590817317979,0.8572590817317979,False,prediction,"[0, 728]","(1, 1)","[None, 32]","[0, 696]","[0, 0]","[2626.516666666667, 2630.15]"
2630.1833333333334,1,S3_landing,0.7282972574541574,0.4595857753551218,0.8572590817317979,0.8572590817317979,False,prediction,"[0, 728]","(1, 1)","[None, 32]","[0, 696]","[0, 0]","[2626.516666666667, 2630.15]"
2630.2166666666667,1,S3_landing,0.7282972574541574,0.4595857753551218,0.8572590817317979,0.8572590817317979,False,prediction,"[0, 728]","(1, 1)","[None, 32]","[0, 696]","[0, 0]","[2626.516666666667, 2630.15]"
2630.25,1,S3_landing,0.7282972574541574,0.4595857753551218,0.8572590817317979,0.8572590817317979,False,prediction,"[0, 728]","(1, 1)","[None, 32]","[0, 696]","[0, 0]","[2626.516666666667, 2630.15]"
2630.2833333333333,1,S3_landing,0.7282972574541574,0.4595857753551218,0.8572590817317979,0.8572590817317979,False,prediction,"[0, 728]","(1, 1)","[None, 32]","[0, 696]","[0, 0]","[2626.516666666667, 2630.15]"
2630.3166666666666,1,S3_landing,0.7282972574541574,0.4595857753551218,0.8572590817317979,0.8572590817317979,False,prediction,"[0, 728]","(1, 1)","[None, 32]","[0, 696]","[0, 0]","[2626.516666666667, 2630.15]"
2630.35,1,S3_landing,0.7282972574541574,0.4595857753551218,0.8572590817317979,0.8572590817317979,False,prediction,"[0, 728]","(1, 1)","[None, 32]","[0, 696]","[0, 0]","[2626.516666666667, 2630.15]"
2630.383333333333,1,S3_landing,0.7282972574541574,0.4595857753551218,0.8572590817317979,0.8572590817317979,False,prediction,"[0, 728]","(1, 1)","[None, 32]","[0, 696]","[0, 0]","[2626.516666666667, 2630.15]"
2630.4166666666665,1,S3_landing,0.7282972574541574,0.4595857753551218,0.8572590817317979,0.8572590817317979,False,prediction,"[0, 728]","(1, 1)","[None, 32]","[0, 696]","[0, 0]","[2626.516666666667, 2630.15]"
2630.45,1,S3_landing,0.7282972574541574,0.4595857753551218,0.8572590817317979,0.8572590817317979,False,prediction,"[0, 728]","(1, 1)","[None, 32]","[0, 696]","[0, 0]","[2626.516666666667, 2630.15]"
2630.483333333333,1,S3_landing,0.7282972574541574,0.4595857753551218,0.8572590817317979,0.8572590817317979,False,prediction,"[0, 728]","(1, 1)","[None, 32]","[0, 696]","[0, 0]","[2626.516666666667, 2630.15]"
2630.516666666667,1,S3_landing,0.7282972574541574,0.4595857753551218,0.8572590817317979,0.8572590817317979,False,prediction,"[0, 728]","(1, 1)","[None, 32]","[0, 696]","[0, 0]","[2626.516666666667, 2630.15]"
2630.55,1,S3_landing,0.7282972574541574,0.4595857753551218,0.8572590817317979,0.8572590817317979,False,prediction,"[0, 728]","(1, 1)","[None, 32]","[0, 696]","[0, 0]","[2626.516666666667, 2630.15]"
2630.5833333333335,1,S3_landing,0.781928928245811,0.4595857753551218,0.9148692818763313,0.9148692818763313,False,prediction,"[0, 728]","(1, 1)","[None, 32]","[0, 696]","[0, 0]","[2630.5833333333335, 2630.25]"
2630.616666666667,1,S3_landing,0.781928928245811,0.4595857753551218,0.9148692818763313,0.9148692818763313,False,prediction,"[0, 728]","(1, 1)","[None, 32]","[0, 696]","[0, 0]","[2630.5833333333335, 2630.25]"
2630.65,1,S3_landing,0.781928928245811,0.4595857753551218,0.9148692818763313,0.9148692818763313,False,prediction,"[0, 728]","(1, 1)","[None, 32]","[0, 696]","[0, 0]","[2630.5833333333335, 2630.25]"
2630.6833333333334,1,S3_landing,0.8103629647353378,0.4595857753551218,0.9344266742859896,0.9344266742859896,False,prediction,"[0, 728]","(1, 1)","[None, 10]","[0, 718]","[0, 0]","[2630.6833333333334, 2630.6833333333334]"
2630.7166666666667,1,G_fe,0.8727579930261262,0.8727579930261262,,,,,,,,,,
2630.75,1,G_fe,0.8727579930261262,0.8727579930261262,,,,,,,,,,
2630.7833333333333,1,G_fe,0.8727579930261262,0.8727579930261262,,,,,,,,,,
2630.8166666666666,1,G_fe,0.8727579930261262,0.8727579930261262,,,,,,,,,,
2630.85,1,G_fe,0.7794467632293051,0.7794467632293051,,,,,,,,,,
2630.883333333333,1,G_fe,0.7794467632293051,0.7794467632293051,,,,,,,,,,
2630.9166666666665,1,G_fe,0.7794467632293051,0.7794467632293051,,,,,,,,,,
2630.95,1,G_fe,0.7794467632293051,0.7794467632293051,,,,,,,,,,
2630.983333333333,1,G_fe,0.7794467632293051,0.7794467632293051,,,,,,,,,,
2631.016666666667,1,G_fe,0.7794467632293051,0.7794467632293051,,,,,,,,,,
2631.05,1,G_fe,0.7794467632293051,0.7794467632293051,,,,,,,,,,
2631.0833333333335,1,G_fe,0.7794467632293051,0.7794467632293051,,,,,,,,,,
2631.116666666667,1,G_fe,0.7945081918828815,0.7945081918828815,,,,,,,,,,
2631.15,1,G_fe,0.7945081918828815,0.7945081918828815,,,,,,,,,,
2631.1833333333334,1,G_fe,0.7945081918828815,0.7945081918828815,,,,,,,,,,
2631.2166666666667,1,G_fe,0.7945081918828815,0.7945081918828815,,,,,,,,,,
2631.25,1,G_fe,0.7945081918828815,0.7945081918828815,,,,,,,,,,
2631.2833333333333,1,G_fe,0.7945081918828815,0.7945081918828815,,,,,,,,,,
2631.3166666666666,1,G_fe,0.7945081918828815,0.7945081918828815,,,,,,,,,,
2631.35,1,G_fe,0.7945081918828815,0.7945081918828815,,,,,,,,,,
2631.383333333333,1,G_fe,0.7945081918828815,0.7945081918828815,,,,,,,,,,
2631.4166666666665,1,G_fe,0.7945081918828815,0.7945081918828815,,,,,,,,,,
2631.45,1,G_fe,0.7945081918828815,0.7945081918828815,,,,,,,,,,
2631.483333333333,1,G_fe,0.7945081918828815,0.7945081918828815,,,,,,,,,,
2631.516666666667,1,G_fe,0.8512596872888212,0.8512596872888212,,,,,,,,,,
2631.55,1,G_fe,0.8413038407548752,0.8413038407548752,,,,,,,,,,
2631.5833333333335,1,G_fe,0.8413038407548752,0.8413038407548752,,,,,,,,,,
2631.616666666667,1,G_fe,0.8413038407548752,0.8413038407548752,,,,,,,,,,
2631.65,1,G_fe,0.8413038407548752,0.8413038407548752,,,,,,,,,,
2631.6833333333334,1,G_fe,0.8413038407548752,0.8413038407548752,,,,,,,,,,
2631.7166666666667,1,G_fe,0.8519593056177232,0.8519593056177232,,,,,,,,,,
2631.75,1,G_fe,0.8415535173906157,0.8415535173906157,,,,,,,,,,
2631.7833333333333,1,G_fe,0.9182772842029205,0.9182772842029205,,,,,,,,,,
2631.8166666666666,1,G_fe,0.9182772842029205,0.9182772842029205,,,,,,,,,,
2631.85,1,G_fe,0.9182772842029205,0.9182772842029205,,,,,,,,,,
2631.883333333333,1,G_fe,0.9182772842029205,0.9182772842029205,,,,,,,,,,
2631.9166666666665,1,G_fe,0.9182772842029205,0.9182772842029205,,,,,,,,,,
2631.95,1,G_fe,0.9182772842029205,0.9182772842029205,,,,,,,,,,
2631.983333333333,1,G_fe,0.9182772842029205,0.9182772842029205,,,,,,,,,,
2632.016666666667,1,G_fe,0.9182772842029205,0.9182772842029205,,,,,,,,,,
2632.05,1,G_fe,0.9218156674627729,0.9218156674627729,,,,,,,,,,
2632.0833333333335,1,G_fe,0.9095228254140906,0.9095228254140906,,,,,,,,,,
2632.116666666667,1,G_fe,0.9202311174652914,0.9202311174652914,,,,,,,,,,
2632.15,1,G_fe,0.9100460794201881,0.9100460794201881,,,,,,,,,,
2632.1833333333334,1,G_fe,0.9100460794201881,0.9100460794201881,,,,,,,,,,
2632.2166666666667,1,G_fe,0.9100460794201881,0.9100460794201881,,,,,,,,,,
2632.25,1,G_fe,0.9100460794201881,0.9100460794201881,,,,,,,,,,
2632.2833333333333,1,G_fe,0.9369073414161229,0.9369073414161229,,,,,,,,,,
2632.3166666666666,1,G_fe,0.9369073414161229,0.9369073414161229,,,,,,,,,,
2632.35,1,G_fe,0.9369073414161229,0.9369073414161229,,,,,,,,,,
2632.383333333333,1,G_fe,0.9369073414161229,0.9369073414161229,,,,,,,,,,
2632.4166666666665,1,G_fe,0.9369073414161229,0.9369073414161229,,,,,,,,,,
2632.45,1,G_fe,0.9369073414161229,0.9369073414161229,,,,,,,,,,
2632.483333333333,1,G_fe,0.9369073414161229,0.9369073414161229,,,,,,,,,,
2632.516666666667,1,G_fe,0.9327987865135107,0.9327987865135107,,,,,,,,,,
2632.55,1,G_fe,0.9327987865135107,0.9327987865135107,,,,,,,,,,
2632.5833333333335,1,G_fe,0.9327987865135107,0.9327987865135107,,,,,,,,,,
2632.616666666667,1,G_fe,0.9326736050791395,0.9326736050791395,,,,,,,,,,
2632.65,1,G_fe,0.9326736050791395,0.9326736050791395,,,,,,,,,,
2632.6833333333334,1,G_fe,0.9326736050791395,0.9326736050791395,,,,,,,,,,
2632.7166666666667,1,G_fe,0.9326736050791395,0.9326736050791395,,,,,,,,,,
2632.75,1,G_fe,0.9326736050791395,0.9326736050791395,,,,,,,,,,
2632.7833333333333,1,G_fe,0.9326736050791395,0.9326736050791395,,,,,,,,,,
2632.8166666666666,1,G_fe,0.9339000074705232,0.9339000074705232,,,,,,,,,,
2632.85,1,G_fe,0.9339000074705232,0.9339000074705232,,,,,,,,,,
2632.883333333333,1,G_fe,0.9339000074705232,0.9339000074705232,,,,,,,,,,
2632.9166666666665,1,G_fe,0.9339000074705232,0.9339000074705232,,,,,,,,,,
2632.95,1,G_fe,0.9339000074705232,0.9339000074705232,,,,,,,,,,
2632.983333333333,1,G_fe,0.9339000074705232,0.9339000074705232,,,,,,,,,,
2633.016666666667,1,G_fe,0.9339000074705232,0.9339000074705232,,,,,,,,,,
2633.05,1,G_fe,0.9339000074705232,0.9339000074705232,,,,,,,,,,
2633.0833333333335,1,G_fe,0.9329992280781451,0.9329992280781451,,,,,,,,,,
2633.116666666667,1,G_fe,0.9329992280781451,0.9329992280781451,,,,,,,,,,
2633.15,1,G_fe,0.9329992280781451,0.9329992280781451,,,,,,,,,,
2633.1833333333334,1,G_fe,0.9272522230899283,0.9272522230899283,,,,,,,,,,
2633.2166666666667,1,G_fe,0.9340223397205233,0.9340223397205233,,,,,,,,,,
2633.25,1,G_fe,0.9369959310177247,0.9369959310177247,,,,,,,,,,
2633.2833333333333,1,G_fe,0.9339532942444589,0.9339532942444589,,,,,,,,,,
2633.3166666666666,1,G_fe,0.9339532942444589,0.9339532942444589,,,,,,,,,,
2633.35,1,G_fe,0.9339532942444589,0.9339532942444589,,,,,,,,,,
2633.383333333333,1,G_fe,0.9384866917305449,0.9384866917305449,,,,,,,,,,
2633.4166666666665,1,G_fe,0.9320293424972923,0.9320293424972923,,,,,,,,,,
2633.45,1,G_fe,0.9320293424972923,0.9320293424972923,,,,,,,,,,
2633.483333333333,1,G_fe,0.9320293424972923,0.9320293424972923,,,,,,,,,,
2633.516666666667,1,G_fe,0.9320293424972923,0.9320293424972923,,,,,,,,,,
2633.55,1,G_fe,0.9320293424972923,0.9320293424972923,,,,,,,,,,
2633.5833333333335,1,G_fe,0.9302902811380435,0.9302902811380435,,,,,,,,,,
2633.616666666667,1,G_fe,0.9369016596979122,0.9369016596979122,,,,,,,,,,
2633.65,1,G_fe,0.9302902811380435,0.9302902811380435,,,,,,,,,,
2633.6833333333334,1,G_fe,0.9302902811380435,0.9302902811380435,,,,,,,,,,
2633.7166666666667,1,G_fe,0.9302902811380435,0.9302902811380435,,,,,,,,,,
2633.75,1,G_fe,0.9064176261307815,0.9064176261307815,,,,,,,,,,
2633.7833333333333,1,G_fe,0.854938171175178,0.854938171175178,,,,,,,,,,
2633.8166666666666,1,S3_landing,0.4006974507091946,0.854938171175178,0.1889203181515661,0.1889203181515661,False,prediction,"[413, 0]","(10, 1)","[1, None]","[412, 0]","[0, 0]","[2633.8166666666666, 2633.7833333333333]"
2633.85,1,S3_landing,0.4006974507091946,0.854938171175178,0.1889203181515661,0.1889203181515661,False,prediction,"[413, 0]","(10, 1)","[1, None]","[412, 0]","[0, 0]","[2633.8166666666666, 2633.7833333333333]"
2633.883333333333,1,S3_landing,0.4006974507091946,0.854938171175178,0.1889203181515661,0.1889203181515661,False,prediction,"[413, 0]","(9, 1)","[0, None]","[413, 0]","[0, 0]","[2633.883333333333, 2633.7833333333333]"
2633.9166666666665,1,S3_landing,0.4006974507091946,0.854938171175178,0.1889203181515661,0.1889203181515661,False,prediction,"[413, 0]","(9, 1)","[0, None]","[413, 0]","[0, 0]","[2633.883333333333, 2633.7833333333333]"
2633.95,1,S3_landing,0.3528732590859745,0.854938171175178,0.13414599525161322,0.13414599525161322,False,prediction,"[413, 0]","(9, 1)","[0, None]","[413, 0]","[0, 0]","[2633.95, 2633.7833333333333]"
2633.983333333333,1,S3_landing,0.3528732590859745,0.854938171175178,0.13414599525161322,0.13414599525161322,False,prediction,"[413, 0]","(9, 1)","[0, None]","[413, 0]","[0, 0]","[2633.95, 2633.7833333333333]"
2634.016666666667,1,S3_landing,0.3528732590859745,0.854938171175178,0.13414599525161322,0.13414599525161322,False,prediction,"[413, 0]","(9, 1)","[0, None]","[413, 0]","[0, 0]","[2633.95, 2633.7833333333333]"
2634.05,1,S3_landing,0.3528732590859745,0.854938171175178,0.13414599525161322,0.13414599525161322,False,prediction,"[413, 0]","(9, 1)","[0, None]","[413, 0]","[0, 0]","[2633.95, 2633.7833333333333]"
2634.0833333333335,1,S3_landing,0.3528732590859745,0.854938171175178,0.13414599525161322,0.13414599525161322,False,prediction,"[413, 0]","(9, 1)","[0, None]","[413, 0]","[0, 0]","[2633.95, 2633.7833333333333]"
2634.116666666667,1,S3_landing,0.3528732590859745,0.854938171175178,0.13414599525161322,0.13414599525161322,False,prediction,"[413, 0]","(9, 1)","[0, None]","[413, 0]","[0, 0]","[2633.95, 2633.7833333333333]"
2634.15,1,S3_landing,0.3528732590859745,0.854938171175178,0.13414599525161322,0.13414599525161322,False,prediction,"[413, 0]","(9, 1)","[0, None]","[413, 0]","[0, 0]","[2633.95, 2633.7833333333333]"
2634.1833333333334,1,S3_landing,0.3528732590859745,0.854938171175178,0.13414599525161322,0.13414599525161322,False,prediction,"[413, 0]","(9, 1)","[0, None]","[413, 0]","[0, 0]","[2633.95, 2633.7833333333333]"
2634.2166666666667,1,S3_landing,0.3528732590859745,0.854938171175178,0.13414599525161322,0.13414599525161322,False,prediction,"[413, 0]","(9, 1)","[0, None]","[413, 0]","[0, 0]","[2633.95, 2633.7833333333333]"
2634.25,1,S3_landing,0.3528732590859745,0.854938171175178,0.13414599525161322,0.13414599525161322,False,prediction,"[413, 0]","(9, 1)","[0, None]","[413, 0]","[0, 0]","[2633.95, 2633.7833333333333]"
2634.2833333333333,1,S3_landing,0.3528732590859745,0.854938171175178,0.13414599525161322,0.13414599525161322,False,prediction,"[413, 0]","(9, 1)","[0, None]","[413, 0]","[0, 0]","[2633.95, 2633.7833333333333]"
2634.3166666666666,1,S3_landing,0.3528732590859745,0.854938171175178,0.13414599525161322,0.13414599525161322,False,prediction,"[413, 0]","(9, 1)","[0, None]","[413, 0]","[0, 0]","[2633.95, 2633.7833333333333]"
2634.35,1,S3_landing,0.3528732590859745,0.854938171175178,0.13414599525161322,0.13414599525161322,False,prediction,"[413, 0]","(9, 1)","[0, None]","[413, 0]","[0, 0]","[2633.95, 2633.7833333333333]"
2634.383333333333,1,S3_landing,0.3528732590859745,0.854938171175178,0.13414599525161322,0.13414599525161322,False,prediction,"[413, 0]","(9, 1)","[0, None]","[413, 0]","[0, 0]","[2633.95, 2633.7833333333333]"
2634.4166666666665,1,S3_landing,0.3528732590859745,0.854938171175178,0.13414599525161322,0.13414599525161322,False,prediction,"[413, 0]","(9, 1)","[0, None]","[413, 0]","[0, 0]","[2633.95, 2633.7833333333333]"
2634.45,1,S3_landing,0.3528732590859745,0.854938171175178,0.13414599525161322,0.13414599525161322,False,prediction,"[413, 0]","(9, 1)","[0, None]","[413, 0]","[0, 0]","[2633.95, 2633.7833333333333]"
2634.483333333333,1,S3_landing,0.3528732590859745,0.854938171175178,0.13414599525161322,0.13414599525161322,False,prediction,"[413, 0]","(9, 1)","[0, None]","[413, 0]","[0, 0]","[2633.95, 2633.7833333333333]"
2634.516666666667,1,S3_landing,0.3528732590859745,0.854938171175178,0.13414599525161322,0.13414599525161322,False,prediction,"[413, 0]","(9, 1)","[0, None]","[413, 0]","[0, 0]","[2633.95, 2633.7833333333333]"
2634.55,1,S3_landing,0.3528732590859745,0.854938171175178,0.13414599525161322,0.13414599525161322,False,prediction,"[413, 0]","(9, 1)","[0, None]","[413, 0]","[0, 0]","[2633.95, 2633.7833333333333]"
2634.5833333333335,1,S3_landing,0.3528732590859745,0.854938171175178,0.13414599525161322,0.13414599525161322,False,prediction,"[413, 0]","(9, 1)","[0, None]","[413, 0]","[0, 0]","[2633.95, 2633.7833333333333]"
2634.616666666667,1,S3_landing,0.34894021668111885,0.854938171175178,0.13018512961030107,0.13018512961030107,False,prediction,"[413, 0]","(8, 1)","[0, None]","[413, 0]","[0, 0]","[2634.616666666667, 2633.7833333333333]"
2634.65,1,S3_landing,0.34894021668111885,0.854938171175178,0.13018512961030107,0.13018512961030107,False,prediction,"[413, 0]","(8, 1)","[0, None]","[413, 0]","[0, 0]","[2634.616666666667, 2633.7833333333333]"
2634.6833333333334,1,S3_landing,0.34894021668111885,0.854938171175178,0.13018512961030107,0.13018512961030107,False,prediction,"[413, 0]","(8, 1)","[0, None]","[413, 0]","[0, 0]","[2634.616666666667, 2633.7833333333333]"
2634.7166666666667,1,S3_landing,0.34894021668111885,0.854938171175178,0.13018512961030107,0.13018512961030107,False,prediction,"[413, 0]","(8, 1)","[0, None]","[413, 0]","[0, 0]","[2634.616666666667, 2633.7833333333333]"
2634.75,1,S3_landing,0.34894021668111885,0.854938171175178,0.13018512961030107,0.13018512961030107,False,prediction,"[413, 0]","(8, 1)","[0, None]","[413, 0]","[0, 0]","[2634.616666666667, 2633.7833333333333]"
2634.7833333333333,1,S3_landing,0.34894021668111885,0.854938171175178,0.13018512961030107,0.13018512961030107,False,prediction,"[413, 0]","(8, 1)","[0, None]","[413, 0]","[0, 0]","[2634.616666666667, 2633.7833333333333]"
2634.8166666666666,1,S3_landing,0.34894021668111885,0.854938171175178,0.13018512961030107,0.13018512961030107,False,prediction,"[413, 0]","(8, 1)","[0, None]","[413, 0]","[0, 0]","[2634.616666666667, 2633.7833333333333]"
2634.85,1,S3_landing,0.34894021668111885,0.854938171175178,0.13018512961030107,0.13018512961030107,False,prediction,"[413, 0]","(8, 1)","[0, None]","[413, 0]","[0, 0]","[2634.616666666667, 2633.7833333333333]"
2634.883333333333,1,S3_landing,0.34894021668111885,0.854938171175178,0.13018512961030107,0.13018512961030107,False,prediction,"[413, 0]","(8, 1)","[0, None]","[413, 0]","[0, 0]","[2634.616666666667, 2633.7833333333333]"
2634.9166666666665,1,S3_landing,0.34894021668111885,0.854938171175178,0.13018512961030107,0.13018512961030107,False,prediction,"[413, 0]","(8, 1)","[0, None]","[413, 0]","[0, 0]","[2634.616666666667, 2633.7833333333333]"
2634.95,1,S3_landing,0.34894021668111885,0.854938171175178,0.13018512961030107,0.13018512961030107,False,prediction,"[413, 0]","(8, 1)","[0, None]","[413, 0]","[0, 0]","[2634.616666666667, 2633.7833333333333]"
2634.983333333333,1,S3_landing,0.34894021668111885,0.854938171175178,0.13018512961030107,0.13018512961030107,False,prediction,"[413, 0]","(8, 1)","[0, None]","[413, 0]","[0, 0]","[2634.616666666667, 2633.7833333333333]"
2635.016666666667,1,S3_landing,0.34894021668111885,0.854938171175178,0.13018512961030107,0.13018512961030107,False,prediction,"[413, 0]","(8, 1)","[0, None]","[413, 0]","[0, 0]","[2634.616666666667, 2633.7833333333333]"
2635.05,1,S3_landing,0.34894021668111885,0.854938171175178,0.13018512961030107,0.13018512961030107,False,prediction,"[413, 0]","(8, 1)","[0, None]","[413, 0]","[0, 0]","[2634.616666666667, 2633.7833333333333]"
2635.0833333333335,1,S3_landing,0.34894021668111885,0.854938171175178,0.13018512961030107,0.13018512961030107,False,prediction,"[413, 0]","(8, 1)","[0, None]","[413, 0]","[0, 0]","[2634.616666666667, 2633.7833333333333]"
2635.116666666667,1,S3_landing,0.34894021668111885,0.854938171175178,0.13018512961030107,0.13018512961030107,False,prediction,"[413, 0]","(8, 1)","[0, None]","[413, 0]","[0, 0]","[2634.616666666667, 2633.7833333333333]"
2635.15,1,S3_landing,0.34894021668111885,0.854938171175178,0.13018512961030107,0.13018512961030107,False,prediction,"[413, 0]","(8, 1)","[0, None]","[413, 0]","[0, 0]","[2634.616666666667, 2633.7833333333333]"
2635.1833333333334,1,S3_landing,0.34894021668111885,0.854938171175178,0.13018512961030107,0.13018512961030107,False,prediction,"[413, 0]","(8, 1)","[0, None]","[413, 0]","[0, 0]","[2634.616666666667, 2633.7833333333333]"
2635.2166666666667,1,S3_landing,0.34894021668111885,0.854938171175178,0.13018512961030107,0.13018512961030107,False,prediction,"[413, 0]","(8, 1)","[0, None]","[413, 0]","[0, 0]","[2634.616666666667, 2633.7833333333333]"
2635.25,1,S3_landing,0.34894021668111885,0.854938171175178,0.13018512961030107,0.13018512961030107,False,prediction,"[413, 0]","(8, 1)","[0, None]","[413, 0]","[0, 0]","[2634.616666666667, 2633.7833333333333]"
2635.2833333333333,1,S3_landing,0.34894021668111885,0.854938171175178,0.13018512961030107,0.13018512961030107,False,prediction,"[413, 0]","(8, 1)","[0, None]","[413, 0]","[0, 0]","[2634.616666666667, 2633.7833333333333]"
2635.3166666666666,1,S3_landing,0.34894021668111885,0.854938171175178,0.13018512961030107,0.13018512961030107,False,prediction,"[413, 0]","(8, 1)","[0, None]","[413, 0]","[0, 0]","[2634.616666666667, 2633.7833333333333]"
2635.35,1,S3_landing,0.34894021668111885,0.854938171175178,0.13018512961030107,0.13018512961030107,False,prediction,"[413, 0]","(8, 1)","[0, None]","[413, 0]","[0, 0]","[2634.616666666667, 2633.7833333333333]"
2635.383333333333,1,S3_landing,0.34894021668111885,0.854938171175178,0.13018512961030107,0.13018512961030107,False,prediction,"[413, 0]","(8, 1)","[0, None]","[413, 0]","[0, 0]","[2634.616666666667, 2633.7833333333333]"
2635.4166666666665,1,S3_landing,0.34894021668111885,0.854938171175178,0.13018512961030107,0.13018512961030107,False,prediction,"[413, 0]","(8, 1)","[0, None]","[413, 0]","[0, 0]","[2634.616666666667, 2633.7833333333333]"
2635.45,1,S3_landing,0.34894021668111885,0.854938171175178,0.13018512961030107,0.13018512961030107,False,prediction,"[413, 0]","(8, 1)","[0, None]","[413, 0]","[0, 0]","[2634.616666666667, 2633.7833333333333]"
2635.483333333333,1,S3_landing,0.34894021668111885,0.854938171175178,0.13018512961030107,0.13018512961030107,False,prediction,"[413, 0]","(8, 1)","[0, None]","[413, 0]","[0, 0]","[2634.616666666667, 2633.7833333333333]"
2635.516666666667,1,S3_landing,0.34894021668111885,0.854938171175178,0.13018512961030107,0.13018512961030107,False,prediction,"[413, 0]","(8, 1)","[0, None]","[413, 0]","[0, 0]","[2634.616666666667, 2633.7833333333333]"
2635.55,1,S3_landing,0.34894021668111885,0.854938171175178,0.13018512961030107,0.13018512961030107,False,prediction,"[413, 0]","(8, 1)","[0, None]","[413, 0]","[0, 0]","[2634.616666666667, 2633.7833333333333]"
2635.5833333333335,1,S3_landing,0.34894021668111885,0.854938171175178,0.13018512961030107,0.13018512961030107,False,prediction,"[413, 0]","(8, 1)","[0, None]","[413, 0]","[0, 0]","[2634.616666666667, 2633.7833333333333]"
2635.616666666667,1,S3_landing,0.34894021668111885,0.854938171175178,0.13018512961030107,0.13018512961030107,False,prediction,"[413, 0]","(8, 1)","[0, None]","[413, 0]","[0, 0]","[2634.616666666667, 2633.7833333333333]"
2635.65,1,S3_landing,0.34894021668111885,0.854938171175178,0.13018512961030107,0.13018512961030107,False,prediction,"[413, 0]","(8, 1)","[0, None]","[413, 0]","[0, 0]","[2634.616666666667, 2633.7833333333333]"
2635.6833333333334,1,S3_landing,0.34894021668111885,0.854938171175178,0.13018512961030107,0.13018512961030107,False,prediction,"[413, 0]","(8, 1)","[0, None]","[413, 0]","[0, 0]","[2634.616666666667, 2633.7833333333333]"
2635.7166666666667,1,S3_landing,0.34894021668111885,0.854938171175178,0.13018512961030107,0.13018512961030107,False,prediction,"[413, 0]","(8, 1)","[0, None]","[413, 0]","[0, 0]","[2634.616666666667, 2633.7833333333333]"
2635.75,1,S3_landing,0.34894021668111885,0.854938171175178,0.13018512961030107,0.13018512961030107,False,prediction,"[413, 0]","(8, 1)","[0, None]","[413, 0]","[0, 0]","[2634.616666666667, 2633.7833333333333]"
2635.7833333333333,1,S3_landing,0.34894021668111885,0.854938171175178,0.13018512961030107,0.13018512961030107,False,prediction,"[413, 0]","(8, 1)","[0, None]","[413, 0]","[0, 0]","[2634.616666666667, 2633.7833333333333]"
2635.8166666666666,1,S3_landing,0.34894021668111885,0.854938171175178,0.13018512961030107,0.13018512961030107,False,prediction,"[413, 0]","(8, 1)","[0, None]","[413, 0]","[0, 0]","[2634.616666666667, 2633.7833333333333]"
2635.85,1,S3_landing,0.34894021668111885,0.854938171175178,0.13018512961030107,0.13018512961030107,False,prediction,"[413, 0]","(8, 1)","[0, None]","[413, 0]","[0, 0]","[2634.616666666667, 2633.7833333333333]"
2635.883333333333,1,S3_landing,0.34894021668111885,0.854938171175178,0.13018512961030107,0.13018512961030107,False,prediction,"[413, 0]","(8, 1)","[0, None]","[413, 0]","[0, 0]","[2634.616666666667, 2633.7833333333333]"
2635.9166666666665,1,S3_landing,0.34894021668111885,0.854938171175178,0.13018512961030107,0.13018512961030107,False,prediction,"[413, 0]","(8, 1)","[0, None]","[413, 0]","[0, 0]","[2634.616666666667, 2633.7833333333333]"
2635.95,1,S3_landing,0.34894021668111885,0.854938171175178,0.13018512961030107,0.13018512961030107,False,prediction,"[413, 0]","(8, 1)","[0, None]","[413, 0]","[0, 0]","[2634.616666666667, 2633.7833333333333]"
2635.983333333333,1,S3_landing,0.34894021668111885,0.854938171175178,0.13018512961030107,0.13018512961030107,False,prediction,"[413, 0]","(8, 1)","[0, None]","[413, 0]","[0, 0]","[2634.616666666667, 2633.7833333333333]"
2636.016666666667,1,S3_landing,0.34894021668111885,0.854938171175178,0.13018512961030107,0.13018512961030107,False,prediction,"[413, 0]","(8, 1)","[0, None]","[413, 0]","[0, 0]","[2634.616666666667, 2633.7833333333333]"
2636.05,1,S3_landing,0.34894021668111885,0.854938171175178,0.13018512961030107,0.13018512961030107,False,prediction,"[413, 0]","(8, 1)","[0, None]","[413, 0]","[0, 0]","[2634.616666666667, 2633.7833333333333]"
2636.0833333333335,1,S3_landing,0.34894021668111885,0.854938171175178,0.13018512961030107,0.13018512961030107,False,prediction,"[413, 0]","(8, 1)","[0, None]","[413, 0]","[0, 0]","[2634.616666666667, 2633.7833333333333]"
2636.116666666667,1,S3_landing,0.34894021668111885,0.854938171175178,0.13018512961030107,0.13018512961030107,False,prediction,"[413, 0]","(8, 1)","[0, None]","[413, 0]","[0, 0]","[2634.616666666667, 2633.7833333333333]"
2636.15,1,S3_landing,0.34894021668111885,0.854938171175178,0.13018512961030107,0.13018512961030107,False,prediction,"[413, 0]","(8, 1)","[0, None]","[413, 0]","[0, 0]","[2634.616666666667, 2633.7833333333333]"
2636.1833333333334,1,S3_landing,0.34894021668111885,0.854938171175178,0.13018512961030107,0.13018512961030107,False,prediction,"[413, 0]","(8, 1)","[0, None]","[413, 0]","[0, 0]","[2634.616666666667, 2633.7833333333333]"
2636.2166666666667,1,S3_landing,0.34894021668111885,0.854938171175178,0.13018512961030107,0.13018512961030107,False,prediction,"[413, 0]","(8, 1)","[0, None]","[413, 0]","[0, 0]","[2634.616666666667, 2633.7833333333333]"
2636.25,1,S3_landing,0.34894021668111885,0.854938171175178,0.13018512961030107,0.13018512961030107,False,prediction,"[413, 0]","(8, 1)","[0, None]","[413, 0]","[0, 0]","[2634.616666666667, 2633.7833333333333]"
2636.2833333333333,1,S3_landing,0.34894021668111885,0.854938171175178,0.13018512961030107,0.13018512961030107,False,prediction,"[413, 0]","(8, 1)","[0, None]","[413, 0]","[0, 0]","[2634.616666666667, 2633.7833333333333]"
2636.3166666666666,1,S3_landing,0.34894021668111885,0.854938171175178,0.13018512961030107,0.13018512961030107,False,prediction,"[413, 0]","(8, 1)","[0, None]","[413, 0]","[0, 0]","[2634.616666666667, 2633.7833333333333]"
2636.35,1,S3_landing,0.34894021668111885,0.854938171175178,0.13018512961030107,0.13018512961030107,False,prediction,"[413, 0]","(8, 1)","[0, None]","[413, 0]","[0, 0]","[2634.616666666667, 2633.7833333333333]"
2636.383333333333,1,S3_landing,0.34894021668111885,0.854938171175178,0.13018512961030107,0.13018512961030107,False,prediction,"[413, 0]","(8, 1)","[0, None]","[413, 0]","[0, 0]","[2634.616666666667, 2633.7833333333333]"
2636.4166666666665,1,S3_landing,0.34894021668111885,0.854938171175178,0.13018512961030107,0.13018512961030107,False,prediction,"[413, 0]","(8, 1)","[0, None]","[413, 0]","[0, 0]","[2634.616666666667, 2633.7833333333333]"
2636.45,1,S3_landing,0.34894021668111885,0.854938171175178,0.13018512961030107,0.13018512961030107,False,prediction,"[413, 0]","(8, 1)","[0, None]","[413, 0]","[0, 0]","[2634.616666666667, 2633.7833333333333]"
2636.483333333333,1,S3_landing,0.34894021668111885,0.854938171175178,0.13018512961030107,0.13018512961030107,False,prediction,"[413, 0]","(8, 1)","[0, None]","[413, 0]","[0, 0]","[2634.616666666667, 2633.7833333333333]"
2636.516666666667,1,S3_landing,0.34894021668111885,0.854938171175178,0.13018512961030107,0.13018512961030107,False,prediction,"[413, 0]","(8, 1)","[0, None]","[413, 0]","[0, 0]","[2634.616666666667, 2633.7833333333333]"
2636.55,1,S3_landing,0.34894021668111885,0.854938171175178,0.13018512961030107,0.13018512961030107,False,prediction,"[413, 0]","(8, 1)","[0, None]","[413, 0]","[0, 0]","[2634.616666666667, 2633.7833333333333]"
2636.5833333333335,1,S3_landing,0.34894021668111885,0.854938171175178,0.13018512961030107,0.13018512961030107,False,prediction,"[413, 0]","(8, 1)","[0, None]","[413, 0]","[0, 0]","[2634.616666666667, 2633.7833333333333]"
2636.616666666667,1,S3_landing,0.34894021668111885,0.854938171175178,0.13018512961030107,0.13018512961030107,False,prediction,"[413, 0]","(8, 1)","[0, None]","[413, 0]","[0, 0]","[2634.616666666667, 2633.7833333333333]"
2636.65,1,S3_landing,0.34894021668111885,0.854938171175178,0.13018512961030107,0.13018512961030107,False,prediction,"[413, 0]","(8, 1)","[0, None]","[413, 0]","[0, 0]","[2634.616666666667, 2633.7833333333333]"
2636.6833333333334,1,S3_landing,0.34894021668111885,0.854938171175178,0.13018512961030107,0.13018512961030107,False,prediction,"[413, 0]","(8, 1)","[0, None]","[413, 0]","[0, 0]","[2634.616666666667, 2633.7833333333333]"
2636.7166666666667,1,S3_landing,0.34894021668111885,0.854938171175178,0.13018512961030107,0.13018512961030107,False,prediction,"[413, 0]","(8, 1)","[0, None]","[413, 0]","[0, 0]","[2634.616666666667, 2633.7833333333333]"
2636.75,1,S3_landing,0.34894021668111885,0.854938171175178,0.13018512961030107,0.13018512961030107,False,prediction,"[413, 0]","(8, 1)","[0, None]","[413, 0]","[0, 0]","[2634.616666666667, 2633.7833333333333]"
2636.7833333333333,1,S3_landing,0.34894021668111885,0.854938171175178,0.13018512961030107,0.13018512961030107,False,prediction,"[413, 0]","(8, 1)","[0, None]","[413, 0]","[0, 0]","[2634.616666666667, 2633.7833333333333]"
2636.8166666666666,1,S3_landing,0.34894021668111885,0.854938171175178,0.13018512961030107,0.13018512961030107,False,prediction,"[413, 0]","(8, 1)","[0, None]","[413, 0]","[0, 0]","[2634.616666666667, 2633.7833333333333]"
2636.85,1,S3_landing,0.34894021668111885,0.854938171175178,0.13018512961030107,0.13018512961030107,False,prediction,"[413, 0]","(8, 1)","[0, None]","[413, 0]","[0, 0]","[2634.616666666667, 2633.7833333333333]"
2636.883333333333,1,S3_landing,0.34894021668111885,0.854938171175178,0.13018512961030107,0.13018512961030107,False,prediction,"[413, 0]","(8, 1)","[0, None]","[413, 0]","[0, 0]","[2634.616666666667, 2633.7833333333333]"
2636.9166666666665,1,S3_landing,0.34894021668111885,0.854938171175178,0.13018512961030107,0.13018512961030107,False,prediction,"[413, 0]","(8, 1)","[0, None]","[413, 0]","[0, 0]","[2634.616666666667, 2633.7833333333333]"
2636.95,1,S3_landing,0.34894021668111885,0.854938171175178,0.13018512961030107,0.13018512961030107,False,prediction,"[413, 0]","(8, 1)","[0, None]","[413, 0]","[0, 0]","[2634.616666666667, 2633.7833333333333]"
2636.983333333333,1,S3_landing,0.34894021668111885,0.854938171175178,0.13018512961030107,0.13018512961030107,False,prediction,"[413, 0]","(8, 1)","[0, None]","[413, 0]","[0, 0]","[2634.616666666667, 2633.7833333333333]"
2637.016666666667,1,S3_landing,0.34894021668111885,0.854938171175178,0.13018512961030107,0.13018512961030107,False,prediction,"[413, 0]","(8, 1)","[0, None]","[413, 0]","[0, 0]","[2634.616666666667, 2633.7833333333333]"
2637.05,1,S3_landing,0.34894021668111885,0.854938171175178,0.13018512961030107,0.13018512961030107,False,prediction,"[413, 0]","(8, 1)","[0, None]","[413, 0]","[0, 0]","[2634.616666666667, 2633.7833333333333]"
2637.0833333333335,1,S3_landing,0.34894021668111885,0.854938171175178,0.13018512961030107,0.13018512961030107,False,prediction,"[413, 0]","(8, 1)","[0, None]","[413, 0]","[0, 0]","[2634.616666666667, 2633.7833333333333]"
2637.116666666667,1,S3_landing,0.34894021668111885,0.854938171175178,0.13018512961030107,0.13018512961030107,False,prediction,"[413, 0]","(8, 1)","[0, None]","[413, 0]","[0, 0]","[2634.616666666667, 2633.7833333333333]"
2637.15,1,S3_landing,0.34894021668111885,0.854938171175178,0.13018512961030107,0.13018512961030107,False,prediction,"[413, 0]","(8, 1)","[0, None]","[413, 0]","[0, 0]","[2634.616666666667, 2633.7833333333333]"
2637.1833333333334,1,S3_landing,0.34894021668111885,0.854938171175178,0.13018512961030107,0.13018512961030107,False,prediction,"[413, 0]","(8, 1)","[0, None]","[413, 0]","[0, 0]","[2634.616666666667, 2633.7833333333333]"
2637.2166666666667,1,S3_landing,0.34894021668111885,0.854938171175178,0.13018512961030107,0.13018512961030107,False,prediction,"[413, 0]","(8, 1)","[0, None]","[413, 0]","[0, 0]","[2634.616666666667, 2633.7833333333333]"
2637.25,1,S3_landing,0.34894021668111885,0.854938171175178,0.13018512961030107,0.13018512961030107,False,prediction,"[413, 0]","(8, 1)","[0, None]","[413, 0]","[0, 0]","[2634.616666666667, 2633.7833333333333]"
2637.2833333333333,1,S3_landing,0.34894021668111885,0.854938171175178,0.13018512961030107,0.13018512961030107,False,prediction,"[413, 0]","(8, 1)","[0, None]","[413, 0]","[0, 0]","[2634.616666666667, 2633.7833333333333]"
2637.3166666666666,1,S3_landing,0.34894021668111885,0.854938171175178,0.13018512961030107,0.13018512961030107,False,prediction,"[413, 0]","(8, 1)","[0, None]","[413, 0]","[0, 0]","[2634.616666666667, 2633.7833333333333]"
2637.35,2,waiting_confirmed,,,,,,,,,,,,
2637.383333333333,2,waiting_confirmed,,,,,,,,,,,,
2637.4166666666665,2,waiting_confirmed,,,,,,,,,,,,
2637.45,2,waiting_confirmed,,,,,,,,,,,,
2637.483333333333,2,waiting_confirmed,,,,,,,,,,,,
2637.516666666667,2,waiting_confirmed,,,,,,,,,,,,
2637.55,2,G_fe,0.6324870386841437,0.6324870386841437,,,,,,,,,,
2637.5833333333335,2,G_fe,0.6324870386841437,0.6324870386841437,,,,,,,,,,
2637.616666666667,2,G_fe,0.6324870386841437,0.6324870386841437,,,,,,,,,,
2637.65,2,G_fe,0.6324870386841437,0.6324870386841437,,,,,,,,,,
2637.6833333333334,2,G_fe,0.6324870386841437,0.6324870386841437,,,,,,,,,,
2637.7166666666667,2,G_fe,0.6324870386841437,0.6324870386841437,,,,,,,,,,
2637.75,2,G_fe,0.6324870386841437,0.6324870386841437,,,,,,,,,,
2637.7833333333333,2,G_fe,0.6324870386841437,0.6324870386841437,,,,,,,,,,
2637.8166666666666,2,G_fe,0.6324870386841437,0.6324870386841437,,,,,,,,,,
2637.85,2,G_fe,0.6324870386841437,0.6324870386841437,,,,,,,,,,
2637.883333333333,2,G_fe,0.6324870386841437,0.6324870386841437,,,,,,,,,,
2637.9166666666665,2,G_fe,0.6324870386841437,0.6324870386841437,,,,,,,,,,
2637.95,2,G_fe,0.6324870386841437,0.6324870386841437,,,,,,,,,,
2637.983333333333,2,G_fe,0.6324870386841437,0.6324870386841437,,,,,,,,,,
2638.016666666667,2,G_fe,0.6324870386841437,0.6324870386841437,,,,,,,,,,
2638.05,2,G_fe,0.6324870386841437,0.6324870386841437,,,,,,,,,,
2638.0833333333335,2,G_fe,0.6324870386841437,0.6324870386841437,,,,,,,,,,
2638.116666666667,2,G_fe,0.6324870386841437,0.6324870386841437,,,,,,,,,,
2638.15,2,G_fe,0.6324870386841437,0.6324870386841437,,,,,,,,,,
2638.1833333333334,2,G_fe,0.6324870386841437,0.6324870386841437,,,,,,,,,,
2638.2166666666667,2,G_fe,0.6324870386841437,0.6324870386841437,,,,,,,,,,
2638.25,2,G_fe,0.6324870386841437,0.6324870386841437,,,,,,,,,,
2638.2833333333333,2,G_fe,0.6324870386841437,0.6324870386841437,,,,,,,,,,
2638.3166666666666,2,G_fe,0.6324870386841437,0.6324870386841437,,,,,,,,,,
2638.35,2,G_fe,0.6324870386841437,0.6324870386841437,,,,,,,,,,
2638.383333333333,2,G_fe,0.6324870386841437,0.6324870386841437,,,,,,,,,,
2638.4166666666665,2,G_fe,0.6324870386841437,0.6324870386841437,,,,,,,,,,
2638.45,2,G_fe,0.6324870386841437,0.6324870386841437,,,,,,,,,,
2638.483333333333,2,G_fe,0.6324870386841437,0.6324870386841437,,,,,,,,,,
2638.516666666667,2,G_fe,0.6324870386841437,0.6324870386841437,,,,,,,,,,
2638.55,2,G_fe,0.6324870386841437,0.6324870386841437,,,,,,,,,,
2638.5833333333335,2,G_fe,0.6324870386841437,0.6324870386841437,,,,,,,,,,
2638.616666666667,2,G_fe,0.6324870386841437,0.6324870386841437,,,,,,,,,,
2638.65,2,G_fe,0.6324870386841437,0.6324870386841437,,,,,,,,,,
2638.6833333333334,2,G_fe,0.6324870386841437,0.6324870386841437,,,,,,,,,,
2638.7166666666667,2,G_fe,0.6324870386841437,0.6324870386841437,,,,,,,,,,
2638.75,2,G_fe,0.6324870386841437,0.6324870386841437,,,,,,,,,,
2638.7833333333333,2,G_fe,0.6324870386841437,0.6324870386841437,,,,,,,,,,
2638.8166666666666,2,G_fe,0.6324870386841437,0.6324870386841437,,,,,,,,,,
2638.85,2,G_fe,0.6324870386841437,0.6324870386841437,,,,,,,,,,
2638.883333333333,2,G_fe,0.6324870386841437,0.6324870386841437,,,,,,,,,,
2638.9166666666665,2,G_fe,0.6324870386841437,0.6324870386841437,,,,,,,,,,
2638.95,2,G_fe,0.6324870386841437,0.6324870386841437,,,,,,,,,,
2638.983333333333,2,G_fe,0.6324870386841437,0.6324870386841437,,,,,,,,,,
2639.016666666667,2,G_fe,0.6324870386841437,0.6324870386841437,,,,,,,,,,
2639.05,2,G_fe,0.6324870386841437,0.6324870386841437,,,,,,,,,,
2639.0833333333335,2,G_fe,0.6324870386841437,0.6324870386841437,,,,,,,,,,
2639.116666666667,2,G_fe,0.6324870386841437,0.6324870386841437,,,,,,,,,,
2639.15,2,G_fe,0.6324870386841437,0.6324870386841437,,,,,,,,,,
2639.1833333333334,2,G_fe,0.6303664828366222,0.6303664828366222,,,,,,,,,,
2639.2166666666667,2,G_fe,0.6324870386841437,0.6324870386841437,,,,,,,,,,
2639.25,2,G_fe,0.6324870386841437,0.6324870386841437,,,,,,,,,,
2639.2833333333333,2,G_fe,0.6324870386841437,0.6324870386841437,,,,,,,,,,
2639.3166666666666,2,G_fe,0.6324870386841437,0.6324870386841437,,,,,,,,,,
2639.35,2,G_fe,0.6324870386841437,0.6324870386841437,,,,,,,,,,
2639.383333333333,2,G_fe,0.6303664828366222,0.6303664828366222,,,,,,,,,,
2639.4166666666665,2,G_fe,0.6324870386841437,0.6324870386841437,,,,,,,,,,
2639.45,2,G_fe,0.6324870386841437,0.6324870386841437,,,,,,,,,,
2639.483333333333,2,G_fe,0.6324870386841437,0.6324870386841437,,,,,,,,,,
2639.516666666667,2,G_fe,0.6324870386841437,0.6324870386841437,,,,,,,,,,
2639.55,2,G_fe,0.6324870386841437,0.6324870386841437,,,,,,,,,,
2639.5833333333335,2,G_fe,0.6324870386841437,0.6324870386841437,,,,,,,,,,
2639.616666666667,2,G_fe,0.6324870386841437,0.6324870386841437,,,,,,,,,,
2639.65,2,G_fe,0.6324870386841437,0.6324870386841437,,,,,,,,,,
2639.6833333333334,2,G_fe,0.6346024808936893,0.6346024808936893,,,,,,,,,,
2639.7166666666667,2,G_fe,0.6303664828366222,0.6303664828366222,,,,,,,,,,
2639.75,2,G_fe,0.6324870386841437,0.6324870386841437,,,,,,,,,,
2639.7833333333333,2,G_fe,0.6324870386841437,0.6324870386841437,,,,,,,,,,
2639.8166666666666,2,G_fe,0.6324870386841437,0.6324870386841437,,,,,,,,,,
2639.85,2,G_fe,0.6324870386841437,0.6324870386841437,,,,,,,,,,
2639.883333333333,2,G_fe,0.6359752279166392,0.6359752279166392,,,,,,,,,,
2639.9166666666665,2,G_fe,0.6301623798030381,0.6301623798030381,,,,,,,,,,
2639.95,2,G_fe,0.6324094604454276,0.6324094604454276,,,,,,,,,,
2639.983333333333,2,G_fe,0.6324870386841437,0.6324870386841437,,,,,,,,,,
2640.016666666667,2,G_fe,0.6324870386841437,0.6324870386841437,,,,,,,,,,
2640.05,2,G_fe,0.6324870386841437,0.6324870386841437,,,,,,,,,,
2640.0833333333335,2,G_fe,0.6324870386841437,0.6324870386841437,,,,,,,,,,
2640.116666666667,2,G_fe,0.48835868016092104,0.48835868016092104,,,,,,,,,,
2640.15,2,G_fe,0.48835868016092104,0.48835868016092104,,,,,,,,,,
2640.1833333333334,2,G_fe,0.48835868016092104,0.48835868016092104,,,,,,,,,,
2640.2166666666667,2,G_fe,0.48835868016092104,0.48835868016092104,,,,,,,,,,
2640.25,2,G_fe,0.48835868016092104,0.48835868016092104,,,,,,,,,,
2640.2833333333333,2,G_fe,0.48835868016092104,0.48835868016092104,,,,,,,,,,
2640.3166666666666,2,G_fe,0.48835868016092104,0.48835868016092104,,,,,,,,,,
2640.35,2,G_fe,0.48835868016092104,0.48835868016092104,,,,,,,,,,
2640.383333333333,2,G_fe,0.48835868016092104,0.48835868016092104,,,,,,,,,,
2640.4166666666665,2,G_fe,0.48835868016092104,0.48835868016092104,,,,,,,,,,
2640.45,2,G_fe,0.48835868016092104,0.48835868016092104,,,,,,,,,,
2640.483333333333,2,G_fe,0.48835868016092104,0.48835868016092104,,,,,,,,,,
2640.516666666667,2,G_fe,0.48835868016092104,0.48835868016092104,,,,,,,,,,
2640.55,2,G_fe,0.48835868016092104,0.48835868016092104,,,,,,,,,,
2640.5833333333335,2,G_fe,0.48835868016092104,0.48835868016092104,,,,,,,,,,
2640.616666666667,2,G_fe,0.4926990621304156,0.4926990621304156,,,,,,,,,,
2640.65,2,G_fe,0.4926990621304156,0.4926990621304156,,,,,,,,,,
2640.6833333333334,2,G_fe,0.4926990621304156,0.4926990621304156,,,,,,,,,,
2640.7166666666667,2,G_fe,0.4929276148507432,0.4929276148507432,,,,,,,,,,
2640.75,2,G_fe,0.492075186258974,0.492075186258974,,,,,,,,,,
2640.7833333333333,2,G_fe,0.49635545740858095,0.49635545740858095,,,,,,,,,,
2640.8166666666666,2,G_fe,0.4966715456321003,0.4966715456321003,,,,,,,,,,
2640.85,2,G_fe,0.4947658308472571,0.4947658308472571,,,,,,,,,,
2640.883333333333,2,G_fe,0.4947658308472571,0.4947658308472571,,,,,,,,,,
2640.9166666666665,2,G_fe,0.4947658308472571,0.4947658308472571,,,,,,,,,,
2640.95,2,G_fe,0.5021580524543635,0.5021580524543635,,,,,,,,,,
2640.983333333333,2,G_fe,0.5021580524543635,0.5021580524543635,,,,,,,,,,
2641.016666666667,2,G_fe,0.5021580524543635,0.5021580524543635,,,,,,,,,,
2641.05,2,G_fe,0.5021580524543635,0.5021580524543635,,,,,,,,,,
2641.0833333333335,2,G_fe,0.5021580524543635,0.5021580524543635,,,,,,,,,,
2641.116666666667,2,G_fe,0.5021580524543635,0.5021580524543635,,,,,,,,,,
2641.15,2,G_fe,0.5021580524543635,0.5021580524543635,,,,,,,,,,
2641.1833333333334,2,G_fe,0.49817140528860027,0.49817140528860027,,,,,,,,,,
2641.2166666666667,2,G_fe,0.49817140528860027,0.49817140528860027,,,,,,,,,,
2641.25,2,G_fe,0.49817140528860027,0.49817140528860027,,,,,,,,,,
2641.2833333333333,2,G_fe,0.49817140528860027,0.49817140528860027,,,,,,,,,,
2641.3166666666666,2,G_fe,0.49817140528860027,0.49817140528860027,,,,,,,,,,
2641.35,2,G_fe,0.5003477956000076,0.5003477956000076,,,,,,,,,,
2641.383333333333,2,G_fe,0.5003477956000076,0.5003477956000076,,,,,,,,,,
2641.4166666666665,2,G_fe,0.5003477956000076,0.5003477956000076,,,,,,,,,,
2641.45,2,G_fe,0.5003477956000076,0.5003477956000076,,,,,,,,,,
2641.483333333333,2,G_fe,0.5003477956000076,0.5003477956000076,,,,,,,,,,
2641.516666666667,2,G_fe,0.5003477956000076,0.5003477956000076,,,,,,,,,,
2641.55,2,G_fe,0.5003477956000076,0.5003477956000076,,,,,,,,,,
2641.5833333333335,2,G_fe,0.5010047028467566,0.5010047028467566,,,,,,,,,,
2641.616666666667,2,G_fe,0.49831237662680944,0.49831237662680944,,,,,,,,,,
2641.65,2,G_fe,0.4950365856528784,0.4950365856528784,,,,,,,,,,
2641.6833333333334,2,G_fe,0.4998100204194594,0.4998100204194594,,,,,,,,,,
2641.7166666666667,2,G_fe,0.4998100204194594,0.4998100204194594,,,,,,,,,,
2641.75,2,G_fe,0.4998100204194594,0.4998100204194594,,,,,,,,,,
2641.7833333333333,2,G_fe,0.4998100204194594,0.4998100204194594,,,,,,,,,,
2641.8166666666666,2,G_fe,0.4998100204194594,0.4998100204194594,,,,,,,,,,
2641.85,2,G_fe,0.4998100204194594,0.4998100204194594,,,,,,,,,,
2641.883333333333,2,G_fe,0.4998100204194594,0.4998100204194594,,,,,,,,,,
2641.9166666666665,2,G_fe,0.4998100204194594,0.4998100204194594,,,,,,,,,,
2641.95,2,G_fe,0.4998100204194594,0.4998100204194594,,,,,,,,,,
2641.983333333333,2,G_fe,0.4998100204194594,0.4998100204194594,,,,,,,,,,
2642.016666666667,2,G_fe,0.4998100204194594,0.4998100204194594,,,,,,,,,,
2642.05,2,G_fe,0.4998100204194594,0.4998100204194594,,,,,,,,,,
2642.0833333333335,2,G_fe,0.4998100204194594,0.4998100204194594,,,,,,,,,,
2642.116666666667,2,G_fe,0.49798451374968944,0.49798451374968944,,,,,,,,,,
2642.15,2,G_fe,0.49798451374968944,0.49798451374968944,,,,,,,,,,
2642.1833333333334,2,G_fe,0.49798451374968944,0.49798451374968944,,,,,,,,,,
2642.2166666666667,2,G_fe,0.504181049114955,0.504181049114955,,,,,,,,,,
2642.25,2,G_fe,0.504181049114955,0.504181049114955,,,,,,,,,,
2642.2833333333333,2,G_fe,0.504181049114955,0.504181049114955,,,,,,,,,,
2642.3166666666666,2,G_fe,0.504181049114955,0.504181049114955,,,,,,,,,,
2642.35,2,G_fe,0.5155406343950658,0.5155406343950658,,,,,,,,,,
2642.383333333333,2,G_fe,0.5089497351337972,0.5089497351337972,,,,,,,,,,
2642.4166666666665,2,G_fe,0.5124915249953039,0.5124915249953039,,,,,,,,,,
2642.45,2,G_fe,0.5045126566289255,0.5045126566289255,,,,,,,,,,
2642.483333333333,2,G_fe,0.5051043387202853,0.5051043387202853,,,,,,,,,,
2642.516666666667,2,G_fe,0.5091793253304858,0.5091793253304858,,,,,,,,,,
2642.55,2,G_fe,0.5091793253304858,0.5091793253304858,,,,,,,,,,
2642.5833333333335,2,G_fe,0.509223943043007,0.509223943043007,,,,,,,,,,
2642.616666666667,2,G_fe,0.509223943043007,0.509223943043007,,,,,,,,,,
2642.65,2,G_fe,0.509223943043007,0.509223943043007,,,,,,,,,,
2642.6833333333334,2,G_fe,0.509223943043007,0.509223943043007,,,,,,,,,,
2642.7166666666667,2,G_fe,0.509223943043007,0.509223943043007,,,,,,,,,,
2642.75,2,G_fe,0.509223943043007,0.509223943043007,,,,,,,,,,
2642.7833333333333,2,G_fe,0.509223943043007,0.509223943043007,,,,,,,,,,
2642.8166666666666,2,G_fe,0.509223943043007,0.509223943043007,,,,,,,,,,
2642.85,2,G_fe,0.509223943043007,0.509223943043007,,,,,,,,,,
2642.883333333333,2,G_fe,0.509223943043007,0.509223943043007,,,,,,,,,,
2642.9166666666665,2,G_fe,0.509223943043007,0.509223943043007,,,,,,,,,,
2642.95,2,G_fe,0.509223943043007,0.509223943043007,,,,,,,,,,
2642.983333333333,2,G_fe,0.509223943043007,0.509223943043007,,,,,,,,,,
2643.016666666667,2,G_fe,0.509223943043007,0.509223943043007,,,,,,,,,,
2643.05,2,G_fe,0.509223943043007,0.509223943043007,,,,,,,,,,
2643.0833333333335,2,G_fe,0.4756326985459708,0.4756326985459708,,,,,,,,,,
2643.116666666667,2,G_fe,0.4756326985459708,0.4756326985459708,,,,,,,,,,
2643.15,2,G_fe,0.4756326985459708,0.4756326985459708,,,,,,,,,,
2643.1833333333334,2,G_fe,0.4756326985459708,0.4756326985459708,,,,,,,,,,
2643.2166666666667,2,G_fe,0.471838793840038,0.471838793840038,,,,,,,,,,
2643.25,2,G_fe,0.47113363258406105,0.47113363258406105,,,,,,,,,,
2643.2833333333333,2,G_fe,0.4764894668340991,0.4764894668340991,,,,,,,,,,
2643.3166666666666,2,G_fe,0.4810312040248627,0.4810312040248627,,,,,,,,,,
2643.35,2,G_fe,0.4778281212766003,0.4778281212766003,,,,,,,,,,
2643.383333333333,2,G_fe,0.4778281212766003,0.4778281212766003,,,,,,,,,,
2643.4166666666665,2,G_fe,0.4778281212766003,0.4778281212766003,,,,,,,,,,
2643.45,2,G_fe,0.4810312040248627,0.4810312040248627,,,,,,,,,,
2643.483333333333,2,G_fe,0.4810312040248627,0.4810312040248627,,,,,,,,,,
2643.516666666667,2,G_fe,0.4810312040248627,0.4810312040248627,,,,,,,,,,
2643.55,2,G_fe,0.4810312040248627,0.4810312040248627,,,,,,,,,,
2643.5833333333335,2,G_fe,0.4810312040248627,0.4810312040248627,,,,,,,,,,
2643.616666666667,2,G_fe,0.4810312040248627,0.4810312040248627,,,,,,,,,,
2643.65,2,G_fe,0.4810312040248627,0.4810312040248627,,,,,,,,,,
2643.6833333333334,2,G_fe,0.4810312040248627,0.4810312040248627,,,,,,,,,,
2643.7166666666667,2,G_fe,0.4810312040248627,0.4810312040248627,,,,,,,,,,
2643.75,2,G_fe,0.4810312040248627,0.4810312040248627,,,,,,,,,,
2643.7833333333333,2,G_fe,0.4810312040248627,0.4810312040248627,,,,,,,,,,
2643.8166666666666,2,G_fe,0.5126793268185816,0.5126793268185816,,,,,,,,,,
2643.85,2,G_fe,0.5126793268185816,0.5126793268185816,,,,,,,,,,
2643.883333333333,2,G_fe,0.5126793268185816,0.5126793268185816,,,,,,,,,,
2643.9166666666665,2,G_fe,0.5126793268185816,0.5126793268185816,,,,,,,,,,
2643.95,2,G_fe,0.5126793268185816,0.5126793268185816,,,,,,,,,,
2643.983333333333,2,G_fe,0.5102161801680857,0.5102161801680857,,,,,,,,,,
2644.016666666667,2,G_fe,0.5136704253348193,0.5136704253348193,,,,,,,,,,
2644.05,2,G_fe,0.511596505753898,0.511596505753898,,,,,,,,,,
2644.0833333333335,2,G_fe,0.5120076090501013,0.5120076090501013,,,,,,,,,,
2644.116666666667,2,G_fe,0.5120076090501013,0.5120076090501013,,,,,,,,,,
2644.15,2,G_fe,0.5120076090501013,0.5120076090501013,,,,,,,,,,
2644.1833333333334,2,G_fe,0.5116176229922696,0.5116176229922696,,,,,,,,,,
2644.2166666666667,2,G_fe,0.5116176229922696,0.5116176229922696,,,,,,,,,,
2644.25,2,G_fe,0.5116176229922696,0.5116176229922696,,,,,,,,,,
2644.2833333333333,2,G_fe,0.5054907666798926,0.5054907666798926,,,,,,,,,,
2644.3166666666666,2,G_fe,0.5054907666798926,0.5054907666798926,,,,,,,,,,
2644.35,2,G_fe,0.5054907666798926,0.5054907666798926,,,,,,,,,,
2644.383333333333,2,G_fe,0.5054907666798926,0.5054907666798926,,,,,,,,,,
2644.4166666666665,2,G_fe,0.5054907666798926,0.5054907666798926,,,,,,,,,,
2644.45,2,G_fe,0.5054907666798926,0.5054907666798926,,,,,,,,,,
2644.483333333333,2,G_fe,0.5054907666798926,0.5054907666798926,,,,,,,,,,
2644.516666666667,2,G_fe,0.5045122473398265,0.5045122473398265,,,,,,,,,,
2644.55,2,G_fe,0.49239256666613296,0.49239256666613296,,,,,,,,,,
2644.5833333333335,2,G_fe,0.49239256666613296,0.49239256666613296,,,,,,,,,,
2644.616666666667,2,G_fe,0.49239256666613296,0.49239256666613296,,,,,,,,,,
2644.65,2,G_fe,0.49239256666613296,0.49239256666613296,,,,,,,,,,
2644.6833333333334,2,G_fe,0.49239256666613296,0.49239256666613296,,,,,,,,,,
2644.7166666666667,2,G_fe,0.49239256666613296,0.49239256666613296,,,,,,,,,,
2644.75,2,G_fe,0.4915827967611028,0.4915827967611028,,,,,,,,,,
2644.7833333333333,2,G_fe,0.48955629016653435,0.48955629016653435,,,,,,,,,,
2644.8166666666666,2,G_fe,0.48537804417995406,0.48537804417995406,,,,,,,,,,
2644.85,2,G_fe,0.49377936386961074,0.49377936386961074,,,,,,,,,,
2644.883333333333,2,G_fe,0.49126015384126315,0.49126015384126315,,,,,,,,,,
2644.9166666666665,2,G_fe,0.4896976822005653,0.4896976822005653,,,,,,,,,,
2644.95,2,G_fe,0.49272822265750316,0.49272822265750316,,,,,,,,,,
2644.983333333333,2,G_fe,0.49272822265750316,0.49272822265750316,,,,,,,,,,
2645.016666666667,2,G_fe,0.49272822265750316,0.49272822265750316,,,,,,,,,,
2645.05,2,G_fe,0.49272822265750316,0.49272822265750316,,,,,,,,,,
2645.0833333333335,2,G_fe,0.49989421890025265,0.49989421890025265,,,,,,,,,,
2645.116666666667,2,G_fe,0.49989421890025265,0.49989421890025265,,,,,,,,,,
2645.15,2,G_fe,0.49989421890025265,0.49989421890025265,,,,,,,,,,
2645.1833333333334,2,G_fe,0.49989421890025265,0.49989421890025265,,,,,,,,,,
2645.2166666666667,2,G_fe,0.49989421890025265,0.49989421890025265,,,,,,,,,,
2645.25,2,G_fe,0.49989421890025265,0.49989421890025265,,,,,,,,,,
2645.2833333333333,2,G_fe,0.4986294933293887,0.4986294933293887,,,,,,,,,,
2645.3166666666666,2,G_fe,0.4986294933293887,0.4986294933293887,,,,,,,,,,
2645.35,2,G_fe,0.4986294933293887,0.4986294933293887,,,,,,,,,,
2645.383333333333,2,G_fe,0.5070006324663467,0.5070006324663467,,,,,,,,,,
2645.4166666666665,2,G_fe,0.5070006324663467,0.5070006324663467,,,,,,,,,,
2645.45,2,G_fe,0.5070006324663467,0.5070006324663467,,,,,,,,,,
2645.483333333333,2,G_fe,0.5070006324663467,0.5070006324663467,,,,,,,,,,
2645.516666666667,2,G_fe,0.5070006324663467,0.5070006324663467,,,,,,,,,,
2645.55,2,G_fe,0.5070006324663467,0.5070006324663467,,,,,,,,,,
2645.5833333333335,2,G_fe,0.5070006324663467,0.5070006324663467,,,,,,,,,,
2645.616666666667,2,G_fe,0.5141471440847198,0.5141471440847198,,,,,,,,,,
2645.65,2,G_fe,0.5147708461900676,0.5147708461900676,,,,,,,,,,
2645.6833333333334,2,G_fe,0.5061998175194548,0.5061998175194548,,,,,,,,,,
2645.7166666666667,2,G_fe,0.511988732107554,0.511988732107554,,,,,,,,,,
2645.75,2,G_fe,0.511988732107554,0.511988732107554,,,,,,,,,,
2645.7833333333333,2,G_fe,0.511988732107554,0.511988732107554,,,,,,,,,,
2645.8166666666666,2,G_fe,0.511988732107554,0.511988732107554,,,,,,,,,,
2645.85,2,G_fe,0.511988732107554,0.511988732107554,,,,,,,,,,
2645.883333333333,2,G_fe,0.5018872194684071,0.5018872194684071,,,,,,,,,,
2645.9166666666665,2,G_fe,0.5018872194684071,0.5018872194684071,,,,,,,,,,
2645.95,2,G_fe,0.5018872194684071,0.5018872194684071,,,,,,,,,,
2645.983333333333,2,G_fe,0.5047728007452047,0.5047728007452047,,,,,,,,,,
2646.016666666667,2,G_fe,0.5047728007452047,0.5047728007452047,,,,,,,,,,
2646.05,2,G_fe,0.5047728007452047,0.5047728007452047,,,,,,,,,,
2646.0833333333335,2,G_fe,0.5047728007452047,0.5047728007452047,,,,,,,,,,
2646.116666666667,2,G_fe,0.5047728007452047,0.5047728007452047,,,,,,,,,,
2646.15,2,G_fe,0.5047728007452047,0.5047728007452047,,,,,,,,,,
2646.1833333333334,2,G_fe,0.5047728007452047,0.5047728007452047,,,,,,,,,,
2646.2166666666667,2,G_fe,0.5047728007452047,0.5047728007452047,,,,,,,,,,
2646.25,2,G_fe,0.5014838065575357,0.5014838065575357,,,,,,,,,,
2646.2833333333333,2,G_fe,0.5014838065575357,0.5014838065575357,,,,,,,,,,
2646.3166666666666,2,G_fe,0.5145985685780528,0.5145985685780528,,,,,,,,,,
2646.35,2,G_fe,0.5262962343875992,0.5262962343875992,,,,,,,,,,
2646.383333333333,2,G_fe,0.5262962343875992,0.5262962343875992,,,,,,,,,,
2646.4166666666665,2,G_fe,0.5262962343875992,0.5262962343875992,,,,,,,,,,
2646.45,2,G_fe,0.5262962343875992,0.5262962343875992,,,,,,,,,,
2646.483333333333,2,G_fe,0.5262962343875992,0.5262962343875992,,,,,,,,,,
2646.516666666667,2,G_fe,0.5262962343875992,0.5262962343875992,,,,,,,,,,
2646.55,2,G_fe,0.5225344187388844,0.5225344187388844,,,,,,,,,,
2646.5833333333335,2,G_fe,0.5274345359259993,0.5274345359259993,,,,,,,,,,
2646.616666666667,2,G_fe,0.5227859392526606,0.5227859392526606,,,,,,,,,,
2646.65,2,G_fe,0.5234963829613316,0.5234963829613316,,,,,,,,,,
2646.6833333333334,2,G_fe,0.5234963829613316,0.5234963829613316,,,,,,,,,,
2646.7166666666667,2,G_fe,0.5234963829613316,0.5234963829613316,,,,,,,,,,
2646.75,2,G_fe,0.5234963829613316,0.5234963829613316,,,,,,,,,,
2646.7833333333333,2,G_fe,0.5234963829613316,0.5234963829613316,,,,,,,,,,
2646.8166666666666,2,G_fe,0.5234963829613316,0.5234963829613316,,,,,,,,,,
2646.85,2,G_fe,0.5234963829613316,0.5234963829613316,,,,,,,,,,
2646.883333333333,2,G_fe,0.5234963829613316,0.5234963829613316,,,,,,,,,,
2646.9166666666665,2,G_fe,0.5234963829613316,0.5234963829613316,,,,,,,,,,
2646.95,2,G_fe,0.5234963829613316,0.5234963829613316,,,,,,,,,,
2646.983333333333,2,G_fe,0.5037683168360779,0.5037683168360779,,,,,,,,,,
2647.016666666667,2,G_fe,0.5037683168360779,0.5037683168360779,,,,,,,,,,
2647.05,2,G_fe,0.5037683168360779,0.5037683168360779,,,,,,,,,,
2647.0833333333335,2,G_fe,0.5105336270587052,0.5105336270587052,,,,,,,,,,
2647.116666666667,2,G_fe,0.5105336270587052,0.5105336270587052,,,,,,,,,,
2647.15,2,G_fe,0.5105336270587052,0.5105336270587052,,,,,,,,,,
2647.1833333333334,2,G_fe,0.5305005188374948,0.5305005188374948,,,,,,,,,,
2647.2166666666667,2,G_fe,0.5395052664009142,0.5395052664009142,,,,,,,,,,
2647.25,2,G_fe,0.534317920425823,0.534317920425823,,,,,,,,,,
2647.2833333333333,2,G_fe,0.5312215741904899,0.5312215741904899,,,,,,,,,,
2647.3166666666666,2,G_fe,0.5349917501726483,0.5349917501726483,,,,,,,,,,
2647.35,2,G_fe,0.5322192652635878,0.5322192652635878,,,,,,,,,,
2647.383333333333,2,G_fe,0.5364025163726563,0.5364025163726563,,,,,,,,,,
2647.4166666666665,2,G_fe,0.5364025163726563,0.5364025163726563,,,,,,,,,,
2647.45,2,G_fe,0.5364025163726563,0.5364025163726563,,,,,,,,,,
2647.483333333333,2,G_fe,0.5050682750614605,0.5050682750614605,,,,,,,,,,
2647.516666666667,2,G_fe,0.5050682750614605,0.5050682750614605,,,,,,,,,,
2647.55,2,G_fe,0.5050682750614605,0.5050682750614605,,,,,,,,,,
2647.5833333333335,2,G_fe,0.5050682750614605,0.5050682750614605,,,,,,,,,,
2647.616666666667,2,G_fe,0.5050682750614605,0.5050682750614605,,,,,,,,,,
2647.65,2,G_fe,0.5050682750614605,0.5050682750614605,,,,,,,,,,
2647.6833333333334,2,G_fe,0.5050682750614605,0.5050682750614605,,,,,,,,,,
2647.7166666666667,2,G_fe,0.5050682750614605,0.5050682750614605,,,,,,,,,,
2647.75,2,G_fe,0.5050682750614605,0.5050682750614605,,,,,,,,,,
2647.7833333333333,2,G_fe,0.5050682750614605,0.5050682750614605,,,,,,,,,,
2647.8166666666666,2,G_fe,0.5050682750614605,0.5050682750614605,,,,,,,,,,
2647.85,2,G_fe,0.5296395126541498,0.5296395126541498,,,,,,,,,,
2647.883333333333,2,G_fe,0.5020796156796339,0.5020796156796339,,,,,,,,,,
2647.9166666666665,2,G_fe,0.5020796156796339,0.5020796156796339,,,,,,,,,,
2647.95,2,G_fe,0.5197705462089136,0.5197705462089136,,,,,,,,,,
2647.983333333333,2,G_fe,0.5197705462089136,0.5197705462089136,,,,,,,,,,
2648.016666666667,2,G_fe,0.5197705462089136,0.5197705462089136,,,,,,,,,,
2648.05,2,G_fe,0.5169276347269757,0.5169276347269757,,,,,,,,,,
2648.0833333333335,2,G_fe,0.5390180205921081,0.5390180205921081,,,,,,,,,,
2648.116666666667,2,G_fe,0.5273512358133429,0.5273512358133429,,,,,,,,,,
2648.15,2,G_fe,0.5385261688577496,0.5385261688577496,,,,,,,,,,
2648.1833333333334,2,G_fe,0.5385261688577496,0.5385261688577496,,,,,,,,,,
2648.2166666666667,2,G_fe,0.5385261688577496,0.5385261688577496,,,,,,,,,,
2648.25,2,G_fe,0.4979516091095287,0.4979516091095287,,,,,,,,,,
2648.2833333333333,2,G_fe,0.4979516091095287,0.4979516091095287,,,,,,,,,,
2648.3166666666666,2,G_fe,0.4979516091095287,0.4979516091095287,,,,,,,,,,
2648.35,2,G_fe,0.4979516091095287,0.4979516091095287,,,,,,,,,,
2648.383333333333,2,G_fe,0.4979516091095287,0.4979516091095287,,,,,,,,,,
2648.4166666666665,2,G_fe,0.4979516091095287,0.4979516091095287,,,,,,,,,,
2648.45,2,G_fe,0.4979516091095287,0.4979516091095287,,,,,,,,,,
2648.483333333333,2,G_fe,0.4979516091095287,0.4979516091095287,,,,,,,,,,
2648.516666666667,2,G_fe,0.4691641736820865,0.4691641736820865,,,,,,,,,,
2648.55,2,G_fe,0.4691641736820865,0.4691641736820865,,,,,,,,,,
2648.5833333333335,2,G_fe,0.4691641736820865,0.4691641736820865,,,,,,,,,,
2648.616666666667,2,G_fe,0.4691641736820865,0.4691641736820865,,,,,,,,,,
2648.65,2,G_fe,0.4691641736820865,0.4691641736820865,,,,,,,,,,
2648.6833333333334,2,G_fe,0.4691641736820865,0.4691641736820865,,,,,,,,,,
2648.7166666666667,2,G_fe,0.4691641736820865,0.4691641736820865,,,,,,,,,,
2648.75,2,G_fe,0.4691641736820865,0.4691641736820865,,,,,,,,,,
2648.7833333333333,2,G_fe,0.4691641736820865,0.4691641736820865,,,,,,,,,,
2648.8166666666666,2,G_fe,0.46038260663069003,0.46038260663069003,,,,,,,,,,
2648.85,2,G_fe,0.46038260663069003,0.46038260663069003,,,,,,,,,,
2648.883333333333,2,G_fe,0.46563546290997265,0.46563546290997265,,,,,,,,,,
2648.9166666666665,2,G_fe,0.46563546290997265,0.46563546290997265,,,,,,,,,,
2648.95,2,G_fe,0.46563546290997265,0.46563546290997265,,,,,,,,,,
2648.983333333333,2,G_fe,0.4525873403775762,0.4525873403775762,,,,,,,,,,
2649.016666666667,2,G_fe,0.4525873403775762,0.4525873403775762,,,,,,,,,,
2649.05,2,G_fe,0.4525873403775762,0.4525873403775762,,,,,,,,,,
2649.0833333333335,2,G_fe,0.4525873403775762,0.4525873403775762,,,,,,,,,,
2649.116666666667,2,G_fe,0.45599923140884296,0.45599923140884296,,,,,,,,,,
2649.15,2,G_fe,0.45599923140884296,0.45599923140884296,,,,,,,,,,
2649.1833333333334,2,G_fe,0.45599923140884296,0.45599923140884296,,,,,,,,,,
2649.2166666666667,2,G_fe,0.4607034508071089,0.4607034508071089,,,,,,,,,,
2649.25,2,G_fe,0.4621053802398978,0.4621053802398978,,,,,,,,,,
2649.2833333333333,2,G_fe,0.46303714421936565,0.46303714421936565,,,,,,,,,,
2649.3166666666666,2,G_fe,0.45136738853959324,0.45136738853959324,,,,,,,,,,
2649.35,2,G_fe,0.45136738853959324,0.45136738853959324,,,,,,,,,,
2649.383333333333,2,G_fe,0.45136738853959324,0.45136738853959324,,,,,,,,,,
2649.4166666666665,2,G_fe,0.45136738853959324,0.45136738853959324,,,,,,,,,,
2649.45,2,G_fe,0.45136738853959324,0.45136738853959324,,,,,,,,,,
2649.483333333333,2,G_fe,0.45136738853959324,0.45136738853959324,,,,,,,,,,
2649.516666666667,2,G_fe,0.44384932304532393,0.44384932304532393,,,,,,,,,,
2649.55,2,G_fe,0.44384932304532393,0.44384932304532393,,,,,,,,,,
2649.5833333333335,2,G_fe,0.44384932304532393,0.44384932304532393,,,,,,,,,,
2649.616666666667,2,G_fe,0.44384932304532393,0.44384932304532393,,,,,,,,,,
2649.65,2,G_fe,0.44384932304532393,0.44384932304532393,,,,,,,,,,
2649.6833333333334,2,G_fe,0.44384932304532393,0.44384932304532393,,,,,,,,,,
2649.7166666666667,2,G_fe,0.44384932304532393,0.44384932304532393,,,,,,,,,,
2649.75,2,G_fe,0.4621870935044624,0.4621870935044624,,,,,,,,,,
2649.7833333333333,2,G_fe,0.4621870935044624,0.4621870935044624,,,,,,,,,,
2649.8166666666666,2,G_fe,0.4621870935044624,0.4621870935044624,,,,,,,,,,
2649.85,2,G_fe,0.4621870935044624,0.4621870935044624,,,,,,,,,,
2649.883333333333,2,G_fe,0.4621870935044624,0.4621870935044624,,,,,,,,,,
2649.9166666666665,2,G_fe,0.4621870935044624,0.4621870935044624,,,,,,,,,,
2649.95,2,G_fe,0.4586790537850321,0.4586790537850321,,,,,,,,,,
2649.983333333333,2,G_fe,0.4614784303202043,0.4614784303202043,,,,,,,,,,
2650.016666666667,2,G_fe,0.4596515297140865,0.4596515297140865,,,,,,,,,,
2650.05,2,G_fe,0.462005109022031,0.462005109022031,,,,,,,,,,
2650.0833333333335,2,G_fe,0.462005109022031,0.462005109022031,,,,,,,,,,
2650.116666666667,2,G_fe,0.462005109022031,0.462005109022031,,,,,,,,,,
2650.15,2,G_fe,0.462005109022031,0.462005109022031,,,,,,,,,,
2650.1833333333334,2,G_fe,0.536813962662336,0.536813962662336,,,,,,,,,,
2650.2166666666667,2,G_fe,0.536813962662336,0.536813962662336,,,,,,,,,,
2650.25,2,G_fe,0.536813962662336,0.536813962662336,,,,,,,,,,
2650.2833333333333,2,G_fe,0.536813962662336,0.536813962662336,,,,,,,,,,
2650.3166666666666,2,G_fe,0.536813962662336,0.536813962662336,,,,,,,,,,
2650.35,2,G_fe,0.536813962662336,0.536813962662336,,,,,,,,,,
2650.383333333333,2,G_fe,0.536813962662336,0.536813962662336,,,,,,,,,,
2650.4166666666665,2,G_fe,0.536813962662336,0.536813962662336,,,,,,,,,,
2650.45,2,G_fe,0.536813962662336,0.536813962662336,,,,,,,,,,
2650.483333333333,2,G_fe,0.536813962662336,0.536813962662336,,,,,,,,,,
2650.516666666667,2,G_fe,0.5353356337648275,0.5353356337648275,,,,,,,,,,
2650.55,2,G_fe,0.5353356337648275,0.5353356337648275,,,,,,,,,,
2650.5833333333335,2,G_fe,0.5353356337648275,0.5353356337648275,,,,,,,,,,
2650.616666666667,2,G_fe,0.5353356337648275,0.5353356337648275,,,,,,,,,,
2650.65,2,G_fe,0.5353356337648275,0.5353356337648275,,,,,,,,,,
2650.6833333333334,2,G_fe,0.5353356337648275,0.5353356337648275,,,,,,,,,,
2650.7166666666667,2,G_fe,0.5307640346091508,0.5307640346091508,,,,,,,,,,
2650.75,2,G_fe,0.530753177315653,0.530753177315653,,,,,,,,,,
2650.7833333333333,2,G_fe,0.5331368738332855,0.5331368738332855,,,,,,,,,,
2650.8166666666666,2,G_fe,0.5330663320658146,0.5330663320658146,,,,,,,,,,
2650.85,2,G_fe,0.5330663320658146,0.5330663320658146,,,,,,,,,,
2650.883333333333,2,G_fe,0.5330663320658146,0.5330663320658146,,,,,,,,,,
2650.9166666666665,2,G_fe,0.5329048025106259,0.5329048025106259,,,,,,,,,,
2650.95,2,G_fe,0.5329048025106259,0.5329048025106259,,,,,,,,,,
2650.983333333333,2,G_fe,0.5329048025106259,0.5329048025106259,,,,,,,,,,
2651.016666666667,2,G_fe,0.5329048025106259,0.5329048025106259,,,,,,,,,,
2651.05,2,G_fe,0.5329048025106259,0.5329048025106259,,,,,,,,,,
2651.0833333333335,2,G_fe,0.5329048025106259,0.5329048025106259,,,,,,,,,,
2651.116666666667,2,G_fe,0.5329048025106259,0.5329048025106259,,,,,,,,,,
2651.15,2,G_fe,0.5329048025106259,0.5329048025106259,,,,,,,,,,
2651.1833333333334,2,G_fe,0.5516388169957281,0.5516388169957281,,,,,,,,,,
2651.2166666666667,2,G_fe,0.5516388169957281,0.5516388169957281,,,,,,,,,,
2651.25,2,G_fe,0.5593060472212436,0.5593060472212436,,,,,,,,,,
2651.2833333333333,2,G_fe,0.5593060472212436,0.5593060472212436,,,,,,,,,,
2651.3166666666666,2,G_fe,0.5593060472212436,0.5593060472212436,,,,,,,,,,
2651.35,2,G_fe,0.5593060472212436,0.5593060472212436,,,,,,,,,,
2651.383333333333,2,G_fe,0.553589989595752,0.553589989595752,,,,,,,,,,
2651.4166666666665,2,G_fe,0.5560576338636236,0.5560576338636236,,,,,,,,,,
2651.45,2,G_fe,0.5666239890665122,0.5666239890665122,,,,,,,,,,
2651.483333333333,2,G_fe,0.5581088282234581,0.5581088282234581,,,,,,,,,,
2651.516666666667,2,G_fe,0.5563761930654457,0.5563761930654457,,,,,,,,,,
2651.55,2,G_fe,0.5558718401573701,0.5558718401573701,,,,,,,,,,
2651.5833333333335,2,G_fe,0.5558718401573701,0.5558718401573701,,,,,,,,,,
2651.616666666667,2,G_fe,0.5558718401573701,0.5558718401573701,,,,,,,,,,
2651.65,2,G_fe,0.538299032206499,0.538299032206499,,,,,,,,,,
2651.6833333333334,2,G_fe,0.538299032206499,0.538299032206499,,,,,,,,,,
2651.7166666666667,2,G_fe,0.538299032206499,0.538299032206499,,,,,,,,,,
2651.75,2,G_fe,0.538299032206499,0.538299032206499,,,,,,,,,,
2651.7833333333333,2,G_fe,0.538299032206499,0.538299032206499,,,,,,,,,,
2651.8166666666666,2,G_fe,0.538299032206499,0.538299032206499,,,,,,,,,,
2651.85,2,G_fe,0.538299032206499,0.538299032206499,,,,,,,,,,
2651.883333333333,2,G_fe,0.538299032206499,0.538299032206499,,,,,,,,,,
2651.9166666666665,2,G_fe,0.538299032206499,0.538299032206499,,,,,,,,,,
2651.95,2,G_fe,0.538299032206499,0.538299032206499,,,,,,,,,,
2651.983333333333,2,G_fe,0.5272342873791581,0.5272342873791581,,,,,,,,,,
2652.016666666667,2,G_fe,0.5272342873791581,0.5272342873791581,,,,,,,,,,
2652.05,2,G_fe,0.5272342873791581,0.5272342873791581,,,,,,,,,,
2652.0833333333335,2,G_fe,0.5272342873791581,0.5272342873791581,,,,,,,,,,
2652.116666666667,2,G_fe,0.5272342873791581,0.5272342873791581,,,,,,,,,,
2652.15,2,G_fe,0.5272342873791581,0.5272342873791581,,,,,,,,,,
2652.1833333333334,2,G_fe,0.5251553696382675,0.5251553696382675,,,,,,,,,,
2652.2166666666667,2,G_fe,0.5249145734232004,0.5249145734232004,,,,,,,,,,
2652.25,2,G_fe,0.5299706266461582,0.5299706266461582,,,,,,,,,,
2652.2833333333333,2,G_fe,0.5298409952563197,0.5298409952563197,,,,,,,,,,
2652.3166666666666,2,G_fe,0.5298409952563197,0.5298409952563197,,,,,,,,,,
2652.35,2,G_fe,0.5354243081763588,0.5354243081763588,,,,,,,,,,
2652.383333333333,2,G_fe,0.5354243081763588,0.5354243081763588,,,,,,,,,,
2652.4166666666665,2,G_fe,0.5354243081763588,0.5354243081763588,,,,,,,,,,
2652.45,2,G_fe,0.5197492978219217,0.5197492978219217,,,,,,,,,,
2652.483333333333,2,G_fe,0.5301427134448444,0.5301427134448444,,,,,,,,,,
2652.516666666667,2,G_fe,0.5308696460362636,0.5308696460362636,,,,,,,,,,
2652.55,2,G_fe,0.531338171222441,0.531338171222441,,,,,,,,,,
2652.5833333333335,2,G_fe,0.531338171222441,0.531338171222441,,,,,,,,,,
2652.616666666667,2,G_fe,0.531338171222441,0.531338171222441,,,,,,,,,,
2652.65,2,G_fe,0.531338171222441,0.531338171222441,,,,,,,,,,
2652.6833333333334,2,G_fe,0.5324968030849556,0.5324968030849556,,,,,,,,,,
2652.7166666666667,2,G_fe,0.5324968030849556,0.5324968030849556,,,,,,,,,,
2652.75,2,G_fe,0.5324968030849556,0.5324968030849556,,,,,,,,,,
2652.7833333333333,2,G_fe,0.5324968030849556,0.5324968030849556,,,,,,,,,,
2652.8166666666666,2,G_fe,0.5289493875451546,0.5289493875451546,,,,,,,,,,
2652.85,2,G_fe,0.5289493875451546,0.5289493875451546,,,,,,,,,,
2652.883333333333,2,G_fe,0.5376871546805785,0.5376871546805785,,,,,,,,,,
2652.9166666666665,2,G_fe,0.5388285695760195,0.5388285695760195,,,,,,,,,,
2652.95,2,G_fe,0.5345867180543543,0.5345867180543543,,,,,,,,,,
2652.983333333333,2,G_fe,0.5219008450851205,0.5219008450851205,,,,,,,,,,
2653.016666666667,2,G_fe,0.5219008450851205,0.5219008450851205,,,,,,,,,,
2653.05,2,G_fe,0.5219008450851205,0.5219008450851205,,,,,,,,,,
2653.0833333333335,2,G_fe,0.516817889383333,0.516817889383333,,,,,,,,,,
2653.116666666667,2,G_fe,0.5247362513005012,0.5247362513005012,,,,,,,,,,
2653.15,2,G_fe,0.5212774771337216,0.5212774771337216,,,,,,,,,,
2653.1833333333334,2,G_fe,0.5271562785136997,0.5271562785136997,,,,,,,,,,
2653.2166666666667,2,G_fe,0.5271562785136997,0.5271562785136997,,,,,,,,,,
2653.25,2,G_fe,0.5271562785136997,0.5271562785136997,,,,,,,,,,
2653.2833333333333,2,G_fe,0.5005256231229377,0.5005256231229377,,,,,,,,,,
2653.3166666666666,2,G_fe,0.5005256231229377,0.5005256231229377,,,,,,,,,,
2653.35,2,G_fe,0.5005256231229377,0.5005256231229377,,,,,,,,,,
2653.383333333333,2,G_fe,0.5005256231229377,0.5005256231229377,,,,,,,,,,
2653.4166666666665,2,G_fe,0.5005256231229377,0.5005256231229377,,,,,,,,,,
2653.45,2,G_fe,0.5148871162014351,0.5148871162014351,,,,,,,,,,
2653.483333333333,2,G_fe,0.5136860468272337,0.5136860468272337,,,,,,,,,,
2653.516666666667,2,G_fe,0.5071723218640344,0.5071723218640344,,,,,,,,,,
2653.55,2,G_fe,0.5085026988761029,0.5085026988761029,,,,,,,,,,
2653.5833333333335,2,G_fe,0.5085026988761029,0.5085026988761029,,,,,,,,,,
2653.616666666667,2,G_fe,0.5085026988761029,0.5085026988761029,,,,,,,,,,
2653.65,2,G_fe,0.5085026988761029,0.5085026988761029,,,,,,,,,,
2653.6833333333334,2,G_fe,0.5085026988761029,0.5085026988761029,,,,,,,,,,
2653.7166666666667,2,G_fe,0.5085026988761029,0.5085026988761029,,,,,,,,,,
2653.75,2,G_fe,0.5085026988761029,0.5085026988761029,,,,,,,,,,
2653.7833333333333,2,G_fe,0.5085026988761029,0.5085026988761029,,,,,,,,,,
2653.8166666666666,2,G_fe,0.5085026988761029,0.5085026988761029,,,,,,,,,,
2653.85,2,G_fe,0.49750233521736204,0.49750233521736204,,,,,,,,,,
2653.883333333333,2,G_fe,0.5081931447202115,0.5081931447202115,,,,,,,,,,
2653.9166666666665,2,G_fe,0.5050788174679032,0.5050788174679032,,,,,,,,,,
2653.95,2,G_fe,0.5086709359178764,0.5086709359178764,,,,,,,,,,
2653.983333333333,2,G_fe,0.5086709359178764,0.5086709359178764,,,,,,,,,,
2654.016666666667,2,G_fe,0.5086709359178764,0.5086709359178764,,,,,,,,,,
2654.05,2,G_fe,0.519931369326,0.519931369326,,,,,,,,,,
2654.0833333333335,2,G_fe,0.5184461039826247,0.5184461039826247,,,,,,,,,,
2654.116666666667,2,G_fe,0.5131317371225865,0.5131317371225865,,,,,,,,,,
2654.15,2,G_fe,0.49909455357542265,0.49909455357542265,,,,,,,,,,
2654.1833333333334,2,G_fe,0.49909455357542265,0.49909455357542265,,,,,,,,,,
2654.2166666666667,2,G_fe,0.49909455357542265,0.49909455357542265,,,,,,,,,,
2654.25,2,G_fe,0.49909455357542265,0.49909455357542265,,,,,,,,,,
2654.2833333333333,2,G_fe,0.5009432730597527,0.5009432730597527,,,,,,,,,,
2654.3166666666666,2,G_fe,0.5009432730597527,0.5009432730597527,,,,,,,,,,
2654.35,2,G_fe,0.5009432730597527,0.5009432730597527,,,,,,,,,,
2654.383333333333,2,G_fe,0.5009432730597527,0.5009432730597527,,,,,,,,,,
2654.4166666666665,2,G_fe,0.5009432730597527,0.5009432730597527,,,,,,,,,,
2654.45,2,G_fe,0.5009432730597527,0.5009432730597527,,,,,,,,,,
2654.483333333333,2,G_fe,0.4995196329062067,0.4995196329062067,,,,,,,,,,
2654.516666666667,2,G_fe,0.4977823723397025,0.4977823723397025,,,,,,,,,,
2654.55,2,G_fe,0.5031580812189049,0.5031580812189049,,,,,,,,,,
2654.5833333333335,2,G_fe,0.5077831595273181,0.5077831595273181,,,,,,,,,,
2654.616666666667,2,G_fe,0.5077831595273181,0.5077831595273181,,,,,,,,,,
2654.65,2,G_fe,0.5077831595273181,0.5077831595273181,,,,,,,,,,
2654.6833333333334,2,G_fe,0.5077831595273181,0.5077831595273181,,,,,,,,,,
2654.7166666666667,2,G_fe,0.49563864309813027,0.49563864309813027,,,,,,,,,,
2654.75,2,G_fe,0.49563864309813027,0.49563864309813027,,,,,,,,,,
2654.7833333333333,2,G_fe,0.49563864309813027,0.49563864309813027,,,,,,,,,,
2654.8166666666666,2,G_fe,0.49563864309813027,0.49563864309813027,,,,,,,,,,
2654.85,2,G_fe,0.49563864309813027,0.49563864309813027,,,,,,,,,,
2654.883333333333,2,G_fe,0.49563864309813027,0.49563864309813027,,,,,,,,,,
2654.9166666666665,2,G_fe,0.4943283495966686,0.4943283495966686,,,,,,,,,,
2654.95,2,G_fe,0.5068447009020328,0.5068447009020328,,,,,,,,,,
2654.983333333333,2,G_fe,0.49757751687614576,0.49757751687614576,,,,,,,,,,
2655.016666666667,2,G_fe,0.4895077646726652,0.4895077646726652,,,,,,,,,,
2655.05,2,G_fe,0.4895077646726652,0.4895077646726652,,,,,,,,,,
2655.0833333333335,2,G_fe,0.4895077646726652,0.4895077646726652,,,,,,,,,,
2655.116666666667,2,G_fe,0.4895077646726652,0.4895077646726652,,,,,,,,,,
2655.15,2,G_fe,0.4895077646726652,0.4895077646726652,,,,,,,,,,
2655.1833333333334,2,G_fe,0.4895077646726652,0.4895077646726652,,,,,,,,,,
2655.2166666666667,2,G_fe,0.4895077646726652,0.4895077646726652,,,,,,,,,,
2655.25,2,G_fe,0.4895077646726652,0.4895077646726652,,,,,,,,,,
2655.2833333333333,2,G_fe,0.4895077646726652,0.4895077646726652,,,,,,,,,,
2655.3166666666666,2,G_fe,0.4895077646726652,0.4895077646726652,,,,,,,,,,
2655.35,2,G_fe,0.4895077646726652,0.4895077646726652,,,,,,,,,,
2655.383333333333,2,G_fe,0.4895077646726652,0.4895077646726652,,,,,,,,,,
2655.4166666666665,2,G_fe,0.4895077646726652,0.4895077646726652,,,,,,,,,,
2655.45,2,G_fe,0.4895077646726652,0.4895077646726652,,,,,,,,,,
2655.483333333333,2,G_fe,0.4887173428038528,0.4887173428038528,,,,,,,,,,
2655.516666666667,2,G_fe,0.479694889610991,0.479694889610991,,,,,,,,,,
2655.55,2,G_fe,0.479694889610991,0.479694889610991,,,,,,,,,,
2655.5833333333335,2,G_fe,0.4903369372195871,0.4903369372195871,,,,,,,,,,
2655.616666666667,2,G_fe,0.4903369372195871,0.4903369372195871,,,,,,,,,,
2655.65,2,G_fe,0.4903369372195871,0.4903369372195871,,,,,,,,,,
2655.6833333333334,2,G_fe,0.4903369372195871,0.4903369372195871,,,,,,,,,,
2655.7166666666667,2,G_fe,0.49859680748770946,0.49859680748770946,,,,,,,,,,
2655.75,2,G_fe,0.49795226815850907,0.49795226815850907,,,,,,,,,,
2655.7833333333333,2,G_fe,0.5014688971495717,0.5014688971495717,,,,,,,,,,
2655.8166666666666,2,G_fe,0.495855103049705,0.495855103049705,,,,,,,,,,
2655.85,2,G_fe,0.495855103049705,0.495855103049705,,,,,,,,,,
2655.883333333333,2,G_fe,0.495855103049705,0.495855103049705,,,,,,,,,,
2655.9166666666665,2,G_fe,0.4827718969069662,0.4827718969069662,,,,,,,,,,
2655.95,2,G_fe,0.4827718969069662,0.4827718969069662,,,,,,,,,,
2655.983333333333,2,G_fe,0.4827718969069662,0.4827718969069662,,,,,,,,,,
2656.016666666667,2,G_fe,0.4827718969069662,0.4827718969069662,,,,,,,,,,
2656.05,2,G_fe,0.4827718969069662,0.4827718969069662,,,,,,,,,,
2656.0833333333335,2,G_fe,0.4827718969069662,0.4827718969069662,,,,,,,,,,
2656.116666666667,2,G_fe,0.4789222200689257,0.4789222200689257,,,,,,,,,,
2656.15,2,G_fe,0.4789222200689257,0.4789222200689257,,,,,,,,,,
2656.1833333333334,2,G_fe,0.4580046929834644,0.4580046929834644,,,,,,,,,,
2656.2166666666667,2,G_fe,0.4580046929834644,0.4580046929834644,,,,,,,,,,
2656.25,2,G_fe,0.4580046929834644,0.4580046929834644,,,,,,,,,,
2656.2833333333333,2,G_fe,0.4580046929834644,0.4580046929834644,,,,,,,,,,
2656.3166666666666,2,G_fe,0.4580046929834644,0.4580046929834644,,,,,,,,,,
2656.35,2,G_fe,0.4580046929834644,0.4580046929834644,,,,,,,,,,
2656.383333333333,2,G_fe,0.4619720576279815,0.4619720576279815,,,,,,,,,,
2656.4166666666665,2,G_fe,0.46920425264876203,0.46920425264876203,,,,,,,,,,
2656.45,2,G_fe,0.4772425805452493,0.4772425805452493,,,,,,,,,,
2656.483333333333,2,G_fe,0.45973935357016266,0.45973935357016266,,,,,,,,,,
2656.516666666667,2,G_fe,0.45973935357016266,0.45973935357016266,,,,,,,,,,
2656.55,2,G_fe,0.45973935357016266,0.45973935357016266,,,,,,,,,,
2656.5833333333335,2,G_fe,0.45973935357016266,0.45973935357016266,,,,,,,,,,
2656.616666666667,2,G_fe,0.4595657398270232,0.4595657398270232,,,,,,,,,,
2656.65,2,G_fe,0.4560060254403544,0.4560060254403544,,,,,,,,,,
2656.6833333333334,2,G_fe,0.45074284657462477,0.45074284657462477,,,,,,,,,,
2656.7166666666667,2,G_fe,0.461199550684907,0.461199550684907,,,,,,,,,,
2656.75,2,G_fe,0.461199550684907,0.461199550684907,,,,,,,,,,
2656.7833333333333,2,G_fe,0.461199550684907,0.461199550684907,,,,,,,,,,
2656.8166666666666,2,G_fe,0.461199550684907,0.461199550684907,,,,,,,,,,
2656.85,2,G_fe,0.461199550684907,0.461199550684907,,,,,,,,,,
2656.883333333333,2,G_fe,0.461199550684907,0.461199550684907,,,,,,,,,,
2656.9166666666665,2,G_fe,0.4447287882727536,0.4447287882727536,,,,,,,,,,
2656.95,2,G_fe,0.4447287882727536,0.4447287882727536,,,,,,,,,,
2656.983333333333,2,G_fe,0.45027139258782456,0.45027139258782456,,,,,,,,,,
2657.016666666667,2,G_fe,0.45027139258782456,0.45027139258782456,,,,,,,,,,
2657.05,2,G_fe,0.45027139258782456,0.45027139258782456,,,,,,,,,,
2657.0833333333335,2,G_fe,0.45027139258782456,0.45027139258782456,,,,,,,,,,
2657.116666666667,2,G_fe,0.44843104562498165,0.44843104562498165,,,,,,,,,,
2657.15,2,G_fe,0.45169371168176514,0.45169371168176514,,,,,,,,,,
2657.1833333333334,2,G_fe,0.45603776601019785,0.45603776601019785,,,,,,,,,,
2657.2166666666667,2,G_fe,0.4531112342636814,0.4531112342636814,,,,,,,,,,
2657.25,2,G_fe,0.44326994207941445,0.44326994207941445,,,,,,,,,,
2657.2833333333333,2,G_fe,0.44326994207941445,0.44326994207941445,,,,,,,,,,
2657.3166666666666,2,G_fe,0.44326994207941445,0.44326994207941445,,,,,,,,,,
2657.35,2,G_fe,0.44326994207941445,0.44326994207941445,,,,,,,,,,
2657.383333333333,2,G_fe,0.44326994207941445,0.44326994207941445,,,,,,,,,,
2657.4166666666665,2,G_fe,0.44326994207941445,0.44326994207941445,,,,,,,,,,
2657.45,2,G_fe,0.44326994207941445,0.44326994207941445,,,,,,,,,,
2657.483333333333,2,G_fe,0.44326994207941445,0.44326994207941445,,,,,,,,,,
2657.516666666667,2,G_fe,0.44326994207941445,0.44326994207941445,,,,,,,,,,
2657.55,2,G_fe,0.45562947303002566,0.45562947303002566,,,,,,,,,,
2657.5833333333335,2,G_fe,0.4688221270822837,0.4688221270822837,,,,,,,,,,
2657.616666666667,2,G_fe,0.45562947303002566,0.45562947303002566,,,,,,,,,,
2657.65,2,G_fe,0.4574777189118217,0.4574777189118217,,,,,,,,,,
2657.6833333333334,2,G_fe,0.4574777189118217,0.4574777189118217,,,,,,,,,,
2657.7166666666667,2,G_fe,0.47758939210290086,0.47758939210290086,,,,,,,,,,
2657.75,2,G_fe,0.48669259963484074,0.48669259963484074,,,,,,,,,,
2657.7833333333333,2,G_fe,0.4764287713874864,0.4764287713874864,,,,,,,,,,
2657.8166666666666,2,G_fe,0.473058936065707,0.473058936065707,,,,,,,,,,
2657.85,2,G_fe,0.473058936065707,0.473058936065707,,,,,,,,,,
2657.883333333333,2,G_fe,0.473058936065707,0.473058936065707,,,,,,,,,,
2657.9166666666665,2,G_fe,0.473058936065707,0.473058936065707,,,,,,,,,,
2657.95,2,G_fe,0.473058936065707,0.473058936065707,,,,,,,,,,
2657.983333333333,2,G_fe,0.473058936065707,0.473058936065707,,,,,,,,,,
2658.016666666667,2,G_fe,0.473058936065707,0.473058936065707,,,,,,,,,,
2658.05,2,G_fe,0.47047731688337235,0.47047731688337235,,,,,,,,,,
2658.0833333333335,2,G_fe,0.47047731688337235,0.47047731688337235,,,,,,,,,,
2658.116666666667,2,G_fe,0.47047731688337235,0.47047731688337235,,,,,,,,,,
2658.15,2,G_fe,0.47047731688337235,0.47047731688337235,,,,,,,,,,
2658.1833333333334,2,G_fe,0.47047731688337235,0.47047731688337235,,,,,,,,,,
2658.2166666666667,2,G_fe,0.48827647135252683,0.48827647135252683,,,,,,,,,,
2658.25,2,G_fe,0.46780734761648285,0.46780734761648285,,,,,,,,,,
2658.2833333333333,2,G_fe,0.46780734761648285,0.46780734761648285,,,,,,,,,,
2658.3166666666666,2,G_fe,0.46780734761648285,0.46780734761648285,,,,,,,,,,
2658.35,2,G_fe,0.46780734761648285,0.46780734761648285,,,,,,,,,,
2658.383333333333,2,G_fe,0.4740445611735381,0.4740445611735381,,,,,,,,,,
2658.4166666666665,2,G_fe,0.4934152153566189,0.4934152153566189,,,,,,,,,,
2658.45,2,G_fe,0.46909643048154775,0.46909643048154775,,,,,,,,,,
2658.483333333333,2,G_fe,0.4526680817967201,0.4526680817967201,,,,,,,,,,
2658.516666666667,2,G_fe,0.4526680817967201,0.4526680817967201,,,,,,,,,,
2658.55,2,G_fe,0.4526680817967201,0.4526680817967201,,,,,,,,,,
2658.5833333333335,2,G_fe,0.4526680817967201,0.4526680817967201,,,,,,,,,,
2658.616666666667,2,G_fe,0.4523113529645068,0.4523113529645068,,,,,,,,,,
2658.65,2,G_fe,0.4523113529645068,0.4523113529645068,,,,,,,,,,
2658.6833333333334,2,G_fe,0.441375366630792,0.441375366630792,,,,,,,,,,
2658.7166666666667,2,G_fe,0.45316626865862364,0.45316626865862364,,,,,,,,,,
2658.75,2,G_fe,0.45316626865862364,0.45316626865862364,,,,,,,,,,
2658.7833333333333,2,G_fe,0.45316626865862364,0.45316626865862364,,,,,,,,,,
2658.8166666666666,2,G_fe,0.45316626865862364,0.45316626865862364,,,,,,,,,,
2658.85,2,G_fe,0.45316626865862364,0.45316626865862364,,,,,,,,,,
2658.883333333333,2,G_fe,0.45316626865862364,0.45316626865862364,,,,,,,,,,
2658.9166666666665,2,G_fe,0.4670702560523021,0.4670702560523021,,,,,,,,,,
2658.95,2,G_fe,0.4670702560523021,0.4670702560523021,,,,,,,,,,
2658.983333333333,2,G_fe,0.4670702560523021,0.4670702560523021,,,,,,,,,,
2659.016666666667,2,G_fe,0.47860761487647346,0.47860761487647346,,,,,,,,,,
2659.05,2,G_fe,0.47860761487647346,0.47860761487647346,,,,,,,,,,
2659.0833333333335,2,G_fe,0.47860761487647346,0.47860761487647346,,,,,,,,,,
2659.116666666667,2,G_fe,0.47860761487647346,0.47860761487647346,,,,,,,,,,
2659.15,2,G_fe,0.47860761487647346,0.47860761487647346,,,,,,,,,,
2659.1833333333334,2,G_fe,0.47860761487647346,0.47860761487647346,,,,,,,,,,
2659.2166666666667,2,G_fe,0.47860761487647346,0.47860761487647346,,,,,,,,,,
2659.25,2,G_fe,0.4998793959950887,0.4998793959950887,,,,,,,,,,
2659.2833333333333,2,G_fe,0.4998793959950887,0.4998793959950887,,,,,,,,,,
2659.3166666666666,2,G_fe,0.4998793959950887,0.4998793959950887,,,,,,,,,,
2659.35,2,G_fe,0.5036067492547288,0.5036067492547288,,,,,,,,,,
2659.383333333333,2,G_fe,0.5036067492547288,0.5036067492547288,,,,,,,,,,
2659.4166666666665,2,G_fe,0.5036067492547288,0.5036067492547288,,,,,,,,,,
2659.45,2,G_fe,0.5036067492547288,0.5036067492547288,,,,,,,,,,
2659.483333333333,2,G_fe,0.5015415122623588,0.5015415122623588,,,,,,,,,,
2659.516666666667,2,G_fe,0.5182235303744043,0.5182235303744043,,,,,,,,,,
2659.55,2,G_fe,0.4993490027598562,0.4993490027598562,,,,,,,,,,
2659.5833333333335,2,G_fe,0.5105662048214245,0.5105662048214245,,,,,,,,,,
2659.616666666667,2,G_fe,0.5105662048214245,0.5105662048214245,,,,,,,,,,
2659.65,2,G_fe,0.5036940078969979,0.5036940078969979,,,,,,,,,,
2659.6833333333334,2,G_fe,0.5036940078969979,0.5036940078969979,,,,,,,,,,
2659.7166666666667,2,G_fe,0.5036940078969979,0.5036940078969979,,,,,,,,,,
2659.75,2,G_fe,0.5036940078969979,0.5036940078969979,,,,,,,,,,
2659.7833333333333,2,G_fe,0.5933045212656222,0.5933045212656222,,,,,,,,,,
2659.8166666666666,2,G_fe,0.5933045212656222,0.5933045212656222,,,,,,,,,,
2659.85,2,G_fe,0.5933045212656222,0.5933045212656222,,,,,,,,,,
2659.883333333333,2,G_fe,0.5933045212656222,0.5933045212656222,,,,,,,,,,
2659.9166666666665,2,G_fe,0.5776058669346086,0.5776058669346086,,,,,,,,,,
2659.95,2,G_fe,0.576084901326074,0.576084901326074,,,,,,,,,,
2659.983333333333,2,G_fe,0.5779487827183933,0.5779487827183933,,,,,,,,,,
2660.016666666667,2,G_fe,0.5727163705216018,0.5727163705216018,,,,,,,,,,
2660.05,2,G_fe,0.5721926219434328,0.5721926219434328,,,,,,,,,,
2660.0833333333335,2,G_fe,0.5754796436874139,0.5754796436874139,,,,,,,,,,
2660.116666666667,2,G_fe,0.5721926219434328,0.5721926219434328,,,,,,,,,,
2660.15,2,G_fe,0.5753036277265653,0.5753036277265653,,,,,,,,,,
2660.1833333333334,2,G_fe,0.5753036277265653,0.5753036277265653,,,,,,,,,,
2660.2166666666667,2,G_fe,0.5753036277265653,0.5753036277265653,,,,,,,,,,
2660.25,2,G_fe,0.5789532269086636,0.5789532269086636,,,,,,,,,,
2660.2833333333333,2,G_fe,0.5789532269086636,0.5789532269086636,,,,,,,,,,
2660.3166666666666,2,G_fe,0.5697144883218574,0.5697144883218574,,,,,,,,,,
2660.35,2,G_fe,0.5697144883218574,0.5697144883218574,,,,,,,,,,
2660.383333333333,2,G_fe,0.5697144883218574,0.5697144883218574,,,,,,,,,,
2660.4166666666665,2,G_fe,0.5697144883218574,0.5697144883218574,,,,,,,,,,
2660.45,2,G_fe,0.5697144883218574,0.5697144883218574,,,,,,,,,,
2660.483333333333,2,G_fe,0.5295688109347049,0.5295688109347049,,,,,,,,,,
2660.516666666667,2,G_fe,0.5295688109347049,0.5295688109347049,,,,,,,,,,
2660.55,2,G_fe,0.5295688109347049,0.5295688109347049,,,,,,,,,,
2660.5833333333335,2,G_fe,0.5295688109347049,0.5295688109347049,,,,,,,,,,
2660.616666666667,2,G_fe,0.5295688109347049,0.5295688109347049,,,,,,,,,,
2660.65,2,G_fe,0.5295688109347049,0.5295688109347049,,,,,,,,,,
2660.6833333333334,2,G_fe,0.5295688109347049,0.5295688109347049,,,,,,,,,,
2660.7166666666667,2,G_fe,0.5295688109347049,0.5295688109347049,,,,,,,,,,
2660.75,2,G_fe,0.5295688109347049,0.5295688109347049,,,,,,,,,,
2660.7833333333333,2,G_fe,0.5295688109347049,0.5295688109347049,,,,,,,,,,
2660.8166666666666,2,G_fe,0.5295688109347049,0.5295688109347049,,,,,,,,,,
2660.85,2,G_fe,0.5295688109347049,0.5295688109347049,,,,,,,,,,
2660.883333333333,2,G_fe,0.5295688109347049,0.5295688109347049,,,,,,,,,,
2660.9166666666665,2,G_fe,0.530113203712487,0.530113203712487,,,,,,,,,,
2660.95,2,G_fe,0.532529541804895,0.532529541804895,,,,,,,,,,
2660.983333333333,2,G_fe,0.5308749394203495,0.5308749394203495,,,,,,,,,,
2661.016666666667,2,G_fe,0.5360569955997512,0.5360569955997512,,,,,,,,,,
2661.05,2,G_fe,0.5360569955997512,0.5360569955997512,,,,,,,,,,
2661.0833333333335,2,G_fe,0.5360569955997512,0.5360569955997512,,,,,,,,,,
2661.116666666667,2,G_fe,0.5360569955997512,0.5360569955997512,,,,,,,,,,
2661.15,2,G_fe,0.5360569955997512,0.5360569955997512,,,,,,,,,,
2661.1833333333334,2,G_fe,0.5329932229963878,0.5329932229963878,,,,,,,,,,
2661.2166666666667,2,G_fe,0.5377577118510393,0.5377577118510393,,,,,,,,,,
2661.25,2,G_fe,0.5339889134487857,0.5339889134487857,,,,,,,,,,
2661.2833333333333,2,G_fe,0.533111730829831,0.533111730829831,,,,,,,,,,
2661.3166666666666,2,G_fe,0.533111730829831,0.533111730829831,,,,,,,,,,
2661.35,2,G_fe,0.533111730829831,0.533111730829831,,,,,,,,,,
2661.383333333333,2,G_fe,0.533111730829831,0.533111730829831,,,,,,,,,,
2661.4166666666665,2,G_fe,0.533111730829831,0.533111730829831,,,,,,,,,,
2661.45,2,G_fe,0.533111730829831,0.533111730829831,,,,,,,,,,
2661.483333333333,2,G_fe,0.533111730829831,0.533111730829831,,,,,,,,,,
2661.516666666667,2,G_fe,0.5275987933348539,0.5275987933348539,,,,,,,,,,
2661.55,2,G_fe,0.5275987933348539,0.5275987933348539,,,,,,,,,,
2661.5833333333335,2,G_fe,0.5435872559876535,0.5435872559876535,,,,,,,,,,
2661.616666666667,2,G_fe,0.5435872559876535,0.5435872559876535,,,,,,,,,,
2661.65,2,G_fe,0.5435872559876535,0.5435872559876535,,,,,,,,,,
2661.6833333333334,2,G_fe,0.5367865583884338,0.5367865583884338,,,,,,,,,,
2661.7166666666667,2,G_fe,0.5423821017367464,0.5423821017367464,,,,,,,,,,
2661.75,2,G_fe,0.53966173004153,0.53966173004153,,,,,,,,,,
2661.7833333333333,2,G_fe,0.5366211649395963,0.5366211649395963,,,,,,,,,,
2661.8166666666666,2,G_fe,0.5366211649395963,0.5366211649395963,,,,,,,,,,
2661.85,2,G_fe,0.5366211649395963,0.5366211649395963,,,,,,,,,,
2661.883333333333,2,G_fe,0.5363858648719245,0.5363858648719245,,,,,,,,,,
2661.9166666666665,2,G_fe,0.5375884277504783,0.5375884277504783,,,,,,,,,,
2661.95,2,G_fe,0.5393800133674439,0.5393800133674439,,,,,,,,,,
2661.983333333333,2,G_fe,0.5359563641380728,0.5359563641380728,,,,,,,,,,
2662.016666666667,2,G_fe,0.5359563641380728,0.5359563641380728,,,,,,,,,,
2662.05,2,G_fe,0.5359563641380728,0.5359563641380728,,,,,,,,,,
2662.0833333333335,2,G_fe,0.5359563641380728,0.5359563641380728,,,,,,,,,,
2662.116666666667,2,G_fe,0.5359563641380728,0.5359563641380728,,,,,,,,,,
2662.15,2,G_fe,0.5359563641380728,0.5359563641380728,,,,,,,,,,
2662.1833333333334,2,G_fe,0.49766464443374825,0.49766464443374825,,,,,,,,,,
2662.2166666666667,2,G_fe,0.4751451032147433,0.4751451032147433,,,,,,,,,,
2662.25,2,G_fe,0.4751451032147433,0.4751451032147433,,,,,,,,,,
2662.2833333333333,2,G_fe,0.4751451032147433,0.4751451032147433,,,,,,,,,,
2662.3166666666666,2,S3_landing,0.6180827221683531,0.4751451032147433,0.33285677602956715,0.7363588473863873,True,prediction,"[7, 0]","(6, 1)","[200, None]","[0, 193]","[193, 0]","[2662.3166666666666, 2662.2833333333333]"
2662.35,2,S3_landing,0.6180827221683531,0.4751451032147433,0.33285677602956715,0.7363588473863873,True,prediction,"[7, 0]","(6, 1)","[200, None]","[0, 193]","[193, 0]","[2662.3166666666666, 2662.2833333333333]"
2662.383333333333,2,S3_landing,0.6180827221683531,0.4751451032147433,0.33285677602956715,0.7363588473863873,True,prediction,"[7, 0]","(6, 1)","[200, None]","[0, 193]","[193, 0]","[2662.3166666666666, 2662.2833333333333]"
2662.4166666666665,2,S3_landing,0.6180827221683531,0.4751451032147433,0.33285677602956715,0.7363588473863873,True,prediction,"[7, 0]","(6, 1)","[200, None]","[0, 193]","[193, 0]","[2662.3166666666666, 2662.2833333333333]"
2662.45,2,S3_landing,0.6180827221683531,0.4751451032147433,0.33285677602956715,0.7363588473863873,True,prediction,"[7, 0]","(6, 1)","[200, None]","[0, 193]","[193, 0]","[2662.3166666666666, 2662.2833333333333]"
2662.483333333333,2,S3_landing,0.6496703191786484,0.4751451032147433,0.33272927538731534,0.7366067933906397,True,prediction,"[7, 0]","(6, 1)","[868, None]","[0, 861]","[861, 0]","[2662.483333333333, 2662.2833333333333]"
2662.516666666667,2,S3_landing,0.6203075117138771,0.4751451032147433,0.33742973410603266,0.7400059413833697,True,prediction,"[7, 0]","(6, 1)","[200, None]","[0, 193]","[193, 0]","[2662.516666666667, 2662.2833333333333]"
2662.55,2,S3_landing,0.6174658472422145,0.4751451032147433,0.33177529472791145,0.7353432634051171,True,prediction,"[7, 0]","(5, 1)","[237, None]","[0, 230]","[230, 0]","[2662.55, 2662.2833333333333]"
2662.5833333333335,2,S3_landing,0.6235650099687523,0.4751451032147433,0.33268363085323965,0.7374469698378471,True,prediction,"[7, 0]","(5, 1)","[191, None]","[0, 184]","[184, 0]","[2662.5833333333335, 2662.2833333333333]"
2662.616666666667,2,S3_landing,0.6235650099687523,0.4751451032147433,0.33268363085323965,0.7374469698378471,True,prediction,"[7, 0]","(5, 1)","[191, None]","[0, 184]","[184, 0]","[2662.5833333333335, 2662.2833333333333]"
2662.65,2,S3_landing,0.6235650099687523,0.4751451032147433,0.33268363085323965,0.7374469698378471,True,prediction,"[7, 0]","(5, 1)","[191, None]","[0, 184]","[184, 0]","[2662.5833333333335, 2662.2833333333333]"
2662.6833333333334,2,S3_landing,0.6235650099687523,0.4751451032147433,0.33268363085323965,0.7374469698378471,True,prediction,"[7, 0]","(5, 1)","[191, None]","[0, 184]","[184, 0]","[2662.5833333333335, 2662.2833333333333]"
2662.7166666666667,2,S3_landing,0.6235650099687523,0.4751451032147433,0.33268363085323965,0.7374469698378471,True,prediction,"[7, 0]","(5, 1)","[191, None]","[0, 184]","[184, 0]","[2662.5833333333335, 2662.2833333333333]"
2662.75,2,S3_landing,0.6235650099687523,0.4751451032147433,0.33268363085323965,0.7374469698378471,True,prediction,"[7, 0]","(5, 1)","[191, None]","[0, 184]","[184, 0]","[2662.5833333333335, 2662.2833333333333]"
2662.7833333333333,2,S3_landing,0.6235650099687523,0.4751451032147433,0.33268363085323965,0.7374469698378471,True,prediction,"[7, 0]","(5, 1)","[191, None]","[0, 184]","[184, 0]","[2662.5833333333335, 2662.2833333333333]"
2662.8166666666666,2,S3_landing,0.616238725020976,0.4751451032147433,0.32715717069927414,0.7333174357922041,True,prediction,"[7, 0]","(5, 1)","[325, None]","[0, 318]","[318, 0]","[2662.8166666666666, 2662.2833333333333]"
2662.85,2,S3_landing,0.616238725020976,0.4751451032147433,0.32715717069927414,0.7333174357922041,True,prediction,"[7, 0]","(5, 1)","[325, None]","[0, 318]","[318, 0]","[2662.8166666666666, 2662.2833333333333]"
2662.883333333333,2,S3_landing,0.616238725020976,0.4751451032147433,0.32715717069927414,0.7333174357922041,True,prediction,"[7, 0]","(5, 1)","[325, None]","[0, 318]","[318, 0]","[2662.8166666666666, 2662.2833333333333]"
2662.9166666666665,2,S3_landing,0.616238725020976,0.4751451032147433,0.32715717069927414,0.7333174357922041,True,prediction,"[7, 0]","(5, 1)","[325, None]","[0, 318]","[318, 0]","[2662.8166666666666, 2662.2833333333333]"
2662.95,2,S3_landing,0.616238725020976,0.4751451032147433,0.32715717069927414,0.7333174357922041,True,prediction,"[7, 0]","(5, 1)","[325, None]","[0, 318]","[318, 0]","[2662.8166666666666, 2662.2833333333333]"
2662.983333333333,2,S3_landing,0.6425084013664768,0.4751451032147433,0.3279766277636733,0.7323793028856165,True,prediction,"[7, 0]","(5, 1)","[861, None]","[0, 854]","[854, 0]","[2662.983333333333, 2662.2833333333333]"
2663.016666666667,2,S3_landing,0.616238725020976,0.4751451032147433,0.32715717069927414,0.7333174357922041,True,prediction,"[7, 0]","(5, 1)","[325, None]","[0, 318]","[318, 0]","[2663.016666666667, 2662.2833333333333]"
2663.05,2,S3_landing,0.616238725020976,0.4751451032147433,0.32715717069927414,0.7333174357922041,True,prediction,"[7, 0]","(5, 1)","[325, None]","[0, 318]","[318, 0]","[2663.016666666667, 2662.2833333333333]"
2663.0833333333335,2,S3_landing,0.616238725020976,0.4751451032147433,0.32715717069927414,0.7333174357922041,True,prediction,"[7, 0]","(5, 1)","[325, None]","[0, 318]","[318, 0]","[2663.016666666667, 2662.2833333333333]"
2663.116666666667,2,S3_landing,0.616238725020976,0.4751451032147433,0.32715717069927414,0.7333174357922041,True,prediction,"[7, 0]","(5, 1)","[325, None]","[0, 318]","[318, 0]","[2663.016666666667, 2662.2833333333333]"
2663.15,2,S3_landing,0.616238725020976,0.4751451032147433,0.32715717069927414,0.7333174357922041,True,prediction,"[7, 0]","(5, 1)","[325, None]","[0, 318]","[318, 0]","[2663.016666666667, 2662.2833333333333]"
2663.1833333333334,2,S3_landing,0.6425084013664768,0.4751451032147433,0.3279766277636733,0.7323793028856165,True,prediction,"[7, 0]","(5, 1)","[861, None]","[0, 854]","[854, 0]","[2663.1833333333334, 2662.2833333333333]"
2663.2166666666667,2,S3_landing,0.6073985452846693,0.4751451032147433,0.32907519897195825,0.7327910231219088,True,prediction,"[7, 0]","(5, 1)","[200, None]","[0, 193]","[193, 0]","[2663.2166666666667, 2662.2833333333333]"
2663.25,2,S3_landing,0.6073985452846693,0.4751451032147433,0.32907519897195825,0.7327910231219088,True,prediction,"[7, 0]","(5, 1)","[200, None]","[0, 193]","[193, 0]","[2663.2166666666667, 2662.2833333333333]"
2663.2833333333333,2,S3_landing,0.6073985452846693,0.4751451032147433,0.32907519897195825,0.7327910231219088,True,prediction,"[7, 0]","(4, 1)","[200, None]","[0, 193]","[193, 0]","[2663.2833333333333, 2662.2833333333333]"
2663.3166666666666,2,S3_landing,0.6073985452846693,0.4751451032147433,0.32907519897195825,0.7327910231219088,True,prediction,"[7, 0]","(4, 1)","[200, None]","[0, 193]","[193, 0]","[2663.2833333333333, 2662.2833333333333]"
2663.35,2,S3_landing,0.6073985452846693,0.4751451032147433,0.32907519897195825,0.7327910231219088,True,prediction,"[7, 0]","(4, 1)","[200, None]","[0, 193]","[193, 0]","[2663.2833333333333, 2662.2833333333333]"
2663.383333333333,2,S3_landing,0.6073985452846693,0.4751451032147433,0.32907519897195825,0.7327910231219088,True,prediction,"[7, 0]","(4, 1)","[200, None]","[0, 193]","[193, 0]","[2663.2833333333333, 2662.2833333333333]"
2663.4166666666665,2,S3_landing,0.6073985452846693,0.4751451032147433,0.32907519897195825,0.7327910231219088,True,prediction,"[7, 0]","(4, 1)","[200, None]","[0, 193]","[193, 0]","[2663.2833333333333, 2662.2833333333333]"
2663.45,2,S3_landing,0.6073985452846693,0.4751451032147433,0.32907519897195825,0.7327910231219088,True,prediction,"[7, 0]","(4, 1)","[200, None]","[0, 193]","[193, 0]","[2663.2833333333333, 2662.2833333333333]"
2663.483333333333,2,S3_landing,0.6073985452846693,0.4751451032147433,0.32907519897195825,0.7327910231219088,True,prediction,"[7, 0]","(4, 1)","[200, None]","[0, 193]","[193, 0]","[2663.2833333333333, 2662.2833333333333]"
2663.516666666667,2,S3_landing,0.6073985452846693,0.4751451032147433,0.32907519897195825,0.7327910231219088,True,prediction,"[7, 0]","(4, 1)","[200, None]","[0, 193]","[193, 0]","[2663.2833333333333, 2662.2833333333333]"
2663.55,2,S3_landing,0.6127739581401955,0.4751451032147433,0.3182434603598878,0.7374158239052842,True,prediction,"[7, 0]","(4, 1)","[200, None]","[0, 193]","[193, 0]","[2663.55, 2662.2833333333333]"
2663.5833333333335,2,S3_landing,0.6127739581401955,0.4751451032147433,0.3182434603598878,0.7374158239052842,True,prediction,"[7, 0]","(4, 1)","[200, None]","[0, 193]","[193, 0]","[2663.55, 2662.2833333333333]"
2663.616666666667,2,S3_landing,0.6127739581401955,0.4751451032147433,0.3182434603598878,0.7374158239052842,True,prediction,"[7, 0]","(4, 1)","[200, None]","[0, 193]","[193, 0]","[2663.55, 2662.2833333333333]"
2663.65,2,S3_landing,0.6127739581401955,0.4751451032147433,0.3182434603598878,0.7374158239052842,True,prediction,"[7, 0]","(4, 1)","[200, None]","[0, 193]","[193, 0]","[2663.55, 2662.2833333333333]"
2663.6833333333334,2,S3_landing,0.6116594518040935,0.4751451032147433,0.32257830647258423,0.7355937521986,True,prediction,"[7, 0]","(4, 1)","[200, None]","[0, 193]","[193, 0]","[2663.6833333333334, 2662.2833333333333]"
2663.7166666666667,2,S3_landing,0.6116594518040935,0.4751451032147433,0.32257830647258423,0.7355937521986,True,prediction,"[7, 0]","(4, 1)","[200, None]","[0, 193]","[193, 0]","[2663.6833333333334, 2662.2833333333333]"
2663.75,2,S3_landing,0.6116594518040935,0.4751451032147433,0.32257830647258423,0.7355937521986,True,prediction,"[7, 0]","(4, 1)","[200, None]","[0, 193]","[193, 0]","[2663.6833333333334, 2662.2833333333333]"
2663.7833333333333,2,S3_landing,0.6433203500142424,0.4751451032147433,0.3189679179418103,0.7337634232915838,True,prediction,"[7, 0]","(4, 1)","[861, None]","[0, 854]","[854, 0]","[2663.7833333333333, 2662.2833333333333]"
2663.8166666666666,2,S3_landing,0.6189658500531787,0.4751451032147433,0.32489207146736215,0.7378094987745671,True,prediction,"[7, 0]","(4, 1)","[206, None]","[0, 199]","[199, 0]","[2663.8166666666666, 2662.2833333333333]"
2663.85,2,S3_landing,0.6171633731738623,0.4751451032147433,0.32174307555280024,0.7348446035953891,True,prediction,"[7, 0]","(4, 1)","[200, None]","[0, 193]","[193, 0]","[2663.85, 2662.2833333333333]"
2663.883333333333,2,S3_landing,0.6191127122693626,0.4751451032147433,0.3249389091583218,0.7380503640514949,True,prediction,"[7, 0]","(4, 1)","[896, None]","[0, 889]","[889, 0]","[2663.883333333333, 2662.2833333333333]"
2663.9166666666665,2,S3_landing,0.6191127122693626,0.4751451032147433,0.3249389091583218,0.7380503640514949,True,prediction,"[7, 0]","(4, 1)","[896, None]","[0, 889]","[889, 0]","[2663.883333333333, 2662.2833333333333]"
2663.95,2,S3_landing,0.6191127122693626,0.4751451032147433,0.3249389091583218,0.7380503640514949,True,prediction,"[7, 0]","(4, 1)","[896, None]","[0, 889]","[889, 0]","[2663.883333333333, 2662.2833333333333]"
2663.983333333333,2,S3_landing,0.6191127122693626,0.4751451032147433,0.3249389091583218,0.7380503640514949,True,prediction,"[7, 0]","(4, 1)","[896, None]","[0, 889]","[889, 0]","[2663.883333333333, 2662.2833333333333]"
2664.016666666667,2,S3_landing,0.6191127122693626,0.4751451032147433,0.3249389091583218,0.7380503640514949,True,prediction,"[7, 0]","(3, 1)","[896, None]","[0, 889]","[889, 0]","[2664.016666666667, 2662.2833333333333]"
2664.05,2,S3_landing,0.6191127122693626,0.4751451032147433,0.3249389091583218,0.7380503640514949,True,prediction,"[7, 0]","(3, 1)","[896, None]","[0, 889]","[889, 0]","[2664.016666666667, 2662.2833333333333]"
2664.0833333333335,2,S3_landing,0.6191127122693626,0.4751451032147433,0.3249389091583218,0.7380503640514949,True,prediction,"[7, 0]","(3, 1)","[896, None]","[0, 889]","[889, 0]","[2664.016666666667, 2662.2833333333333]"
2664.116666666667,2,S3_landing,0.6108196196518059,0.4751451032147433,0.30996798935526765,0.7242834808089978,True,prediction,"[7, 0]","(3, 1)","[896, None]","[0, 889]","[889, 0]","[2664.116666666667, 2662.2833333333333]"
2664.15,2,S3_landing,0.6108196196518059,0.4751451032147433,0.30996798935526765,0.7242834808089978,True,prediction,"[7, 0]","(3, 1)","[896, None]","[0, 889]","[889, 0]","[2664.116666666667, 2662.2833333333333]"
2664.1833333333334,2,S3_landing,0.6108196196518059,0.4751451032147433,0.30996798935526765,0.7242834808089978,True,prediction,"[7, 0]","(3, 1)","[896, None]","[0, 889]","[889, 0]","[2664.116666666667, 2662.2833333333333]"
2664.2166666666667,2,S3_landing,0.6108196196518059,0.4751451032147433,0.30996798935526765,0.7242834808089978,True,prediction,"[7, 0]","(3, 1)","[896, None]","[0, 889]","[889, 0]","[2664.116666666667, 2662.2833333333333]"
2664.25,2,S3_landing,0.6108196196518059,0.4751451032147433,0.30996798935526765,0.7242834808089978,True,prediction,"[7, 0]","(3, 1)","[896, None]","[0, 889]","[889, 0]","[2664.116666666667, 2662.2833333333333]"
2664.2833333333333,2,S3_landing,0.6108196196518059,0.4751451032147433,0.30996798935526765,0.7242834808089978,True,prediction,"[7, 0]","(3, 1)","[896, None]","[0, 889]","[889, 0]","[2664.116666666667, 2662.2833333333333]"
2664.3166666666666,2,S3_landing,0.6108196196518059,0.4751451032147433,0.30996798935526765,0.7242834808089978,True,prediction,"[7, 0]","(3, 1)","[896, None]","[0, 889]","[889, 0]","[2664.116666666667, 2662.2833333333333]"
2664.35,2,S3_landing,0.63572324321066,0.4751451032147433,0.30584374818457516,0.7206907740487274,True,prediction,"[7, 0]","(3, 1)","[861, None]","[0, 854]","[854, 0]","[2664.35, 2662.2833333333333]"
2664.383333333333,2,S3_landing,0.6108196196518059,0.4751451032147433,0.30996798935526765,0.7242834808089978,True,prediction,"[7, 0]","(3, 1)","[896, None]","[0, 889]","[889, 0]","[2664.383333333333, 2662.2833333333333]"
2664.4166666666665,2,S3_landing,0.6108196196518059,0.4751451032147433,0.30996798935526765,0.7242834808089978,True,prediction,"[7, 0]","(3, 1)","[896, None]","[0, 889]","[889, 0]","[2664.383333333333, 2662.2833333333333]"
2664.45,2,S3_landing,0.6108196196518059,0.4751451032147433,0.30996798935526765,0.7242834808089978,True,prediction,"[7, 0]","(3, 1)","[896, None]","[0, 889]","[889, 0]","[2664.383333333333, 2662.2833333333333]"
2664.483333333333,2,S3_landing,0.6108196196518059,0.4751451032147433,0.30996798935526765,0.7242834808089978,True,prediction,"[7, 0]","(3, 1)","[896, None]","[0, 889]","[889, 0]","[2664.383333333333, 2662.2833333333333]"
2664.516666666667,2,S3_landing,0.6108196196518059,0.4751451032147433,0.30996798935526765,0.7242834808089978,True,prediction,"[7, 0]","(3, 1)","[896, None]","[0, 889]","[889, 0]","[2664.383333333333, 2662.2833333333333]"
2664.55,2,S3_landing,0.6108196196518059,0.4751451032147433,0.30996798935526765,0.7242834808089978,True,prediction,"[7, 0]","(3, 1)","[896, None]","[0, 889]","[889, 0]","[2664.383333333333, 2662.2833333333333]"
2664.5833333333335,2,S3_landing,0.6108196196518059,0.4751451032147433,0.30996798935526765,0.7242834808089978,True,prediction,"[7, 0]","(3, 1)","[896, None]","[0, 889]","[889, 0]","[2664.383333333333, 2662.2833333333333]"
2664.616666666667,2,S3_landing,0.6108196196518059,0.4751451032147433,0.30996798935526765,0.7242834808089978,True,prediction,"[7, 0]","(3, 1)","[896, None]","[0, 889]","[889, 0]","[2664.383333333333, 2662.2833333333333]"
2664.65,2,S3_landing,0.6108196196518059,0.4751451032147433,0.30996798935526765,0.7242834808089978,True,prediction,"[7, 0]","(3, 1)","[896, None]","[0, 889]","[889, 0]","[2664.383333333333, 2662.2833333333333]"
2664.6833333333334,2,S3_landing,0.6108196196518059,0.4751451032147433,0.30996798935526765,0.7242834808089978,True,prediction,"[7, 0]","(3, 1)","[896, None]","[0, 889]","[889, 0]","[2664.383333333333, 2662.2833333333333]"
2664.7166666666667,2,S3_landing,0.6108196196518059,0.4751451032147433,0.30996798935526765,0.7242834808089978,True,prediction,"[7, 0]","(3, 1)","[896, None]","[0, 889]","[889, 0]","[2664.383333333333, 2662.2833333333333]"
2664.75,2,S3_landing,0.3935818917682842,0.4751451032147433,0.30996798935526765,0.30996798935526765,False,prediction,"[7, 0]","(1, 2)","[None, None]","[7, 0]","[0, 0]","[2664.383333333333, 2662.2833333333333]"
2664.7833333333333,2,S3_landing,0.3935818917682842,0.4751451032147433,0.30996798935526765,0.30996798935526765,False,prediction,"[7, 0]","(1, 2)","[None, None]","[7, 0]","[0, 0]","[2664.383333333333, 2662.2833333333333]"
2664.8166666666666,2,S3_landing,0.3935818917682842,0.4751451032147433,0.30996798935526765,0.30996798935526765,False,prediction,"[7, 0]","(1, 2)","[None, None]","[7, 0]","[0, 0]","[2664.383333333333, 2662.2833333333333]"
2664.85,2,S3_landing,0.3935818917682842,0.4751451032147433,0.30996798935526765,0.30996798935526765,False,prediction,"[7, 0]","(1, 2)","[None, None]","[7, 0]","[0, 0]","[2664.383333333333, 2662.2833333333333]"
2664.883333333333,2,S3_landing,0.3935818917682842,0.4751451032147433,0.30996798935526765,0.30996798935526765,False,prediction,"[7, 0]","(1, 2)","[None, None]","[7, 0]","[0, 0]","[2664.383333333333, 2662.2833333333333]"
2664.9166666666665,2,S3_landing,0.3935818917682842,0.4751451032147433,0.30996798935526765,0.30996798935526765,False,prediction,"[7, 0]","(1, 2)","[None, None]","[7, 0]","[0, 0]","[2664.383333333333, 2662.2833333333333]"
2664.95,2,S3_landing,0.4241243638736662,0.4751451032147433,0.34040271970296954,0.34040271970296954,False,prediction,"[7, 0]","(1, 2)","[None, None]","[7, 0]","[0, 0]","[2664.383333333333, 2664.95]"
2664.983333333333,2,S3_landing,0.4241243638736662,0.4751451032147433,0.34040271970296954,0.34040271970296954,False,prediction,"[7, 0]","(1, 2)","[None, None]","[7, 0]","[0, 0]","[2664.383333333333, 2664.95]"
2665.016666666667,2,S3_landing,0.4241243638736662,0.4751451032147433,0.34040271970296954,0.34040271970296954,False,prediction,"[7, 0]","(1, 2)","[None, None]","[7, 0]","[0, 0]","[2664.383333333333, 2664.95]"
2665.05,2,S3_landing,0.4241243638736662,0.4751451032147433,0.34040271970296954,0.34040271970296954,False,prediction,"[7, 0]","(1, 4)","[None, None]","[7, 0]","[0, 0]","[2664.383333333333, 2665.05]"
2665.0833333333335,2,S3_landing,0.4241243638736662,0.4751451032147433,0.34040271970296954,0.34040271970296954,False,prediction,"[7, 0]","(1, 4)","[None, None]","[7, 0]","[0, 0]","[2664.383333333333, 2665.05]"
2665.116666666667,2,S3_landing,0.4241243638736662,0.4751451032147433,0.34040271970296954,0.34040271970296954,False,prediction,"[7, 0]","(1, 4)","[None, None]","[7, 0]","[0, 0]","[2664.383333333333, 2665.05]"
2665.15,2,S3_landing,0.4336323400839713,0.4751451032147433,0.3580442271857361,0.3580442271857361,False,prediction,"[7, 0]","(1, 4)","[None, None]","[7, 0]","[0, 0]","[2664.383333333333, 2665.15]"
2665.1833333333334,2,S3_landing,0.4336323400839713,0.4751451032147433,0.3580442271857361,0.3580442271857361,False,prediction,"[7, 0]","(1, 4)","[None, None]","[7, 0]","[0, 0]","[2664.383333333333, 2665.15]"
2665.2166666666667,2,S3_landing,0.4336323400839713,0.4751451032147433,0.3580442271857361,0.3580442271857361,False,prediction,"[7, 0]","(1, 3)","[None, None]","[7, 0]","[0, 0]","[2664.383333333333, 2665.1833333333334]"
2665.25,2,S3_landing,0.4336323400839713,0.4751451032147433,0.3580442271857361,0.3580442271857361,False,prediction,"[7, 0]","(1, 3)","[None, None]","[7, 0]","[0, 0]","[2664.383333333333, 2665.1833333333334]"
2665.2833333333333,2,S3_landing,0.41071151513942594,0.4751451032147433,0.34124354549674474,0.34124354549674474,False,prediction,"[7, 0]","(1, 3)","[None, None]","[7, 0]","[0, 0]","[2664.383333333333, 2665.2833333333333]"
2665.3166666666666,2,S3_landing,0.41071151513942594,0.4751451032147433,0.34124354549674474,0.34124354549674474,False,prediction,"[7, 0]","(1, 3)","[None, None]","[7, 0]","[0, 0]","[2664.383333333333, 2665.2833333333333]"
2665.35,2,S3_landing,0.41071151513942594,0.4751451032147433,0.34124354549674474,0.34124354549674474,False,prediction,"[7, 0]","(1, 3)","[None, None]","[7, 0]","[0, 0]","[2664.383333333333, 2665.2833333333333]"
2665.383333333333,2,S3_landing,0.41071151513942594,0.4751451032147433,0.34124354549674474,0.34124354549674474,False,prediction,"[7, 0]","(1, 3)","[None, None]","[7, 0]","[0, 0]","[2664.383333333333, 2665.2833333333333]"
2665.4166666666665,2,S3_landing,0.41071151513942594,0.4751451032147433,0.34124354549674474,0.34124354549674474,False,prediction,"[7, 0]","(1, 3)","[None, None]","[7, 0]","[0, 0]","[2664.383333333333, 2665.2833333333333]"
2665.45,2,S3_landing,0.41071151513942594,0.4751451032147433,0.34124354549674474,0.34124354549674474,False,prediction,"[7, 0]","(1, 3)","[None, None]","[7, 0]","[0, 0]","[2664.383333333333, 2665.2833333333333]"
2665.483333333333,2,S3_landing,0.41071151513942594,0.4751451032147433,0.34124354549674474,0.34124354549674474,False,prediction,"[7, 0]","(1, 3)","[None, None]","[7, 0]","[0, 0]","[2664.383333333333, 2665.2833333333333]"
2665.516666666667,2,S3_landing,0.41071151513942594,0.4751451032147433,0.34124354549674474,0.34124354549674474,False,prediction,"[7, 0]","(1, 3)","[None, None]","[7, 0]","[0, 0]","[2664.383333333333, 2665.2833333333333]"
2665.55,2,S3_landing,0.41071151513942594,0.4751451032147433,0.34124354549674474,0.34124354549674474,False,prediction,"[7, 0]","(1, 3)","[None, None]","[7, 0]","[0, 0]","[2664.383333333333, 2665.2833333333333]"
2665.5833333333335,2,S3_landing,0.41071151513942594,0.4751451032147433,0.34124354549674474,0.34124354549674474,False,prediction,"[7, 0]","(1, 3)","[None, None]","[7, 0]","[0, 0]","[2664.383333333333, 2665.2833333333333]"
2665.616666666667,2,S3_landing,0.41071151513942594,0.4751451032147433,0.34124354549674474,0.34124354549674474,False,prediction,"[7, 0]","(1, 3)","[None, None]","[7, 0]","[0, 0]","[2664.383333333333, 2665.2833333333333]"
2665.65,2,S3_landing,0.41071151513942594,0.4751451032147433,0.34124354549674474,0.34124354549674474,False,prediction,"[7, 0]","(1, 3)","[None, None]","[7, 0]","[0, 0]","[2664.383333333333, 2665.2833333333333]"
2665.6833333333334,2,S3_landing,0.4234752314142084,0.4751451032147433,0.33967018257579973,0.33967018257579973,False,prediction,"[7, 0]","(1, 3)","[None, None]","[7, 0]","[0, 0]","[2664.383333333333, 2665.6833333333334]"
2665.7166666666667,2,S3_landing,0.417607389063313,0.4751451032147433,0.34062904194808524,0.34062904194808524,False,prediction,"[7, 0]","(1, 3)","[None, None]","[7, 0]","[0, 0]","[2664.383333333333, 2665.7166666666667]"
2665.75,2,S3_landing,0.4231135440308739,0.4751451032147433,0.33900586090246904,0.33900586090246904,False,prediction,"[7, 0]","(1, 3)","[None, None]","[7, 0]","[0, 0]","[2664.383333333333, 2665.75]"
2665.7833333333333,2,S3_landing,0.4130756063145907,0.4751451032147433,0.3380516856145541,0.3380516856145541,False,prediction,"[7, 0]","(1, 3)","[None, None]","[7, 0]","[0, 0]","[2664.383333333333, 2665.7833333333333]"
2665.8166666666666,2,S3_landing,0.4130756063145907,0.4751451032147433,0.3380516856145541,0.3380516856145541,False,prediction,"[7, 0]","(1, 3)","[None, None]","[7, 0]","[0, 0]","[2664.383333333333, 2665.7833333333333]"
2665.85,2,S3_landing,0.4130756063145907,0.4751451032147433,0.3380516856145541,0.3380516856145541,False,prediction,"[7, 0]","(1, 3)","[None, None]","[7, 0]","[0, 0]","[2664.383333333333, 2665.7833333333333]"
2665.883333333333,2,S3_landing,0.4130756063145907,0.4751451032147433,0.3380516856145541,0.3380516856145541,False,prediction,"[7, 0]","(1, 3)","[None, None]","[7, 0]","[0, 0]","[2664.383333333333, 2665.7833333333333]"
2665.9166666666665,2,S3_landing,0.4130756063145907,0.4751451032147433,0.3380516856145541,0.3380516856145541,False,prediction,"[7, 0]","(1, 3)","[None, None]","[7, 0]","[0, 0]","[2664.383333333333, 2665.7833333333333]"
2665.95,2,S3_landing,0.4130756063145907,0.4751451032147433,0.3380516856145541,0.3380516856145541,False,prediction,"[7, 0]","(1, 2)","[None, None]","[7, 0]","[0, 0]","[2664.383333333333, 2665.95]"
2665.983333333333,2,S3_landing,0.4130756063145907,0.4751451032147433,0.3380516856145541,0.3380516856145541,False,prediction,"[7, 0]","(1, 2)","[None, None]","[7, 0]","[0, 0]","[2664.383333333333, 2665.95]"
2666.016666666667,2,S3_landing,0.4130756063145907,0.4751451032147433,0.3380516856145541,0.3380516856145541,False,prediction,"[7, 0]","(1, 2)","[None, None]","[7, 0]","[0, 0]","[2664.383333333333, 2665.95]"
2666.05,2,S3_landing,0.4130756063145907,0.4751451032147433,0.3380516856145541,0.3380516856145541,False,prediction,"[7, 0]","(1, 2)","[None, None]","[7, 0]","[0, 0]","[2664.383333333333, 2665.95]"
2666.0833333333335,2,S3_landing,0.4130756063145907,0.4751451032147433,0.3380516856145541,0.3380516856145541,False,prediction,"[7, 0]","(1, 2)","[None, None]","[7, 0]","[0, 0]","[2664.383333333333, 2665.95]"
2666.116666666667,2,S3_landing,0.4078213843072285,0.4751451032147433,0.32840321683860935,0.32840321683860935,False,prediction,"[7, 0]","(1, 2)","[None, None]","[7, 0]","[0, 0]","[2664.383333333333, 2666.116666666667]"
2666.15,2,S3_landing,0.4078213843072285,0.4751451032147433,0.32840321683860935,0.32840321683860935,False,prediction,"[7, 0]","(1, 2)","[None, None]","[7, 0]","[0, 0]","[2664.383333333333, 2666.116666666667]"
2666.1833333333334,2,S3_landing,0.4078213843072285,0.4751451032147433,0.32840321683860935,0.32840321683860935,False,prediction,"[7, 0]","(1, 2)","[None, None]","[7, 0]","[0, 0]","[2664.383333333333, 2666.116666666667]"
2666.2166666666667,2,S3_landing,0.4078213843072285,0.4751451032147433,0.32840321683860935,0.32840321683860935,False,prediction,"[7, 0]","(1, 2)","[None, None]","[7, 0]","[0, 0]","[2664.383333333333, 2666.116666666667]"
2666.25,2,S3_landing,0.34580823078235035,0.4751451032147433,0.33094041576889277,0.33094041576889277,False,prediction,"[7, 0]","(1, 2)","[None, None]","[7, 0]","[0, 0]","[2664.383333333333, 2666.25]"
2666.2833333333333,2,S3_landing,0.4092568594669287,0.4751451032147433,0.33102902860128564,0.33102902860128564,False,prediction,"[7, 0]","(1, 2)","[None, None]","[7, 0]","[0, 0]","[2664.383333333333, 2666.2833333333333]"
2666.3166666666666,2,S3_landing,0.40889044257345103,0.4751451032147433,0.3303580305576282,0.3303580305576282,False,prediction,"[7, 0]","(1, 2)","[None, None]","[7, 0]","[0, 0]","[2664.383333333333, 2666.3166666666666]"
2666.35,2,S3_landing,0.4203257208399086,0.4751451032147433,0.3270995996690804,0.3270995996690804,False,prediction,"[7, 0]","(1, 2)","[None, None]","[7, 0]","[0, 0]","[2664.383333333333, 2666.35]"
2666.383333333333,2,S3_landing,0.4203257208399086,0.4751451032147433,0.3270995996690804,0.3270995996690804,False,prediction,"[7, 0]","(1, 2)","[None, None]","[7, 0]","[0, 0]","[2664.383333333333, 2666.35]"
2666.4166666666665,2,S3_landing,0.4203257208399086,0.4751451032147433,0.3270995996690804,0.3270995996690804,False,prediction,"[7, 0]","(1, 2)","[None, None]","[7, 0]","[0, 0]","[2664.383333333333, 2666.35]"
2666.45,2,S3_landing,0.4203257208399086,0.4751451032147433,0.3270995996690804,0.3270995996690804,False,prediction,"[7, 0]","(1, 2)","[None, None]","[7, 0]","[0, 0]","[2664.383333333333, 2666.35]"
2666.483333333333,2,S3_landing,0.4203257208399086,0.4751451032147433,0.3270995996690804,0.3270995996690804,False,prediction,"[7, 0]","(1, 2)","[None, None]","[7, 0]","[0, 0]","[2664.383333333333, 2666.35]"
2666.516666666667,2,S3_landing,0.4203257208399086,0.4751451032147433,0.3270995996690804,0.3270995996690804,False,prediction,"[7, 0]","(1, 2)","[None, None]","[7, 0]","[0, 0]","[2664.383333333333, 2666.35]"
2666.55,2,S3_landing,0.4203257208399086,0.4751451032147433,0.3270995996690804,0.3270995996690804,False,prediction,"[7, 0]","(1, 2)","[None, None]","[7, 0]","[0, 0]","[2664.383333333333, 2666.35]"
2666.5833333333335,2,S3_landing,0.4203257208399086,0.4751451032147433,0.3270995996690804,0.3270995996690804,False,prediction,"[7, 0]","(1, 2)","[None, None]","[7, 0]","[0, 0]","[2664.383333333333, 2666.35]"
2666.616666666667,2,S3_landing,0.4203257208399086,0.4751451032147433,0.3270995996690804,0.3270995996690804,False,prediction,"[7, 0]","(1, 2)","[None, None]","[7, 0]","[0, 0]","[2664.383333333333, 2666.35]"
2666.65,2,S3_landing,0.4234897728300682,0.4751451032147433,0.33283573693265134,0.33283573693265134,False,prediction,"[7, 0]","(1, 2)","[None, None]","[7, 0]","[0, 0]","[2664.383333333333, 2666.65]"
2666.6833333333334,2,S3_landing,0.4234897728300682,0.4751451032147433,0.33283573693265134,0.33283573693265134,False,prediction,"[7, 0]","(1, 1)","[None, None]","[7, 0]","[0, 0]","[2664.383333333333, 2666.6833333333334]"
2666.7166666666667,2,S3_landing,0.4234897728300682,0.4751451032147433,0.33283573693265134,0.33283573693265134,False,prediction,"[7, 0]","(1, 1)","[None, None]","[7, 0]","[0, 0]","[2664.383333333333, 2666.6833333333334]"
2666.75,2,S3_landing,0.42263202988566684,0.4751451032147433,0.33127688308829106,0.33127688308829106,False,prediction,"[7, 0]","(1, 1)","[None, None]","[7, 0]","[0, 0]","[2664.383333333333, 2666.75]"
2666.7833333333333,2,S3_landing,0.42263202988566684,0.4751451032147433,0.33127688308829106,0.33127688308829106,False,prediction,"[7, 0]","(1, 1)","[None, None]","[7, 0]","[0, 0]","[2664.383333333333, 2666.75]"
2666.8166666666666,2,S3_landing,0.42263202988566684,0.4751451032147433,0.33127688308829106,0.33127688308829106,False,prediction,"[7, 0]","(1, 1)","[None, None]","[7, 0]","[0, 0]","[2664.383333333333, 2666.75]"
2666.85,2,S3_landing,0.42263202988566684,0.4751451032147433,0.33127688308829106,0.33127688308829106,False,prediction,"[7, 0]","(1, 1)","[None, None]","[7, 0]","[0, 0]","[2664.383333333333, 2666.85]"
2666.883333333333,2,S3_landing,0.42263202988566684,0.4751451032147433,0.33127688308829106,0.33127688308829106,False,prediction,"[7, 0]","(1, 1)","[None, None]","[7, 0]","[0, 0]","[2664.383333333333, 2666.85]"
2666.9166666666665,2,S3_landing,0.42263202988566684,0.4751451032147433,0.33127688308829106,0.33127688308829106,False,prediction,"[7, 0]","(1, 1)","[None, None]","[7, 0]","[0, 0]","[2664.383333333333, 2666.85]"
2666.95,2,S3_landing,0.42263202988566684,0.4751451032147433,0.33127688308829106,0.33127688308829106,False,prediction,"[7, 0]","(1, 1)","[None, None]","[7, 0]","[0, 0]","[2664.383333333333, 2666.85]"
2666.983333333333,2,S3_landing,0.42263202988566684,0.4751451032147433,0.33127688308829106,0.33127688308829106,False,prediction,"[7, 0]","(1, 1)","[None, None]","[7, 0]","[0, 0]","[2664.383333333333, 2666.85]"
2667.016666666667,2,S3_landing,0.42263202988566684,0.4751451032147433,0.33127688308829106,0.33127688308829106,False,prediction,"[7, 0]","(1, 1)","[None, None]","[7, 0]","[0, 0]","[2664.383333333333, 2666.85]"
2667.05,2,S3_landing,0.597112477913311,0.4751451032147433,0.2902302677735773,0.6645106179356823,True,prediction,"[7, 0]","(1, 1)","[134, None]","[0, 127]","[127, 0]","[2667.05, 2667.05]"
2667.0833333333335,2,G_fe,0.39789155093874035,0.39789155093874035,,,,,,,,,,
2667.116666666667,2,G_fe,0.39789155093874035,0.39789155093874035,,,,,,,,,,
2667.15,2,G_fe,0.39789155093874035,0.39789155093874035,,,,,,,,,,
2667.1833333333334,2,G_fe,0.4021374340145569,0.4021374340145569,,,,,,,,,,
2667.2166666666667,2,G_fe,0.40440493549271944,0.40440493549271944,,,,,,,,,,
2667.25,2,G_fe,0.4066481237322286,0.4066481237322286,,,,,,,,,,
2667.2833333333333,2,G_fe,0.4040041024688078,0.4040041024688078,,,,,,,,,,
2667.3166666666666,2,G_fe,0.4040041024688078,0.4040041024688078,,,,,,,,,,
2667.35,2,G_fe,0.4040041024688078,0.4040041024688078,,,,,,,,,,
2667.383333333333,2,G_fe,0.4040041024688078,0.4040041024688078,,,,,,,,,,
2667.4166666666665,2,G_fe,0.4040041024688078,0.4040041024688078,,,,,,,,,,
2667.45,2,G_fe,0.4040041024688078,0.4040041024688078,,,,,,,,,,
2667.483333333333,2,G_fe,0.4120174572455022,0.4120174572455022,,,,,,,,,,
2667.516666666667,2,G_fe,0.41223453341101307,0.41223453341101307,,,,,,,,,,
2667.55,2,G_fe,0.4120174572455022,0.4120174572455022,,,,,,,,,,
2667.5833333333335,2,G_fe,0.4128203656285548,0.4128203656285548,,,,,,,,,,
2667.616666666667,2,G_fe,0.4128203656285548,0.4128203656285548,,,,,,,,,,
2667.65,2,G_fe,0.4128203656285548,0.4128203656285548,,,,,,,,,,
2667.6833333333334,2,G_fe,0.3399745926613999,0.3399745926613999,,,,,,,,,,
2667.7166666666667,2,G_fe,0.3374752375784906,0.3374752375784906,,,,,,,,,,
2667.75,2,G_fe,0.3374752375784906,0.3374752375784906,,,,,,,,,,
2667.7833333333333,2,G_fe,0.3374752375784906,0.3374752375784906,,,,,,,,,,
2667.8166666666666,2,G_fe,0.3374752375784906,0.3374752375784906,,,,,,,,,,
2667.85,2,G_fe,0.3374752375784906,0.3374752375784906,,,,,,,,,,
2667.883333333333,2,G_fe,0.3370823102247088,0.3370823102247088,,,,,,,,,,
2667.9166666666665,2,G_fe,0.33897293311846577,0.33897293311846577,,,,,,,,,,
2667.95,2,G_fe,0.33260253469888496,0.33260253469888496,,,,,,,,,,
2667.983333333333,2,G_fe,0.33633795743047357,0.33633795743047357,,,,,,,,,,
2668.016666666667,2,G_fe,0.33633795743047357,0.33633795743047357,,,,,,,,,,
2668.05,2,G_fe,0.33267861026870144,0.33267861026870144,,,,,,,,,,
2668.0833333333335,2,G_fe,0.33267861026870144,0.33267861026870144,,,,,,,,,,
2668.116666666667,2,G_fe,0.33267861026870144,0.33267861026870144,,,,,,,,,,
2668.15,2,G_fe,0.33267861026870144,0.33267861026870144,,,,,,,,,,
2668.1833333333334,2,S3_provisional,0.3576323037098786,0.33267861026870144,,,,,,,,,,
2668.2166666666667,2,S3_provisional,0.3576323037098786,0.33267861026870144,,,,,,,,,,
2668.25,2,S3_provisional,0.3576323037098786,0.33267861026870144,,,,,,,,,,
2668.2833333333333,2,S3_provisional,0.3576323037098786,0.33267861026870144,,,,,,,,,,
2668.3166666666666,2,S3_provisional,0.3576323037098786,0.33267861026870144,,,,,,,,,,
2668.35,2,S3_provisional,0.3576323037098786,0.33267861026870144,,,,,,,,,,
2668.383333333333,2,S3_provisional,0.3576323037098786,0.33267861026870144,,,,,,,,,,
2668.4166666666665,2,S3_provisional,0.3576323037098786,0.33267861026870144,,,,,,,,,,
2668.45,2,S3_provisional,0.35592216618000444,0.33267861026870144,,,,,,,,,,
2668.483333333333,2,S3_provisional,0.35592216618000444,0.33267861026870144,,,,,,,,,,
2668.516666666667,2,S3_provisional,0.35592216618000444,0.33267861026870144,,,,,,,,,,
2668.55,2,S3_provisional,0.35592216618000444,0.33267861026870144,,,,,,,,,,
2668.5833333333335,2,S3_provisional,0.35592216618000444,0.33267861026870144,,,,,,,,,,
2668.616666666667,2,S3_provisional,0.35592216618000444,0.33267861026870144,,,,,,,,,,
2668.65,2,S3_provisional,0.35592216618000444,0.33267861026870144,,,,,,,,,,
2668.6833333333334,2,S3_provisional,0.35592216618000444,0.33267861026870144,,,,,,,,,,
2668.7166666666667,2,S3_provisional,0.250784563790158,0.33267861026870144,,,,,,,,,,
2668.75,2,S3_provisional,0.3576323037098786,0.33267861026870144,,,,,,,,,,
2668.7833333333333,2,S3_provisional,0.2956021207575366,0.33267861026870144,,,,,,,,,,
2668.8166666666666,2,S3_provisional,0.3576323037098786,0.33267861026870144,,,,,,,,,,
2668.85,2,S3_provisional,0.3576323037098786,0.33267861026870144,,,,,,,,,,
2668.883333333333,2,S3_provisional,0.3576323037098786,0.33267861026870144,,,,,,,,,,
2668.9166666666665,2,S3_provisional,0.250784563790158,0.33267861026870144,,,,,,,,,,
2668.95,2,S3_provisional,0.250784563790158,0.33267861026870144,,,,,,,,,,
2668.983333333333,2,S3_provisional,0.250784563790158,0.33267861026870144,,,,,,,,,,
2669.016666666667,2,S3_provisional,0.250784563790158,0.33267861026870144,,,,,,,,,,
2669.05,2,S3_provisional,0.3576323037098786,0.33267861026870144,,,,,,,,,,
2669.0833333333335,2,S3_provisional,0.3576323037098786,0.33267861026870144,,,,,,,,,,
2669.116666666667,2,S3_provisional,0.3576323037098786,0.33267861026870144,,,,,,,,,,
2669.15,2,S3_provisional,0.3576323037098786,0.33267861026870144,,,,,,,,,,
2669.1833333333334,2,S3_provisional,0.3576323037098786,0.33267861026870144,,,,,,,,,,
2669.2166666666667,2,S3_provisional,0.3576323037098786,0.33267861026870144,,,,,,,,,,
2669.25,2,S3_provisional,0.3576323037098786,0.33267861026870144,,,,,,,,,,
2669.2833333333333,2,S3_provisional,0.3576323037098786,0.33267861026870144,,,,,,,,,,
2669.3166666666666,2,S3_provisional,0.35592216618000444,0.33267861026870144,,,,,,,,,,
2669.35,2,S3_provisional,0.35592216618000444,0.33267861026870144,,,,,,,,,,
2669.383333333333,2,S3_provisional,0.35592216618000444,0.33267861026870144,,,,,,,,,,
2669.4166666666665,2,S3_provisional,0.35592216618000444,0.33267861026870144,,,,,,,,,,
2669.45,2,S3_provisional,0.35592216618000444,0.33267861026870144,,,,,,,,,,
2669.483333333333,2,S3_provisional,0.35592216618000444,0.33267861026870144,,,,,,,,,,
2669.516666666667,2,S3_provisional,0.35592216618000444,0.33267861026870144,,,,,,,,,,
2669.55,2,S3_provisional,0.35592216618000444,0.33267861026870144,,,,,,,,,,
2669.5833333333335,2,S3_provisional,0.2503127054081537,0.33267861026870144,,,,,,,,,,
2669.616666666667,2,S3_provisional,0.26158160731346464,0.33267861026870144,,,,,,,,,,
2669.65,2,S3_provisional,0.26158160731346464,0.33267861026870144,,,,,,,,,,
2669.6833333333334,2,S3_provisional,0.26158160731346464,0.33267861026870144,,,,,,,,,,
2669.7166666666667,2,S3_provisional,0.26158160731346464,0.33267861026870144,,,,,,,,,,
2669.75,2,S3_provisional,0.26158160731346464,0.33267861026870144,,,,,,,,,,
2669.7833333333333,2,S3_provisional,0.18792684042875252,0.33267861026870144,,,,,,,,,,
2669.8166666666666,2,S3_provisional,0.18792684042875252,0.33267861026870144,,,,,,,,,,
2669.85,2,S3_provisional,0.18792684042875252,0.33267861026870144,,,,,,,,,,
2669.883333333333,2,S3,0.26302356698226026,0.33267861026870144,,,,,,,,,,
2669.9166666666665,2,G_fe,0.37222566975274685,0.37222566975274685,,,,,,,,,,
2669.95,2,G_fe,0.37222566975274685,0.37222566975274685,,,,,,,,,,
2669.983333333333,2,G_fe,0.37222566975274685,0.37222566975274685,,,,,,,,,,
2670.016666666667,2,G_fe,0.37222566975274685,0.37222566975274685,,,,,,,,,,
2670.05,2,G_fe,0.3634581550482425,0.3634581550482425,,,,,,,,,,
2670.0833333333335,2,G_fe,0.3634581550482425,0.3634581550482425,,,,,,,,,,
2670.116666666667,2,G_fe,0.3634581550482425,0.3634581550482425,,,,,,,,,,
2670.15,2,G_fe,0.3608989253678733,0.3608989253678733,,,,,,,,,,
2670.1833333333334,2,G_fe,0.3608989253678733,0.3608989253678733,,,,,,,,,,
2670.2166666666667,2,G_fe,0.3647663251058285,0.3647663251058285,,,,,,,,,,
2670.25,2,G_fe,0.3647663251058285,0.3647663251058285,,,,,,,,,,
2670.2833333333333,2,G_fe,0.3612556828786409,0.3612556828786409,,,,,,,,,,
2670.3166666666666,2,G_fe,0.3612556828786409,0.3612556828786409,,,,,,,,,,
2670.35,2,G_fe,0.3612556828786409,0.3612556828786409,,,,,,,,,,
2670.383333333333,2,G_fe,0.3612556828786409,0.3612556828786409,,,,,,,,,,
2670.4166666666665,2,G_fe,0.3612556828786409,0.3612556828786409,,,,,,,,,,
2670.45,2,G_fe,0.3612556828786409,0.3612556828786409,,,,,,,,,,
2670.483333333333,2,G_fe,0.35756331136440905,0.35756331136440905,,,,,,,,,,
2670.516666666667,2,G_fe,0.35679422197750266,0.35679422197750266,,,,,,,,,,
2670.55,2,G_fe,0.35679422197750266,0.35679422197750266,,,,,,,,,,
2670.5833333333335,2,G_fe,0.35679422197750266,0.35679422197750266,,,,,,,,,,
2670.616666666667,2,G_fe,0.35679422197750266,0.35679422197750266,,,,,,,,,,
2670.65,2,G_fe,0.35679422197750266,0.35679422197750266,,,,,,,,,,
2670.6833333333334,2,G_fe,0.36203572612905627,0.36203572612905627,,,,,,,,,,
2670.7166666666667,2,G_fe,0.36203572612905627,0.36203572612905627,,,,,,,,,,
2670.75,2,G_fe,0.36203572612905627,0.36203572612905627,,,,,,,,,,
2670.7833333333333,2,G_fe,0.36203572612905627,0.36203572612905627,,,,,,,,,,
2670.8166666666666,2,G_fe,0.36203572612905627,0.36203572612905627,,,,,,,,,,
2670.85,2,G_fe,0.34549155438156753,0.34549155438156753,,,,,,,,,,
2670.883333333333,2,G_fe,0.34549155438156753,0.34549155438156753,,,,,,,,,,
2670.9166666666665,2,G_fe,0.34549155438156753,0.34549155438156753,,,,,,,,,,
2670.95,2,G_fe,0.34549155438156753,0.34549155438156753,,,,,,,,,,
2670.983333333333,2,G_fe,0.34549155438156753,0.34549155438156753,,,,,,,,,,
2671.016666666667,2,G_fe,0.34549155438156753,0.34549155438156753,,,,,,,,,,
2671.05,2,G_fe,0.34549155438156753,0.34549155438156753,,,,,,,,,,
2671.0833333333335,2,G_fe,0.34549155438156753,0.34549155438156753,,,,,,,,,,
2671.116666666667,2,G_fe,0.34549155438156753,0.34549155438156753,,,,,,,,,,
2671.15,2,G_fe,0.34549155438156753,0.34549155438156753,,,,,,,,,,
2671.1833333333334,2,G_fe,0.34549155438156753,0.34549155438156753,,,,,,,,,,
2671.2166666666667,2,G_fe,0.34549155438156753,0.34549155438156753,,,,,,,,,,
2671.25,2,G_fe,0.3596938508730813,0.3596938508730813,,,,,,,,,,
2671.2833333333333,2,G_fe,0.3596938508730813,0.3596938508730813,,,,,,,,,,
2671.3166666666666,2,G_fe,0.3596938508730813,0.3596938508730813,,,,,,,,,,
2671.35,2,G_fe,0.35978697040576635,0.35978697040576635,,,,,,,,,,
2671.383333333333,2,G_fe,0.35978697040576635,0.35978697040576635,,,,,,,,,,
2671.4166666666665,2,G_fe,0.35978697040576635,0.35978697040576635,,,,,,,,,,
2671.45,2,G_fe,0.35978697040576635,0.35978697040576635,,,,,,,,,,
2671.483333333333,2,G_fe,0.35978697040576635,0.35978697040576635,,,,,,,,,,
2671.516666666667,2,G_fe,0.35978697040576635,0.35978697040576635,,,,,,,,,,
2671.55,2,S3_provisional,0.24333749702838123,0.35978697040576635,,,,,,,,,,
2671.5833333333335,2,S3_provisional,0.24333749702838123,0.35978697040576635,,,,,,,,,,
2671.616666666667,2,S3_provisional,0.24333749702838123,0.35978697040576635,,,,,,,,,,
2671.65,2,S3_provisional,0.24333749702838123,0.35978697040576635,,,,,,,,,,
2671.6833333333334,2,S3_provisional,0.24333749702838123,0.35978697040576635,,,,,,,,,,
2671.7166666666667,2,S3_provisional,0.24333749702838123,0.35978697040576635,,,,,,,,,,
2671.75,2,S3_provisional,0.24333749702838123,0.35978697040576635,,,,,,,,,,
2671.7833333333333,2,S3_provisional,0.24333749702838123,0.35978697040576635,,,,,,,,,,
2671.8166666666666,2,S3_provisional,0.20096907060293,0.35978697040576635,,,,,,,,,,
2671.85,2,S3_provisional,0.20096907060293,0.35978697040576635,,,,,,,,,,
2671.883333333333,2,S3_provisional,0.20096907060293,0.35978697040576635,,,,,,,,,,
2671.9166666666665,2,S3_provisional,0.20096907060293,0.35978697040576635,,,,,,,,,,
2671.95,2,S3_provisional,0.20096907060293,0.35978697040576635,,,,,,,,,,
2671.983333333333,2,S3_provisional,0.22959667208594484,0.35978697040576635,,,,,,,,,,
2672.016666666667,2,S3_provisional,0.22959667208594484,0.35978697040576635,,,,,,,,,,
2672.05,2,S3_provisional,0.22959667208594484,0.35978697040576635,,,,,,,,,,
2672.0833333333335,2,S3_provisional,0.22959667208594484,0.35978697040576635,,,,,,,,,,
2672.116666666667,2,S3_provisional,0.22959667208594484,0.35978697040576635,,,,,,,,,,
2672.15,2,S3_provisional,0.22959667208594484,0.35978697040576635,,,,,,,,,,
2672.1833333333334,2,S3_provisional,0.22959667208594484,0.35978697040576635,,,,,,,,,,
2672.2166666666667,2,S3_provisional,0.20096907060293,0.35978697040576635,,,,,,,,,,
2672.25,2,S3_provisional,0.22959667208594484,0.35978697040576635,,,,,,,,,,
2672.2833333333333,2,S3_provisional,0.22959667208594484,0.35978697040576635,,,,,,,,,,
2672.3166666666666,2,S3_landing,0.32787790091484725,0.35978697040576635,0.3861437511115583,0.3861437511115583,False,prediction,"[0, 1]","(1, 2)","[None, None]","[0, 1]","[0, 0]","[2672.25, 2671.516666666667]"
2672.35,2,S3_landing,0.32787790091484725,0.35978697040576635,0.3861437511115583,0.3861437511115583,False,prediction,"[0, 1]","(1, 2)","[None, None]","[0, 1]","[0, 0]","[2672.25, 2671.516666666667]"
2672.383333333333,2,S3_landing,0.32787790091484725,0.35978697040576635,0.3861437511115583,0.3861437511115583,False,prediction,"[0, 1]","(1, 2)","[None, None]","[0, 1]","[0, 0]","[2672.25, 2671.516666666667]"
2672.4166666666665,2,S3_landing,0.32787790091484725,0.35978697040576635,0.3861437511115583,0.3861437511115583,False,prediction,"[0, 1]","(1, 2)","[None, None]","[0, 1]","[0, 0]","[2672.25, 2671.516666666667]"
2672.45,2,S3_landing,0.32787790091484725,0.35978697040576635,0.3861437511115583,0.3861437511115583,False,prediction,"[0, 1]","(1, 2)","[None, None]","[0, 1]","[0, 0]","[2672.25, 2671.516666666667]"
2672.483333333333,2,S3_landing,0.32787790091484725,0.35978697040576635,0.3861437511115583,0.3861437511115583,False,prediction,"[0, 1]","(1, 2)","[None, None]","[0, 1]","[0, 0]","[2672.25, 2671.516666666667]"
2672.516666666667,2,S3_landing,0.32787790091484725,0.35978697040576635,0.3861437511115583,0.3861437511115583,False,prediction,"[0, 1]","(1, 2)","[None, None]","[0, 1]","[0, 0]","[2672.25, 2671.516666666667]"
2672.55,2,S3_landing,0.32787790091484725,0.35978697040576635,0.3861437511115583,0.3861437511115583,False,prediction,"[0, 1]","(1, 2)","[None, None]","[0, 1]","[0, 0]","[2672.25, 2671.516666666667]"
2672.5833333333335,2,S3_landing,0.32787790091484725,0.35978697040576635,0.3861437511115583,0.3861437511115583,False,prediction,"[0, 1]","(1, 2)","[None, None]","[0, 1]","[0, 0]","[2672.25, 2671.516666666667]"
2672.616666666667,2,S3_landing,0.32787790091484725,0.35978697040576635,0.3861437511115583,0.3861437511115583,False,prediction,"[0, 1]","(1, 2)","[None, None]","[0, 1]","[0, 0]","[2672.25, 2671.516666666667]"
2672.65,2,S3_landing,0.32787790091484725,0.35978697040576635,0.3861437511115583,0.3861437511115583,False,prediction,"[0, 1]","(1, 2)","[None, None]","[0, 1]","[0, 0]","[2672.25, 2671.516666666667]"
2672.6833333333334,2,S3_landing,0.32787790091484725,0.35978697040576635,0.3861437511115583,0.3861437511115583,False,prediction,"[0, 1]","(1, 2)","[None, None]","[0, 1]","[0, 0]","[2672.25, 2671.516666666667]"
2672.7166666666667,2,S3_landing,0.32787790091484725,0.35978697040576635,0.3861437511115583,0.3861437511115583,False,prediction,"[0, 1]","(1, 2)","[None, None]","[0, 1]","[0, 0]","[2672.25, 2671.516666666667]"
2672.75,2,S3_landing,0.32787790091484725,0.35978697040576635,0.3861437511115583,0.3861437511115583,False,prediction,"[0, 1]","(1, 2)","[None, None]","[0, 1]","[0, 0]","[2672.25, 2671.516666666667]"
2672.7833333333333,2,S3_landing,0.32787790091484725,0.35978697040576635,0.3861437511115583,0.3861437511115583,False,prediction,"[0, 1]","(1, 2)","[None, None]","[0, 1]","[0, 0]","[2672.25, 2671.516666666667]"
2672.8166666666666,2,S3_landing,0.3542634006409519,0.35978697040576635,0.47316126939628245,0.47316126939628245,False,prediction,"[0, 1]","(1, 2)","[None, None]","[0, 1]","[0, 0]","[2672.25, 2672.8166666666666]"
2672.85,2,S3_landing,0.3542634006409519,0.35978697040576635,0.47316126939628245,0.47316126939628245,False,prediction,"[0, 1]","(1, 2)","[None, None]","[0, 1]","[0, 0]","[2672.25, 2672.8166666666666]"
2672.883333333333,2,S3_landing,0.3542634006409519,0.35978697040576635,0.47316126939628245,0.47316126939628245,False,prediction,"[0, 1]","(1, 2)","[None, None]","[0, 1]","[0, 0]","[2672.25, 2672.8166666666666]"
2672.9166666666665,2,S3_landing,0.23501110001557382,0.35978697040576635,0.47316126939628245,0.21973464291799988,True,prediction,"[0, 1]","(1, 3)","[None, 667]","[666, 0]","[0, 666]","[2672.25, 2672.85]"
2672.95,2,S3_landing,0.23501110001557382,0.35978697040576635,0.47316126939628245,0.21973464291799988,True,prediction,"[0, 1]","(1, 3)","[None, 667]","[666, 0]","[0, 666]","[2672.25, 2672.85]"
2672.983333333333,2,S3_landing,0.23501110001557382,0.35978697040576635,0.47316126939628245,0.21973464291799988,True,prediction,"[0, 1]","(1, 3)","[None, 667]","[666, 0]","[0, 666]","[2672.25, 2672.85]"
2673.016666666667,2,S3_landing,0.23501110001557382,0.35978697040576635,0.47316126939628245,0.21973464291799988,True,prediction,"[0, 1]","(1, 3)","[None, 667]","[666, 0]","[0, 666]","[2672.25, 2672.85]"
2673.05,2,S3_landing,0.23501110001557382,0.35978697040576635,0.47316126939628245,0.21973464291799988,True,prediction,"[0, 1]","(1, 3)","[None, 667]","[666, 0]","[0, 666]","[2672.25, 2672.85]"
2673.0833333333335,2,S3_landing,0.23501110001557382,0.35978697040576635,0.47316126939628245,0.21973464291799988,True,prediction,"[0, 1]","(1, 3)","[None, 667]","[666, 0]","[0, 666]","[2672.25, 2672.85]"
2673.116666666667,2,S3_landing,0.23501110001557382,0.35978697040576635,0.47316126939628245,0.21973464291799988,True,prediction,"[0, 1]","(1, 3)","[None, 667]","[666, 0]","[0, 666]","[2672.25, 2672.85]"
2673.15,2,S3_landing,0.23501110001557382,0.35978697040576635,0.47316126939628245,0.21973464291799988,True,prediction,"[0, 1]","(1, 3)","[None, 667]","[666, 0]","[0, 666]","[2672.25, 2672.85]"
2673.1833333333334,2,S3_landing,0.23501110001557382,0.35978697040576635,0.47316126939628245,0.21973464291799988,True,prediction,"[0, 1]","(1, 3)","[None, 667]","[666, 0]","[0, 666]","[2672.25, 2672.85]"
2673.2166666666667,2,S3_landing,0.22465129907562806,0.35978697040576635,0.47600478412572633,0.21651277689190082,True,prediction,"[0, 1]","(1, 3)","[None, 685]","[684, 0]","[0, 684]","[2672.25, 2673.2166666666667]"
2673.25,2,S3_landing,0.22465129907562806,0.35978697040576635,0.47600478412572633,0.21651277689190082,True,prediction,"[0, 1]","(1, 3)","[None, 685]","[684, 0]","[0, 684]","[2672.25, 2673.2166666666667]"
2673.2833333333333,2,S3_landing,0.22465129907562806,0.35978697040576635,0.47600478412572633,0.21651277689190082,True,prediction,"[0, 1]","(1, 3)","[None, 685]","[684, 0]","[0, 684]","[2672.25, 2673.2166666666667]"
2673.3166666666666,2,S3_landing,0.22465129907562806,0.35978697040576635,0.47600478412572633,0.21651277689190082,True,prediction,"[0, 1]","(1, 3)","[None, 685]","[684, 0]","[0, 684]","[2672.25, 2673.2166666666667]"
2673.35,2,S3_landing,0.22465129907562806,0.35978697040576635,0.47600478412572633,0.21651277689190082,True,prediction,"[0, 1]","(1, 3)","[None, 685]","[684, 0]","[0, 684]","[2672.25, 2673.2166666666667]"
2673.383333333333,2,S3_landing,0.22465129907562806,0.35978697040576635,0.47600478412572633,0.21651277689190082,True,prediction,"[0, 1]","(1, 3)","[None, 685]","[684, 0]","[0, 684]","[2672.25, 2673.2166666666667]"
2673.4166666666665,2,S3_landing,0.22465129907562806,0.35978697040576635,0.47600478412572633,0.21651277689190082,True,prediction,"[0, 1]","(1, 3)","[None, 685]","[684, 0]","[0, 684]","[2672.25, 2673.2166666666667]"
2673.45,2,S3_landing,0.22670934537986293,0.35978697040576635,0.4604659936452297,0.22053511387549837,True,prediction,"[0, 1]","(1, 3)","[None, 685]","[684, 0]","[0, 684]","[2673.45, 2673.2166666666667]"
2673.483333333333,2,S3_landing,0.22670934537986293,0.35978697040576635,0.4604659936452297,0.22053511387549837,True,prediction,"[0, 1]","(1, 3)","[None, 685]","[684, 0]","[0, 684]","[2673.45, 2673.2166666666667]"
2673.516666666667,2,S3_landing,0.2108964199085601,0.35978697040576635,0.4269184443289133,0.19844001709578757,True,prediction,"[0, 1]","(1, 2)","[None, 75]","[74, 0]","[0, 74]","[2673.45, 2673.516666666667]"
2673.55,2,S3_landing,0.2108964199085601,0.35978697040576635,0.4269184443289133,0.19844001709578757,True,prediction,"[0, 1]","(1, 2)","[None, 75]","[74, 0]","[0, 74]","[2673.45, 2673.516666666667]"
2673.5833333333335,2,S3_landing,0.2108964199085601,0.35978697040576635,0.4269184443289133,0.19844001709578757,True,prediction,"[0, 1]","(1, 2)","[None, 75]","[74, 0]","[0, 74]","[2673.45, 2673.516666666667]"
2673.616666666667,2,S3_landing,0.2108964199085601,0.35978697040576635,0.4269184443289133,0.19844001709578757,True,prediction,"[0, 1]","(1, 2)","[None, 75]","[74, 0]","[0, 74]","[2673.45, 2673.516666666667]"
2673.65,2,S3_landing,0.2108964199085601,0.35978697040576635,0.4269184443289133,0.19844001709578757,True,prediction,"[0, 1]","(1, 2)","[None, 75]","[74, 0]","[0, 74]","[2673.45, 2673.516666666667]"
2673.6833333333334,2,S3_landing,0.2108964199085601,0.35978697040576635,0.4269184443289133,0.19844001709578757,True,prediction,"[0, 1]","(1, 2)","[None, 75]","[74, 0]","[0, 74]","[2673.45, 2673.516666666667]"
2673.7166666666667,2,S3_landing,0.2108964199085601,0.35978697040576635,0.4269184443289133,0.19844001709578757,True,prediction,"[0, 1]","(1, 2)","[None, 75]","[74, 0]","[0, 74]","[2673.45, 2673.516666666667]"
2673.75,2,S3_landing,0.21531176752221753,0.35978697040576635,0.4359690888575559,0.21430578125157354,True,prediction,"[0, 1]","(1, 2)","[None, 75]","[74, 0]","[0, 74]","[2673.75, 2673.516666666667]"
2673.7833333333333,2,S3_landing,0.22164254381694995,0.35978697040576635,0.2637010636532581,0.2637010636532581,False,prediction,"[6, 0]","(4, 1)","[None, None]","[6, 0]","[0, 0]","[2673.7833333333333, 2673.516666666667]"
2673.8166666666666,2,S3_landing,0.2246709087980963,0.35978697040576635,0.27054052636221904,0.27054052636221904,False,prediction,"[6, 0]","(4, 1)","[None, None]","[6, 0]","[0, 0]","[2673.8166666666666, 2673.516666666667]"
2673.85,2,S3_landing,0.23065689645779205,0.35978697040576635,0.28418595490257414,0.28418595490257414,False,prediction,"[6, 0]","(6, 1)","[0, None]","[6, 0]","[0, 0]","[2673.85, 2673.516666666667]"
2673.883333333333,2,S3_landing,0.23065689645779205,0.35978697040576635,0.28418595490257414,0.28418595490257414,False,prediction,"[6, 0]","(6, 1)","[0, None]","[6, 0]","[0, 0]","[2673.85, 2673.516666666667]"
2673.9166666666665,2,S3_landing,0.23065689645779205,0.35978697040576635,0.28418595490257414,0.28418595490257414,False,prediction,"[6, 0]","(6, 1)","[0, None]","[6, 0]","[0, 0]","[2673.85, 2673.516666666667]"
2673.95,2,S3_landing,0.23065689645779205,0.35978697040576635,0.28418595490257414,0.28418595490257414,False,prediction,"[6, 0]","(6, 1)","[0, None]","[6, 0]","[0, 0]","[2673.85, 2673.516666666667]"
2673.983333333333,2,S3_landing,0.23065689645779205,0.35978697040576635,0.28418595490257414,0.28418595490257414,False,prediction,"[6, 0]","(6, 1)","[0, None]","[6, 0]","[0, 0]","[2673.85, 2673.516666666667]"
2674.016666666667,2,S3_landing,0.23065689645779205,0.35978697040576635,0.28418595490257414,0.28418595490257414,False,prediction,"[6, 0]","(5, 1)","[0, None]","[6, 0]","[0, 0]","[2674.016666666667, 2673.516666666667]"
2674.05,2,S3_landing,0.23065689645779205,0.35978697040576635,0.28418595490257414,0.28418595490257414,False,prediction,"[6, 0]","(5, 1)","[0, None]","[6, 0]","[0, 0]","[2674.016666666667, 2673.516666666667]"
2674.0833333333335,2,S3_landing,0.23065689645779205,0.35978697040576635,0.28418595490257414,0.28418595490257414,False,prediction,"[6, 0]","(5, 1)","[0, None]","[6, 0]","[0, 0]","[2674.016666666667, 2673.516666666667]"
2674.116666666667,2,S3_landing,0.23065689645779205,0.35978697040576635,0.28418595490257414,0.28418595490257414,False,prediction,"[6, 0]","(5, 1)","[0, None]","[6, 0]","[0, 0]","[2674.016666666667, 2673.516666666667]"
2674.15,2,S3_landing,0.23065689645779205,0.35978697040576635,0.28418595490257414,0.28418595490257414,False,prediction,"[6, 0]","(5, 1)","[0, None]","[6, 0]","[0, 0]","[2674.016666666667, 2673.516666666667]"
2674.1833333333334,2,S3_landing,0.23065689645779205,0.35978697040576635,0.28418595490257414,0.28418595490257414,False,prediction,"[6, 0]","(5, 1)","[0, None]","[6, 0]","[0, 0]","[2674.016666666667, 2673.516666666667]"
2674.2166666666667,2,S3_landing,0.23065689645779205,0.35978697040576635,0.28418595490257414,0.28418595490257414,False,prediction,"[6, 0]","(5, 1)","[0, None]","[6, 0]","[0, 0]","[2674.016666666667, 2673.516666666667]"
2674.25,2,S3_landing,0.5207150661678613,0.35978697040576635,0.3768774759210988,0.7826583631924857,True,prediction,"[6, 0]","(5, 1)","[298, None]","[0, 292]","[292, 0]","[2674.25, 2673.516666666667]"
2674.2833333333333,2,S3_landing,0.5207150661678613,0.35978697040576635,0.3768774759210988,0.7826583631924857,True,prediction,"[6, 0]","(5, 1)","[298, None]","[0, 292]","[292, 0]","[2674.25, 2673.516666666667]"
2674.3166666666666,2,S3_landing,0.5207150661678613,0.35978697040576635,0.3768774759210988,0.7826583631924857,True,prediction,"[6, 0]","(5, 1)","[298, None]","[0, 292]","[292, 0]","[2674.25, 2673.516666666667]"
2674.35,2,S3_landing,0.5207150661678613,0.35978697040576635,0.3768774759210988,0.7826583631924857,True,prediction,"[6, 0]","(5, 1)","[298, None]","[0, 292]","[292, 0]","[2674.25, 2673.516666666667]"
2674.383333333333,2,S3_landing,0.5207150661678613,0.35978697040576635,0.3768774759210988,0.7826583631924857,True,prediction,"[6, 0]","(5, 1)","[298, None]","[0, 292]","[292, 0]","[2674.25, 2673.516666666667]"
2674.4166666666665,2,S3_landing,0.5360340435226159,0.35978697040576635,0.37481431529651177,0.788205703818657,True,prediction,"[6, 0]","(5, 1)","[294, None]","[0, 288]","[288, 0]","[2674.4166666666665, 2673.516666666667]"
2674.45,2,S3_landing,0.5393249466886427,0.35978697040576635,0.4117960942011399,0.8070042918756102,True,prediction,"[6, 0]","(5, 1)","[294, None]","[0, 288]","[288, 0]","[2674.45, 2673.516666666667]"
2674.483333333333,2,S3_landing,0.49268678317937215,0.35978697040576635,0.3918230651193717,0.7816607279425459,True,prediction,"[6, 0]","(5, 1)","[200, None]","[0, 194]","[194, 0]","[2674.483333333333, 2673.516666666667]"
2674.516666666667,2,S3_landing,0.4886054642668667,0.35978697040576635,0.3649339558659841,0.7760351131787786,True,prediction,"[6, 0]","(5, 1)","[200, None]","[0, 194]","[194, 0]","[2674.516666666667, 2673.516666666667]"
2674.55,2,S3_landing,0.4886054642668667,0.35978697040576635,0.3649339558659841,0.7760351131787786,True,prediction,"[6, 0]","(5, 1)","[200, None]","[0, 194]","[194, 0]","[2674.516666666667, 2673.516666666667]"
2674.5833333333335,2,S3_landing,0.4886054642668667,0.35978697040576635,0.3649339558659841,0.7760351131787786,True,prediction,"[6, 0]","(5, 1)","[200, None]","[0, 194]","[194, 0]","[2674.516666666667, 2673.516666666667]"
2674.616666666667,2,S3_landing,0.4886054642668667,0.35978697040576635,0.3649339558659841,0.7760351131787786,True,prediction,"[6, 0]","(5, 1)","[200, None]","[0, 194]","[194, 0]","[2674.516666666667, 2673.516666666667]"
2674.65,2,S3_landing,0.4886054642668667,0.35978697040576635,0.3649339558659841,0.7760351131787786,True,prediction,"[6, 0]","(5, 1)","[200, None]","[0, 194]","[194, 0]","[2674.516666666667, 2673.516666666667]"
2674.6833333333334,2,S3_landing,0.4886054642668667,0.35978697040576635,0.3649339558659841,0.7760351131787786,True,prediction,"[6, 0]","(5, 1)","[200, None]","[0, 194]","[194, 0]","[2674.516666666667, 2673.516666666667]"
2674.7166666666667,2,S3_landing,0.4886054642668667,0.35978697040576635,0.3649339558659841,0.7760351131787786,True,prediction,"[6, 0]","(5, 1)","[200, None]","[0, 194]","[194, 0]","[2674.516666666667, 2673.516666666667]"
2674.75,2,S3_landing,0.4532983767928999,0.35978697040576635,0.3649339558659841,0.7229566679136201,True,prediction,"[6, 0]","(4, 1)","[22, None]","[0, 16]","[16, 0]","[2674.5833333333335, 2673.516666666667]"
2674.7833333333333,2,S3_landing,0.4532983767928999,0.35978697040576635,0.3649339558659841,0.7229566679136201,True,prediction,"[6, 0]","(4, 1)","[22, None]","[0, 16]","[16, 0]","[2674.5833333333335, 2673.516666666667]"
2674.8166666666666,2,S3_landing,0.4532983767928999,0.35978697040576635,0.3649339558659841,0.7229566679136201,True,prediction,"[6, 0]","(4, 1)","[22, None]","[0, 16]","[16, 0]","[2674.5833333333335, 2673.516666666667]"
2674.85,2,S3_landing,0.5360340435226159,0.35978697040576635,0.37481431529651177,0.788205703818657,True,prediction,"[6, 0]","(4, 1)","[294, None]","[0, 288]","[288, 0]","[2674.85, 2673.516666666667]"
2674.883333333333,2,S3_landing,0.4532983767928999,0.35978697040576635,0.3649339558659841,0.7229566679136201,True,prediction,"[6, 0]","(4, 1)","[22, None]","[0, 16]","[16, 0]","[2674.883333333333, 2673.516666666667]"
2674.9166666666665,2,S3_landing,0.4532983767928999,0.35978697040576635,0.3649339558659841,0.7229566679136201,True,prediction,"[6, 0]","(4, 1)","[22, None]","[0, 16]","[16, 0]","[2674.883333333333, 2673.516666666667]"
2674.95,2,S3_landing,0.4532983767928999,0.35978697040576635,0.3649339558659841,0.7229566679136201,True,prediction,"[6, 0]","(4, 1)","[22, None]","[0, 16]","[16, 0]","[2674.883333333333, 2673.516666666667]"
2674.983333333333,2,S3_landing,0.4532983767928999,0.35978697040576635,0.3649339558659841,0.7229566679136201,True,prediction,"[6, 0]","(4, 1)","[22, None]","[0, 16]","[16, 0]","[2674.883333333333, 2673.516666666667]"
2675.016666666667,2,S3_landing,0.4532983767928999,0.35978697040576635,0.3649339558659841,0.7229566679136201,True,prediction,"[6, 0]","(4, 1)","[22, None]","[0, 16]","[16, 0]","[2674.883333333333, 2673.516666666667]"
2675.05,2,S3_landing,0.40589819731678545,0.35978697040576635,0.26040433376442285,0.6392208330243885,True,prediction,"[6, 0]","(4, 1)","[22, None]","[0, 16]","[16, 0]","[2674.883333333333, 2675.05]"
2675.0833333333335,2,S3_landing,0.40589819731678545,0.35978697040576635,0.26040433376442285,0.6392208330243885,True,prediction,"[6, 0]","(4, 1)","[22, None]","[0, 16]","[16, 0]","[2674.883333333333, 2675.05]"
2675.116666666667,2,S3_landing,0.4470911178713638,0.35978697040576635,0.18224505603659005,0.7127993682978603,True,prediction,"[11, 0]","(6, 1)","[200, None]","[0, 189]","[189, 0]","[2674.883333333333, 2675.0833333333335]"
2675.15,2,S3_landing,0.4470911178713638,0.35978697040576635,0.18224505603659005,0.7127993682978603,True,prediction,"[11, 0]","(6, 1)","[200, None]","[0, 189]","[189, 0]","[2674.883333333333, 2675.0833333333335]"
2675.1833333333334,2,S3_landing,0.4470911178713638,0.35978697040576635,0.18224505603659005,0.7127993682978603,True,prediction,"[11, 0]","(6, 1)","[200, None]","[0, 189]","[189, 0]","[2674.883333333333, 2675.0833333333335]"
2675.2166666666667,2,S3_landing,0.4470911178713638,0.35978697040576635,0.18224505603659005,0.7127993682978603,True,prediction,"[11, 0]","(6, 1)","[200, None]","[0, 189]","[189, 0]","[2674.883333333333, 2675.0833333333335]"
2675.25,2,S3_landing,0.4470911178713638,0.35978697040576635,0.18224505603659005,0.7127993682978603,True,prediction,"[11, 0]","(6, 1)","[200, None]","[0, 189]","[189, 0]","[2674.883333333333, 2675.0833333333335]"
2675.2833333333333,2,S3_landing,0.4470911178713638,0.35978697040576635,0.18224505603659005,0.7127993682978603,True,prediction,"[11, 0]","(6, 1)","[200, None]","[0, 189]","[189, 0]","[2674.883333333333, 2675.0833333333335]"
2675.3166666666666,2,S3_landing,0.18369961156294543,0.35978697040576635,0.1612332599745495,0.1612332599745495,False,prediction,"[10, 0]","(2, 1)","[None, None]","[10, 0]","[0, 0]","[2675.2833333333333, 2675.0833333333335]"
2675.35,2,S3_landing,0.18369961156294543,0.35978697040576635,0.1612332599745495,0.1612332599745495,False,prediction,"[10, 0]","(2, 1)","[None, None]","[10, 0]","[0, 0]","[2675.2833333333333, 2675.0833333333335]"
2675.383333333333,2,S3_landing,0.18369961156294543,0.35978697040576635,0.1612332599745495,0.1612332599745495,False,prediction,"[10, 0]","(2, 1)","[None, None]","[10, 0]","[0, 0]","[2675.2833333333333, 2675.0833333333335]"
2675.4166666666665,2,S3_landing,0.18369961156294543,0.35978697040576635,0.1612332599745495,0.1612332599745495,False,prediction,"[10, 0]","(2, 1)","[None, None]","[10, 0]","[0, 0]","[2675.2833333333333, 2675.0833333333335]"
2675.45,2,S3_landing,0.18369961156294543,0.35978697040576635,0.1612332599745495,0.1612332599745495,False,prediction,"[10, 0]","(2, 1)","[None, None]","[10, 0]","[0, 0]","[2675.2833333333333, 2675.0833333333335]"
2675.483333333333,2,S3_landing,0.18369961156294543,0.35978697040576635,0.1612332599745495,0.1612332599745495,False,prediction,"[10, 0]","(2, 1)","[None, None]","[10, 0]","[0, 0]","[2675.2833333333333, 2675.0833333333335]"
2675.516666666667,2,S3_landing,0.18369961156294543,0.35978697040576635,0.1612332599745495,0.1612332599745495,False,prediction,"[10, 0]","(2, 1)","[None, None]","[10, 0]","[0, 0]","[2675.2833333333333, 2675.0833333333335]"
2675.55,2,S3_landing,0.18369961156294543,0.35978697040576635,0.1612332599745495,0.1612332599745495,False,prediction,"[10, 0]","(2, 1)","[None, None]","[10, 0]","[0, 0]","[2675.2833333333333, 2675.0833333333335]"
2675.5833333333335,2,S3_landing,0.18369961156294543,0.35978697040576635,0.1612332599745495,0.1612332599745495,False,prediction,"[10, 0]","(2, 1)","[None, None]","[10, 0]","[0, 0]","[2675.2833333333333, 2675.0833333333335]"
2675.616666666667,2,S3_landing,0.18369961156294543,0.35978697040576635,0.1612332599745495,0.1612332599745495,False,prediction,"[10, 0]","(2, 1)","[None, None]","[10, 0]","[0, 0]","[2675.2833333333333, 2675.0833333333335]"
2675.65,2,S3_landing,0.18369961156294543,0.35978697040576635,0.1612332599745495,0.1612332599745495,False,prediction,"[10, 0]","(2, 1)","[None, None]","[10, 0]","[0, 0]","[2675.2833333333333, 2675.0833333333335]"
2675.6833333333334,2,S3_landing,0.18369961156294543,0.35978697040576635,0.1612332599745495,0.1612332599745495,False,prediction,"[10, 0]","(2, 1)","[None, None]","[10, 0]","[0, 0]","[2675.2833333333333, 2675.0833333333335]"
2675.7166666666667,2,S3_landing,0.18369961156294543,0.35978697040576635,0.1612332599745495,0.1612332599745495,False,prediction,"[10, 0]","(2, 1)","[None, None]","[10, 0]","[0, 0]","[2675.2833333333333, 2675.0833333333335]"
2675.75,2,S3_landing,0.18369961156294543,0.35978697040576635,0.1612332599745495,0.1612332599745495,False,prediction,"[10, 0]","(2, 1)","[None, None]","[10, 0]","[0, 0]","[2675.2833333333333, 2675.0833333333335]"
2675.7833333333333,2,S3_landing,0.18369961156294543,0.35978697040576635,0.1612332599745495,0.1612332599745495,False,prediction,"[10, 0]","(2, 1)","[None, None]","[10, 0]","[0, 0]","[2675.2833333333333, 2675.0833333333335]"
2675.8166666666666,2,S3_landing,0.18369961156294543,0.35978697040576635,0.1612332599745495,0.1612332599745495,False,prediction,"[10, 0]","(2, 1)","[None, None]","[10, 0]","[0, 0]","[2675.2833333333333, 2675.0833333333335]"
2675.85,2,S3_landing,0.18369961156294543,0.35978697040576635,0.1612332599745495,0.1612332599745495,False,prediction,"[10, 0]","(2, 1)","[None, None]","[10, 0]","[0, 0]","[2675.2833333333333, 2675.0833333333335]"
2675.883333333333,2,S3_landing,0.18369961156294543,0.35978697040576635,0.1612332599745495,0.1612332599745495,False,prediction,"[10, 0]","(2, 1)","[None, None]","[10, 0]","[0, 0]","[2675.2833333333333, 2675.0833333333335]"
2675.9166666666665,2,S3_landing,0.18369961156294543,0.35978697040576635,0.1612332599745495,0.1612332599745495,False,prediction,"[10, 0]","(2, 1)","[None, None]","[10, 0]","[0, 0]","[2675.2833333333333, 2675.0833333333335]"
2675.95,2,S3_landing,0.18369961156294543,0.35978697040576635,0.1612332599745495,0.1612332599745495,False,prediction,"[10, 0]","(2, 1)","[None, None]","[10, 0]","[0, 0]","[2675.2833333333333, 2675.0833333333335]"
2675.983333333333,2,S3_landing,0.18369961156294543,0.35978697040576635,0.1612332599745495,0.1612332599745495,False,prediction,"[10, 0]","(2, 1)","[None, None]","[10, 0]","[0, 0]","[2675.2833333333333, 2675.0833333333335]"
2676.016666666667,2,S3_landing,0.18369961156294543,0.35978697040576635,0.1612332599745495,0.1612332599745495,False,prediction,"[10, 0]","(2, 1)","[None, None]","[10, 0]","[0, 0]","[2675.2833333333333, 2675.0833333333335]"
2676.05,2,S3_landing,0.18369961156294543,0.35978697040576635,0.1612332599745495,0.1612332599745495,False,prediction,"[10, 0]","(2, 1)","[None, None]","[10, 0]","[0, 0]","[2675.2833333333333, 2675.0833333333335]"
2676.0833333333335,2,S3_landing,0.18369961156294543,0.35978697040576635,0.1612332599745495,0.1612332599745495,False,prediction,"[10, 0]","(2, 1)","[None, None]","[10, 0]","[0, 0]","[2675.2833333333333, 2675.0833333333335]"
2676.116666666667,2,S3_landing,0.18369961156294543,0.35978697040576635,0.1612332599745495,0.1612332599745495,False,prediction,"[10, 0]","(2, 1)","[None, None]","[10, 0]","[0, 0]","[2675.2833333333333, 2675.0833333333335]"
2676.15,2,S3_landing,0.18369961156294543,0.35978697040576635,0.1612332599745495,0.1612332599745495,False,prediction,"[10, 0]","(2, 1)","[None, None]","[10, 0]","[0, 0]","[2675.2833333333333, 2675.0833333333335]"
2676.1833333333334,2,S3_landing,0.18369961156294543,0.35978697040576635,0.1612332599745495,0.1612332599745495,False,prediction,"[10, 0]","(2, 1)","[None, None]","[10, 0]","[0, 0]","[2675.2833333333333, 2675.0833333333335]"
2676.2166666666667,2,S3_landing,0.18369961156294543,0.35978697040576635,0.1612332599745495,0.1612332599745495,False,prediction,"[10, 0]","(2, 1)","[None, None]","[10, 0]","[0, 0]","[2675.2833333333333, 2675.0833333333335]"
2676.25,2,S3_landing,0.18369961156294543,0.35978697040576635,0.1612332599745495,0.1612332599745495,False,prediction,"[10, 0]","(2, 1)","[None, None]","[10, 0]","[0, 0]","[2675.2833333333333, 2675.0833333333335]"
2676.2833333333333,2,S3_landing,0.18369961156294543,0.35978697040576635,0.1612332599745495,0.1612332599745495,False,prediction,"[10, 0]","(2, 1)","[None, None]","[10, 0]","[0, 0]","[2675.2833333333333, 2675.0833333333335]"
2676.3166666666666,2,S3_landing,0.18369961156294543,0.35978697040576635,0.1612332599745495,0.1612332599745495,False,prediction,"[10, 0]","(2, 1)","[None, None]","[10, 0]","[0, 0]","[2675.2833333333333, 2675.0833333333335]"
2676.35,2,S3_landing,0.18369961156294543,0.35978697040576635,0.1612332599745495,0.1612332599745495,False,prediction,"[10, 0]","(2, 1)","[None, None]","[10, 0]","[0, 0]","[2675.2833333333333, 2675.0833333333335]"
2676.383333333333,2,S3_landing,0.24106419520527053,0.35978697040576635,0.26670720462839725,0.26670720462839725,False,prediction,"[10, 0]","(2, 1)","[None, None]","[10, 0]","[0, 0]","[2675.2833333333333, 2676.383333333333]"
2676.4166666666665,2,S3_landing,0.24106419520527053,0.35978697040576635,0.26670720462839725,0.26670720462839725,False,prediction,"[10, 0]","(1, 3)","[None, None]","[10, 0]","[0, 0]","[2675.2833333333333, 2676.4166666666665]"
2676.45,2,S3_landing,0.24106419520527053,0.35978697040576635,0.26670720462839725,0.26670720462839725,False,prediction,"[10, 0]","(1, 3)","[None, None]","[10, 0]","[0, 0]","[2675.2833333333333, 2676.4166666666665]"
2676.483333333333,2,S3_landing,0.1973101112058028,0.35978697040576635,0.17886306847894112,0.17886306847894112,False,prediction,"[9, 0]","(1, 3)","[None, None]","[9, 0]","[0, 0]","[2675.2833333333333, 2676.4166666666665]"
2676.516666666667,2,S3_landing,0.1973101112058028,0.35978697040576635,0.17886306847894112,0.17886306847894112,False,prediction,"[9, 0]","(1, 2)","[None, None]","[9, 0]","[0, 0]","[2675.2833333333333, 2676.4166666666665]"
2676.55,2,S3_landing,0.1973101112058028,0.35978697040576635,0.17886306847894112,0.17886306847894112,False,prediction,"[9, 0]","(1, 2)","[None, None]","[9, 0]","[0, 0]","[2675.2833333333333, 2676.4166666666665]"
2676.5833333333335,2,S3_landing,0.1973101112058028,0.35978697040576635,0.17886306847894112,0.17886306847894112,False,prediction,"[9, 0]","(1, 2)","[None, None]","[9, 0]","[0, 0]","[2675.2833333333333, 2676.4166666666665]"
2676.616666666667,2,S3_landing,0.1973101112058028,0.35978697040576635,0.17886306847894112,0.17886306847894112,False,prediction,"[9, 0]","(1, 2)","[None, None]","[9, 0]","[0, 0]","[2675.2833333333333, 2676.4166666666665]"
2676.65,2,S3_landing,0.1973101112058028,0.35978697040576635,0.17886306847894112,0.17886306847894112,False,prediction,"[9, 0]","(1, 2)","[None, None]","[9, 0]","[0, 0]","[2675.2833333333333, 2676.4166666666665]"
2676.6833333333334,2,S3_landing,0.30027976765060393,0.35978697040576635,0.4090014419727259,0.4090014419727259,False,prediction,"[2, 0]","(1, 4)","[None, None]","[2, 0]","[0, 0]","[2675.2833333333333, 2676.4166666666665]"
2676.7166666666667,2,S3_landing,0.30027976765060393,0.35978697040576635,0.4090014419727259,0.4090014419727259,False,prediction,"[2, 0]","(1, 4)","[None, None]","[2, 0]","[0, 0]","[2675.2833333333333, 2676.4166666666665]"
2676.75,2,S3_landing,0.30027976765060393,0.35978697040576635,0.4090014419727259,0.4090014419727259,False,prediction,"[2, 0]","(1, 4)","[None, None]","[2, 0]","[0, 0]","[2675.2833333333333, 2676.4166666666665]"
2676.7833333333333,2,S3_landing,0.30027976765060393,0.35978697040576635,0.4090014419727259,0.4090014419727259,False,prediction,"[2, 0]","(1, 4)","[None, None]","[2, 0]","[0, 0]","[2675.2833333333333, 2676.4166666666665]"
2676.8166666666666,2,S3_landing,0.30027976765060393,0.35978697040576635,0.4090014419727259,0.4090014419727259,False,prediction,"[2, 0]","(1, 4)","[None, None]","[2, 0]","[0, 0]","[2675.2833333333333, 2676.4166666666665]"
2676.85,2,S3_landing,0.30027976765060393,0.35978697040576635,0.4090014419727259,0.4090014419727259,False,prediction,"[2, 0]","(1, 4)","[None, None]","[2, 0]","[0, 0]","[2675.2833333333333, 2676.4166666666665]"
2676.883333333333,2,S3_landing,0.30027976765060393,0.35978697040576635,0.4090014419727259,0.4090014419727259,False,prediction,"[2, 0]","(1, 4)","[None, None]","[2, 0]","[0, 0]","[2675.2833333333333, 2676.4166666666665]"
2676.9166666666665,2,S3_landing,0.30027976765060393,0.35978697040576635,0.4090014419727259,0.4090014419727259,False,prediction,"[2, 0]","(1, 4)","[None, None]","[2, 0]","[0, 0]","[2675.2833333333333, 2676.4166666666665]"
2676.95,2,S3_landing,0.30027976765060393,0.35978697040576635,0.4090014419727259,0.4090014419727259,False,prediction,"[2, 0]","(1, 4)","[None, None]","[2, 0]","[0, 0]","[2675.2833333333333, 2676.4166666666665]"
2676.983333333333,2,S3_landing,0.30027976765060393,0.35978697040576635,0.4090014419727259,0.4090014419727259,False,prediction,"[2, 0]","(1, 4)","[None, None]","[2, 0]","[0, 0]","[2675.2833333333333, 2676.4166666666665]"
2677.016666666667,2,S3_landing,0.30032224266272883,0.35978697040576635,0.40909917080381974,0.40909917080381974,False,prediction,"[2, 0]","(1, 3)","[None, None]","[2, 0]","[0, 0]","[2675.2833333333333, 2677.016666666667]"
2677.05,2,S3_landing,0.24574569805172203,0.35978697040576635,0.4017648422330504,0.4017648422330504,False,prediction,"[2, 0]","(1, 3)","[None, None]","[2, 0]","[0, 0]","[2675.2833333333333, 2677.05]"
2677.0833333333335,2,S3_landing,0.24574569805172203,0.35978697040576635,0.4017648422330504,0.4017648422330504,False,prediction,"[2, 0]","(1, 3)","[None, None]","[2, 0]","[0, 0]","[2675.2833333333333, 2677.05]"
2677.116666666667,2,S3_landing,0.24574569805172203,0.35978697040576635,0.4017648422330504,0.4017648422330504,False,prediction,"[2, 0]","(1, 3)","[None, None]","[2, 0]","[0, 0]","[2675.2833333333333, 2677.05]"
2677.15,2,S3_landing,0.2928865836444472,0.35978697040576635,0.3919854313993051,0.3919854313993051,False,prediction,"[2, 0]","(1, 3)","[None, None]","[2, 0]","[0, 0]","[2675.2833333333333, 2677.15]"
2677.1833333333334,2,S3_landing,0.2928865836444472,0.35978697040576635,0.3919854313993051,0.3919854313993051,False,prediction,"[2, 0]","(1, 3)","[None, None]","[2, 0]","[0, 0]","[2675.2833333333333, 2677.15]"
2677.2166666666667,2,S3_landing,0.2928865836444472,0.35978697040576635,0.3919854313993051,0.3919854313993051,False,prediction,"[2, 0]","(1, 3)","[None, None]","[2, 0]","[0, 0]","[2675.2833333333333, 2677.15]"
2677.25,2,S3_landing,0.2928865836444472,0.35978697040576635,0.3919854313993051,0.3919854313993051,False,prediction,"[2, 0]","(1, 3)","[None, None]","[2, 0]","[0, 0]","[2675.2833333333333, 2677.15]"
2677.2833333333333,2,S3_landing,0.2928865836444472,0.35978697040576635,0.3919854313993051,0.3919854313993051,False,prediction,"[2, 0]","(1, 3)","[None, None]","[2, 0]","[0, 0]","[2675.2833333333333, 2677.15]"
2677.3166666666666,2,S3_landing,0.2928865836444472,0.35978697040576635,0.3919854313993051,0.3919854313993051,False,prediction,"[2, 0]","(1, 3)","[None, None]","[2, 0]","[0, 0]","[2675.2833333333333, 2677.15]"
2677.35,2,S3_landing,0.2928865836444472,0.35978697040576635,0.3919854313993051,0.3919854313993051,False,prediction,"[2, 0]","(1, 3)","[None, None]","[2, 0]","[0, 0]","[2675.2833333333333, 2677.15]"
2677.383333333333,2,S3_landing,0.2928865836444472,0.35978697040576635,0.3919854313993051,0.3919854313993051,False,prediction,"[2, 0]","(1, 3)","[None, None]","[2, 0]","[0, 0]","[2675.2833333333333, 2677.15]"
2677.4166666666665,2,S3_landing,0.2928865836444472,0.35978697040576635,0.3919854313993051,0.3919854313993051,False,prediction,"[2, 0]","(1, 3)","[None, None]","[2, 0]","[0, 0]","[2675.2833333333333, 2677.15]"
2677.45,2,S3_landing,0.2928865836444472,0.35978697040576635,0.3919854313993051,0.3919854313993051,False,prediction,"[2, 0]","(1, 3)","[None, None]","[2, 0]","[0, 0]","[2675.2833333333333, 2677.15]"
2677.483333333333,2,S3_landing,0.2677680455043609,0.35978697040576635,0.35770633139568236,0.35770633139568236,False,prediction,"[2, 0]","(1, 3)","[None, None]","[2, 0]","[0, 0]","[2675.2833333333333, 2677.483333333333]"
2677.516666666667,2,S3_landing,0.2677680455043609,0.35978697040576635,0.35770633139568236,0.35770633139568236,False,prediction,"[2, 0]","(1, 3)","[None, None]","[2, 0]","[0, 0]","[2675.2833333333333, 2677.483333333333]"
2677.55,2,S3_landing,0.2677680455043609,0.35978697040576635,0.35770633139568236,0.35770633139568236,False,prediction,"[2, 0]","(1, 3)","[None, None]","[2, 0]","[0, 0]","[2675.2833333333333, 2677.483333333333]"
2677.5833333333335,2,S3_landing,0.2677680455043609,0.35978697040576635,0.35770633139568236,0.35770633139568236,False,prediction,"[2, 0]","(1, 3)","[None, None]","[2, 0]","[0, 0]","[2675.2833333333333, 2677.483333333333]"
2677.616666666667,2,S3_landing,0.2677680455043609,0.35978697040576635,0.35770633139568236,0.35770633139568236,False,prediction,"[2, 0]","(1, 3)","[None, None]","[2, 0]","[0, 0]","[2675.2833333333333, 2677.483333333333]"
2677.65,2,S3_landing,0.2677680455043609,0.35978697040576635,0.35770633139568236,0.35770633139568236,False,prediction,"[2, 0]","(1, 3)","[None, None]","[2, 0]","[0, 0]","[2675.2833333333333, 2677.483333333333]"
2677.6833333333334,2,S3_landing,0.23041693625955265,0.35978697040576635,0.3618902665931445,0.3618902665931445,False,prediction,"[2, 0]","(1, 3)","[None, None]","[2, 0]","[0, 0]","[2675.2833333333333, 2677.6833333333334]"
2677.7166666666667,2,S3_landing,0.2705738036071818,0.35978697040576635,0.3408318307077684,0.3408318307077684,False,prediction,"[2, 0]","(1, 3)","[None, None]","[2, 0]","[0, 0]","[2675.2833333333333, 2677.7166666666667]"
2677.75,2,S3_landing,0.26156740207725565,0.35978697040576635,0.3432021936171612,0.3432021936171612,False,prediction,"[2, 0]","(1, 2)","[None, None]","[2, 0]","[0, 0]","[2675.2833333333333, 2677.75]"
2677.7833333333333,2,S3_landing,0.26156740207725565,0.35978697040576635,0.3432021936171612,0.3432021936171612,False,prediction,"[2, 0]","(1, 2)","[None, None]","[2, 0]","[0, 0]","[2675.2833333333333, 2677.75]"
2677.8166666666666,2,S3_landing,0.26156740207725565,0.35978697040576635,0.3432021936171612,0.3432021936171612,False,prediction,"[2, 0]","(1, 2)","[None, None]","[2, 0]","[0, 0]","[2675.2833333333333, 2677.75]"
2677.85,2,S3_landing,0.23961678831921196,0.35978697040576635,0.2717570750264642,0.2717570750264642,False,prediction,"[2, 0]","(1, 2)","[None, None]","[2, 0]","[0, 0]","[2675.2833333333333, 2677.85]"
2677.883333333333,2,S3_landing,0.23961678831921196,0.35978697040576635,0.2717570750264642,0.2717570750264642,False,prediction,"[2, 0]","(1, 2)","[None, None]","[2, 0]","[0, 0]","[2675.2833333333333, 2677.85]"
2677.9166666666665,2,S3_landing,0.23961678831921196,0.35978697040576635,0.2717570750264642,0.2717570750264642,False,prediction,"[2, 0]","(1, 2)","[None, None]","[2, 0]","[0, 0]","[2675.2833333333333, 2677.85]"
2677.95,2,S3_landing,0.23961678831921196,0.35978697040576635,0.2717570750264642,0.2717570750264642,False,prediction,"[2, 0]","(1, 2)","[None, None]","[2, 0]","[0, 0]","[2675.2833333333333, 2677.85]"
2677.983333333333,2,S3_landing,0.23961678831921196,0.35978697040576635,0.2717570750264642,0.2717570750264642,False,prediction,"[2, 0]","(1, 2)","[None, None]","[2, 0]","[0, 0]","[2675.2833333333333, 2677.85]"
2678.016666666667,2,S3_landing,0.23961678831921196,0.35978697040576635,0.2717570750264642,0.2717570750264642,False,prediction,"[2, 0]","(1, 2)","[None, None]","[2, 0]","[0, 0]","[2675.2833333333333, 2677.85]"
2678.05,2,S3_landing,0.23961678831921196,0.35978697040576635,0.2717570750264642,0.2717570750264642,False,prediction,"[2, 0]","(1, 2)","[None, None]","[2, 0]","[0, 0]","[2675.2833333333333, 2677.85]"
2678.0833333333335,2,S3_landing,0.23961678831921196,0.35978697040576635,0.2717570750264642,0.2717570750264642,False,prediction,"[2, 0]","(1, 2)","[None, None]","[2, 0]","[0, 0]","[2675.2833333333333, 2677.85]"
2678.116666666667,2,S3_landing,0.23961678831921196,0.35978697040576635,0.2717570750264642,0.2717570750264642,False,prediction,"[2, 0]","(1, 2)","[None, None]","[2, 0]","[0, 0]","[2675.2833333333333, 2677.85]"
2678.15,2,S3_landing,0.23961678831921196,0.35978697040576635,0.2717570750264642,0.2717570750264642,False,prediction,"[2, 0]","(1, 2)","[None, None]","[2, 0]","[0, 0]","[2675.2833333333333, 2677.85]"
2678.1833333333334,2,S3_landing,0.23961678831921196,0.35978697040576635,0.2717570750264642,0.2717570750264642,False,prediction,"[2, 0]","(1, 2)","[None, None]","[2, 0]","[0, 0]","[2675.2833333333333, 2677.85]"
2678.2166666666667,2,S3_landing,0.23961678831921196,0.35978697040576635,0.2717570750264642,0.2717570750264642,False,prediction,"[2, 0]","(1, 2)","[None, None]","[2, 0]","[0, 0]","[2675.2833333333333, 2677.85]"
2678.25,2,S3_landing,0.23961678831921196,0.35978697040576635,0.2717570750264642,0.2717570750264642,False,prediction,"[2, 0]","(1, 2)","[None, None]","[2, 0]","[0, 0]","[2675.2833333333333, 2677.85]"
2678.2833333333333,2,S3_landing,0.23961678831921196,0.35978697040576635,0.2717570750264642,0.2717570750264642,False,prediction,"[2, 0]","(1, 2)","[None, None]","[2, 0]","[0, 0]","[2675.2833333333333, 2677.85]"
2678.3166666666666,2,S3_landing,0.23961678831921196,0.35978697040576635,0.2717570750264642,0.2717570750264642,False,prediction,"[2, 0]","(1, 2)","[None, None]","[2, 0]","[0, 0]","[2675.2833333333333, 2677.85]"
2678.35,2,S3_landing,0.23961678831921196,0.35978697040576635,0.2717570750264642,0.2717570750264642,False,prediction,"[2, 0]","(1, 2)","[None, None]","[2, 0]","[0, 0]","[2675.2833333333333, 2677.85]"
2678.383333333333,2,S3_landing,0.23961678831921196,0.35978697040576635,0.2717570750264642,0.2717570750264642,False,prediction,"[2, 0]","(1, 2)","[None, None]","[2, 0]","[0, 0]","[2675.2833333333333, 2677.85]"
2678.4166666666665,2,S3_landing,0.23961678831921196,0.35978697040576635,0.2717570750264642,0.2717570750264642,False,prediction,"[2, 0]","(1, 2)","[None, None]","[2, 0]","[0, 0]","[2675.2833333333333, 2677.85]"
2678.45,2,S3_landing,0.23961678831921196,0.35978697040576635,0.2717570750264642,0.2717570750264642,False,prediction,"[2, 0]","(1, 2)","[None, None]","[2, 0]","[0, 0]","[2675.2833333333333, 2677.85]"
2678.483333333333,2,S3_landing,0.23961678831921196,0.35978697040576635,0.2717570750264642,0.2717570750264642,False,prediction,"[2, 0]","(1, 1)","[None, None]","[2, 0]","[0, 0]","[2675.2833333333333, 2678.2833333333333]"
2678.516666666667,2,S3_landing,0.23961678831921196,0.35978697040576635,0.2717570750264642,0.2717570750264642,False,prediction,"[2, 0]","(1, 1)","[None, None]","[2, 0]","[0, 0]","[2675.2833333333333, 2678.2833333333333]"
2678.55,2,S3_landing,0.23961678831921196,0.35978697040576635,0.2717570750264642,0.2717570750264642,False,prediction,"[2, 0]","(1, 1)","[None, None]","[2, 0]","[0, 0]","[2675.2833333333333, 2678.2833333333333]"
2678.5833333333335,2,S3_landing,0.23961678831921196,0.35978697040576635,0.2717570750264642,0.2717570750264642,False,prediction,"[2, 0]","(1, 1)","[None, None]","[2, 0]","[0, 0]","[2675.2833333333333, 2678.2833333333333]"
2678.616666666667,2,S3_landing,0.23961678831921196,0.35978697040576635,0.2717570750264642,0.2717570750264642,False,prediction,"[2, 0]","(1, 1)","[None, None]","[2, 0]","[0, 0]","[2675.2833333333333, 2678.2833333333333]"
2678.65,2,S3_landing,0.23961678831921196,0.35978697040576635,0.2717570750264642,0.2717570750264642,False,prediction,"[2, 0]","(1, 1)","[None, None]","[2, 0]","[0, 0]","[2675.2833333333333, 2678.2833333333333]"
2678.6833333333334,2,S3_landing,0.23961678831921196,0.35978697040576635,0.2717570750264642,0.2717570750264642,False,prediction,"[2, 0]","(1, 1)","[None, None]","[2, 0]","[0, 0]","[2675.2833333333333, 2678.2833333333333]"
2678.7166666666667,2,S3_landing,0.29889799233695763,0.35978697040576635,0.3344276057717045,0.3344276057717045,False,prediction,"[2, 0]","(1, 1)","[None, None]","[2, 0]","[0, 0]","[2678.7166666666667, 2678.65]"
2678.75,2,S3_landing,0.607670728479135,0.35978697040576635,0.3344276057717045,0.8689764002097472,True,prediction,"[2, 0]","(1, 1)","[37, None]","[0, 35]","[35, 0]","[2678.75, 2678.65]"
2678.7833333333333,2,S3_landing,0.607670728479135,0.35978697040576635,0.3344276057717045,0.8689764002097472,True,prediction,"[2, 0]","(1, 1)","[37, None]","[0, 35]","[35, 0]","[2678.75, 2678.65]"
2678.8166666666666,2,S3_landing,0.607670728479135,0.35978697040576635,0.3344276057717045,0.8689764002097472,True,prediction,"[2, 0]","(1, 1)","[37, None]","[0, 35]","[35, 0]","[2678.75, 2678.65]"
2678.85,2,G_fe,0.4465771874196247,0.4465771874196247,,,,,,,,,,
2678.883333333333,2,G_fe,0.4465771874196247,0.4465771874196247,,,,,,,,,,
2678.9166666666665,2,G_fe,0.4465771874196247,0.4465771874196247,,,,,,,,,,
2678.95,2,G_fe,0.4465771874196247,0.4465771874196247,,,,,,,,,,
2678.983333333333,2,G_fe,0.478850451630366,0.478850451630366,,,,,,,,,,
2679.016666666667,2,G_fe,0.478850451630366,0.478850451630366,,,,,,,,,,
2679.05,2,G_fe,0.478850451630366,0.478850451630366,,,,,,,,,,
2679.0833333333335,2,G_fe,0.478850451630366,0.478850451630366,,,,,,,,,,
2679.116666666667,2,G_fe,0.478850451630366,0.478850451630366,,,,,,,,,,
2679.15,2,G_fe,0.478850451630366,0.478850451630366,,,,,,,,,,
2679.1833333333334,2,G_fe,0.478850451630366,0.478850451630366,,,,,,,,,,
2679.2166666666667,2,G_fe,0.478850451630366,0.478850451630366,,,,,,,,,,
2679.25,2,G_fe,0.4786080037754297,0.4786080037754297,,,,,,,,,,
2679.2833333333333,2,G_fe,0.4933984273634548,0.4933984273634548,,,,,,,,,,
2679.3166666666666,2,G_fe,0.45495004191221006,0.45495004191221006,,,,,,,,,,
2679.35,2,G_fe,0.49558786123466353,0.49558786123466353,,,,,,,,,,
2679.383333333333,2,G_fe,0.49558786123466353,0.49558786123466353,,,,,,,,,,
2679.4166666666665,2,G_fe,0.49558786123466353,0.49558786123466353,,,,,,,,,,
2679.45,2,G_fe,0.49558786123466353,0.49558786123466353,,,,,,,,,,
2679.483333333333,2,G_fe,0.49558786123466353,0.49558786123466353,,,,,,,,,,
2679.516666666667,2,G_fe,0.4680309996145214,0.4680309996145214,,,,,,,,,,
2679.55,2,G_fe,0.4892716631743543,0.4892716631743543,,,,,,,,,,
2679.5833333333335,2,G_fe,0.46484018200164684,0.46484018200164684,,,,,,,,,,
2679.616666666667,2,G_fe,0.48130388810597896,0.48130388810597896,,,,,,,,,,
2679.65,2,G_fe,0.48130388810597896,0.48130388810597896,,,,,,,,,,
2679.6833333333334,2,G_fe,0.48130388810597896,0.48130388810597896,,,,,,,,,,
2679.7166666666667,2,G_fe,0.4968608967605705,0.4968608967605705,,,,,,,,,,
2679.75,2,G_fe,0.42179156920106703,0.42179156920106703,,,,,,,,,,
2679.7833333333333,2,G_fe,0.42179156920106703,0.42179156920106703,,,,,,,,,,
2679.8166666666666,2,G_fe,0.42179156920106703,0.42179156920106703,,,,,,,,,,
2679.85,2,G_fe,0.42179156920106703,0.42179156920106703,,,,,,,,,,
2679.883333333333,2,G_fe,0.42179156920106703,0.42179156920106703,,,,,,,,,,
2679.9166666666665,2,G_fe,0.4024838366541198,0.4024838366541198,,,,,,,,,,
2679.95,2,G_fe,0.4053163882162755,0.4053163882162755,,,,,,,,,,
2679.983333333333,2,G_fe,0.3990773010737607,0.3990773010737607,,,,,,,,,,
2680.016666666667,2,G_fe,0.3990773010737607,0.3990773010737607,,,,,,,,,,
2680.05,2,G_fe,0.4368980988506335,0.4368980988506335,,,,,,,,,,
2680.0833333333335,2,G_fe,0.4368980988506335,0.4368980988506335,,,,,,,,,,
2680.116666666667,2,G_fe,0.4368980988506335,0.4368980988506335,,,,,,,,,,
2680.15,2,G_fe,0.4368980988506335,0.4368980988506335,,,,,,,,,,
2680.1833333333334,2,G_fe,0.4368980988506335,0.4368980988506335,,,,,,,,,,
2680.2166666666667,2,G_fe,0.4368980988506335,0.4368980988506335,,,,,,,,,,
2680.25,2,G_fe,0.4368980988506335,0.4368980988506335,,,,,,,,,,
2680.2833333333333,2,G_fe,0.4368980988506335,0.4368980988506335,,,,,,,,,,
2680.3166666666666,2,G_fe,0.42405586388747835,0.42405586388747835,,,,,,,,,,
2680.35,2,G_fe,0.45648253598991745,0.45648253598991745,,,,,,,,,,
2680.383333333333,2,G_fe,0.4107237361836709,0.4107237361836709,,,,,,,,,,
2680.4166666666665,2,G_fe,0.4498055728546546,0.4498055728546546,,,,,,,,,,
2680.45,2,G_fe,0.4498055728546546,0.4498055728546546,,,,,,,,,,
2680.483333333333,2,G_fe,0.4498055728546546,0.4498055728546546,,,,,,,,,,
2680.516666666667,2,G_fe,0.4498055728546546,0.4498055728546546,,,,,,,,,,
2680.55,2,G_fe,0.4498055728546546,0.4498055728546546,,,,,,,,,,
2680.5833333333335,2,G_fe,0.4498055728546546,0.4498055728546546,,,,,,,,,,
2680.616666666667,2,G_fe,0.4498055728546546,0.4498055728546546,,,,,,,,,,
2680.65,2,G_fe,0.418517986175749,0.418517986175749,,,,,,,,,,
2680.6833333333334,2,G_fe,0.418517986175749,0.418517986175749,,,,,,,,,,
2680.7166666666667,2,G_fe,0.418517986175749,0.418517986175749,,,,,,,,,,
2680.75,2,G_fe,0.42285313291022875,0.42285313291022875,,,,,,,,,,
2680.7833333333333,2,G_fe,0.42285313291022875,0.42285313291022875,,,,,,,,,,
2680.8166666666666,2,G_fe,0.42285313291022875,0.42285313291022875,,,,,,,,,,
2680.85,2,G_fe,0.45988735690619037,0.45988735690619037,,,,,,,,,,
2680.883333333333,2,G_fe,0.45988735690619037,0.45988735690619037,,,,,,,,,,
2680.9166666666665,2,G_fe,0.43316797550808805,0.43316797550808805,,,,,,,,,,
2680.95,2,G_fe,0.4585578239735349,0.4585578239735349,,,,,,,,,,
2680.983333333333,2,G_fe,0.4122438815307411,0.4122438815307411,,,,,,,,,,
2681.016666666667,2,G_fe,0.45434277872060747,0.45434277872060747,,,,,,,,,,
2681.05,2,G_fe,0.45434277872060747,0.45434277872060747,,,,,,,,,,
2681.0833333333335,2,G_fe,0.45434277872060747,0.45434277872060747,,,,,,,,,,
2681.116666666667,2,G_fe,0.45434277872060747,0.45434277872060747,,,,,,,,,,
2681.15,2,G_fe,0.424283248321873,0.424283248321873,,,,,,,,,,
2681.1833333333334,2,G_fe,0.424283248321873,0.424283248321873,,,,,,,,,,
2681.2166666666667,2,G_fe,0.424283248321873,0.424283248321873,,,,,,,,,,
2681.25,2,G_fe,0.424283248321873,0.424283248321873,,,,,,,,,,
2681.2833333333333,2,G_fe,0.4520842116475612,0.4520842116475612,,,,,,,,,,
2681.3166666666666,2,G_fe,0.4520842116475612,0.4520842116475612,,,,,,,,,,
2681.35,2,G_fe,0.4520842116475612,0.4520842116475612,,,,,,,,,,
2681.383333333333,2,S3_provisional,0.3684633806894202,0.4520842116475612,,,,,,,,,,
2681.4166666666665,2,S3_provisional,0.3684633806894202,0.4520842116475612,,,,,,,,,,
2681.45,2,S3_provisional,0.3684633806894202,0.4520842116475612,,,,,,,,,,
2681.483333333333,2,S3_provisional,0.3684633806894202,0.4520842116475612,,,,,,,,,,
2681.516666666667,2,S3_provisional,0.3684633806894202,0.4520842116475612,,,,,,,,,,
2681.55,2,S3_provisional,0.3684633806894202,0.4520842116475612,,,,,,,,,,
2681.5833333333335,2,S3_provisional,0.3684633806894202,0.4520842116475612,,,,,,,,,,
2681.616666666667,2,S3_provisional,0.3684633806894202,0.4520842116475612,,,,,,,,,,
2681.65,2,S3_provisional,0.3684633806894202,0.4520842116475612,,,,,,,,,,
2681.6833333333334,2,S3_provisional,0.3684633806894202,0.4520842116475612,,,,,,,,,,
2681.7166666666667,2,S3_provisional,0.3684633806894202,0.4520842116475612,,,,,,,,,,
2681.75,2,S3_provisional,0.3760186177476755,0.4520842116475612,,,,,,,,,,
2681.7833333333333,2,S3_provisional,0.3760186177476755,0.4520842116475612,,,,,,,,,,
2681.8166666666666,2,S3_provisional,0.3760186177476755,0.4520842116475612,,,,,,,,,,
2681.85,2,S3_provisional,0.3760186177476755,0.4520842116475612,,,,,,,,,,
2681.883333333333,2,S3_provisional,0.35383214421762843,0.4520842116475612,,,,,,,,,,
2681.9166666666665,2,S3_provisional,0.3760186177476755,0.4520842116475612,,,,,,,,,,
2681.95,2,S3_provisional,0.35383214421762843,0.4520842116475612,,,,,,,,,,
2681.983333333333,2,S3_provisional,0.35592852300228406,0.4520842116475612,,,,,,,,,,
2682.016666666667,2,S3_provisional,0.35592852300228406,0.4520842116475612,,,,,,,,,,
2682.05,2,S3_provisional,0.35592852300228406,0.4520842116475612,,,,,,,,,,
2682.0833333333335,2,S3_provisional,0.35592852300228406,0.4520842116475612,,,,,,,,,,
2682.116666666667,2,S3_provisional,0.35592852300228406,0.4520842116475612,,,,,,,,,,
2682.15,2,S3_provisional,0.35592852300228406,0.4520842116475612,,,,,,,,,,
2682.1833333333334,2,S3_provisional,0.35592852300228406,0.4520842116475612,,,,,,,,,,
2682.2166666666667,2,S3_provisional,0.34612927344387107,0.4520842116475612,,,,,,,,,,
2682.25,2,S3_provisional,0.34612927344387107,0.4520842116475612,,,,,,,,,,
2682.2833333333333,2,S3_provisional,0.34612927344387107,0.4520842116475612,,,,,,,,,,
2682.3166666666666,2,S3_provisional,0.34612927344387107,0.4520842116475612,,,,,,,,,,
2682.35,2,S3_provisional,0.34612927344387107,0.4520842116475612,,,,,,,,,,
2682.383333333333,2,S3_provisional,0.2766417827588018,0.4520842116475612,,,,,,,,,,
2682.4166666666665,2,S3_provisional,0.3440597792792901,0.4520842116475612,,,,,,,,,,
2682.45,2,S3_provisional,0.34612927344387107,0.4520842116475612,,,,,,,,,,
2682.483333333333,2,S3_provisional,0.3440597792792901,0.4520842116475612,,,,,,,,,,
2682.516666666667,2,S3_provisional,0.3440597792792901,0.4520842116475612,,,,,,,,,,
2682.55,2,S3_provisional,0.3440597792792901,0.4520842116475612,,,,,,,,,,
2682.5833333333335,2,S3_provisional,0.3440597792792901,0.4520842116475612,,,,,,,,,,
2682.616666666667,2,S3_provisional,0.3440597792792901,0.4520842116475612,,,,,,,,,,
2682.65,2,S3_provisional,0.3440597792792901,0.4520842116475612,,,,,,,,,,
2682.6833333333334,2,S3_provisional,0.3440597792792901,0.4520842116475612,,,,,,,,,,
2682.7166666666667,2,S3_landing,0.2672543806549649,0.4520842116475612,0.5842576959946465,0.20694921158192206,True,prediction,"[0, 5]","(1, 4)","[None, 238]","[233, 0]","[0, 233]","[2681.35, 2682.616666666667]"
2682.75,2,S3_landing,0.2672543806549649,0.4520842116475612,0.5842576959946465,0.20694921158192206,True,prediction,"[0, 5]","(1, 4)","[None, 238]","[233, 0]","[0, 233]","[2681.35, 2682.616666666667]"
2682.7833333333333,2,S3_landing,0.2672543806549649,0.4520842116475612,0.5842576959946465,0.20694921158192206,True,prediction,"[0, 5]","(1, 4)","[None, 238]","[233, 0]","[0, 233]","[2681.35, 2682.616666666667]"
2682.8166666666666,2,S3_landing,0.2672543806549649,0.4520842116475612,0.5842576959946465,0.20694921158192206,True,prediction,"[0, 5]","(1, 4)","[None, 238]","[233, 0]","[0, 233]","[2681.35, 2682.616666666667]"
2682.85,2,S3_landing,0.2672543806549649,0.4520842116475612,0.5842576959946465,0.20694921158192206,True,prediction,"[0, 5]","(1, 4)","[None, 238]","[233, 0]","[0, 233]","[2681.35, 2682.616666666667]"
2682.883333333333,2,S3_landing,0.2672543806549649,0.4520842116475612,0.5842576959946465,0.20694921158192206,True,prediction,"[0, 5]","(1, 4)","[None, 238]","[233, 0]","[0, 233]","[2681.35, 2682.616666666667]"
2682.9166666666665,2,S3_landing,0.4595927620298632,0.4520842116475612,0.5842576959946465,0.5842576959946465,False,prediction,"[0, 5]","(1, 1)","[None, None]","[0, 5]","[0, 0]","[2681.35, 2682.616666666667]"
2682.95,2,S3_landing,0.4595927620298632,0.4520842116475612,0.5842576959946465,0.5842576959946465,False,prediction,"[0, 5]","(1, 1)","[None, None]","[0, 5]","[0, 0]","[2681.35, 2682.616666666667]"
2682.983333333333,2,S3_landing,0.4595927620298632,0.4520842116475612,0.5842576959946465,0.5842576959946465,False,prediction,"[0, 5]","(1, 1)","[None, None]","[0, 5]","[0, 0]","[2681.35, 2682.616666666667]"
2683.016666666667,2,S3_landing,0.4595927620298632,0.4520842116475612,0.5842576959946465,0.5842576959946465,False,prediction,"[0, 5]","(1, 1)","[None, None]","[0, 5]","[0, 0]","[2681.35, 2682.616666666667]"
2683.05,2,S3_landing,0.4595927620298632,0.4520842116475612,0.5842576959946465,0.5842576959946465,False,prediction,"[0, 5]","(1, 1)","[None, None]","[0, 5]","[0, 0]","[2681.35, 2682.616666666667]"
2683.0833333333335,2,S3_landing,0.4595927620298632,0.4520842116475612,0.5842576959946465,0.5842576959946465,False,prediction,"[0, 5]","(1, 1)","[None, None]","[0, 5]","[0, 0]","[2681.35, 2682.616666666667]"
2683.116666666667,2,S3_landing,0.4595927620298632,0.4520842116475612,0.5842576959946465,0.5842576959946465,False,prediction,"[0, 5]","(1, 1)","[None, None]","[0, 5]","[0, 0]","[2681.35, 2682.616666666667]"
2683.15,2,S3_landing,0.4595927620298632,0.4520842116475612,0.5842576959946465,0.5842576959946465,False,prediction,"[0, 5]","(1, 1)","[None, None]","[0, 5]","[0, 0]","[2681.35, 2682.616666666667]"
2683.1833333333334,2,S3_landing,0.4595927620298632,0.4520842116475612,0.5842576959946465,0.5842576959946465,False,prediction,"[0, 5]","(1, 1)","[None, None]","[0, 5]","[0, 0]","[2681.35, 2682.616666666667]"
2683.2166666666667,2,S3_landing,0.4595927620298632,0.4520842116475612,0.5842576959946465,0.5842576959946465,False,prediction,"[0, 5]","(1, 1)","[None, None]","[0, 5]","[0, 0]","[2681.35, 2682.616666666667]"
2683.25,2,S3_landing,0.4595927620298632,0.4520842116475612,0.5842576959946465,0.5842576959946465,False,prediction,"[0, 5]","(1, 1)","[None, None]","[0, 5]","[0, 0]","[2681.35, 2682.616666666667]"
2683.2833333333333,2,S3_landing,0.4595927620298632,0.4520842116475612,0.5842576959946465,0.5842576959946465,False,prediction,"[0, 5]","(1, 1)","[None, None]","[0, 5]","[0, 0]","[2681.35, 2682.616666666667]"
2683.3166666666666,2,S3_landing,0.4595927620298632,0.4520842116475612,0.5842576959946465,0.5842576959946465,False,prediction,"[0, 5]","(1, 1)","[None, None]","[0, 5]","[0, 0]","[2681.35, 2682.616666666667]"
2683.35,2,S3_landing,0.4595927620298632,0.4520842116475612,0.5842576959946465,0.5842576959946465,False,prediction,"[0, 5]","(1, 1)","[None, None]","[0, 5]","[0, 0]","[2681.35, 2682.616666666667]"
2683.383333333333,2,S3_landing,0.4595927620298632,0.4520842116475612,0.5842576959946465,0.5842576959946465,False,prediction,"[0, 5]","(1, 1)","[None, None]","[0, 5]","[0, 0]","[2681.35, 2682.616666666667]"
2683.4166666666665,2,S3_landing,0.4595927620298632,0.4520842116475612,0.5842576959946465,0.5842576959946465,False,prediction,"[0, 5]","(1, 1)","[None, None]","[0, 5]","[0, 0]","[2681.35, 2682.616666666667]"
2683.45,2,S3_landing,0.4595927620298632,0.4520842116475612,0.5842576959946465,0.5842576959946465,False,prediction,"[0, 5]","(1, 1)","[None, None]","[0, 5]","[0, 0]","[2681.35, 2682.616666666667]"
2683.483333333333,2,S3_landing,0.4595927620298632,0.4520842116475612,0.5842576959946465,0.5842576959946465,False,prediction,"[0, 5]","(1, 1)","[None, None]","[0, 5]","[0, 0]","[2681.35, 2682.616666666667]"
2683.516666666667,2,S3_landing,0.4595927620298632,0.4520842116475612,0.5842576959946465,0.5842576959946465,False,prediction,"[0, 5]","(1, 1)","[None, None]","[0, 5]","[0, 0]","[2681.35, 2682.616666666667]"
2683.55,2,S3_landing,0.4595927620298632,0.4520842116475612,0.5842576959946465,0.5842576959946465,False,prediction,"[0, 5]","(1, 1)","[None, None]","[0, 5]","[0, 0]","[2681.35, 2682.616666666667]"
2683.5833333333335,2,S3_landing,0.4595927620298632,0.4520842116475612,0.5842576959946465,0.5842576959946465,False,prediction,"[0, 5]","(1, 1)","[None, None]","[0, 5]","[0, 0]","[2681.35, 2682.616666666667]"
2683.616666666667,2,S3_landing,0.4595927620298632,0.4520842116475612,0.5842576959946465,0.5842576959946465,False,prediction,"[0, 5]","(1, 1)","[None, None]","[0, 5]","[0, 0]","[2681.35, 2682.616666666667]"
2683.65,2,S3_landing,0.4595927620298632,0.4520842116475612,0.5842576959946465,0.5842576959946465,False,prediction,"[0, 5]","(1, 1)","[None, None]","[0, 5]","[0, 0]","[2681.35, 2682.616666666667]"
2683.6833333333334,2,S3_landing,0.4595927620298632,0.4520842116475612,0.5842576959946465,0.5842576959946465,False,prediction,"[0, 5]","(1, 1)","[None, None]","[0, 5]","[0, 0]","[2681.35, 2682.616666666667]"
2683.7166666666667,2,S3_landing,0.4595927620298632,0.4520842116475612,0.5842576959946465,0.5842576959946465,False,prediction,"[0, 5]","(1, 1)","[None, None]","[0, 5]","[0, 0]","[2681.35, 2682.616666666667]"
2683.75,2,S3_landing,0.4595927620298632,0.4520842116475612,0.5842576959946465,0.5842576959946465,False,prediction,"[0, 5]","(1, 1)","[None, None]","[0, 5]","[0, 0]","[2681.35, 2682.616666666667]"
2683.7833333333333,2,S3_landing,0.4595927620298632,0.4520842116475612,0.5842576959946465,0.5842576959946465,False,prediction,"[0, 5]","(1, 1)","[None, None]","[0, 5]","[0, 0]","[2681.35, 2682.616666666667]"
2683.8166666666666,2,S3_landing,0.4595927620298632,0.4520842116475612,0.5842576959946465,0.5842576959946465,False,prediction,"[0, 5]","(1, 1)","[None, None]","[0, 5]","[0, 0]","[2681.35, 2682.616666666667]"
2683.85,2,S3_landing,0.4595927620298632,0.4520842116475612,0.5842576959946465,0.5842576959946465,False,prediction,"[0, 5]","(1, 1)","[None, None]","[0, 5]","[0, 0]","[2681.35, 2682.616666666667]"
2683.883333333333,2,S3_landing,0.4595927620298632,0.4520842116475612,0.5842576959946465,0.5842576959946465,False,prediction,"[0, 5]","(1, 1)","[None, None]","[0, 5]","[0, 0]","[2681.35, 2682.616666666667]"
2683.9166666666665,2,S3_landing,0.4375003728441196,0.4520842116475612,0.54140194688636,0.54140194688636,False,prediction,"[0, 5]","(1, 1)","[None, None]","[0, 5]","[0, 0]","[2683.9166666666665, 2682.616666666667]"
2683.95,2,S3_landing,0.4375003728441196,0.4520842116475612,0.54140194688636,0.54140194688636,False,prediction,"[0, 5]","(3, 1)","[None, None]","[0, 5]","[0, 0]","[2683.95, 2682.616666666667]"
2683.983333333333,2,S3_landing,0.4375003728441196,0.4520842116475612,0.54140194688636,0.54140194688636,False,prediction,"[0, 5]","(3, 1)","[None, None]","[0, 5]","[0, 0]","[2683.95, 2682.616666666667]"
2684.016666666667,2,S3_landing,0.4375003728441196,0.4520842116475612,0.54140194688636,0.54140194688636,False,prediction,"[0, 5]","(3, 1)","[None, None]","[0, 5]","[0, 0]","[2683.95, 2682.616666666667]"
2684.05,2,S3_landing,0.4375003728441196,0.4520842116475612,0.54140194688636,0.54140194688636,False,prediction,"[0, 5]","(3, 1)","[None, None]","[0, 5]","[0, 0]","[2683.95, 2682.616666666667]"
2684.0833333333335,2,S3_landing,0.4375003728441196,0.4520842116475612,0.54140194688636,0.54140194688636,False,prediction,"[0, 5]","(3, 1)","[None, None]","[0, 5]","[0, 0]","[2684.0833333333335, 2682.616666666667]"
2684.116666666667,2,S3_landing,0.39730792357563244,0.4520842116475612,0.4588989677540609,0.4588989677540609,False,prediction,"[0, 5]","(2, 1)","[None, None]","[0, 5]","[0, 0]","[2684.116666666667, 2684.116666666667]"
2684.15,2,S3_landing,0.39730792357563244,0.4520842116475612,0.4588989677540609,0.4588989677540609,False,prediction,"[0, 5]","(2, 1)","[None, None]","[0, 5]","[0, 0]","[2684.116666666667, 2684.116666666667]"
2684.1833333333334,2,S3_landing,0.41266818261327465,0.4520842116475612,0.49488367322723265,0.49488367322723265,False,prediction,"[0, 5]","(2, 1)","[None, None]","[0, 5]","[0, 0]","[2684.1833333333334, 2684.15]"
2684.2166666666667,2,S3_landing,0.41266818261327465,0.4520842116475612,0.49488367322723265,0.49488367322723265,False,prediction,"[0, 5]","(2, 1)","[None, None]","[0, 5]","[0, 0]","[2684.1833333333334, 2684.15]"
2684.25,2,S3_landing,0.42574965813852256,0.4520842116475612,0.5217358761650712,0.5217358761650712,False,prediction,"[0, 5]","(2, 1)","[None, None]","[0, 5]","[0, 0]","[2684.25, 2684.15]"
2684.2833333333333,2,S3_landing,0.4748485694953221,0.4520842116475612,0.516154709060223,0.6187025299877186,True,prediction,"[2, 0]","(4, 1)","[42, None]","[0, 40]","[40, 0]","[2684.2833333333333, 2684.15]"
2684.3166666666666,2,S3_landing,0.4748485694953221,0.4520842116475612,0.516154709060223,0.6187025299877186,True,prediction,"[2, 0]","(4, 1)","[42, None]","[0, 40]","[40, 0]","[2684.2833333333333, 2684.15]"
2684.35,2,S3_landing,0.48759212049836476,0.4520842116475612,0.5061053431478928,0.6367278996893028,True,prediction,"[2, 0]","(4, 1)","[203, None]","[0, 201]","[201, 0]","[2684.35, 2684.15]"
2684.383333333333,2,S3_landing,0.48759212049836476,0.4520842116475612,0.5061053431478928,0.6367278996893028,True,prediction,"[2, 0]","(4, 1)","[203, None]","[0, 201]","[201, 0]","[2684.35, 2684.15]"
2684.4166666666665,2,S3_landing,0.48759212049836476,0.4520842116475612,0.5061053431478928,0.6367278996893028,True,prediction,"[2, 0]","(4, 1)","[203, None]","[0, 201]","[201, 0]","[2684.35, 2684.15]"
2684.45,2,S3_landing,0.48759212049836476,0.4520842116475612,0.5061053431478928,0.6367278996893028,True,prediction,"[2, 0]","(4, 1)","[203, None]","[0, 201]","[201, 0]","[2684.35, 2684.15]"
2684.483333333333,2,S3_landing,0.48759212049836476,0.4520842116475612,0.5061053431478928,0.6367278996893028,True,prediction,"[2, 0]","(4, 1)","[203, None]","[0, 201]","[201, 0]","[2684.35, 2684.15]"
2684.516666666667,2,S3_landing,0.48759212049836476,0.4520842116475612,0.5061053431478928,0.6367278996893028,True,prediction,"[2, 0]","(4, 1)","[203, None]","[0, 201]","[201, 0]","[2684.35, 2684.15]"
2684.55,2,S3_landing,0.48759212049836476,0.4520842116475612,0.5061053431478928,0.6367278996893028,True,prediction,"[2, 0]","(4, 1)","[203, None]","[0, 201]","[201, 0]","[2684.35, 2684.15]"
2684.5833333333335,2,S3_landing,0.48759212049836476,0.4520842116475612,0.5061053431478928,0.6367278996893028,True,prediction,"[2, 0]","(4, 1)","[203, None]","[0, 201]","[201, 0]","[2684.35, 2684.15]"
2684.616666666667,2,S3_landing,0.4836587437473296,0.4520842116475612,0.47437369754085035,0.6158228086884217,True,prediction,"[2, 0]","(3, 1)","[694, None]","[0, 692]","[692, 0]","[2684.616666666667, 2684.15]"
2684.65,2,S3_landing,0.4665455788950423,0.4520842116475612,0.4689515968226917,0.5977755579001108,True,prediction,"[2, 0]","(3, 1)","[35, None]","[0, 33]","[33, 0]","[2684.65, 2684.15]"
2684.6833333333334,2,S3_landing,0.41542971364101466,0.4520842116475612,0.5005747512114972,0.5005747512114972,False,prediction,"[2, 0]","(3, 1)","[0, None]","[2, 0]","[0, 0]","[2684.6833333333334, 2684.15]"
2684.7166666666667,2,S3_landing,0.4195472971833211,0.4520842116475612,0.4952388736358256,0.5037441383638078,True,prediction,"[2, 0]","(3, 1)","[10, None]","[0, 8]","[8, 0]","[2684.7166666666667, 2684.15]"
2684.75,2,S3_landing,0.4195472971833211,0.4520842116475612,0.4952388736358256,0.5037441383638078,True,prediction,"[2, 0]","(3, 1)","[10, None]","[0, 8]","[8, 0]","[2684.7166666666667, 2684.15]"
2684.7833333333333,2,S3_landing,0.4195472971833211,0.4520842116475612,0.4952388736358256,0.5037441383638078,True,prediction,"[2, 0]","(3, 1)","[10, None]","[0, 8]","[8, 0]","[2684.7166666666667, 2684.15]"
2684.8166666666666,2,S3_landing,0.4195472971833211,0.4520842116475612,0.4952388736358256,0.5037441383638078,True,prediction,"[2, 0]","(3, 1)","[10, None]","[0, 8]","[8, 0]","[2684.7166666666667, 2684.15]"
2684.85,2,S3_landing,0.4195472971833211,0.4520842116475612,0.4952388736358256,0.5037441383638078,True,prediction,"[2, 0]","(3, 1)","[10, None]","[0, 8]","[8, 0]","[2684.7166666666667, 2684.15]"
2684.883333333333,2,S3_landing,0.44510447616788346,0.4520842116475612,0.42588449675965795,0.555743504925508,True,prediction,"[2, 0]","(3, 1)","[12, None]","[0, 10]","[10, 0]","[2684.883333333333, 2684.15]"
2684.9166666666665,2,S3_landing,0.44510447616788346,0.4520842116475612,0.42588449675965795,0.555743504925508,True,prediction,"[2, 0]","(3, 1)","[12, None]","[0, 10]","[10, 0]","[2684.883333333333, 2684.15]"
2684.95,2,S3_landing,0.44510447616788346,0.4520842116475612,0.42588449675965795,0.555743504925508,True,prediction,"[2, 0]","(3, 1)","[12, None]","[0, 10]","[10, 0]","[2684.883333333333, 2684.15]"
2684.983333333333,2,S3_landing,0.44510447616788346,0.4520842116475612,0.42588449675965795,0.555743504925508,True,prediction,"[2, 0]","(3, 1)","[12, None]","[0, 10]","[10, 0]","[2684.883333333333, 2684.15]"
2685.016666666667,2,S3_landing,0.44510447616788346,0.4520842116475612,0.42588449675965795,0.555743504925508,True,prediction,"[2, 0]","(3, 1)","[12, None]","[0, 10]","[10, 0]","[2684.883333333333, 2684.15]"
2685.05,2,S3_landing,0.44510447616788346,0.4520842116475612,0.42588449675965795,0.555743504925508,True,prediction,"[2, 0]","(3, 1)","[12, None]","[0, 10]","[10, 0]","[2684.883333333333, 2684.15]"
2685.0833333333335,2,S3_landing,0.44510447616788346,0.4520842116475612,0.42588449675965795,0.555743504925508,True,prediction,"[2, 0]","(3, 1)","[12, None]","[0, 10]","[10, 0]","[2684.883333333333, 2684.15]"
2685.116666666667,2,S3_landing,0.44510447616788346,0.4520842116475612,0.42588449675965795,0.555743504925508,True,prediction,"[2, 0]","(3, 1)","[12, None]","[0, 10]","[10, 0]","[2684.883333333333, 2684.15]"
2685.15,2,S3_landing,0.47356864474619725,0.4520842116475612,0.6055701831810305,0.6055701831810305,False,prediction,"[0, 3]","(1, 6)","[None, None]","[0, 3]","[0, 0]","[2685.116666666667, 2684.15]"
2685.1833333333334,2,S3_landing,0.47356864474619725,0.4520842116475612,0.6055701831810305,0.6055701831810305,False,prediction,"[0, 3]","(1, 6)","[None, None]","[0, 3]","[0, 0]","[2685.116666666667, 2684.15]"
2685.2166666666667,2,S3_landing,0.47356864474619725,0.4520842116475612,0.6055701831810305,0.6055701831810305,False,prediction,"[0, 3]","(1, 6)","[None, None]","[0, 3]","[0, 0]","[2685.116666666667, 2684.15]"
2685.25,2,S3_landing,0.47356864474619725,0.4520842116475612,0.6055701831810305,0.6055701831810305,False,prediction,"[0, 3]","(1, 6)","[None, None]","[0, 3]","[0, 0]","[2685.116666666667, 2684.15]"
2685.2833333333333,2,S3_landing,0.47356864474619725,0.4520842116475612,0.6055701831810305,0.6055701831810305,False,prediction,"[0, 3]","(1, 6)","[None, None]","[0, 3]","[0, 0]","[2685.116666666667, 2684.15]"
2685.3166666666666,2,S3_landing,0.47356864474619725,0.4520842116475612,0.6055701831810305,0.6055701831810305,False,prediction,"[0, 3]","(1, 6)","[None, None]","[0, 3]","[0, 0]","[2685.116666666667, 2684.15]"
2685.35,2,S3_landing,0.47356864474619725,0.4520842116475612,0.6055701831810305,0.6055701831810305,False,prediction,"[0, 3]","(1, 6)","[None, None]","[0, 3]","[0, 0]","[2685.116666666667, 2684.15]"
2685.383333333333,2,S3_landing,0.47356864474619725,0.4520842116475612,0.6055701831810305,0.6055701831810305,False,prediction,"[0, 3]","(1, 6)","[None, None]","[0, 3]","[0, 0]","[2685.116666666667, 2684.15]"
2685.4166666666665,2,S3_landing,0.47356864474619725,0.4520842116475612,0.6055701831810305,0.6055701831810305,False,prediction,"[0, 3]","(1, 6)","[None, None]","[0, 3]","[0, 0]","[2685.116666666667, 2684.15]"
2685.45,2,S3_landing,0.47356864474619725,0.4520842116475612,0.6055701831810305,0.6055701831810305,False,prediction,"[0, 3]","(1, 6)","[None, None]","[0, 3]","[0, 0]","[2685.116666666667, 2684.15]"
2685.483333333333,2,S3_landing,0.47356864474619725,0.4520842116475612,0.6055701831810305,0.6055701831810305,False,prediction,"[0, 3]","(1, 6)","[None, None]","[0, 3]","[0, 0]","[2685.116666666667, 2684.15]"
2685.516666666667,2,S3_landing,0.47356864474619725,0.4520842116475612,0.6055701831810305,0.6055701831810305,False,prediction,"[0, 3]","(1, 6)","[None, None]","[0, 3]","[0, 0]","[2685.116666666667, 2684.15]"
2685.55,2,S3_landing,0.47356864474619725,0.4520842116475612,0.6055701831810305,0.6055701831810305,False,prediction,"[0, 3]","(1, 6)","[None, None]","[0, 3]","[0, 0]","[2685.116666666667, 2684.15]"
2685.5833333333335,2,S3_landing,0.47356864474619725,0.4520842116475612,0.6055701831810305,0.6055701831810305,False,prediction,"[0, 3]","(1, 6)","[None, None]","[0, 3]","[0, 0]","[2685.116666666667, 2684.15]"
2685.616666666667,2,S3_landing,0.47356864474619725,0.4520842116475612,0.6055701831810305,0.6055701831810305,False,prediction,"[0, 3]","(1, 6)","[None, None]","[0, 3]","[0, 0]","[2685.116666666667, 2684.15]"
2685.65,2,S3_landing,0.47356864474619725,0.4520842116475612,0.6055701831810305,0.6055701831810305,False,prediction,"[0, 3]","(1, 6)","[None, None]","[0, 3]","[0, 0]","[2685.116666666667, 2684.15]"
2685.6833333333334,2,S3_landing,0.47356864474619725,0.4520842116475612,0.6055701831810305,0.6055701831810305,False,prediction,"[0, 3]","(1, 6)","[None, None]","[0, 3]","[0, 0]","[2685.116666666667, 2684.15]"
2685.7166666666667,2,S3_landing,0.47356864474619725,0.4520842116475612,0.6055701831810305,0.6055701831810305,False,prediction,"[0, 3]","(1, 6)","[None, None]","[0, 3]","[0, 0]","[2685.116666666667, 2684.15]"
2685.75,2,S3_landing,0.47356864474619725,0.4520842116475612,0.6055701831810305,0.6055701831810305,False,prediction,"[0, 3]","(1, 6)","[None, None]","[0, 3]","[0, 0]","[2685.116666666667, 2684.15]"
2685.7833333333333,2,S3_landing,0.46838362348556983,0.4520842116475612,0.5851839061671688,0.5851839061671688,False,prediction,"[0, 3]","(1, 6)","[None, None]","[0, 3]","[0, 0]","[2685.116666666667, 2685.7833333333333]"
2685.8166666666666,2,S3_landing,0.46838362348556983,0.4520842116475612,0.5851839061671688,0.5851839061671688,False,prediction,"[0, 3]","(1, 6)","[None, None]","[0, 3]","[0, 0]","[2685.116666666667, 2685.7833333333333]"
2685.85,2,S3_landing,0.46838362348556983,0.4520842116475612,0.5851839061671688,0.5851839061671688,False,prediction,"[0, 3]","(1, 6)","[None, None]","[0, 3]","[0, 0]","[2685.116666666667, 2685.7833333333333]"
2685.883333333333,2,S3_landing,0.46838362348556983,0.4520842116475612,0.5851839061671688,0.5851839061671688,False,prediction,"[0, 3]","(1, 6)","[None, None]","[0, 3]","[0, 0]","[2685.116666666667, 2685.7833333333333]"
2685.9166666666665,2,S3_landing,0.46838362348556983,0.4520842116475612,0.5851839061671688,0.5851839061671688,False,prediction,"[0, 3]","(1, 6)","[None, None]","[0, 3]","[0, 0]","[2685.116666666667, 2685.7833333333333]"
2685.95,2,S3_landing,0.46838362348556983,0.4520842116475612,0.5851839061671688,0.5851839061671688,False,prediction,"[0, 3]","(1, 6)","[None, None]","[0, 3]","[0, 0]","[2685.116666666667, 2685.7833333333333]"
2685.983333333333,2,S3_landing,0.46838362348556983,0.4520842116475612,0.5851839061671688,0.5851839061671688,False,prediction,"[0, 3]","(1, 6)","[None, None]","[0, 3]","[0, 0]","[2685.116666666667, 2685.7833333333333]"
2686.016666666667,2,S3_landing,0.46838362348556983,0.4520842116475612,0.5851839061671688,0.5851839061671688,False,prediction,"[0, 3]","(1, 6)","[None, None]","[0, 3]","[0, 0]","[2685.116666666667, 2685.7833333333333]"
2686.05,2,S3_landing,0.38543419855265976,0.4520842116475612,0.4259368900495746,0.4259368900495746,False,prediction,"[0, 3]","(1, 6)","[None, None]","[0, 3]","[0, 0]","[2685.116666666667, 2686.05]"
2686.0833333333335,2,S3_landing,0.18933337859510202,0.4520842116475612,0.4259368900495746,0.09329486980416757,True,prediction,"[0, 3]","(1, 6)","[None, 344]","[341, 0]","[0, 341]","[2685.116666666667, 2686.0833333333335]"
2686.116666666667,2,S3_landing,0.18933337859510202,0.4520842116475612,0.4259368900495746,0.09329486980416757,True,prediction,"[0, 3]","(1, 6)","[None, 344]","[341, 0]","[0, 341]","[2685.116666666667, 2686.0833333333335]"
2686.15,2,S3_landing,0.18933337859510202,0.4520842116475612,0.4259368900495746,0.09329486980416757,True,prediction,"[0, 3]","(1, 6)","[None, 344]","[341, 0]","[0, 341]","[2685.116666666667, 2686.0833333333335]"
2686.1833333333334,2,S3_landing,0.18933337859510202,0.4520842116475612,0.4259368900495746,0.09329486980416757,True,prediction,"[0, 3]","(1, 6)","[None, 344]","[341, 0]","[0, 341]","[2685.116666666667, 2686.0833333333335]"
2686.2166666666667,2,S3_landing,0.18811900755145888,0.4520842116475612,0.6696841995405204,0.09244161941663165,True,prediction,"[0, 3]","(1, 6)","[None, 338]","[335, 0]","[0, 335]","[2685.116666666667, 2686.2166666666667]"
2686.25,2,S3_landing,0.18811900755145888,0.4520842116475612,0.6696841995405204,0.09244161941663165,True,prediction,"[0, 3]","(1, 6)","[None, 338]","[335, 0]","[0, 335]","[2685.116666666667, 2686.2166666666667]"
2686.2833333333333,2,S3_landing,0.18811900755145888,0.4520842116475612,0.6696841995405204,0.09244161941663165,True,prediction,"[0, 3]","(1, 6)","[None, 338]","[335, 0]","[0, 335]","[2685.116666666667, 2686.2166666666667]"
2686.3166666666666,2,S3_landing,0.18811900755145888,0.4520842116475612,0.6696841995405204,0.09244161941663165,True,prediction,"[0, 3]","(1, 6)","[None, 338]","[335, 0]","[0, 335]","[2685.116666666667, 2686.2166666666667]"
2686.35,2,S3_landing,0.18811900755145888,0.4520842116475612,0.6696841995405204,0.09244161941663165,True,prediction,"[0, 3]","(1, 6)","[None, 338]","[335, 0]","[0, 335]","[2685.116666666667, 2686.2166666666667]"
2686.383333333333,2,S3_landing,0.18811900755145888,0.4520842116475612,0.6696841995405204,0.09244161941663165,True,prediction,"[0, 3]","(1, 6)","[None, 338]","[335, 0]","[0, 335]","[2685.116666666667, 2686.2166666666667]"
2686.4166666666665,2,S3_landing,0.18811900755145888,0.4520842116475612,0.6696841995405204,0.09244161941663165,True,prediction,"[0, 3]","(1, 6)","[None, 338]","[335, 0]","[0, 335]","[2685.116666666667, 2686.2166666666667]"
2686.45,2,S3_landing,0.18811900755145888,0.4520842116475612,0.6696841995405204,0.09244161941663165,True,prediction,"[0, 3]","(1, 6)","[None, 338]","[335, 0]","[0, 335]","[2685.116666666667, 2686.2166666666667]"
2686.483333333333,2,S3_landing,0.18811900755145888,0.4520842116475612,0.6696841995405204,0.09244161941663165,True,prediction,"[0, 3]","(1, 6)","[None, 338]","[335, 0]","[0, 335]","[2685.116666666667, 2686.2166666666667]"
2686.516666666667,2,S3_landing,0.18811900755145888,0.4520842116475612,0.6696841995405204,0.09244161941663165,True,prediction,"[0, 3]","(1, 6)","[None, 338]","[335, 0]","[0, 335]","[2685.116666666667, 2686.2166666666667]"
2686.55,2,S3_landing,0.18811900755145888,0.4520842116475612,0.8080750853455683,0.09244161941663165,True,prediction,"[0, 13]","(1, 8)","[None, 338]","[325, 0]","[0, 325]","[2685.116666666667, 2686.55]"
2686.5833333333335,2,S3_landing,0.1754502785105428,0.4520842116475612,0.8151510341773556,0.10177768344855742,True,prediction,"[0, 13]","(1, 8)","[None, 1233]","[1220, 0]","[0, 1220]","[2685.116666666667, 2686.5833333333335]"
2686.616666666667,2,S3_landing,0.223255636626147,0.4520842116475612,0.846640484192705,0.1029566929780555,True,prediction,"[0, 13]","(1, 8)","[None, 1276]","[1263, 0]","[0, 1263]","[2685.116666666667, 2686.616666666667]"
2686.65,2,S3_landing,0.22095755131406605,0.4520842116475612,0.8334261161799162,0.10052562404026731,True,prediction,"[0, 13]","(1, 8)","[None, 1235]","[1222, 0]","[0, 1222]","[2685.116666666667, 2686.65]"
2686.6833333333334,2,S3_landing,0.21344716663394125,0.4520842116475612,0.8218742864658446,0.09281407139013514,True,prediction,"[0, 13]","(1, 8)","[None, 1238]","[1225, 0]","[0, 1225]","[2685.116666666667, 2686.6833333333334]"
2686.7166666666667,2,S3_landing,0.21344716663394125,0.4520842116475612,0.8218742864658446,0.09281407139013514,True,prediction,"[0, 13]","(1, 7)","[None, 1238]","[1225, 0]","[0, 1225]","[2685.116666666667, 2686.7166666666667]"
2686.75,2,S3_landing,0.21344716663394125,0.4520842116475612,0.8218742864658446,0.09281407139013514,True,prediction,"[0, 13]","(1, 7)","[None, 1238]","[1225, 0]","[0, 1225]","[2685.116666666667, 2686.7166666666667]"
2686.7833333333333,2,S3_landing,0.21344716663394125,0.4520842116475612,0.8218742864658446,0.09281407139013514,True,prediction,"[0, 13]","(1, 7)","[None, 1238]","[1225, 0]","[0, 1225]","[2685.116666666667, 2686.7166666666667]"
2686.8166666666666,2,S3_landing,0.21344716663394125,0.4520842116475612,0.8218742864658446,0.09281407139013514,True,prediction,"[0, 13]","(1, 7)","[None, 1238]","[1225, 0]","[0, 1225]","[2685.116666666667, 2686.7166666666667]"
2686.85,2,S3_landing,0.21344716663394125,0.4520842116475612,0.8218742864658446,0.09281407139013514,True,prediction,"[0, 13]","(1, 7)","[None, 1238]","[1225, 0]","[0, 1225]","[2685.116666666667, 2686.7166666666667]"
2686.883333333333,2,S3_landing,0.21344716663394125,0.4520842116475612,0.8218742864658446,0.09281407139013514,True,prediction,"[0, 13]","(1, 7)","[None, 1238]","[1225, 0]","[0, 1225]","[2685.116666666667, 2686.7166666666667]"
2686.9166666666665,2,S3_landing,0.21338374412739883,0.4520842116475612,0.7855922299211416,0.09275046823932896,True,prediction,"[0, 13]","(1, 7)","[None, 1238]","[1225, 0]","[0, 1225]","[2685.116666666667, 2686.9166666666665]"
2686.95,2,S3_landing,0.21338374412739883,0.4520842116475612,0.7855922299211416,0.09275046823932896,True,prediction,"[0, 13]","(1, 7)","[None, 1238]","[1225, 0]","[0, 1225]","[2685.116666666667, 2686.9166666666665]"
2686.983333333333,2,S3_landing,0.21338374412739883,0.4520842116475612,0.7855922299211416,0.09275046823932896,True,prediction,"[0, 13]","(1, 7)","[None, 1238]","[1225, 0]","[0, 1225]","[2685.116666666667, 2686.9166666666665]"
2687.016666666667,2,S3_landing,0.21338374412739883,0.4520842116475612,0.7855922299211416,0.09275046823932896,True,prediction,"[0, 13]","(1, 7)","[None, 1238]","[1225, 0]","[0, 1225]","[2685.116666666667, 2686.9166666666665]"
2687.05,2,S3_landing,0.21338374412739883,0.4520842116475612,0.7855922299211416,0.09275046823932896,True,prediction,"[0, 13]","(1, 7)","[None, 1238]","[1225, 0]","[0, 1225]","[2685.116666666667, 2686.9166666666665]"
2687.0833333333335,2,S3_landing,0.21338374412739883,0.4520842116475612,0.7855922299211416,0.09275046823932896,True,prediction,"[0, 13]","(1, 7)","[None, 1238]","[1225, 0]","[0, 1225]","[2685.116666666667, 2686.9166666666665]"
2687.116666666667,2,S3_landing,0.1765913784474507,0.4520842116475612,0.7901573676301623,0.1032252280244524,True,prediction,"[0, 13]","(1, 7)","[None, 1233]","[1220, 0]","[0, 1220]","[2685.116666666667, 2687.116666666667]"
2687.15,2,S3_landing,0.22535465741288452,0.4520842116475612,0.82220649217877,0.10520650556651183,True,prediction,"[0, 13]","(1, 7)","[None, 1239]","[1226, 0]","[0, 1226]","[2685.116666666667, 2687.15]"
2687.1833333333334,2,S3_landing,0.20111592890543256,0.4520842116475612,0.8099677726926668,0.10327917162070555,True,prediction,"[0, 13]","(1, 7)","[None, 336]","[323, 0]","[0, 323]","[2685.116666666667, 2687.1833333333334]"
2687.2166666666667,2,S3_landing,0.19677329611103397,0.4520842116475612,0.7902017327452312,0.0983397381548988,True,prediction,"[0, 13]","(1, 7)","[None, 338]","[325, 0]","[0, 325]","[2685.116666666667, 2687.2166666666667]"
2687.25,2,S3_landing,0.19677329611103397,0.4520842116475612,0.7902017327452312,0.0983397381548988,True,prediction,"[0, 13]","(1, 7)","[None, 338]","[325, 0]","[0, 325]","[2685.116666666667, 2687.2166666666667]"
2687.2833333333333,2,S3_landing,0.19677329611103397,0.4520842116475612,0.7902017327452312,0.0983397381548988,True,prediction,"[0, 13]","(1, 7)","[None, 338]","[325, 0]","[0, 325]","[2685.116666666667, 2687.2166666666667]"
2687.3166666666666,2,S3_landing,0.19677329611103397,0.4520842116475612,0.7902017327452312,0.0983397381548988,True,prediction,"[0, 13]","(1, 7)","[None, 338]","[325, 0]","[0, 325]","[2685.116666666667, 2687.2166666666667]"
2687.35,2,S3_landing,0.19677329611103397,0.4520842116475612,0.7902017327452312,0.0983397381548988,True,prediction,"[0, 13]","(1, 7)","[None, 338]","[325, 0]","[0, 325]","[2685.116666666667, 2687.2166666666667]"
2687.383333333333,2,S3_landing,0.19677329611103397,0.4520842116475612,0.7902017327452312,0.0983397381548988,True,prediction,"[0, 13]","(1, 7)","[None, 338]","[325, 0]","[0, 325]","[2685.116666666667, 2687.2166666666667]"
2687.4166666666665,2,S3_landing,0.19677329611103397,0.4520842116475612,0.7902017327452312,0.0983397381548988,True,prediction,"[0, 13]","(1, 7)","[None, 338]","[325, 0]","[0, 325]","[2685.116666666667, 2687.2166666666667]"
2687.45,2,S3_landing,0.19677329611103397,0.4520842116475612,0.7902017327452312,0.0983397381548988,True,prediction,"[0, 13]","(1, 6)","[None, 338]","[325, 0]","[0, 325]","[2685.116666666667, 2687.4166666666665]"
2687.483333333333,2,S3_landing,0.19677329611103397,0.4520842116475612,0.7902017327452312,0.0983397381548988,True,prediction,"[0, 13]","(1, 6)","[None, 338]","[325, 0]","[0, 325]","[2685.116666666667, 2687.4166666666665]"
2687.516666666667,2,S3_landing,0.19677329611103397,0.4520842116475612,0.7902017327452312,0.0983397381548988,True,prediction,"[0, 13]","(1, 6)","[None, 338]","[325, 0]","[0, 325]","[2685.116666666667, 2687.4166666666665]"
2687.55,2,S3_landing,0.19677329611103397,0.4520842116475612,0.7902017327452312,0.0983397381548988,True,prediction,"[0, 13]","(1, 6)","[None, 338]","[325, 0]","[0, 325]","[2685.116666666667, 2687.4166666666665]"
2687.5833333333335,2,S3_landing,0.19677329611103397,0.4520842116475612,0.7902017327452312,0.0983397381548988,True,prediction,"[0, 13]","(1, 6)","[None, 338]","[325, 0]","[0, 325]","[2685.116666666667, 2687.4166666666665]"
2687.616666666667,2,S3_landing,0.1765913784474507,0.4520842116475612,0.7901573676301623,0.1032252280244524,True,prediction,"[0, 13]","(1, 6)","[None, 1233]","[1220, 0]","[0, 1220]","[2685.116666666667, 2687.616666666667]"
2687.65,2,S3_landing,0.19677329611103397,0.4520842116475612,0.7902017327452312,0.0983397381548988,True,prediction,"[0, 13]","(1, 6)","[None, 338]","[325, 0]","[0, 325]","[2685.116666666667, 2687.65]"
2687.6833333333334,2,S3_landing,0.19677329611103397,0.4520842116475612,0.7902017327452312,0.0983397381548988,True,prediction,"[0, 13]","(1, 6)","[None, 338]","[325, 0]","[0, 325]","[2685.116666666667, 2687.65]"
2687.7166666666667,2,S3_landing,0.19677329611103397,0.4520842116475612,0.7902017327452312,0.0983397381548988,True,prediction,"[0, 13]","(1, 6)","[None, 338]","[325, 0]","[0, 325]","[2685.116666666667, 2687.65]"
2687.75,2,S3_landing,0.19677329611103397,0.4520842116475612,0.7902017327452312,0.0983397381548988,True,prediction,"[0, 13]","(1, 6)","[None, 338]","[325, 0]","[0, 325]","[2685.116666666667, 2687.65]"
2687.7833333333333,2,S3_landing,0.19677329611103397,0.4520842116475612,0.7902017327452312,0.0983397381548988,True,prediction,"[0, 13]","(1, 6)","[None, 338]","[325, 0]","[0, 325]","[2685.116666666667, 2687.65]"
2687.8166666666666,2,S3_landing,0.19677329611103397,0.4520842116475612,0.7902017327452312,0.0983397381548988,True,prediction,"[0, 13]","(1, 6)","[None, 338]","[325, 0]","[0, 325]","[2685.116666666667, 2687.65]"
2687.85,2,S3_landing,0.19677329611103397,0.4520842116475612,0.7902017327452312,0.0983397381548988,True,prediction,"[0, 13]","(1, 6)","[None, 338]","[325, 0]","[0, 325]","[2685.116666666667, 2687.65]"
2687.883333333333,2,S3_landing,0.19677329611103397,0.4520842116475612,0.7902017327452312,0.0983397381548988,True,prediction,"[0, 13]","(1, 6)","[None, 338]","[325, 0]","[0, 325]","[2685.116666666667, 2687.65]"
2687.9166666666665,2,S3_landing,0.20679268103702045,0.4520842116475612,0.7810573477314413,0.09735923992762696,True,prediction,"[0, 13]","(1, 6)","[None, 338]","[325, 0]","[0, 325]","[2687.9166666666665, 2687.65]"
2687.95,2,S3_landing,0.18294666344430474,0.4520842116475612,0.7712968001185218,0.08027553096642046,True,prediction,"[0, 13]","(1, 6)","[None, 338]","[325, 0]","[0, 325]","[2687.95, 2687.95]"
2687.983333333333,2,S3_landing,0.17861461504896445,0.4520842116475612,0.770240430429943,0.07909046556639186,True,prediction,"[0, 13]","(1, 6)","[None, 338]","[325, 0]","[0, 325]","[2687.983333333333, 2687.983333333333]"
2688.016666666667,2,S3_landing,0.19847925024124513,0.4520842116475612,0.7786417447408127,0.10020956459451857,True,prediction,"[0, 13]","(1, 6)","[None, 338]","[325, 0]","[0, 325]","[2688.016666666667, 2688.016666666667]"
2688.05,2,S3_landing,0.19847925024124513,0.4520842116475612,0.7786417447408127,0.10020956459451857,True,prediction,"[0, 13]","(1, 6)","[None, 338]","[325, 0]","[0, 325]","[2688.016666666667, 2688.016666666667]"
2688.0833333333335,2,S3_landing,0.19847925024124513,0.4520842116475612,0.7786417447408127,0.10020956459451857,True,prediction,"[0, 13]","(1, 6)","[None, 338]","[325, 0]","[0, 325]","[2688.016666666667, 2688.016666666667]"
2688.116666666667,2,S3_landing,0.19847925024124513,0.4520842116475612,0.7786417447408127,0.10020956459451857,True,prediction,"[0, 13]","(1, 6)","[None, 338]","[325, 0]","[0, 325]","[2688.016666666667, 2688.016666666667]"
2688.15,2,S3_landing,0.2181734656288787,0.4520842116475612,0.7361841077463432,0.11578929781183174,True,prediction,"[0, 13]","(1, 6)","[None, 338]","[325, 0]","[0, 325]","[2688.15, 2688.05]"
2688.1833333333334,2,S3_landing,0.2181734656288787,0.4520842116475612,0.7361841077463432,0.11578929781183174,True,prediction,"[0, 13]","(1, 5)","[None, 338]","[325, 0]","[0, 325]","[2688.1833333333334, 2688.05]"
2688.2166666666667,2,S3_landing,0.2181734656288787,0.4520842116475612,0.7361841077463432,0.11578929781183174,True,prediction,"[0, 13]","(1, 5)","[None, 338]","[325, 0]","[0, 325]","[2688.1833333333334, 2688.05]"
2688.25,2,S3_landing,0.22025130497104312,0.4520842116475612,0.8322119607853311,0.11610651145765613,True,prediction,"[0, 13]","(1, 5)","[None, 338]","[325, 0]","[0, 325]","[2688.25, 2688.05]"
2688.2833333333333,2,S3_landing,0.22025130497104312,0.4520842116475612,0.8322119607853311,0.11610651145765613,True,prediction,"[0, 13]","(1, 5)","[None, 338]","[325, 0]","[0, 325]","[2688.25, 2688.05]"
2688.3166666666666,2,S3_landing,0.22025130497104312,0.4520842116475612,0.8322119607853311,0.11610651145765613,True,prediction,"[0, 13]","(1, 5)","[None, 338]","[325, 0]","[0, 325]","[2688.25, 2688.05]"
2688.35,2,S3_landing,0.22025130497104312,0.4520842116475612,0.6484941402438104,0.11610651145765613,True,prediction,"[0, 8]","(1, 1)","[None, 78]","[70, 0]","[0, 70]","[2688.35, 2688.05]"
2688.383333333333,2,S3_landing,0.22025130497104312,0.4520842116475612,0.6484941402438104,0.11610651145765613,True,prediction,"[0, 8]","(1, 1)","[None, 78]","[70, 0]","[0, 70]","[2688.35, 2688.05]"
2688.4166666666665,2,S3_landing,0.22025130497104312,0.4520842116475612,0.6484941402438104,0.11610651145765613,True,prediction,"[0, 8]","(1, 1)","[None, 78]","[70, 0]","[0, 70]","[2688.35, 2688.05]"
2688.45,2,S3_landing,0.22025130497104312,0.4520842116475612,0.6484941402438104,0.11610651145765613,True,prediction,"[0, 8]","(1, 1)","[None, 78]","[70, 0]","[0, 70]","[2688.35, 2688.05]"
2688.483333333333,2,S3_landing,0.22025130497104312,0.4520842116475612,0.6484941402438104,0.11610651145765613,True,prediction,"[0, 8]","(1, 1)","[None, 78]","[70, 0]","[0, 70]","[2688.35, 2688.05]"
2688.516666666667,2,S3_landing,0.22025130497104312,0.4520842116475612,0.6484941402438104,0.11610651145765613,True,prediction,"[0, 8]","(1, 1)","[None, 78]","[70, 0]","[0, 70]","[2688.35, 2688.05]"
2688.55,2,S3_landing,0.21163413090721983,0.4520842116475612,0.560089822247747,0.11573514863463986,True,prediction,"[0, 8]","(1, 1)","[None, 78]","[70, 0]","[0, 70]","[2688.55, 2688.05]"
2688.5833333333335,2,S3_landing,0.21163413090721983,0.4520842116475612,0.560089822247747,0.11573514863463986,True,prediction,"[0, 8]","(1, 1)","[None, 78]","[70, 0]","[0, 70]","[2688.55, 2688.05]"
2688.616666666667,2,S3_landing,0.21163413090721983,0.4520842116475612,0.560089822247747,0.11573514863463986,True,prediction,"[0, 8]","(1, 1)","[None, 78]","[70, 0]","[0, 70]","[2688.55, 2688.05]"
2688.65,2,S3_landing,0.20531417624829273,0.4520842116475612,0.6929884533002278,0.10812320883787238,True,prediction,"[0, 8]","(1, 1)","[None, 78]","[70, 0]","[0, 70]","[2688.65, 2688.05]"
2688.6833333333334,2,S3_landing,0.20298674910036274,0.4520842116475612,0.6447789475251453,0.1053912499603878,True,prediction,"[0, 8]","(1, 1)","[None, 78]","[70, 0]","[0, 70]","[2688.6833333333334, 2688.05]"
2688.7166666666667,2,S3_landing,0.20298674910036274,0.4520842116475612,0.6447789475251453,0.1053912499603878,True,prediction,"[0, 8]","(1, 1)","[None, 78]","[70, 0]","[0, 70]","[2688.6833333333334, 2688.05]"
2688.75,2,S3_landing,0.63033643735301,0.4520842116475612,0.793332204168072,0.793332204168072,False,prediction,"[0, 8]","(1, 1)","[None, 0]","[0, 8]","[0, 0]","[2688.75, 2688.75]"
2688.7833333333333,2,S3_landing,0.6416893282085416,0.4520842116475612,0.8305558214839225,0.8305558214839225,False,prediction,"[0, 8]","(1, 1)","[None, 0]","[0, 8]","[0, 0]","[2688.7833333333333, 2688.7833333333333]"
2688.8166666666666,2,G_fe,0.7214734088082176,0.7214734088082176,,,,,,,,,,
2688.85,2,G_fe,0.6874448302270255,0.6874448302270255,,,,,,,,,,
2688.883333333333,2,G_fe,0.6874949895241638,0.6874949895241638,,,,,,,,,,
2688.9166666666665,2,G_fe,0.6960918205481956,0.6960918205481956,,,,,,,,,,
2688.95,2,G_fe,0.6914083112501077,0.6914083112501077,,,,,,,,,,
2688.983333333333,2,G_fe,0.6914083112501077,0.6914083112501077,,,,,,,,,,
2689.016666666667,2,G_fe,0.6914083112501077,0.6914083112501077,,,,,,,,,,
2689.05,2,G_fe,0.6747110645179419,0.6747110645179419,,,,,,,,,,
2689.0833333333335,2,G_fe,0.6747110645179419,0.6747110645179419,,,,,,,,,,
2689.116666666667,2,G_fe,0.6747110645179419,0.6747110645179419,,,,,,,,,,
2689.15,2,G_fe,0.6747110645179419,0.6747110645179419,,,,,,,,,,
2689.1833333333334,2,G_fe,0.6747110645179419,0.6747110645179419,,,,,,,,,,
2689.2166666666667,2,G_fe,0.6747110645179419,0.6747110645179419,,,,,,,,,,
2689.25,2,G_fe,0.6747110645179419,0.6747110645179419,,,,,,,,,,
2689.2833333333333,2,G_fe,0.6747110645179419,0.6747110645179419,,,,,,,,,,
2689.3166666666666,2,G_fe,0.6877031857314946,0.6877031857314946,,,,,,,,,,
2689.35,2,G_fe,0.6877031857314946,0.6877031857314946,,,,,,,,,,
2689.383333333333,2,G_fe,0.6877031857314946,0.6877031857314946,,,,,,,,,,
2689.4166666666665,2,G_fe,0.6877031857314946,0.6877031857314946,,,,,,,,,,
2689.45,2,G_fe,0.6877031857314946,0.6877031857314946,,,,,,,,,,
2689.483333333333,2,G_fe,0.6661956170819322,0.6661956170819322,,,,,,,,,,
2689.516666666667,2,G_fe,0.7034467208566694,0.7034467208566694,,,,,,,,,,
2689.55,2,G_fe,0.6877699035949381,0.6877699035949381,,,,,,,,,,
2689.5833333333335,2,G_fe,0.6826675281073307,0.6826675281073307,,,,,,,,,,
2689.616666666667,2,G_fe,0.6826675281073307,0.6826675281073307,,,,,,,,,,
2689.65,2,G_fe,0.6826675281073307,0.6826675281073307,,,,,,,,,,
2689.6833333333334,2,G_fe,0.683820986580088,0.683820986580088,,,,,,,,,,
2689.7166666666667,2,G_fe,0.683820986580088,0.683820986580088,,,,,,,,,,
2689.75,2,G_fe,0.683820986580088,0.683820986580088,,,,,,,,,,
2689.7833333333333,2,G_fe,0.683820986580088,0.683820986580088,,,,,,,,,,
2689.8166666666666,2,G_fe,0.683820986580088,0.683820986580088,,,,,,,,,,
2689.85,2,G_fe,0.683820986580088,0.683820986580088,,,,,,,,,,
2689.883333333333,2,G_fe,0.683820986580088,0.683820986580088,,,,,,,,,,
2689.9166666666665,2,G_fe,0.6743305588539106,0.6743305588539106,,,,,,,,,,
2689.95,2,G_fe,0.6743305588539106,0.6743305588539106,,,,,,,,,,
2689.983333333333,2,G_fe,0.6743305588539106,0.6743305588539106,,,,,,,,,,
2690.016666666667,2,G_fe,0.6743305588539106,0.6743305588539106,,,,,,,,,,
2690.05,2,G_fe,0.6743305588539106,0.6743305588539106,,,,,,,,,,
2690.0833333333335,2,G_fe,0.6743305588539106,0.6743305588539106,,,,,,,,,,
2690.116666666667,2,G_fe,0.6743305588539106,0.6743305588539106,,,,,,,,,,
2690.15,2,G_fe,0.6743305588539106,0.6743305588539106,,,,,,,,,,
2690.1833333333334,2,G_fe,0.6743305588539106,0.6743305588539106,,,,,,,,,,
2690.2166666666667,2,G_fe,0.683820986580088,0.683820986580088,,,,,,,,,,
2690.25,2,G_fe,0.683820986580088,0.683820986580088,,,,,,,,,,
2690.2833333333333,2,G_fe,0.7135889439476951,0.7135889439476951,,,,,,,,,,
2690.3166666666666,2,G_fe,0.7135889439476951,0.7135889439476951,,,,,,,,,,
2690.35,2,G_fe,0.7112372863977654,0.7112372863977654,,,,,,,,,,
2690.383333333333,2,G_fe,0.7247453661506252,0.7247453661506252,,,,,,,,,,
2690.4166666666665,2,G_fe,0.713802657882221,0.713802657882221,,,,,,,,,,
2690.45,2,G_fe,0.7170704107920273,0.7170704107920273,,,,,,,,,,
2690.483333333333,2,S3_landing,0.374404299904671,0.7170704107920273,0.8446989091322709,0.32221105524756827,True,prediction,"[0, 18]","(1, 6)","[None, 1078]","[1060, 0]","[0, 1060]","[2690.45, 2690.483333333333]"
2690.516666666667,2,S3_landing,0.374404299904671,0.7170704107920273,0.8446989091322709,0.32221105524756827,True,prediction,"[0, 18]","(1, 6)","[None, 1078]","[1060, 0]","[0, 1060]","[2690.45, 2690.483333333333]"
2690.55,2,S3_landing,0.374404299904671,0.7170704107920273,0.8446989091322709,0.32221105524756827,True,prediction,"[0, 18]","(1, 6)","[None, 1078]","[1060, 0]","[0, 1060]","[2690.45, 2690.483333333333]"
2690.5833333333335,2,S3_landing,0.374404299904671,0.7170704107920273,0.8446989091322709,0.32221105524756827,True,prediction,"[0, 18]","(1, 6)","[None, 1078]","[1060, 0]","[0, 1060]","[2690.45, 2690.483333333333]"
2690.616666666667,2,S3_landing,0.374404299904671,0.7170704107920273,0.8446989091322709,0.32221105524756827,True,prediction,"[0, 18]","(1, 6)","[None, 1078]","[1060, 0]","[0, 1060]","[2690.45, 2690.483333333333]"
2690.65,2,S3_landing,0.374404299904671,0.7170704107920273,0.8446989091322709,0.32221105524756827,True,prediction,"[0, 18]","(1, 6)","[None, 1078]","[1060, 0]","[0, 1060]","[2690.45, 2690.483333333333]"
2690.6833333333334,2,S3_landing,0.374404299904671,0.7170704107920273,0.8446989091322709,0.32221105524756827,True,prediction,"[0, 18]","(1, 6)","[None, 1078]","[1060, 0]","[0, 1060]","[2690.45, 2690.483333333333]"
2690.7166666666667,2,S3_landing,0.8266427482865393,0.7170704107920273,0.7963225392959314,0.7963225392959314,False,prediction,"[0, 18]","(1, 5)","[None, 0]","[0, 18]","[0, 0]","[2690.45, 2690.7166666666667]"
2690.75,2,S3_landing,0.8266427482865393,0.7170704107920273,0.7963225392959314,0.7963225392959314,False,prediction,"[0, 18]","(1, 5)","[None, 0]","[0, 18]","[0, 0]","[2690.45, 2690.7166666666667]"
2690.7833333333333,2,S3_landing,0.8266427482865393,0.7170704107920273,0.7963225392959314,0.7963225392959314,False,prediction,"[0, 18]","(1, 5)","[None, 0]","[0, 18]","[0, 0]","[2690.45, 2690.7166666666667]"
2690.8166666666666,2,S3_landing,0.8266427482865393,0.7170704107920273,0.7963225392959314,0.7963225392959314,False,prediction,"[0, 18]","(1, 5)","[None, 0]","[0, 18]","[0, 0]","[2690.45, 2690.7166666666667]"
2690.85,2,S3_landing,0.8266427482865393,0.7170704107920273,0.7963225392959314,0.7963225392959314,False,prediction,"[0, 18]","(1, 5)","[None, 0]","[0, 18]","[0, 0]","[2690.45, 2690.7166666666667]"
2690.883333333333,2,S3_landing,0.8266427482865393,0.7170704107920273,0.7963225392959314,0.7963225392959314,False,prediction,"[0, 18]","(1, 5)","[None, 0]","[0, 18]","[0, 0]","[2690.45, 2690.7166666666667]"
2690.9166666666665,2,S3_landing,0.8266427482865393,0.7170704107920273,0.7963225392959314,0.7963225392959314,False,prediction,"[0, 18]","(1, 5)","[None, 0]","[0, 18]","[0, 0]","[2690.45, 2690.7166666666667]"
2690.95,2,S3_landing,0.8266427482865393,0.7170704107920273,0.7963225392959314,0.7963225392959314,False,prediction,"[0, 18]","(1, 5)","[None, 0]","[0, 18]","[0, 0]","[2690.45, 2690.7166666666667]"
2690.983333333333,2,S3_landing,0.8266427482865393,0.7170704107920273,0.7963225392959314,0.7963225392959314,False,prediction,"[0, 18]","(1, 5)","[None, 0]","[0, 18]","[0, 0]","[2690.45, 2690.7166666666667]"
2691.016666666667,2,S3_landing,0.8266427482865393,0.7170704107920273,0.7963225392959314,0.7963225392959314,False,prediction,"[0, 18]","(1, 5)","[None, 0]","[0, 18]","[0, 0]","[2690.45, 2690.7166666666667]"
2691.05,2,S3_landing,0.8266427482865393,0.7170704107920273,0.7963225392959314,0.7963225392959314,False,prediction,"[0, 18]","(1, 5)","[None, 0]","[0, 18]","[0, 0]","[2690.45, 2690.7166666666667]"
2691.0833333333335,2,S3_landing,0.8266427482865393,0.7170704107920273,0.7963225392959314,0.7963225392959314,False,prediction,"[0, 18]","(1, 5)","[None, 0]","[0, 18]","[0, 0]","[2690.45, 2690.7166666666667]"
2691.116666666667,2,S3_landing,0.8266427482865393,0.7170704107920273,0.7963225392959314,0.7963225392959314,False,prediction,"[0, 18]","(1, 5)","[None, 0]","[0, 18]","[0, 0]","[2690.45, 2690.7166666666667]"
2691.15,2,S3_landing,0.8249250564690267,0.7170704107920273,0.7924220537588303,0.7924220537588303,False,prediction,"[0, 18]","(1, 5)","[None, 0]","[0, 18]","[0, 0]","[2690.45, 2691.15]"
2691.1833333333334,2,S3_landing,0.8288056897369693,0.7170704107920273,0.801198744446996,0.801198744446996,False,prediction,"[0, 18]","(1, 5)","[None, 0]","[0, 18]","[0, 0]","[2690.45, 2691.1833333333334]"
2691.2166666666667,2,S3_landing,0.8266427482865393,0.7170704107920273,0.7963225392959314,0.7963225392959314,False,prediction,"[0, 18]","(1, 5)","[None, 0]","[0, 18]","[0, 0]","[2690.45, 2691.2166666666667]"
2691.25,2,S3_landing,0.8266427482865393,0.7170704107920273,0.7963225392959314,0.7963225392959314,False,prediction,"[0, 18]","(1, 5)","[None, 0]","[0, 18]","[0, 0]","[2690.45, 2691.2166666666667]"
2691.2833333333333,2,S3_landing,0.8266427482865393,0.7170704107920273,0.7963225392959314,0.7963225392959314,False,prediction,"[0, 18]","(1, 5)","[None, 0]","[0, 18]","[0, 0]","[2690.45, 2691.2166666666667]"
2691.3166666666666,2,S3_landing,0.8266427482865393,0.7170704107920273,0.7963225392959314,0.7963225392959314,False,prediction,"[0, 18]","(1, 5)","[None, 0]","[0, 18]","[0, 0]","[2690.45, 2691.2166666666667]"
2691.35,2,S3_landing,0.8249250564690267,0.7170704107920273,0.7924220537588303,0.7924220537588303,False,prediction,"[0, 18]","(1, 5)","[None, 0]","[0, 18]","[0, 0]","[2690.45, 2691.35]"
2691.383333333333,2,S3_landing,0.8249250564690267,0.7170704107920273,0.7924220537588303,0.7924220537588303,False,prediction,"[0, 18]","(1, 5)","[None, 0]","[0, 18]","[0, 0]","[2690.45, 2691.35]"
2691.4166666666665,2,S3_landing,0.8249250564690267,0.7170704107920273,0.7924220537588303,0.7924220537588303,False,prediction,"[0, 18]","(1, 5)","[None, 0]","[0, 18]","[0, 0]","[2690.45, 2691.35]"
2691.45,2,S3_landing,0.8249250564690267,0.7170704107920273,0.7924220537588303,0.7924220537588303,False,prediction,"[0, 18]","(1, 4)","[None, 0]","[0, 18]","[0, 0]","[2690.45, 2691.35]"
2691.483333333333,2,S3_landing,0.8249250564690267,0.7170704107920273,0.7924220537588303,0.7924220537588303,False,prediction,"[0, 18]","(1, 4)","[None, 0]","[0, 18]","[0, 0]","[2690.45, 2691.35]"
2691.516666666667,2,S3_landing,0.8270411637025585,0.7170704107920273,0.7972237292415731,0.7972237292415731,False,prediction,"[0, 18]","(1, 4)","[None, 0]","[0, 18]","[0, 0]","[2690.45, 2691.516666666667]"
2691.55,2,S3_landing,0.8270411637025585,0.7170704107920273,0.7972237292415731,0.7972237292415731,False,prediction,"[0, 18]","(1, 4)","[None, 0]","[0, 18]","[0, 0]","[2690.45, 2691.516666666667]"
2691.5833333333335,2,S3_landing,0.8270411637025585,0.7170704107920273,0.7972237292415731,0.7972237292415731,False,prediction,"[0, 18]","(1, 4)","[None, 0]","[0, 18]","[0, 0]","[2690.45, 2691.516666666667]"
2691.616666666667,2,S3_landing,0.8270411637025585,0.7170704107920273,0.7972237292415731,0.7972237292415731,False,prediction,"[0, 18]","(1, 4)","[None, 0]","[0, 18]","[0, 0]","[2690.45, 2691.516666666667]"
2691.65,2,S3_landing,0.8270411637025585,0.7170704107920273,0.7972237292415731,0.7972237292415731,False,prediction,"[0, 18]","(1, 4)","[None, 0]","[0, 18]","[0, 0]","[2690.45, 2691.516666666667]"
2691.6833333333334,2,S3_landing,0.8270411637025585,0.7170704107920273,0.7972237292415731,0.7972237292415731,False,prediction,"[0, 18]","(1, 4)","[None, 0]","[0, 18]","[0, 0]","[2690.45, 2691.516666666667]"
2691.7166666666667,2,S3_landing,0.8270411637025585,0.7170704107920273,0.7972237292415731,0.7972237292415731,False,prediction,"[0, 18]","(1, 4)","[None, 0]","[0, 18]","[0, 0]","[2690.45, 2691.516666666667]"
2691.75,2,S3_landing,0.8270411637025585,0.7170704107920273,0.7972237292415731,0.7972237292415731,False,prediction,"[0, 18]","(1, 4)","[None, 0]","[0, 18]","[0, 0]","[2690.45, 2691.516666666667]"
2691.7833333333333,2,S3_landing,0.8270411637025585,0.7170704107920273,0.7972237292415731,0.7972237292415731,False,prediction,"[0, 18]","(1, 4)","[None, 0]","[0, 18]","[0, 0]","[2690.45, 2691.516666666667]"
2691.8166666666666,2,S3_landing,0.8231158006568676,0.7170704107920273,0.7972237292415731,0.7972237292415731,False,prediction,"[0, 18]","(1, 1)","[None, None]","[0, 18]","[0, 0]","[2690.45, 2691.7833333333333]"
2691.85,2,S3_landing,0.8231158006568676,0.7170704107920273,0.7972237292415731,0.7972237292415731,False,prediction,"[0, 18]","(1, 1)","[None, None]","[0, 18]","[0, 0]","[2690.45, 2691.7833333333333]"
2691.883333333333,2,S3_landing,0.8231158006568676,0.7170704107920273,0.7972237292415731,0.7972237292415731,False,prediction,"[0, 18]","(1, 1)","[None, None]","[0, 18]","[0, 0]","[2690.45, 2691.7833333333333]"
2691.9166666666665,2,S3_landing,0.8231158006568676,0.7170704107920273,0.7972237292415731,0.7972237292415731,False,prediction,"[0, 18]","(1, 1)","[None, None]","[0, 18]","[0, 0]","[2690.45, 2691.7833333333333]"
2691.95,2,S3_landing,0.8231158006568676,0.7170704107920273,0.7972237292415731,0.7972237292415731,False,prediction,"[0, 18]","(1, 1)","[None, None]","[0, 18]","[0, 0]","[2690.45, 2691.7833333333333]"
2691.983333333333,2,S3_landing,0.8231158006568676,0.7170704107920273,0.7972237292415731,0.7972237292415731,False,prediction,"[0, 18]","(1, 1)","[None, None]","[0, 18]","[0, 0]","[2690.45, 2691.7833333333333]"
2692.016666666667,2,S3_landing,0.8231158006568676,0.7170704107920273,0.7972237292415731,0.7972237292415731,False,prediction,"[0, 18]","(1, 1)","[None, None]","[0, 18]","[0, 0]","[2690.45, 2691.7833333333333]"
2692.05,2,S3_landing,0.8231158006568676,0.7170704107920273,0.7972237292415731,0.7972237292415731,False,prediction,"[0, 18]","(1, 1)","[None, None]","[0, 18]","[0, 0]","[2690.45, 2691.7833333333333]"
2692.0833333333335,2,S3_landing,0.8231158006568676,0.7170704107920273,0.7972237292415731,0.7972237292415731,False,prediction,"[0, 18]","(1, 1)","[None, None]","[0, 18]","[0, 0]","[2690.45, 2691.7833333333333]"
2692.116666666667,2,S3_landing,0.8231158006568676,0.7170704107920273,0.7972237292415731,0.7972237292415731,False,prediction,"[0, 18]","(1, 1)","[None, None]","[0, 18]","[0, 0]","[2690.45, 2691.7833333333333]"
2692.15,2,S3_landing,0.8231158006568676,0.7170704107920273,0.7972237292415731,0.7972237292415731,False,prediction,"[0, 18]","(1, 1)","[None, None]","[0, 18]","[0, 0]","[2690.45, 2691.7833333333333]"
2692.1833333333334,2,S3_landing,0.8231158006568676,0.7170704107920273,0.7972237292415731,0.7972237292415731,False,prediction,"[0, 18]","(1, 1)","[None, None]","[0, 18]","[0, 0]","[2690.45, 2691.7833333333333]"
2692.2166666666667,2,S3_landing,0.8231158006568676,0.7170704107920273,0.7972237292415731,0.7972237292415731,False,prediction,"[0, 18]","(1, 1)","[None, None]","[0, 18]","[0, 0]","[2690.45, 2691.7833333333333]"
2692.25,2,S3_landing,0.8231158006568676,0.7170704107920273,0.7972237292415731,0.7972237292415731,False,prediction,"[0, 18]","(1, 1)","[None, None]","[0, 18]","[0, 0]","[2690.45, 2691.7833333333333]"
2692.2833333333333,2,S3_landing,0.8231158006568676,0.7170704107920273,0.7972237292415731,0.7972237292415731,False,prediction,"[0, 18]","(1, 1)","[None, None]","[0, 18]","[0, 0]","[2690.45, 2691.7833333333333]"
2692.3166666666666,2,S3_landing,0.8231158006568676,0.7170704107920273,0.7972237292415731,0.7972237292415731,False,prediction,"[0, 18]","(1, 1)","[None, None]","[0, 18]","[0, 0]","[2690.45, 2691.7833333333333]"
2692.35,2,S3_landing,0.8231158006568676,0.7170704107920273,0.7972237292415731,0.7972237292415731,False,prediction,"[0, 18]","(1, 1)","[None, None]","[0, 18]","[0, 0]","[2690.45, 2691.7833333333333]"
2692.383333333333,2,S3_landing,0.8231158006568676,0.7170704107920273,0.7972237292415731,0.7972237292415731,False,prediction,"[0, 18]","(1, 1)","[None, None]","[0, 18]","[0, 0]","[2690.45, 2691.7833333333333]"
2692.4166666666665,2,S3_landing,0.8231158006568676,0.7170704107920273,0.7972237292415731,0.7972237292415731,False,prediction,"[0, 18]","(1, 1)","[None, None]","[0, 18]","[0, 0]","[2690.45, 2691.7833333333333]"
2692.45,2,S3_landing,0.8231158006568676,0.7170704107920273,0.7972237292415731,0.7972237292415731,False,prediction,"[0, 18]","(1, 1)","[None, None]","[0, 18]","[0, 0]","[2690.45, 2691.7833333333333]"
2692.483333333333,2,S3_landing,0.8231158006568676,0.7170704107920273,0.7972237292415731,0.7972237292415731,False,prediction,"[0, 18]","(1, 1)","[None, None]","[0, 18]","[0, 0]","[2690.45, 2691.7833333333333]"
2692.516666666667,2,S3_landing,0.8231158006568676,0.7170704107920273,0.7972237292415731,0.7972237292415731,False,prediction,"[0, 18]","(1, 1)","[None, None]","[0, 18]","[0, 0]","[2690.45, 2691.7833333333333]"
2692.55,2,S3_landing,0.8231158006568676,0.7170704107920273,0.7972237292415731,0.7972237292415731,False,prediction,"[0, 18]","(1, 1)","[None, None]","[0, 18]","[0, 0]","[2690.45, 2691.7833333333333]"
2692.5833333333335,2,S3_landing,0.8231158006568676,0.7170704107920273,0.7972237292415731,0.7972237292415731,False,prediction,"[0, 18]","(1, 1)","[None, None]","[0, 18]","[0, 0]","[2690.45, 2691.7833333333333]"
2692.616666666667,2,S3_landing,0.8231158006568676,0.7170704107920273,0.7972237292415731,0.7972237292415731,False,prediction,"[0, 18]","(1, 1)","[None, None]","[0, 18]","[0, 0]","[2690.45, 2691.7833333333333]"
2692.65,2,S3_landing,0.8231158006568676,0.7170704107920273,0.7972237292415731,0.7972237292415731,False,prediction,"[0, 18]","(1, 1)","[None, None]","[0, 18]","[0, 0]","[2690.45, 2691.7833333333333]"
2692.6833333333334,2,S3_landing,0.8231158006568676,0.7170704107920273,0.7972237292415731,0.7972237292415731,False,prediction,"[0, 18]","(1, 1)","[None, None]","[0, 18]","[0, 0]","[2690.45, 2691.7833333333333]"
2692.7166666666667,2,S3_landing,0.8231158006568676,0.7170704107920273,0.7972237292415731,0.7972237292415731,False,prediction,"[0, 18]","(1, 1)","[None, None]","[0, 18]","[0, 0]","[2690.45, 2691.7833333333333]"
2692.75,2,S3_landing,0.8231158006568676,0.7170704107920273,0.7972237292415731,0.7972237292415731,False,prediction,"[0, 18]","(1, 1)","[None, None]","[0, 18]","[0, 0]","[2690.45, 2691.7833333333333]"
2692.7833333333333,2,S3_landing,0.8231158006568676,0.7170704107920273,0.7972237292415731,0.7972237292415731,False,prediction,"[0, 18]","(1, 1)","[None, None]","[0, 18]","[0, 0]","[2690.45, 2691.7833333333333]"
2692.8166666666666,2,S3_landing,0.8231158006568676,0.7170704107920273,0.7972237292415731,0.7972237292415731,False,prediction,"[0, 18]","(1, 1)","[None, None]","[0, 18]","[0, 0]","[2690.45, 2691.7833333333333]"
2692.85,2,S3_landing,0.8231158006568676,0.7170704107920273,0.7972237292415731,0.7972237292415731,False,prediction,"[0, 18]","(1, 1)","[None, None]","[0, 18]","[0, 0]","[2690.45, 2691.7833333333333]"
2692.883333333333,2,S3_landing,0.8231158006568676,0.7170704107920273,0.7972237292415731,0.7972237292415731,False,prediction,"[0, 18]","(1, 1)","[None, None]","[0, 18]","[0, 0]","[2690.45, 2691.7833333333333]"
2692.9166666666665,2,S3_landing,0.8231158006568676,0.7170704107920273,0.7972237292415731,0.7972237292415731,False,prediction,"[0, 18]","(1, 1)","[None, None]","[0, 18]","[0, 0]","[2690.45, 2691.7833333333333]"
2692.95,2,S3_landing,0.8231158006568676,0.7170704107920273,0.7972237292415731,0.7972237292415731,False,prediction,"[0, 18]","(1, 1)","[None, None]","[0, 18]","[0, 0]","[2690.45, 2691.7833333333333]"
2692.983333333333,2,S3_landing,0.8231158006568676,0.7170704107920273,0.7972237292415731,0.7972237292415731,False,prediction,"[0, 18]","(1, 1)","[None, None]","[0, 18]","[0, 0]","[2690.45, 2691.7833333333333]"
2693.016666666667,2,S3_landing,0.8231158006568676,0.7170704107920273,0.7972237292415731,0.7972237292415731,False,prediction,"[0, 18]","(1, 1)","[None, None]","[0, 18]","[0, 0]","[2690.45, 2691.7833333333333]"
2693.05,2,S3_landing,0.8231158006568676,0.7170704107920273,0.7972237292415731,0.7972237292415731,False,prediction,"[0, 18]","(1, 1)","[None, None]","[0, 18]","[0, 0]","[2690.45, 2691.7833333333333]"
2693.0833333333335,2,S3_landing,0.8231158006568676,0.7170704107920273,0.7972237292415731,0.7972237292415731,False,prediction,"[0, 18]","(1, 1)","[None, None]","[0, 18]","[0, 0]","[2690.45, 2691.7833333333333]"
2693.116666666667,2,S3_landing,0.8231158006568676,0.7170704107920273,0.7972237292415731,0.7972237292415731,False,prediction,"[0, 18]","(1, 1)","[None, None]","[0, 18]","[0, 0]","[2690.45, 2691.7833333333333]"
2693.15,2,S3_landing,0.8231158006568676,0.7170704107920273,0.7972237292415731,0.7972237292415731,False,prediction,"[0, 18]","(1, 1)","[None, None]","[0, 18]","[0, 0]","[2690.45, 2691.7833333333333]"
2693.1833333333334,2,S3_landing,0.7843123860066816,0.7170704107920273,0.7972237292415731,0.7972237292415731,False,prediction,"[0, 11]","(2, 1)","[None, None]","[0, 11]","[0, 0]","[2690.45, 2691.7833333333333]"
2693.2166666666667,2,S3_landing,0.7930718222105986,0.7170704107920273,0.813689410180408,0.813689410180408,False,prediction,"[0, 11]","(2, 1)","[None, None]","[0, 11]","[0, 0]","[2693.2166666666667, 2691.7833333333333]"
2693.25,2,S3_landing,0.7872796658067829,0.7170704107920273,0.8028637673271121,0.8028637673271121,False,prediction,"[0, 11]","(2, 1)","[None, None]","[0, 11]","[0, 0]","[2693.25, 2691.7833333333333]"
2693.2833333333333,2,S3_landing,0.7984291060157728,0.7170704107920273,0.8234777542137743,0.8234777542137743,False,prediction,"[0, 11]","(2, 1)","[None, None]","[0, 11]","[0, 0]","[2693.2833333333333, 2691.7833333333333]"
2693.3166666666666,2,S3_landing,0.7912595287095863,0.7170704107920273,0.810328819317373,0.810328819317373,False,prediction,"[0, 11]","(2, 1)","[None, None]","[0, 11]","[0, 0]","[2693.3166666666666, 2691.7833333333333]"
2693.35,2,S3_landing,0.7895382854492518,0.7170704107920273,0.8071144864715994,0.8071144864715994,False,prediction,"[0, 11]","(2, 1)","[None, None]","[0, 11]","[0, 0]","[2693.35, 2691.7833333333333]"
2693.383333333333,2,S3_landing,0.7895382854492518,0.7170704107920273,0.8071144864715994,0.8071144864715994,False,prediction,"[0, 11]","(2, 1)","[None, None]","[0, 11]","[0, 0]","[2693.35, 2691.7833333333333]"
2693.4166666666665,2,S3_landing,0.7895382854492518,0.7170704107920273,0.8071144864715994,0.8071144864715994,False,prediction,"[0, 11]","(2, 1)","[None, None]","[0, 11]","[0, 0]","[2693.35, 2691.7833333333333]"
2693.45,2,S3_landing,0.7895382854492518,0.7170704107920273,0.8071144864715994,0.8071144864715994,False,prediction,"[0, 11]","(2, 1)","[None, None]","[0, 11]","[0, 0]","[2693.35, 2691.7833333333333]"
2693.483333333333,2,S3_landing,0.7895382854492518,0.7170704107920273,0.8071144864715994,0.8071144864715994,False,prediction,"[0, 11]","(2, 1)","[None, None]","[0, 11]","[0, 0]","[2693.35, 2691.7833333333333]"
2693.516666666667,2,S3_landing,0.7895382854492518,0.7170704107920273,0.8071144864715994,0.8071144864715994,False,prediction,"[0, 11]","(2, 1)","[None, None]","[0, 11]","[0, 0]","[2693.35, 2691.7833333333333]"
2693.55,2,S3_landing,0.7895382854492518,0.7170704107920273,0.8071144864715994,0.8071144864715994,False,prediction,"[0, 11]","(2, 1)","[None, None]","[0, 11]","[0, 0]","[2693.35, 2691.7833333333333]"
2693.5833333333335,2,S3_landing,0.7895382854492518,0.7170704107920273,0.8071144864715994,0.8071144864715994,False,prediction,"[0, 11]","(2, 1)","[None, None]","[0, 11]","[0, 0]","[2693.35, 2691.7833333333333]"
2693.616666666667,2,S3_landing,0.7861253581750862,0.7170704107920273,0.8006771591369741,0.8006771591369741,False,prediction,"[0, 11]","(2, 1)","[None, None]","[0, 11]","[0, 0]","[2693.616666666667, 2691.7833333333333]"
2693.65,2,S3_landing,0.7861253581750862,0.7170704107920273,0.8006771591369741,0.8006771591369741,False,prediction,"[0, 11]","(2, 1)","[None, None]","[0, 11]","[0, 0]","[2693.616666666667, 2691.7833333333333]"
2693.6833333333334,2,S3_landing,0.7861253581750862,0.7170704107920273,0.8006771591369741,0.8006771591369741,False,prediction,"[0, 11]","(2, 1)","[None, None]","[0, 11]","[0, 0]","[2693.616666666667, 2691.7833333333333]"
2693.7166666666667,2,S3_landing,0.7861253581750862,0.7170704107920273,0.8006771591369741,0.8006771591369741,False,prediction,"[0, 11]","(3, 1)","[None, None]","[0, 11]","[0, 0]","[2693.7166666666667, 2691.7833333333333]"
2693.75,2,S3_landing,0.7861253581750862,0.7170704107920273,0.8006771591369741,0.8006771591369741,False,prediction,"[0, 11]","(3, 1)","[None, None]","[0, 11]","[0, 0]","[2693.7166666666667, 2691.7833333333333]"
2693.7833333333333,2,S3_landing,0.7861253581750862,0.7170704107920273,0.8006771591369741,0.8006771591369741,False,prediction,"[0, 11]","(3, 1)","[None, None]","[0, 11]","[0, 0]","[2693.7166666666667, 2691.7833333333333]"
2693.8166666666666,2,S3_landing,0.7861253581750862,0.7170704107920273,0.8006771591369741,0.8006771591369741,False,prediction,"[0, 11]","(3, 1)","[None, None]","[0, 11]","[0, 0]","[2693.7166666666667, 2691.7833333333333]"
2693.85,2,S3_landing,0.7861253581750862,0.7170704107920273,0.8006771591369741,0.8006771591369741,False,prediction,"[0, 11]","(3, 1)","[None, None]","[0, 11]","[0, 0]","[2693.7166666666667, 2691.7833333333333]"
2693.883333333333,2,S3_landing,0.7852317087133996,0.7170704107920273,0.7989777975383952,0.7989777975383952,False,prediction,"[0, 11]","(3, 1)","[None, None]","[0, 11]","[0, 0]","[2693.883333333333, 2691.7833333333333]"
2693.9166666666665,2,S3_landing,0.7852317087133996,0.7170704107920273,0.7989777975383952,0.7989777975383952,False,prediction,"[0, 11]","(3, 1)","[None, None]","[0, 11]","[0, 0]","[2693.883333333333, 2691.7833333333333]"
2693.95,2,S3_landing,0.7859539605994742,0.7170704107920273,0.8003516692136979,0.8003516692136979,False,prediction,"[0, 11]","(3, 1)","[None, None]","[0, 11]","[0, 0]","[2693.95, 2691.7833333333333]"
2693.983333333333,2,S3_landing,0.7888392264888872,0.7170704107920273,0.8058028183318304,0.8058028183318304,False,prediction,"[0, 11]","(3, 1)","[None, None]","[0, 11]","[0, 0]","[2693.983333333333, 2691.7833333333333]"
2694.016666666667,2,S3_landing,0.7888392264888872,0.7170704107920273,0.8058028183318304,0.8058028183318304,False,prediction,"[0, 11]","(3, 1)","[None, None]","[0, 11]","[0, 0]","[2693.983333333333, 2691.7833333333333]"
2694.05,2,S3_landing,0.7888392264888872,0.7170704107920273,0.8058028183318304,0.8058028183318304,False,prediction,"[0, 11]","(3, 1)","[None, None]","[0, 11]","[0, 0]","[2693.983333333333, 2691.7833333333333]"
2694.0833333333335,2,S3_landing,0.7888392264888872,0.7170704107920273,0.8058028183318304,0.8058028183318304,False,prediction,"[0, 11]","(3, 1)","[None, None]","[0, 11]","[0, 0]","[2693.983333333333, 2691.7833333333333]"
2694.116666666667,2,S3_landing,0.7888392264888872,0.7170704107920273,0.8058028183318304,0.8058028183318304,False,prediction,"[0, 11]","(3, 1)","[None, None]","[0, 11]","[0, 0]","[2693.983333333333, 2691.7833333333333]"
2694.15,2,S3_landing,0.7888392264888872,0.7170704107920273,0.8058028183318304,0.8058028183318304,False,prediction,"[0, 11]","(3, 1)","[None, None]","[0, 11]","[0, 0]","[2693.983333333333, 2691.7833333333333]"
2694.1833333333334,2,S3_landing,0.7888392264888872,0.7170704107920273,0.8058028183318304,0.8058028183318304,False,prediction,"[0, 11]","(3, 1)","[None, None]","[0, 11]","[0, 0]","[2693.983333333333, 2691.7833333333333]"
2694.2166666666667,2,S3_landing,0.7888392264888872,0.7170704107920273,0.8058028183318304,0.8058028183318304,False,prediction,"[0, 11]","(3, 1)","[None, None]","[0, 11]","[0, 0]","[2693.983333333333, 2691.7833333333333]"
2694.25,2,S3_landing,0.7888392264888872,0.7170704107920273,0.8058028183318304,0.8058028183318304,False,prediction,"[0, 11]","(2, 1)","[None, None]","[0, 11]","[0, 0]","[2694.016666666667, 2691.7833333333333]"
2694.2833333333333,2,S3_landing,0.7888392264888872,0.7170704107920273,0.8058028183318304,0.8058028183318304,False,prediction,"[0, 11]","(2, 1)","[None, None]","[0, 11]","[0, 0]","[2694.016666666667, 2691.7833333333333]"
2694.3166666666666,2,S3_landing,0.7888392264888872,0.7170704107920273,0.8058028183318304,0.8058028183318304,False,prediction,"[0, 11]","(2, 1)","[None, None]","[0, 11]","[0, 0]","[2694.016666666667, 2691.7833333333333]"
2694.35,2,S3_landing,0.7888392264888872,0.7170704107920273,0.8058028183318304,0.8058028183318304,False,prediction,"[0, 11]","(2, 1)","[None, None]","[0, 11]","[0, 0]","[2694.016666666667, 2691.7833333333333]"
2694.383333333333,2,S3_landing,0.7888392264888872,0.7170704107920273,0.8058028183318304,0.8058028183318304,False,prediction,"[0, 11]","(2, 1)","[None, None]","[0, 11]","[0, 0]","[2694.016666666667, 2691.7833333333333]"
2694.4166666666665,2,S3_landing,0.7888392264888872,0.7170704107920273,0.8058028183318304,0.8058028183318304,False,prediction,"[0, 11]","(2, 1)","[None, None]","[0, 11]","[0, 0]","[2694.016666666667, 2691.7833333333333]"
2694.45,2,S3_landing,0.7888392264888872,0.7170704107920273,0.8058028183318304,0.8058028183318304,False,prediction,"[0, 11]","(2, 1)","[None, None]","[0, 11]","[0, 0]","[2694.016666666667, 2691.7833333333333]"
2694.483333333333,2,S3_landing,0.7990755413906232,0.7170704107920273,0.8246438465704622,0.8246438465704622,False,prediction,"[0, 11]","(2, 1)","[None, None]","[0, 11]","[0, 0]","[2694.483333333333, 2691.7833333333333]"
2694.516666666667,2,S3_landing,0.7990755413906232,0.7170704107920273,0.8246438465704622,0.8246438465704622,False,prediction,"[0, 11]","(2, 1)","[None, None]","[0, 11]","[0, 0]","[2694.483333333333, 2691.7833333333333]"
2694.55,2,S3_landing,0.7977121048501418,0.7170704107920273,0.8221805459873145,0.8221805459873145,False,prediction,"[0, 11]","(2, 1)","[None, None]","[0, 11]","[0, 0]","[2694.55, 2691.7833333333333]"
2694.5833333333335,2,S3_landing,0.8010188401965573,0.7170704107920273,0.8281294939035628,0.8281294939035628,False,prediction,"[0, 11]","(2, 1)","[None, None]","[0, 11]","[0, 0]","[2694.5833333333335, 2691.7833333333333]"
2694.616666666667,2,S3_landing,0.7973366028954576,0.7170704107920273,0.8243013378110228,0.8243013378110228,False,prediction,"[0, 11]","(2, 1)","[None, None]","[0, 11]","[0, 0]","[2694.616666666667, 2691.7833333333333]"
2694.65,2,S3_landing,0.8014356121196845,0.7170704107920273,0.8288731453049952,0.8288731453049952,False,prediction,"[0, 11]","(2, 1)","[None, None]","[0, 11]","[0, 0]","[2694.65, 2691.7833333333333]"
2694.6833333333334,2,S3_landing,0.8014356121196845,0.7170704107920273,0.8288731453049952,0.8288731453049952,False,prediction,"[0, 11]","(2, 1)","[None, None]","[0, 11]","[0, 0]","[2694.65, 2691.7833333333333]"
2694.7166666666667,2,S3_landing,0.8014356121196845,0.7170704107920273,0.8288731453049952,0.8288731453049952,False,prediction,"[0, 11]","(2, 1)","[None, None]","[0, 11]","[0, 0]","[2694.65, 2691.7833333333333]"
2694.75,2,S3_landing,0.7900558520806028,0.7170704107920273,0.8080833099986708,0.8080833099986708,False,prediction,"[0, 11]","(2, 1)","[None, None]","[0, 11]","[0, 0]","[2694.75, 2691.7833333333333]"
2694.7833333333333,2,S3_landing,0.7900558520806028,0.7170704107920273,0.8080833099986708,0.8080833099986708,False,prediction,"[0, 11]","(2, 1)","[None, None]","[0, 11]","[0, 0]","[2694.75, 2691.7833333333333]"
2694.8166666666666,2,S3_landing,0.7900558520806028,0.7170704107920273,0.8080833099986708,0.8080833099986708,False,prediction,"[0, 11]","(2, 1)","[None, None]","[0, 11]","[0, 0]","[2694.75, 2691.7833333333333]"
2694.85,2,S3_landing,0.7900558520806028,0.7170704107920273,0.8080833099986708,0.8080833099986708,False,prediction,"[0, 11]","(2, 1)","[None, None]","[0, 11]","[0, 0]","[2694.75, 2691.7833333333333]"
2694.883333333333,2,S3_landing,0.7900558520806028,0.7170704107920273,0.8080833099986708,0.8080833099986708,False,prediction,"[0, 11]","(2, 1)","[None, None]","[0, 11]","[0, 0]","[2694.75, 2691.7833333333333]"
2694.9166666666665,2,S3_landing,0.7900558520806028,0.7170704107920273,0.8080833099986708,0.8080833099986708,False,prediction,"[0, 11]","(2, 1)","[None, None]","[0, 11]","[0, 0]","[2694.75, 2691.7833333333333]"
2694.95,2,S3_landing,0.7900558520806028,0.7170704107920273,0.8080833099986708,0.8080833099986708,False,prediction,"[0, 11]","(2, 1)","[None, None]","[0, 11]","[0, 0]","[2694.75, 2691.7833333333333]"
2694.983333333333,2,S3_landing,0.7900558520806028,0.7170704107920273,0.8080833099986708,0.8080833099986708,False,prediction,"[0, 11]","(1, 1)","[None, None]","[0, 11]","[0, 0]","[2694.983333333333, 2691.7833333333333]"
2695.016666666667,2,S3_landing,0.7900558520806028,0.7170704107920273,0.8080833099986708,0.8080833099986708,False,prediction,"[0, 11]","(1, 1)","[None, None]","[0, 11]","[0, 0]","[2694.983333333333, 2691.7833333333333]"
2695.05,2,S3_landing,0.7900558520806028,0.7170704107920273,0.8080833099986708,0.8080833099986708,False,prediction,"[0, 11]","(1, 1)","[None, None]","[0, 11]","[0, 0]","[2694.983333333333, 2691.7833333333333]"
2695.0833333333335,2,S3_landing,0.7900558520806028,0.7170704107920273,0.8080833099986708,0.8080833099986708,False,prediction,"[0, 11]","(1, 1)","[None, None]","[0, 11]","[0, 0]","[2694.983333333333, 2691.7833333333333]"
2695.116666666667,2,S3_landing,0.7900558520806028,0.7170704107920273,0.8080833099986708,0.8080833099986708,False,prediction,"[0, 11]","(1, 1)","[None, None]","[0, 11]","[0, 0]","[2694.983333333333, 2691.7833333333333]"
2695.15,2,S3_landing,0.7900558520806028,0.7170704107920273,0.8080833099986708,0.8080833099986708,False,prediction,"[0, 11]","(1, 1)","[None, None]","[0, 11]","[0, 0]","[2694.983333333333, 2691.7833333333333]"
2695.1833333333334,2,S3_landing,0.7900558520806028,0.7170704107920273,0.8080833099986708,0.8080833099986708,False,prediction,"[0, 11]","(1, 1)","[None, None]","[0, 11]","[0, 0]","[2694.983333333333, 2691.7833333333333]"
2695.2166666666667,2,S3_landing,0.7849792521546906,0.7170704107920273,0.7984967028989636,0.7984967028989636,False,prediction,"[0, 11]","(1, 1)","[None, None]","[0, 11]","[0, 0]","[2695.2166666666667, 2691.7833333333333]"
2695.25,2,S3_landing,0.7867241190755699,0.7170704107920273,0.8048499389764504,0.8048499389764504,False,prediction,"[0, 11]","(1, 1)","[None, None]","[0, 11]","[0, 0]","[2695.25, 2691.7833333333333]"
2695.2833333333333,2,S3_landing,0.7817464225354351,0.7170704107920273,0.7954426731294221,0.7954426731294221,False,prediction,"[0, 11]","(1, 1)","[None, None]","[0, 11]","[0, 0]","[2695.2833333333333, 2691.7833333333333]"
2695.3166666666666,2,S3_landing,0.784136023642001,0.7170704107920273,0.7999805686188606,0.7999805686188606,False,prediction,"[0, 11]","(1, 1)","[None, None]","[0, 11]","[0, 0]","[2695.3166666666666, 2691.7833333333333]"
2695.35,2,S3_landing,0.784136023642001,0.7170704107920273,0.7999805686188606,0.7999805686188606,False,prediction,"[0, 11]","(1, 1)","[None, None]","[0, 11]","[0, 0]","[2695.3166666666666, 2691.7833333333333]"
2695.383333333333,2,S3_landing,0.784136023642001,0.7170704107920273,0.7999805686188606,0.7999805686188606,False,prediction,"[0, 11]","(1, 1)","[None, None]","[0, 11]","[0, 0]","[2695.3166666666666, 2691.7833333333333]"
2695.4166666666665,2,S3_landing,0.784136023642001,0.7170704107920273,0.7999805686188606,0.7999805686188606,False,prediction,"[0, 11]","(1, 1)","[None, None]","[0, 11]","[0, 0]","[2695.3166666666666, 2691.7833333333333]"
2695.45,2,S3_landing,0.784136023642001,0.7170704107920273,0.7999805686188606,0.7999805686188606,False,prediction,"[0, 11]","(1, 1)","[None, None]","[0, 11]","[0, 0]","[2695.3166666666666, 2691.7833333333333]"
2695.483333333333,2,S3_landing,0.784136023642001,0.7170704107920273,0.7999805686188606,0.7999805686188606,False,prediction,"[0, 11]","(1, 1)","[None, None]","[0, 11]","[0, 0]","[2695.3166666666666, 2691.7833333333333]"
2695.516666666667,2,S3_landing,0.784136023642001,0.7170704107920273,0.7999805686188606,0.7999805686188606,False,prediction,"[0, 11]","(1, 1)","[None, None]","[0, 11]","[0, 0]","[2695.3166666666666, 2691.7833333333333]"
2695.55,2,S3_landing,0.784136023642001,0.7170704107920273,0.7999805686188606,0.7999805686188606,False,prediction,"[0, 11]","(1, 1)","[None, None]","[0, 11]","[0, 0]","[2695.3166666666666, 2691.7833333333333]"
2695.5833333333335,2,S3_landing,0.784136023642001,0.7170704107920273,0.7999805686188606,0.7999805686188606,False,prediction,"[0, 11]","(1, 1)","[None, None]","[0, 11]","[0, 0]","[2695.3166666666666, 2691.7833333333333]"
2695.616666666667,2,S3_landing,0.7815261561369862,0.7170704107920273,0.7950223840784987,0.7950223840784987,False,prediction,"[0, 11]","(1, 1)","[None, None]","[0, 11]","[0, 0]","[2695.616666666667, 2695.616666666667]"
2695.65,2,S3_landing,0.7815261561369862,0.7170704107920273,0.7950223840784987,0.7950223840784987,False,prediction,"[0, 11]","(1, 1)","[None, None]","[0, 11]","[0, 0]","[2695.616666666667, 2695.616666666667]"
2695.6833333333334,2,S3_landing,0.7815261561369862,0.7170704107920273,0.7950223840784987,0.7950223840784987,False,prediction,"[0, 11]","(1, 1)","[None, None]","[0, 11]","[0, 0]","[2695.616666666667, 2695.616666666667]"
2695.7166666666667,2,S3_landing,0.7815261561369862,0.7170704107920273,0.7950223840784987,0.7950223840784987,False,prediction,"[0, 11]","(1, 1)","[None, None]","[0, 11]","[0, 0]","[2695.616666666667, 2695.616666666667]"
2695.75,2,S3_landing,0.7815261561369862,0.7170704107920273,0.7950223840784987,0.7950223840784987,False,prediction,"[0, 11]","(1, 1)","[None, None]","[0, 11]","[0, 0]","[2695.616666666667, 2695.616666666667]"
2695.7833333333333,2,S3_landing,0.7815261561369862,0.7170704107920273,0.7950223840784987,0.7950223840784987,False,prediction,"[0, 11]","(1, 1)","[None, None]","[0, 11]","[0, 0]","[2695.616666666667, 2695.616666666667]"
2695.8166666666666,2,S3_landing,0.7815261561369862,0.7170704107920273,0.7950223840784987,0.7950223840784987,False,prediction,"[0, 11]","(1, 1)","[None, None]","[0, 11]","[0, 0]","[2695.616666666667, 2695.616666666667]"
2695.85,2,S3_landing,0.7823787847174442,0.7170704107920273,0.793515145700568,0.793515145700568,False,prediction,"[0, 11]","(1, 1)","[None, None]","[0, 11]","[0, 0]","[2695.85, 2695.65]"
2695.883333333333,2,S3_landing,0.6419899175755849,0.7170704107920273,0.8131113664881239,0.8131113664881239,False,prediction,"[0, 11]","(1, 1)","[None, None]","[0, 11]","[0, 0]","[2695.883333333333, 2695.883333333333]"
2695.9166666666665,2,S3_landing,0.655725770179331,0.7170704107920273,0.8307483954699904,0.8307483954699904,False,prediction,"[0, 11]","(1, 1)","[None, None]","[0, 11]","[0, 0]","[2695.9166666666665, 2695.9166666666665]"
2695.95,2,S3_landing,0.6575844456032044,0.7170704107920273,0.833054064792932,0.833054064792932,False,prediction,"[0, 11]","(1, 1)","[None, None]","[0, 11]","[0, 0]","[2695.95, 2695.9166666666665]"
2695.983333333333,2,S3_landing,0.6575844456032044,0.7170704107920273,0.833054064792932,0.833054064792932,False,prediction,"[0, 11]","(1, 1)","[None, None]","[0, 11]","[0, 0]","[2695.95, 2695.9166666666665]"
2696.016666666667,2,S3_landing,0.6575844456032044,0.7170704107920273,0.833054064792932,0.833054064792932,False,prediction,"[0, 11]","(1, 1)","[None, None]","[0, 11]","[0, 0]","[2695.983333333333, 2695.9166666666665]"
2696.05,2,S3_landing,0.6575844456032044,0.7170704107920273,0.833054064792932,0.833054064792932,False,prediction,"[0, 11]","(1, 1)","[None, 0]","[0, 11]","[0, 0]","[2695.983333333333, 2695.9166666666665]"
2696.0833333333335,2,S3_landing,0.6575844456032044,0.7170704107920273,0.833054064792932,0.833054064792932,False,prediction,"[0, 11]","(1, 1)","[None, 0]","[0, 11]","[0, 0]","[2695.983333333333, 2695.9166666666665]"
2696.116666666667,2,S3_landing,0.6575844456032044,0.7170704107920273,0.833054064792932,0.833054064792932,False,prediction,"[0, 11]","(1, 1)","[None, 0]","[0, 11]","[0, 0]","[2695.983333333333, 2695.9166666666665]"
2696.15,2,S3_landing,0.6575844456032044,0.7170704107920273,0.833054064792932,0.833054064792932,False,prediction,"[0, 11]","(1, 1)","[None, 0]","[0, 11]","[0, 0]","[2695.983333333333, 2695.9166666666665]"
2696.1833333333334,2,S3_landing,0.6547768194654595,0.7170704107920273,0.845877188881561,0.845877188881561,False,prediction,"[0, 11]","(1, 1)","[None, 0]","[0, 11]","[0, 0]","[2696.1833333333334, 2696.1833333333334]"
2696.2166666666667,2,G_fe,0.7129022762849839,0.7129022762849839,,,,,,,,,,
2696.25,2,G_fe,0.7129022762849839,0.7129022762849839,,,,,,,,,,
2696.2833333333333,2,G_fe,0.7129022762849839,0.7129022762849839,,,,,,,,,,
2696.3166666666666,2,G_fe,0.7129022762849839,0.7129022762849839,,,,,,,,,,
2696.35,2,G_fe,0.7129022762849839,0.7129022762849839,,,,,,,,,,
2696.383333333333,2,G_fe,0.7129022762849839,0.7129022762849839,,,,,,,,,,
2696.4166666666665,2,G_fe,0.7129022762849839,0.7129022762849839,,,,,,,,,,
2696.45,2,G_fe,0.7221467452165136,0.7221467452165136,,,,,,,,,,
2696.483333333333,2,G_fe,0.6752123248972736,0.6752123248972736,,,,,,,,,,
2696.516666666667,2,G_fe,0.6853239069582107,0.6853239069582107,,,,,,,,,,
2696.55,2,G_fe,0.6786454755259649,0.6786454755259649,,,,,,,,,,
2696.5833333333335,2,G_fe,0.6928784111667391,0.6928784111667391,,,,,,,,,,
2696.616666666667,2,G_fe,0.6928784111667391,0.6928784111667391,,,,,,,,,,
2696.65,2,G_fe,0.6928784111667391,0.6928784111667391,,,,,,,,,,
2696.6833333333334,2,G_fe,0.7703411057755484,0.7703411057755484,,,,,,,,,,
2696.7166666666667,2,G_fe,0.7703411057755484,0.7703411057755484,,,,,,,,,,
2696.75,2,G_fe,0.7703411057755484,0.7703411057755484,,,,,,,,,,
2696.7833333333333,2,G_fe,0.7703411057755484,0.7703411057755484,,,,,,,,,,
2696.8166666666666,2,G_fe,0.7716185875646373,0.7716185875646373,,,,,,,,,,
2696.85,2,G_fe,0.773245096388282,0.773245096388282,,,,,,,,,,
2696.883333333333,2,G_fe,0.773245096388282,0.773245096388282,,,,,,,,,,
2696.9166666666665,2,G_fe,0.773245096388282,0.773245096388282,,,,,,,,,,
2696.95,2,G_fe,0.776092363936863,0.776092363936863,,,,,,,,,,
2696.983333333333,2,G_fe,0.808398767726343,0.808398767726343,,,,,,,,,,
2697.016666666667,2,G_fe,0.808398767726343,0.808398767726343,,,,,,,,,,
2697.05,2,G_fe,0.808398767726343,0.808398767726343,,,,,,,,,,
2697.0833333333335,2,G_fe,0.8065038769947585,0.8065038769947585,,,,,,,,,,
2697.116666666667,2,G_fe,0.8218452653355061,0.8218452653355061,,,,,,,,,,
2697.15,2,G_fe,0.8115536056385594,0.8115536056385594,,,,,,,,,,
2697.1833333333334,2,G_fe,0.8275494493881739,0.8275494493881739,,,,,,,,,,
2697.2166666666667,2,G_fe,0.8275494493881739,0.8275494493881739,,,,,,,,,,
2697.25,2,G_fe,0.8275494493881739,0.8275494493881739,,,,,,,,,,
2697.2833333333333,2,G_fe,0.8275494493881739,0.8275494493881739,,,,,,,,,,
2697.3166666666666,2,G_fe,0.8275494493881739,0.8275494493881739,,,,,,,,,,
2697.35,2,G_fe,0.8275494493881739,0.8275494493881739,,,,,,,,,,
2697.383333333333,2,G_fe,0.8275494493881739,0.8275494493881739,,,,,,,,,,
2697.4166666666665,2,G_fe,0.8328254911828813,0.8328254911828813,,,,,,,,,,
2697.45,2,G_fe,0.8328254911828813,0.8328254911828813,,,,,,,,,,
2697.483333333333,2,G_fe,0.8328254911828813,0.8328254911828813,,,,,,,,,,
2697.516666666667,2,G_fe,0.8328254911828813,0.8328254911828813,,,,,,,,,,
2697.55,2,G_fe,0.8328254911828813,0.8328254911828813,,,,,,,,,,
2697.5833333333335,2,G_fe,0.8328254911828813,0.8328254911828813,,,,,,,,,,
2697.616666666667,2,G_fe,0.7073196695819165,0.7073196695819165,,,,,,,,,,
2697.65,2,G_fe,0.7073196695819165,0.7073196695819165,,,,,,,,,,
2697.6833333333334,2,G_fe,0.7362020016513384,0.7362020016513384,,,,,,,,,,
2697.7166666666667,2,G_fe,0.7362020016513384,0.7362020016513384,,,,,,,,,,
2697.75,2,G_fe,0.7636812508530336,0.7636812508530336,,,,,,,,,,
2697.7833333333333,2,G_fe,0.7636812508530336,0.7636812508530336,,,,,,,,,,
2697.8166666666666,2,G_fe,0.7636812508530336,0.7636812508530336,,,,,,,,,,
2697.85,2,G_fe,0.7636812508530336,0.7636812508530336,,,,,,,,,,
2697.883333333333,2,G_fe,0.7636812508530336,0.7636812508530336,,,,,,,,,,
2697.9166666666665,2,G_fe,0.7636812508530336,0.7636812508530336,,,,,,,,,,
2697.95,2,G_fe,0.7636812508530336,0.7636812508530336,,,,,,,,,,
2697.983333333333,2,G_fe,0.7622921371734455,0.7622921371734455,,,,,,,,,,
2698.016666666667,2,G_fe,0.7473453288128785,0.7473453288128785,,,,,,,,,,
2698.05,2,G_fe,0.7473453288128785,0.7473453288128785,,,,,,,,,,
2698.0833333333335,2,G_fe,0.7473453288128785,0.7473453288128785,,,,,,,,,,
2698.116666666667,2,G_fe,0.7473453288128785,0.7473453288128785,,,,,,,,,,
2698.15,2,G_fe,0.7473453288128785,0.7473453288128785,,,,,,,,,,
2698.1833333333334,2,G_fe,0.7473453288128785,0.7473453288128785,,,,,,,,,,
2698.2166666666667,2,G_fe,0.7473453288128785,0.7473453288128785,,,,,,,,,,
2698.25,2,G_fe,0.7473453288128785,0.7473453288128785,,,,,,,,,,
2698.2833333333333,2,G_fe,0.7644537332229514,0.7644537332229514,,,,,,,,,,
2698.3166666666666,2,G_fe,0.7644537332229514,0.7644537332229514,,,,,,,,,,
2698.35,2,G_fe,0.7644537332229514,0.7644537332229514,,,,,,,,,,
2698.383333333333,2,G_fe,0.7644537332229514,0.7644537332229514,,,,,,,,,,
2698.4166666666665,2,G_fe,0.7644537332229514,0.7644537332229514,,,,,,,,,,
2698.45,2,G_fe,0.7644537332229514,0.7644537332229514,,,,,,,,,,
2698.483333333333,2,G_fe,0.7644537332229514,0.7644537332229514,,,,,,,,,,
2698.516666666667,2,G_fe,0.7644537332229514,0.7644537332229514,,,,,,,,,,
2698.55,2,G_fe,0.7644537332229514,0.7644537332229514,,,,,,,,,,
2698.5833333333335,2,G_fe,0.7644537332229514,0.7644537332229514,,,,,,,,,,
2698.616666666667,2,G_fe,0.7644537332229514,0.7644537332229514,,,,,,,,,,
2698.65,2,G_fe,0.7644537332229514,0.7644537332229514,,,,,,,,,,
2698.6833333333334,2,G_fe,0.7644537332229514,0.7644537332229514,,,,,,,,,,
2698.7166666666667,2,G_fe,0.7644537332229514,0.7644537332229514,,,,,,,,,,
2698.75,2,G_fe,0.7644537332229514,0.7644537332229514,,,,,,,,,,
2698.7833333333333,2,G_fe,0.7644537332229514,0.7644537332229514,,,,,,,,,,
2698.8166666666666,2,G_fe,0.7644537332229514,0.7644537332229514,,,,,,,,,,
2698.85,2,G_fe,0.7644537332229514,0.7644537332229514,,,,,,,,,,
2698.883333333333,2,G_fe,0.7644537332229514,0.7644537332229514,,,,,,,,,,
2698.9166666666665,2,G_fe,0.7644537332229514,0.7644537332229514,,,,,,,,,,
2698.95,2,G_fe,0.7644537332229514,0.7644537332229514,,,,,,,,,,
2698.983333333333,2,G_fe,0.7644537332229514,0.7644537332229514,,,,,,,,,,
2699.016666666667,2,G_fe,0.7644537332229514,0.7644537332229514,,,,,,,,,,
2699.05,2,G_fe,0.7644537332229514,0.7644537332229514,,,,,,,,,,
2699.0833333333335,2,G_fe,0.7644537332229514,0.7644537332229514,,,,,,,,,,
2699.116666666667,2,G_fe,0.7644537332229514,0.7644537332229514,,,,,,,,,,
2699.15,2,G_fe,0.7644537332229514,0.7644537332229514,,,,,,,,,,
2699.1833333333334,2,G_fe,0.7644537332229514,0.7644537332229514,,,,,,,,,,
2699.2166666666667,2,G_fe,0.7644537332229514,0.7644537332229514,,,,,,,,,,
2699.25,2,G_fe,0.7644537332229514,0.7644537332229514,,,,,,,,,,
2699.2833333333333,2,G_fe,0.7644537332229514,0.7644537332229514,,,,,,,,,,
2699.3166666666666,2,G_fe,0.7644537332229514,0.7644537332229514,,,,,,,,,,
2699.35,2,G_fe,0.7644537332229514,0.7644537332229514,,,,,,,,,,
2699.383333333333,2,G_fe,0.7644537332229514,0.7644537332229514,,,,,,,,,,
2699.4166666666665,2,G_fe,0.7644537332229514,0.7644537332229514,,,,,,,,,,
2699.45,2,G_fe,0.7644537332229514,0.7644537332229514,,,,,,,,,,
2699.483333333333,2,G_fe,0.7644537332229514,0.7644537332229514,,,,,,,,,,
2699.516666666667,2,G_fe,0.7644537332229514,0.7644537332229514,,,,,,,,,,
2699.55,2,G_fe,0.7644537332229514,0.7644537332229514,,,,,,,,,,
2699.5833333333335,2,G_fe,0.7644537332229514,0.7644537332229514,,,,,,,,,,
2699.616666666667,2,G_fe,0.7644537332229514,0.7644537332229514,,,,,,,,,,
2699.65,2,G_fe,0.7644537332229514,0.7644537332229514,,,,,,,,,,
2699.6833333333334,2,G_fe,0.7644537332229514,0.7644537332229514,,,,,,,,,,
2699.7166666666667,2,G_fe,0.7644537332229514,0.7644537332229514,,,,,,,,,,
2699.75,2,G_fe,0.7644537332229514,0.7644537332229514,,,,,,,,,,
2699.7833333333333,2,G_fe,0.7644537332229514,0.7644537332229514,,,,,,,,,,
2699.8166666666666,2,G_fe,0.7644537332229514,0.7644537332229514,,,,,,,,,,
2699.85,2,G_fe,0.7644537332229514,0.7644537332229514,,,,,,,,,,
2699.883333333333,2,G_fe,0.7644537332229514,0.7644537332229514,,,,,,,,,,
2699.9166666666665,2,G_fe,0.7644537332229514,0.7644537332229514,,,,,,,,,,
2699.95,2,G_fe,0.7644537332229514,0.7644537332229514,,,,,,,,,,
2699.983333333333,2,G_fe,0.7644537332229514,0.7644537332229514,,,,,,,,,,
2700.016666666667,2,G_fe,0.7644537332229514,0.7644537332229514,,,,,,,,,,
2700.05,2,G_fe,0.7644537332229514,0.7644537332229514,,,,,,,,,,
2700.0833333333335,2,G_fe,0.7644537332229514,0.7644537332229514,,,,,,,,,,
2700.116666666667,2,G_fe,0.7644537332229514,0.7644537332229514,,,,,,,,,,
2700.15,2,G_fe,0.7644537332229514,0.7644537332229514,,,,,,,,,,
2700.1833333333334,2,G_fe,0.7644537332229514,0.7644537332229514,,,,,,,,,,
2700.2166666666667,2,G_fe,0.7644537332229514,0.7644537332229514,,,,,,,,,,
2700.25,2,G_fe,0.7644537332229514,0.7644537332229514,,,,,,,,,,
2700.2833333333333,2,G_fe,0.7644537332229514,0.7644537332229514,,,,,,,,,,
2700.3166666666666,2,G_fe,0.7644537332229514,0.7644537332229514,,,,,,,,,,
2700.35,2,G_fe,0.7644537332229514,0.7644537332229514,,,,,,,,,,
2700.383333333333,2,G_fe,0.7644537332229514,0.7644537332229514,,,,,,,,,,
2700.4166666666665,2,G_fe,0.7644537332229514,0.7644537332229514,,,,,,,,,,
2700.45,2,G_fe,0.7644537332229514,0.7644537332229514,,,,,,,,,,
2700.483333333333,2,G_fe,0.7644537332229514,0.7644537332229514,,,,,,,,,,
2700.516666666667,2,G_fe,0.7644537332229514,0.7644537332229514,,,,,,,,,,
2700.55,2,G_fe,0.7644537332229514,0.7644537332229514,,,,,,,,,,
2700.5833333333335,2,G_fe,0.7644537332229514,0.7644537332229514,,,,,,,,,,
2700.616666666667,2,G_fe,0.7644537332229514,0.7644537332229514,,,,,,,,,,
2700.65,2,G_fe,0.7644537332229514,0.7644537332229514,,,,,,,,,,
2700.6833333333334,2,G_fe,0.7644537332229514,0.7644537332229514,,,,,,,,,,
2700.7166666666667,2,G_fe,0.7644537332229514,0.7644537332229514,,,,,,,,,,
2700.75,2,G_fe,0.7644537332229514,0.7644537332229514,,,,,,,,,,
2700.7833333333333,2,G_fe,0.7644537332229514,0.7644537332229514,,,,,,,,,,
2700.8166666666666,2,G_fe,0.7644537332229514,0.7644537332229514,,,,,,,,,,
2700.85,2,G_fe,0.7644537332229514,0.7644537332229514,,,,,,,,,,
2700.883333333333,2,G_fe,0.7644537332229514,0.7644537332229514,,,,,,,,,,
2700.9166666666665,2,G_fe,0.7644537332229514,0.7644537332229514,,,,,,,,,,
2700.95,2,G_fe,0.7644537332229514,0.7644537332229514,,,,,,,,,,
2700.983333333333,2,G_fe,0.7644537332229514,0.7644537332229514,,,,,,,,,,
2701.016666666667,2,G_fe,0.7644537332229514,0.7644537332229514,,,,,,,,,,
2701.05,2,G_fe,0.7644537332229514,0.7644537332229514,,,,,,,,,,
2701.0833333333335,2,G_fe,0.7644537332229514,0.7644537332229514,,,,,,,,,,
2701.116666666667,2,G_fe,0.7644537332229514,0.7644537332229514,,,,,,,,,,
2701.15,2,G_fe,0.7644537332229514,0.7644537332229514,,,,,,,,,,
2701.1833333333334,2,G_fe,0.7644537332229514,0.7644537332229514,,,,,,,,,,
2701.2166666666667,2,G_fe,0.7644537332229514,0.7644537332229514,,,,,,,,,,
2701.25,3,waiting_confirmed,,,,,,,,,,,,
2701.2833333333333,3,waiting_confirmed,,,,,,,,,,,,
2701.3166666666666,3,waiting_confirmed,,,,,,,,,,,,
2701.35,3,waiting_confirmed,,,,,,,,,,,,
2701.383333333333,3,G_fe,0.6343966350219509,0.6343966350219509,,,,,,,,,,
2701.4166666666665,3,G_fe,0.6343966350219509,0.6343966350219509,,,,,,,,,,
2701.45,3,G_fe,0.6324870386841437,0.6324870386841437,,,,,,,,,,
2701.483333333333,3,G_fe,0.6324870386841437,0.6324870386841437,,,,,,,,,,
2701.516666666667,3,G_fe,0.6324870386841437,0.6324870386841437,,,,,,,,,,
2701.55,3,G_fe,0.6324870386841437,0.6324870386841437,,,,,,,,,,
2701.5833333333335,3,G_fe,0.6324870386841437,0.6324870386841437,,,,,,,,,,
2701.616666666667,3,G_fe,0.6324870386841437,0.6324870386841437,,,,,,,,,,
2701.65,3,G_fe,0.6324870386841437,0.6324870386841437,,,,,,,,,,
2701.6833333333334,3,G_fe,0.6324870386841437,0.6324870386841437,,,,,,,,,,
2701.7166666666667,3,G_fe,0.6324870386841437,0.6324870386841437,,,,,,,,,,
2701.75,3,G_fe,0.6324870386841437,0.6324870386841437,,,,,,,,,,
2701.7833333333333,3,G_fe,0.6324870386841437,0.6324870386841437,,,,,,,,,,
2701.8166666666666,3,G_fe,0.6324870386841437,0.6324870386841437,,,,,,,,,,
2701.85,3,G_fe,0.6324870386841437,0.6324870386841437,,,,,,,,,,
2701.883333333333,3,G_fe,0.6324870386841437,0.6324870386841437,,,,,,,,,,
2701.9166666666665,3,G_fe,0.6324870386841437,0.6324870386841437,,,,,,,,,,
2701.95,3,G_fe,0.6324870386841437,0.6324870386841437,,,,,,,,,,
2701.983333333333,3,G_fe,0.6324870386841437,0.6324870386841437,,,,,,,,,,
2702.016666666667,3,G_fe,0.6324870386841437,0.6324870386841437,,,,,,,,,,
2702.05,3,G_fe,0.6324870386841437,0.6324870386841437,,,,,,,,,,
2702.0833333333335,3,G_fe,0.6324870386841437,0.6324870386841437,,,,,,,,,,
2702.116666666667,3,G_fe,0.6324870386841437,0.6324870386841437,,,,,,,,,,
2702.15,3,G_fe,0.6324870386841437,0.6324870386841437,,,,,,,,,,
2702.1833333333334,3,G_fe,0.6324870386841437,0.6324870386841437,,,,,,,,,,
2702.2166666666667,3,G_fe,0.6324870386841437,0.6324870386841437,,,,,,,,,,
2702.25,3,G_fe,0.6324870386841437,0.6324870386841437,,,,,,,,,,
2702.2833333333333,3,G_fe,0.6324870386841437,0.6324870386841437,,,,,,,,,,
2702.3166666666666,3,G_fe,0.6324870386841437,0.6324870386841437,,,,,,,,,,
2702.35,3,G_fe,0.6324870386841437,0.6324870386841437,,,,,,,,,,
2702.383333333333,3,G_fe,0.6324870386841437,0.6324870386841437,,,,,,,,,,
2702.4166666666665,3,G_fe,0.6324870386841437,0.6324870386841437,,,,,,,,,,
2702.45,3,G_fe,0.6324870386841437,0.6324870386841437,,,,,,,,,,
2702.483333333333,3,G_fe,0.6324870386841437,0.6324870386841437,,,,,,,,,,
2702.516666666667,3,G_fe,0.6324870386841437,0.6324870386841437,,,,,,,,,,
2702.55,3,G_fe,0.6324870386841437,0.6324870386841437,,,,,,,,,,
2702.5833333333335,3,G_fe,0.6324870386841437,0.6324870386841437,,,,,,,,,,
2702.616666666667,3,G_fe,0.6324870386841437,0.6324870386841437,,,,,,,,,,
2702.65,3,G_fe,0.6324870386841437,0.6324870386841437,,,,,,,,,,
2702.6833333333334,3,G_fe,0.6324870386841437,0.6324870386841437,,,,,,,,,,
2702.7166666666667,3,G_fe,0.6324870386841437,0.6324870386841437,,,,,,,,,,
2702.75,3,G_fe,0.6324870386841437,0.6324870386841437,,,,,,,,,,
2702.7833333333333,3,G_fe,0.6324870386841437,0.6324870386841437,,,,,,,,,,
2702.8166666666666,3,G_fe,0.6324870386841437,0.6324870386841437,,,,,,,,,,
2702.85,3,G_fe,0.6324870386841437,0.6324870386841437,,,,,,,,,,
2702.883333333333,3,G_fe,0.6324870386841437,0.6324870386841437,,,,,,,,,,
2702.9166666666665,3,G_fe,0.6324870386841437,0.6324870386841437,,,,,,,,,,
2702.95,3,G_fe,0.6324870386841437,0.6324870386841437,,,,,,,,,,
2702.983333333333,3,G_fe,0.6324870386841437,0.6324870386841437,,,,,,,,,,
2703.016666666667,3,G_fe,0.6324870386841437,0.6324870386841437,,,,,,,,,,
2703.05,3,G_fe,0.6324870386841437,0.6324870386841437,,,,,,,,,,
2703.0833333333335,3,G_fe,0.6343966350219509,0.6343966350219509,,,,,,,,,,
2703.116666666667,3,G_fe,0.6324870386841437,0.6324870386841437,,,,,,,,,,
2703.15,3,G_fe,0.6324870386841437,0.6324870386841437,,,,,,,,,,
2703.1833333333334,3,G_fe,0.6324870386841437,0.6324870386841437,,,,,,,,,,
2703.2166666666667,3,G_fe,0.6324870386841437,0.6324870386841437,,,,,,,,,,
2703.25,3,G_fe,0.6324870386841437,0.6324870386841437,,,,,,,,,,
2703.2833333333333,3,G_fe,0.6324870386841437,0.6324870386841437,,,,,,,,,,
2703.3166666666666,3,G_fe,0.6324870386841437,0.6324870386841437,,,,,,,,,,
2703.35,3,G_fe,0.6324870386841437,0.6324870386841437,,,,,,,,,,
2703.383333333333,3,G_fe,0.6324870386841437,0.6324870386841437,,,,,,,,,,
2703.4166666666665,3,G_fe,0.6324870386841437,0.6324870386841437,,,,,,,,,,
2703.45,3,G_fe,0.6324870386841437,0.6324870386841437,,,,,,,,,,
2703.483333333333,3,G_fe,0.6324870386841437,0.6324870386841437,,,,,,,,,,
2703.516666666667,3,G_fe,0.6324870386841437,0.6324870386841437,,,,,,,,,,
2703.55,3,G_fe,0.6324870386841437,0.6324870386841437,,,,,,,,,,
2703.5833333333335,3,G_fe,0.6324870386841437,0.6324870386841437,,,,,,,,,,
2703.616666666667,3,G_fe,0.6305732685761926,0.6305732685761926,,,,,,,,,,
2703.65,3,G_fe,0.6324870386841437,0.6324870386841437,,,,,,,,,,
2703.6833333333334,3,G_fe,0.6324870386841437,0.6324870386841437,,,,,,,,,,
2703.7166666666667,3,G_fe,0.6324870386841437,0.6324870386841437,,,,,,,,,,
2703.75,3,G_fe,0.6324870386841437,0.6324870386841437,,,,,,,,,,
2703.7833333333333,3,G_fe,0.6324870386841437,0.6324870386841437,,,,,,,,,,
2703.8166666666666,3,G_fe,0.6305732685761926,0.6305732685761926,,,,,,,,,,
2703.85,3,G_fe,0.6288324996087262,0.6288324996087262,,,,,,,,,,
2703.883333333333,3,G_fe,0.6327565853577791,0.6327565853577791,,,,,,,,,,
2703.9166666666665,3,G_fe,0.6324870386841437,0.6324870386841437,,,,,,,,,,
2703.95,3,G_fe,0.6324870386841437,0.6324870386841437,,,,,,,,,,
2703.983333333333,3,G_fe,0.6324870386841437,0.6324870386841437,,,,,,,,,,
2704.016666666667,3,G_fe,0.6324870386841437,0.6324870386841437,,,,,,,,,,
2704.05,3,G_fe,0.47462415866064944,0.47462415866064944,,,,,,,,,,
2704.0833333333335,3,G_fe,0.47462415866064944,0.47462415866064944,,,,,,,,,,
2704.116666666667,3,G_fe,0.47462415866064944,0.47462415866064944,,,,,,,,,,
2704.15,3,G_fe,0.47462415866064944,0.47462415866064944,,,,,,,,,,
2704.1833333333334,3,G_fe,0.47462415866064944,0.47462415866064944,,,,,,,,,,
2704.2166666666667,3,G_fe,0.47462415866064944,0.47462415866064944,,,,,,,,,,
2704.25,3,G_fe,0.47462415866064944,0.47462415866064944,,,,,,,,,,
2704.2833333333333,3,G_fe,0.470612394241963,0.470612394241963,,,,,,,,,,
2704.3166666666666,3,G_fe,0.48585920637807506,0.48585920637807506,,,,,,,,,,
2704.35,3,G_fe,0.48585920637807506,0.48585920637807506,,,,,,,,,,
2704.383333333333,3,G_fe,0.48585920637807506,0.48585920637807506,,,,,,,,,,
2704.4166666666665,3,G_fe,0.49374133639082896,0.49374133639082896,,,,,,,,,,
2704.45,3,G_fe,0.49374133639082896,0.49374133639082896,,,,,,,,,,
2704.483333333333,3,G_fe,0.49374133639082896,0.49374133639082896,,,,,,,,,,
2704.516666666667,3,G_fe,0.49374133639082896,0.49374133639082896,,,,,,,,,,
2704.55,3,G_fe,0.49374133639082896,0.49374133639082896,,,,,,,,,,
2704.5833333333335,3,G_fe,0.49374133639082896,0.49374133639082896,,,,,,,,,,
2704.616666666667,3,G_fe,0.49374133639082896,0.49374133639082896,,,,,,,,,,
2704.65,3,G_fe,0.49374133639082896,0.49374133639082896,,,,,,,,,,
2704.6833333333334,3,G_fe,0.4963357187605452,0.4963357187605452,,,,,,,,,,
2704.7166666666667,3,G_fe,0.4959391249004413,0.4959391249004413,,,,,,,,,,
2704.75,3,G_fe,0.49374133639082896,0.49374133639082896,,,,,,,,,,
2704.7833333333333,3,G_fe,0.49374133639082896,0.49374133639082896,,,,,,,,,,
2704.8166666666666,3,G_fe,0.49374133639082896,0.49374133639082896,,,,,,,,,,
2704.85,3,G_fe,0.5148734257393613,0.5148734257393613,,,,,,,,,,
2704.883333333333,3,G_fe,0.5148734257393613,0.5148734257393613,,,,,,,,,,
2704.9166666666665,3,G_fe,0.5148734257393613,0.5148734257393613,,,,,,,,,,
2704.95,3,G_fe,0.5148734257393613,0.5148734257393613,,,,,,,,,,
2704.983333333333,3,G_fe,0.5148734257393613,0.5148734257393613,,,,,,,,,,
2705.016666666667,3,G_fe,0.5148734257393613,0.5148734257393613,,,,,,,,,,
2705.05,3,G_fe,0.5148734257393613,0.5148734257393613,,,,,,,,,,
2705.0833333333335,3,G_fe,0.5148734257393613,0.5148734257393613,,,,,,,,,,
2705.116666666667,3,G_fe,0.5148734257393613,0.5148734257393613,,,,,,,,,,
2705.15,3,G_fe,0.5148734257393613,0.5148734257393613,,,,,,,,,,
2705.1833333333334,3,G_fe,0.5148734257393613,0.5148734257393613,,,,,,,,,,
2705.2166666666667,3,G_fe,0.5148734257393613,0.5148734257393613,,,,,,,,,,
2705.25,3,G_fe,0.5148734257393613,0.5148734257393613,,,,,,,,,,
2705.2833333333333,3,G_fe,0.5145929899429917,0.5145929899429917,,,,,,,,,,
2705.3166666666666,3,G_fe,0.5145929899429917,0.5145929899429917,,,,,,,,,,
2705.35,3,G_fe,0.5145929899429917,0.5145929899429917,,,,,,,,,,
2705.383333333333,3,G_fe,0.5145929899429917,0.5145929899429917,,,,,,,,,,
2705.4166666666665,3,G_fe,0.5145929899429917,0.5145929899429917,,,,,,,,,,
2705.45,3,G_fe,0.5145929899429917,0.5145929899429917,,,,,,,,,,
2705.483333333333,3,G_fe,0.5145929899429917,0.5145929899429917,,,,,,,,,,
2705.516666666667,3,G_fe,0.5124225732982801,0.5124225732982801,,,,,,,,,,
2705.55,3,G_fe,0.5157354248275373,0.5157354248275373,,,,,,,,,,
2705.5833333333335,3,G_fe,0.5158013970053165,0.5158013970053165,,,,,,,,,,
2705.616666666667,3,G_fe,0.5170517035503206,0.5170517035503206,,,,,,,,,,
2705.65,3,G_fe,0.5170517035503206,0.5170517035503206,,,,,,,,,,
2705.6833333333334,3,G_fe,0.5020755446914147,0.5020755446914147,,,,,,,,,,
2705.7166666666667,3,G_fe,0.5020755446914147,0.5020755446914147,,,,,,,,,,
2705.75,3,G_fe,0.5020755446914147,0.5020755446914147,,,,,,,,,,
2705.7833333333333,3,G_fe,0.5020755446914147,0.5020755446914147,,,,,,,,,,
2705.8166666666666,3,G_fe,0.5020755446914147,0.5020755446914147,,,,,,,,,,
2705.85,3,G_fe,0.5020755446914147,0.5020755446914147,,,,,,,,,,
2705.883333333333,3,G_fe,0.5020755446914147,0.5020755446914147,,,,,,,,,,
2705.9166666666665,3,G_fe,0.5020755446914147,0.5020755446914147,,,,,,,,,,
2705.95,3,G_fe,0.5020755446914147,0.5020755446914147,,,,,,,,,,
2705.983333333333,3,G_fe,0.5020755446914147,0.5020755446914147,,,,,,,,,,
2706.016666666667,3,G_fe,0.5020755446914147,0.5020755446914147,,,,,,,,,,
2706.05,3,G_fe,0.5020755446914147,0.5020755446914147,,,,,,,,,,
2706.0833333333335,3,G_fe,0.5020755446914147,0.5020755446914147,,,,,,,,,,
2706.116666666667,3,G_fe,0.5020755446914147,0.5020755446914147,,,,,,,,,,
2706.15,3,G_fe,0.5125144658674948,0.5125144658674948,,,,,,,,,,
2706.1833333333334,3,G_fe,0.5125144658674948,0.5125144658674948,,,,,,,,,,
2706.2166666666667,3,G_fe,0.5125144658674948,0.5125144658674948,,,,,,,,,,
2706.25,3,G_fe,0.5125144658674948,0.5125144658674948,,,,,,,,,,
2706.2833333333333,3,G_fe,0.5125144658674948,0.5125144658674948,,,,,,,,,,
2706.3166666666666,3,G_fe,0.5080486500023893,0.5080486500023893,,,,,,,,,,
2706.35,3,G_fe,0.5133183963163677,0.5133183963163677,,,,,,,,,,
2706.383333333333,3,G_fe,0.5140056519930928,0.5140056519930928,,,,,,,,,,
2706.4166666666665,3,G_fe,0.5101541015677019,0.5101541015677019,,,,,,,,,,
2706.45,3,G_fe,0.5101541015677019,0.5101541015677019,,,,,,,,,,
2706.483333333333,3,G_fe,0.5101541015677019,0.5101541015677019,,,,,,,,,,
2706.516666666667,3,G_fe,0.5101541015677019,0.5101541015677019,,,,,,,,,,
2706.55,3,G_fe,0.5191698829728202,0.5191698829728202,,,,,,,,,,
2706.5833333333335,3,G_fe,0.5191698829728202,0.5191698829728202,,,,,,,,,,
2706.616666666667,3,G_fe,0.5191698829728202,0.5191698829728202,,,,,,,,,,
2706.65,3,G_fe,0.5191698829728202,0.5191698829728202,,,,,,,,,,
2706.6833333333334,3,G_fe,0.5191698829728202,0.5191698829728202,,,,,,,,,,
2706.7166666666667,3,G_fe,0.5191698829728202,0.5191698829728202,,,,,,,,,,
2706.75,3,G_fe,0.5191698829728202,0.5191698829728202,,,,,,,,,,
2706.7833333333333,3,G_fe,0.5191698829728202,0.5191698829728202,,,,,,,,,,
2706.8166666666666,3,G_fe,0.5191698829728202,0.5191698829728202,,,,,,,,,,
2706.85,3,G_fe,0.5191698829728202,0.5191698829728202,,,,,,,,,,
2706.883333333333,3,G_fe,0.5191698829728202,0.5191698829728202,,,,,,,,,,
2706.9166666666665,3,G_fe,0.5191698829728202,0.5191698829728202,,,,,,,,,,
2706.95,3,G_fe,0.5191698829728202,0.5191698829728202,,,,,,,,,,
2706.983333333333,3,G_fe,0.5131732975579094,0.5131732975579094,,,,,,,,,,
2707.016666666667,3,G_fe,0.5131732975579094,0.5131732975579094,,,,,,,,,,
2707.05,3,G_fe,0.5131732975579094,0.5131732975579094,,,,,,,,,,
2707.0833333333335,3,G_fe,0.5131732975579094,0.5131732975579094,,,,,,,,,,
2707.116666666667,3,G_fe,0.5131732975579094,0.5131732975579094,,,,,,,,,,
2707.15,3,G_fe,0.5131732975579094,0.5131732975579094,,,,,,,,,,
2707.1833333333334,3,G_fe,0.5131732975579094,0.5131732975579094,,,,,,,,,,
2707.2166666666667,3,G_fe,0.5065724465233106,0.5065724465233106,,,,,,,,,,
2707.25,3,G_fe,0.5128154070064982,0.5128154070064982,,,,,,,,,,
2707.2833333333333,3,G_fe,0.5140267823463026,0.5140267823463026,,,,,,,,,,
2707.3166666666666,3,G_fe,0.5117383045286357,0.5117383045286357,,,,,,,,,,
2707.35,3,G_fe,0.5117383045286357,0.5117383045286357,,,,,,,,,,
2707.383333333333,3,G_fe,0.5117383045286357,0.5117383045286357,,,,,,,,,,
2707.4166666666665,3,G_fe,0.5117383045286357,0.5117383045286357,,,,,,,,,,
2707.45,3,G_fe,0.5021272491465031,0.5021272491465031,,,,,,,,,,
2707.483333333333,3,S3_provisional,0.4603902179817939,0.5021272491465031,,,,,,,,,,
2707.516666666667,3,S3_provisional,0.4603902179817939,0.5021272491465031,,,,,,,,,,
2707.55,3,S3_provisional,0.4603902179817939,0.5021272491465031,,,,,,,,,,
2707.5833333333335,3,S3_provisional,0.4603902179817939,0.5021272491465031,,,,,,,,,,
2707.616666666667,3,S3_provisional,0.4603902179817939,0.5021272491465031,,,,,,,,,,
2707.65,3,S3_provisional,0.4603902179817939,0.5021272491465031,,,,,,,,,,
2707.6833333333334,3,S3_provisional,0.4603902179817939,0.5021272491465031,,,,,,,,,,
2707.7166666666667,3,S3_provisional,0.4603902179817939,0.5021272491465031,,,,,,,,,,
2707.75,3,S3_provisional,0.4603902179817939,0.5021272491465031,,,,,,,,,,
2707.7833333333333,3,S3_provisional,0.2970258821182995,0.5021272491465031,,,,,,,,,,
2707.8166666666666,3,S3_provisional,0.2970258821182995,0.5021272491465031,,,,,,,,,,
2707.85,3,S3_provisional,0.2970258821182995,0.5021272491465031,,,,,,,,,,
2707.883333333333,3,S3_provisional,0.2970258821182995,0.5021272491465031,,,,,,,,,,
2707.9166666666665,3,S3_provisional,0.2970258821182995,0.5021272491465031,,,,,,,,,,
2707.95,3,S3_provisional,0.2970258821182995,0.5021272491465031,,,,,,,,,,
2707.983333333333,3,S3_provisional,0.2896169997073719,0.5021272491465031,,,,,,,,,,
2708.016666666667,3,S3_provisional,0.2896169997073719,0.5021272491465031,,,,,,,,,,
2708.05,3,S3_provisional,0.2896169997073719,0.5021272491465031,,,,,,,,,,
2708.0833333333335,3,S3_provisional,0.2896169997073719,0.5021272491465031,,,,,,,,,,
2708.116666666667,3,S3_provisional,0.2896169997073719,0.5021272491465031,,,,,,,,,,
2708.15,3,S3_provisional,0.2896169997073719,0.5021272491465031,,,,,,,,,,
2708.1833333333334,3,S3_provisional,0.2896169997073719,0.5021272491465031,,,,,,,,,,
2708.2166666666667,3,S3_provisional,0.2896169997073719,0.5021272491465031,,,,,,,,,,
2708.25,3,S3_provisional,0.2896169997073719,0.5021272491465031,,,,,,,,,,
2708.2833333333333,3,S3_provisional,0.2896169997073719,0.5021272491465031,,,,,,,,,,
2708.3166666666666,3,S3_provisional,0.2896169997073719,0.5021272491465031,,,,,,,,,,
2708.35,3,S3_provisional,0.2896169997073719,0.5021272491465031,,,,,,,,,,
2708.383333333333,3,S3_provisional,0.2896169997073719,0.5021272491465031,,,,,,,,,,
2708.4166666666665,3,S3_provisional,0.2896169997073719,0.5021272491465031,,,,,,,,,,
2708.45,3,S3_provisional,0.2896169997073719,0.5021272491465031,,,,,,,,,,
2708.483333333333,3,S3_provisional,0.2896169997073719,0.5021272491465031,,,,,,,,,,
2708.516666666667,3,S3_provisional,0.2896169997073719,0.5021272491465031,,,,,,,,,,
2708.55,3,S3_provisional,0.2896169997073719,0.5021272491465031,,,,,,,,,,
2708.5833333333335,3,S3_provisional,0.2896169997073719,0.5021272491465031,,,,,,,,,,
2708.616666666667,3,S3_provisional,0.2896169997073719,0.5021272491465031,,,,,,,,,,
2708.65,3,S3_provisional,0.2896169997073719,0.5021272491465031,,,,,,,,,,
2708.6833333333334,3,S3_provisional,0.2896169997073719,0.5021272491465031,,,,,,,,,,
2708.7166666666667,3,S3_provisional,0.2896169997073719,0.5021272491465031,,,,,,,,,,
2708.75,3,S3_provisional,0.2896169997073719,0.5021272491465031,,,,,,,,,,
2708.7833333333333,3,S3_provisional,0.2896169997073719,0.5021272491465031,,,,,,,,,,
2708.8166666666666,3,S3_provisional,0.2896169997073719,0.5021272491465031,,,,,,,,,,
2708.85,3,S3_provisional,0.2896169997073719,0.5021272491465031,,,,,,,,,,
2708.883333333333,3,S3_provisional,0.2896169997073719,0.5021272491465031,,,,,,,,,,
2708.9166666666665,3,S3_provisional,0.2896169997073719,0.5021272491465031,,,,,,,,,,
2708.95,3,S3_provisional,0.2896169997073719,0.5021272491465031,,,,,,,,,,
2708.983333333333,3,S3_provisional,0.30204655725904067,0.5021272491465031,,,,,,,,,,
2709.016666666667,3,S3_provisional,0.2896169997073719,0.5021272491465031,,,,,,,,,,
2709.05,3,S3_provisional,0.2896169997073719,0.5021272491465031,,,,,,,,,,
2709.0833333333335,3,S3_provisional,0.2896169997073719,0.5021272491465031,,,,,,,,,,
2709.116666666667,3,S3_provisional,0.2896169997073719,0.5021272491465031,,,,,,,,,,
2709.15,3,S3_provisional,0.2896169997073719,0.5021272491465031,,,,,,,,,,
2709.1833333333334,3,S3_provisional,0.2896169997073719,0.5021272491465031,,,,,,,,,,
2709.2166666666667,3,S3_provisional,0.2896169997073719,0.5021272491465031,,,,,,,,,,
2709.25,3,S3_provisional,0.2896169997073719,0.5021272491465031,,,,,,,,,,
2709.2833333333333,3,S3_provisional,0.2896169997073719,0.5021272491465031,,,,,,,,,,
2709.3166666666666,3,S3_provisional,0.2896169997073719,0.5021272491465031,,,,,,,,,,
2709.35,3,S3_provisional,0.2896169997073719,0.5021272491465031,,,,,,,,,,
2709.383333333333,3,S3_provisional,0.2896169997073719,0.5021272491465031,,,,,,,,,,
2709.4166666666665,3,S3_provisional,0.2896169997073719,0.5021272491465031,,,,,,,,,,
2709.45,3,S3_provisional,0.2896169997073719,0.5021272491465031,,,,,,,,,,
2709.483333333333,3,S3_provisional,0.2896169997073719,0.5021272491465031,,,,,,,,,,
2709.516666666667,3,S3_provisional,0.2896169997073719,0.5021272491465031,,,,,,,,,,
2709.55,3,S3_provisional,0.2896169997073719,0.5021272491465031,,,,,,,,,,
2709.5833333333335,3,S3_provisional,0.2896169997073719,0.5021272491465031,,,,,,,,,,
2709.616666666667,3,S3_provisional,0.2896169997073719,0.5021272491465031,,,,,,,,,,
2709.65,3,S3_provisional,0.2896169997073719,0.5021272491465031,,,,,,,,,,
2709.6833333333334,3,S3_provisional,0.2896169997073719,0.5021272491465031,,,,,,,,,,
2709.7166666666667,3,S3_provisional,0.2896169997073719,0.5021272491465031,,,,,,,,,,
2709.75,3,S3_provisional,0.2896169997073719,0.5021272491465031,,,,,,,,,,
2709.7833333333333,3,S3_provisional,0.2896169997073719,0.5021272491465031,,,,,,,,,,
2709.8166666666666,3,S3_provisional,0.2896169997073719,0.5021272491465031,,,,,,,,,,
2709.85,3,S3_provisional,0.2896169997073719,0.5021272491465031,,,,,,,,,,
2709.883333333333,3,S3_provisional,0.2896169997073719,0.5021272491465031,,,,,,,,,,
2709.9166666666665,3,S3_provisional,0.39706137043729833,0.5021272491465031,,,,,,,,,,
2709.95,3,S3_provisional,0.39706137043729833,0.5021272491465031,,,,,,,,,,
2709.983333333333,3,S3_provisional,0.39706137043729833,0.5021272491465031,,,,,,,,,,
2710.016666666667,3,S3_provisional,0.39706137043729833,0.5021272491465031,,,,,,,,,,
2710.05,3,S3_provisional,0.39706137043729833,0.5021272491465031,,,,,,,,,,
2710.0833333333335,3,S3_provisional,0.39706137043729833,0.5021272491465031,,,,,,,,,,
2710.116666666667,3,S3_provisional,0.39706137043729833,0.5021272491465031,,,,,,,,,,
2710.15,3,S3_provisional,0.39706137043729833,0.5021272491465031,,,,,,,,,,
2710.1833333333334,3,S3_provisional,0.39706137043729833,0.5021272491465031,,,,,,,,,,
2710.2166666666667,3,S3_provisional,0.39706137043729833,0.5021272491465031,,,,,,,,,,
2710.25,3,S3_provisional,0.39706137043729833,0.5021272491465031,,,,,,,,,,
2710.2833333333333,3,S3_provisional,0.4454861143187403,0.5021272491465031,,,,,,,,,,
2710.3166666666666,3,S3_provisional,0.4454861143187403,0.5021272491465031,,,,,,,,,,
2710.35,3,S3_provisional,0.4454861143187403,0.5021272491465031,,,,,,,,,,
2710.383333333333,3,S3_provisional,0.4454861143187403,0.5021272491465031,,,,,,,,,,
2710.4166666666665,3,S3_provisional,0.4454861143187403,0.5021272491465031,,,,,,,,,,
2710.45,3,S3_provisional,0.4454861143187403,0.5021272491465031,,,,,,,,,,
2710.483333333333,3,S3_provisional,0.4454861143187403,0.5021272491465031,,,,,,,,,,
2710.516666666667,3,S3_provisional,0.4454861143187403,0.5021272491465031,,,,,,,,,,
2710.55,3,S3_provisional,0.4454861143187403,0.5021272491465031,,,,,,,,,,
2710.5833333333335,3,S3_provisional,0.6261118379067968,0.5021272491465031,,,,,,,,,,
2710.616666666667,3,S3_provisional,0.659802483281028,0.5021272491465031,,,,,,,,,,
2710.65,3,S3_provisional,0.659802483281028,0.5021272491465031,,,,,,,,,,
2710.6833333333334,3,S3_provisional,0.659802483281028,0.5021272491465031,,,,,,,,,,
2710.7166666666667,3,S3_provisional,0.659802483281028,0.5021272491465031,,,,,,,,,,
2710.75,3,S3_provisional,0.7190348326618043,0.5021272491465031,,,,,,,,,,
2710.7833333333333,3,S3_provisional,0.7190348326618043,0.5021272491465031,,,,,,,,,,
2710.8166666666666,3,S3_provisional,0.7190348326618043,0.5021272491465031,,,,,,,,,,
2710.85,3,S3_provisional,0.7190348326618043,0.5021272491465031,,,,,,,,,,
2710.883333333333,3,S3_provisional,0.7190348326618043,0.5021272491465031,,,,,,,,,,
2710.9166666666665,3,S3_provisional,0.7190348326618043,0.5021272491465031,,,,,,,,,,
2710.95,3,S3_provisional,0.7190348326618043,0.5021272491465031,,,,,,,,,,
2710.983333333333,3,S3,0.7190348326618043,0.5021272491465031,,,,,,,,,,
2711.016666666667,3,S3,0.7190348326618043,0.5021272491465031,,,,,,,,,,
2711.05,3,S3,0.4434500914060298,0.5021272491465031,,,,,,,,,,
2711.0833333333335,3,S3,0.4434500914060298,0.5021272491465031,,,,,,,,,,
2711.116666666667,3,G_fe,0.506289255040848,0.506289255040848,,,,,,,,,,
2711.15,3,G_fe,0.506289255040848,0.506289255040848,,,,,,,,,,
2711.1833333333334,3,G_fe,0.4954945122940073,0.4954945122940073,,,,,,,,,,
2711.2166666666667,3,G_fe,0.4954945122940073,0.4954945122940073,,,,,,,,,,
2711.25,3,G_fe,0.5075764287438873,0.5075764287438873,,,,,,,,,,
2711.2833333333333,3,G_fe,0.5168245390495912,0.5168245390495912,,,,,,,,,,
2711.3166666666666,3,G_fe,0.5130463632722215,0.5130463632722215,,,,,,,,,,
2711.35,3,G_fe,0.502338413856813,0.502338413856813,,,,,,,,,,
2711.383333333333,3,G_fe,0.502338413856813,0.502338413856813,,,,,,,,,,
2711.4166666666665,3,G_fe,0.502338413856813,0.502338413856813,,,,,,,,,,
2711.45,3,G_fe,0.502338413856813,0.502338413856813,,,,,,,,,,
2711.483333333333,3,G_fe,0.477918271573772,0.477918271573772,,,,,,,,,,
2711.516666666667,3,G_fe,0.477918271573772,0.477918271573772,,,,,,,,,,
2711.55,3,G_fe,0.477918271573772,0.477918271573772,,,,,,,,,,
2711.5833333333335,3,G_fe,0.477918271573772,0.477918271573772,,,,,,,,,,
2711.616666666667,3,G_fe,0.477918271573772,0.477918271573772,,,,,,,,,,
2711.65,3,G_fe,0.477918271573772,0.477918271573772,,,,,,,,,,
2711.6833333333334,3,G_fe,0.477918271573772,0.477918271573772,,,,,,,,,,
2711.7166666666667,3,G_fe,0.477918271573772,0.477918271573772,,,,,,,,,,
2711.75,3,G_fe,0.477918271573772,0.477918271573772,,,,,,,,,,
2711.7833333333333,3,G_fe,0.4860850208226753,0.4860850208226753,,,,,,,,,,
2711.8166666666666,3,G_fe,0.4860850208226753,0.4860850208226753,,,,,,,,,,
2711.85,3,G_fe,0.4860850208226753,0.4860850208226753,,,,,,,,,,
2711.883333333333,3,G_fe,0.4860850208226753,0.4860850208226753,,,,,,,,,,
2711.9166666666665,3,G_fe,0.4860850208226753,0.4860850208226753,,,,,,,,,,
2711.95,3,G_fe,0.4860850208226753,0.4860850208226753,,,,,,,,,,
2711.983333333333,3,G_fe,0.49322116234667673,0.49322116234667673,,,,,,,,,,
2712.016666666667,3,G_fe,0.495419741336821,0.495419741336821,,,,,,,,,,
2712.05,3,G_fe,0.49504102122779764,0.49504102122779764,,,,,,,,,,
2712.0833333333335,3,G_fe,0.4817628819259742,0.4817628819259742,,,,,,,,,,
2712.116666666667,3,G_fe,0.4817628819259742,0.4817628819259742,,,,,,,,,,
2712.15,3,G_fe,0.4817628819259742,0.4817628819259742,,,,,,,,,,
2712.1833333333334,3,G_fe,0.4817628819259742,0.4817628819259742,,,,,,,,,,
2712.2166666666667,3,G_fe,0.4817628819259742,0.4817628819259742,,,,,,,,,,
2712.25,3,G_fe,0.4817628819259742,0.4817628819259742,,,,,,,,,,
2712.2833333333333,3,G_fe,0.4817628819259742,0.4817628819259742,,,,,,,,,,
2712.3166666666666,3,G_fe,0.4817628819259742,0.4817628819259742,,,,,,,,,,
2712.35,3,G_fe,0.4817628819259742,0.4817628819259742,,,,,,,,,,
2712.383333333333,3,G_fe,0.4817628819259742,0.4817628819259742,,,,,,,,,,
2712.4166666666665,3,G_fe,0.4817628819259742,0.4817628819259742,,,,,,,,,,
2712.45,3,G_fe,0.47954326547424225,0.47954326547424225,,,,,,,,,,
2712.483333333333,3,G_fe,0.47954326547424225,0.47954326547424225,,,,,,,,,,
2712.516666666667,3,G_fe,0.47954326547424225,0.47954326547424225,,,,,,,,,,
2712.55,3,G_fe,0.4802446978203255,0.4802446978203255,,,,,,,,,,
2712.5833333333335,3,G_fe,0.4802446978203255,0.4802446978203255,,,,,,,,,,
2712.616666666667,3,G_fe,0.4802446978203255,0.4802446978203255,,,,,,,,,,
2712.65,3,G_fe,0.4802446978203255,0.4802446978203255,,,,,,,,,,
2712.6833333333334,3,G_fe,0.4802446978203255,0.4802446978203255,,,,,,,,,,
2712.7166666666667,3,G_fe,0.4802446978203255,0.4802446978203255,,,,,,,,,,
2712.75,3,G_fe,0.4802446978203255,0.4802446978203255,,,,,,,,,,
2712.7833333333333,3,G_fe,0.4819514245524986,0.4819514245524986,,,,,,,,,,
2712.8166666666666,3,G_fe,0.4780034915795446,0.4780034915795446,,,,,,,,,,
2712.85,3,G_fe,0.4780034915795446,0.4780034915795446,,,,,,,,,,
2712.883333333333,3,G_fe,0.4780034915795446,0.4780034915795446,,,,,,,,,,
2712.9166666666665,3,G_fe,0.4780034915795446,0.4780034915795446,,,,,,,,,,
2712.95,3,G_fe,0.4780034915795446,0.4780034915795446,,,,,,,,,,
2712.983333333333,3,G_fe,0.4780034915795446,0.4780034915795446,,,,,,,,,,
2713.016666666667,3,G_fe,0.4780034915795446,0.4780034915795446,,,,,,,,,,
2713.05,3,G_fe,0.4780034915795446,0.4780034915795446,,,,,,,,,,
2713.0833333333335,3,G_fe,0.4780034915795446,0.4780034915795446,,,,,,,,,,
2713.116666666667,3,G_fe,0.4780034915795446,0.4780034915795446,,,,,,,,,,
2713.15,3,G_fe,0.4780034915795446,0.4780034915795446,,,,,,,,,,
2713.1833333333334,3,G_fe,0.4780034915795446,0.4780034915795446,,,,,,,,,,
2713.2166666666667,3,G_fe,0.4910762048644281,0.4910762048644281,,,,,,,,,,
2713.25,3,G_fe,0.4914887982926052,0.4914887982926052,,,,,,,,,,
2713.2833333333333,3,G_fe,0.4924032467960551,0.4924032467960551,,,,,,,,,,
2713.3166666666666,3,G_fe,0.47958196342512277,0.47958196342512277,,,,,,,,,,
2713.35,3,G_fe,0.47958196342512277,0.47958196342512277,,,,,,,,,,
2713.383333333333,3,G_fe,0.47958196342512277,0.47958196342512277,,,,,,,,,,
2713.4166666666665,3,G_fe,0.47958196342512277,0.47958196342512277,,,,,,,,,,
2713.45,3,G_fe,0.4840739695976089,0.4840739695976089,,,,,,,,,,
2713.483333333333,3,G_fe,0.4840739695976089,0.4840739695976089,,,,,,,,,,
2713.516666666667,3,G_fe,0.4840739695976089,0.4840739695976089,,,,,,,,,,
2713.55,3,G_fe,0.4840739695976089,0.4840739695976089,,,,,,,,,,
2713.5833333333335,3,G_fe,0.4840739695976089,0.4840739695976089,,,,,,,,,,
2713.616666666667,3,G_fe,0.4840739695976089,0.4840739695976089,,,,,,,,,,
2713.65,3,G_fe,0.4840739695976089,0.4840739695976089,,,,,,,,,,
2713.6833333333334,3,G_fe,0.4840739695976089,0.4840739695976089,,,,,,,,,,
2713.7166666666667,3,G_fe,0.4840739695976089,0.4840739695976089,,,,,,,,,,
2713.75,3,G_fe,0.4840739695976089,0.4840739695976089,,,,,,,,,,
2713.7833333333333,3,G_fe,0.4840739695976089,0.4840739695976089,,,,,,,,,,
2713.8166666666666,3,G_fe,0.4840739695976089,0.4840739695976089,,,,,,,,,,
2713.85,3,G_fe,0.4840739695976089,0.4840739695976089,,,,,,,,,,
2713.883333333333,3,G_fe,0.4840739695976089,0.4840739695976089,,,,,,,,,,
2713.9166666666665,3,G_fe,0.4840739695976089,0.4840739695976089,,,,,,,,,,
2713.95,3,G_fe,0.49296031960439024,0.49296031960439024,,,,,,,,,,
2713.983333333333,3,G_fe,0.49296031960439024,0.49296031960439024,,,,,,,,,,
2714.016666666667,3,G_fe,0.49296031960439024,0.49296031960439024,,,,,,,,,,
2714.05,3,G_fe,0.49296031960439024,0.49296031960439024,,,,,,,,,,
2714.0833333333335,3,G_fe,0.49296031960439024,0.49296031960439024,,,,,,,,,,
2714.116666666667,3,G_fe,0.49296031960439024,0.49296031960439024,,,,,,,,,,
2714.15,3,G_fe,0.49296031960439024,0.49296031960439024,,,,,,,,,,
2714.1833333333334,3,G_fe,0.49296031960439024,0.49296031960439024,,,,,,,,,,
2714.2166666666667,3,G_fe,0.49296031960439024,0.49296031960439024,,,,,,,,,,
2714.25,3,G_fe,0.49617538625771346,0.49617538625771346,,,,,,,,,,
2714.2833333333333,3,G_fe,0.504795003757563,0.504795003757563,,,,,,,,,,
2714.3166666666666,3,G_fe,0.4899517160795075,0.4899517160795075,,,,,,,,,,
2714.35,3,G_fe,0.48959073964150873,0.48959073964150873,,,,,,,,,,
2714.383333333333,3,G_fe,0.48959073964150873,0.48959073964150873,,,,,,,,,,
2714.4166666666665,3,G_fe,0.48959073964150873,0.48959073964150873,,,,,,,,,,
2714.45,3,G_fe,0.5209389677744728,0.5209389677744728,,,,,,,,,,
2714.483333333333,3,G_fe,0.5209389677744728,0.5209389677744728,,,,,,,,,,
2714.516666666667,3,G_fe,0.5209389677744728,0.5209389677744728,,,,,,,,,,
2714.55,3,G_fe,0.5209389677744728,0.5209389677744728,,,,,,,,,,
2714.5833333333335,3,G_fe,0.5306280058669101,0.5306280058669101,,,,,,,,,,
2714.616666666667,3,G_fe,0.5306280058669101,0.5306280058669101,,,,,,,,,,
2714.65,3,G_fe,0.5306280058669101,0.5306280058669101,,,,,,,,,,
2714.6833333333334,3,G_fe,0.5306280058669101,0.5306280058669101,,,,,,,,,,
2714.7166666666667,3,G_fe,0.5306280058669101,0.5306280058669101,,,,,,,,,,
2714.75,3,G_fe,0.5300638422915145,0.5300638422915145,,,,,,,,,,
2714.7833333333333,3,G_fe,0.5300638422915145,0.5300638422915145,,,,,,,,,,
2714.8166666666666,3,G_fe,0.5300638422915145,0.5300638422915145,,,,,,,,,,
2714.85,3,G_fe,0.5300638422915145,0.5300638422915145,,,,,,,,,,
2714.883333333333,3,G_fe,0.5300638422915145,0.5300638422915145,,,,,,,,,,
2714.9166666666665,3,G_fe,0.5300638422915145,0.5300638422915145,,,,,,,,,,
2714.95,3,G_fe,0.5413070184708886,0.5413070184708886,,,,,,,,,,
2714.983333333333,3,G_fe,0.5413070184708886,0.5413070184708886,,,,,,,,,,
2715.016666666667,3,G_fe,0.5413070184708886,0.5413070184708886,,,,,,,,,,
2715.05,3,G_fe,0.5165175008736479,0.5165175008736479,,,,,,,,,,
2715.0833333333335,3,G_fe,0.4954826711177088,0.4954826711177088,,,,,,,,,,
2715.116666666667,3,G_fe,0.4954826711177088,0.4954826711177088,,,,,,,,,,
2715.15,3,G_fe,0.4954826711177088,0.4954826711177088,,,,,,,,,,
2715.1833333333334,3,G_fe,0.4954826711177088,0.4954826711177088,,,,,,,,,,
2715.2166666666667,3,G_fe,0.4954826711177088,0.4954826711177088,,,,,,,,,,
2715.25,3,G_fe,0.4954826711177088,0.4954826711177088,,,,,,,,,,
2715.2833333333333,3,G_fe,0.4954826711177088,0.4954826711177088,,,,,,,,,,
2715.3166666666666,3,G_fe,0.4954826711177088,0.4954826711177088,,,,,,,,,,
2715.35,3,G_fe,0.4954826711177088,0.4954826711177088,,,,,,,,,,
2715.383333333333,3,G_fe,0.4954826711177088,0.4954826711177088,,,,,,,,,,
2715.4166666666665,3,G_fe,0.5015231003313415,0.5015231003313415,,,,,,,,,,
2715.45,3,G_fe,0.510815643603047,0.510815643603047,,,,,,,,,,
2715.483333333333,3,G_fe,0.5085761382773144,0.5085761382773144,,,,,,,,,,
2715.516666666667,3,G_fe,0.5116548537286556,0.5116548537286556,,,,,,,,,,
2715.55,3,G_fe,0.5116548537286556,0.5116548537286556,,,,,,,,,,
2715.5833333333335,3,G_fe,0.5116548537286556,0.5116548537286556,,,,,,,,,,
2715.616666666667,3,G_fe,0.5116548537286556,0.5116548537286556,,,,,,,,,,
2715.65,3,G_fe,0.5116548537286556,0.5116548537286556,,,,,,,,,,
2715.6833333333334,3,G_fe,0.5116548537286556,0.5116548537286556,,,,,,,,,,
2715.7166666666667,3,G_fe,0.5116548537286556,0.5116548537286556,,,,,,,,,,
2715.75,3,G_fe,0.5217942721512465,0.5217942721512465,,,,,,,,,,
2715.7833333333333,3,G_fe,0.5217942721512465,0.5217942721512465,,,,,,,,,,
2715.8166666666666,3,G_fe,0.5217942721512465,0.5217942721512465,,,,,,,,,,
2715.85,3,G_fe,0.5217942721512465,0.5217942721512465,,,,,,,,,,
2715.883333333333,3,G_fe,0.5326764300379969,0.5326764300379969,,,,,,,,,,
2715.9166666666665,3,G_fe,0.5326764300379969,0.5326764300379969,,,,,,,,,,
2715.95,3,G_fe,0.5326764300379969,0.5326764300379969,,,,,,,,,,
2715.983333333333,3,G_fe,0.5326764300379969,0.5326764300379969,,,,,,,,,,
2716.016666666667,3,G_fe,0.5326764300379969,0.5326764300379969,,,,,,,,,,
2716.05,3,G_fe,0.5326764300379969,0.5326764300379969,,,,,,,,,,
2716.0833333333335,3,G_fe,0.5326764300379969,0.5326764300379969,,,,,,,,,,
2716.116666666667,3,G_fe,0.5326764300379969,0.5326764300379969,,,,,,,,,,
2716.15,3,G_fe,0.5326764300379969,0.5326764300379969,,,,,,,,,,
2716.1833333333334,3,G_fe,0.5300223061088019,0.5300223061088019,,,,,,,,,,
2716.2166666666667,3,G_fe,0.5297616807669279,0.5297616807669279,,,,,,,,,,
2716.25,3,G_fe,0.4927472497721383,0.4927472497721383,,,,,,,,,,
2716.2833333333333,3,G_fe,0.5011316981838231,0.5011316981838231,,,,,,,,,,
2716.3166666666666,3,G_fe,0.5011316981838231,0.5011316981838231,,,,,,,,,,
2716.35,3,G_fe,0.5011316981838231,0.5011316981838231,,,,,,,,,,
2716.383333333333,3,G_fe,0.5015297112658591,0.5015297112658591,,,,,,,,,,
2716.4166666666665,3,G_fe,0.5015297112658591,0.5015297112658591,,,,,,,,,,
2716.45,3,G_fe,0.5015297112658591,0.5015297112658591,,,,,,,,,,
2716.483333333333,3,G_fe,0.5015297112658591,0.5015297112658591,,,,,,,,,,
2716.516666666667,3,G_fe,0.5015297112658591,0.5015297112658591,,,,,,,,,,
2716.55,3,G_fe,0.5015297112658591,0.5015297112658591,,,,,,,,,,
2716.5833333333335,3,G_fe,0.5015297112658591,0.5015297112658591,,,,,,,,,,
2716.616666666667,3,G_fe,0.5015297112658591,0.5015297112658591,,,,,,,,,,
2716.65,3,G_fe,0.4956605371631752,0.4956605371631752,,,,,,,,,,
2716.6833333333334,3,G_fe,0.49959519822905973,0.49959519822905973,,,,,,,,,,
2716.7166666666667,3,G_fe,0.5030270161016203,0.5030270161016203,,,,,,,,,,
2716.75,3,G_fe,0.4972888173205574,0.4972888173205574,,,,,,,,,,
2716.7833333333333,3,G_fe,0.4972888173205574,0.4972888173205574,,,,,,,,,,
2716.8166666666666,3,G_fe,0.4972888173205574,0.4972888173205574,,,,,,,,,,
2716.85,3,G_fe,0.4998957803117149,0.4998957803117149,,,,,,,,,,
2716.883333333333,3,G_fe,0.4998957803117149,0.4998957803117149,,,,,,,,,,
2716.9166666666665,3,G_fe,0.4998957803117149,0.4998957803117149,,,,,,,,,,
2716.95,3,G_fe,0.4998957803117149,0.4998957803117149,,,,,,,,,,
2716.983333333333,3,G_fe,0.4998957803117149,0.4998957803117149,,,,,,,,,,
2717.016666666667,3,G_fe,0.48862063330919375,0.48862063330919375,,,,,,,,,,
2717.05,3,G_fe,0.4924383949455583,0.4924383949455583,,,,,,,,,,
2717.0833333333335,3,G_fe,0.484028212402901,0.484028212402901,,,,,,,,,,
2717.116666666667,3,G_fe,0.49344160662581427,0.49344160662581427,,,,,,,,,,
2717.15,3,G_fe,0.49344160662581427,0.49344160662581427,,,,,,,,,,
2717.1833333333334,3,G_fe,0.49344160662581427,0.49344160662581427,,,,,,,,,,
2717.2166666666667,3,G_fe,0.49344160662581427,0.49344160662581427,,,,,,,,,,
2717.25,3,G_fe,0.521159043890818,0.521159043890818,,,,,,,,,,
2717.2833333333333,3,G_fe,0.521159043890818,0.521159043890818,,,,,,,,,,
2717.3166666666666,3,G_fe,0.521159043890818,0.521159043890818,,,,,,,,,,
2717.35,3,G_fe,0.521159043890818,0.521159043890818,,,,,,,,,,
2717.383333333333,3,G_fe,0.521159043890818,0.521159043890818,,,,,,,,,,
2717.4166666666665,3,G_fe,0.521159043890818,0.521159043890818,,,,,,,,,,
2717.45,3,G_fe,0.5267406416616737,0.5267406416616737,,,,,,,,,,
2717.483333333333,3,G_fe,0.5316115498122418,0.5316115498122418,,,,,,,,,,
2717.516666666667,3,G_fe,0.5333202965157927,0.5333202965157927,,,,,,,,,,
2717.55,3,G_fe,0.5312697545861697,0.5312697545861697,,,,,,,,,,
2717.5833333333335,3,G_fe,0.5312697545861697,0.5312697545861697,,,,,,,,,,
2717.616666666667,3,G_fe,0.5312697545861697,0.5312697545861697,,,,,,,,,,
2717.65,3,G_fe,0.5312697545861697,0.5312697545861697,,,,,,,,,,
2717.6833333333334,3,G_fe,0.5312697545861697,0.5312697545861697,,,,,,,,,,
2717.7166666666667,3,G_fe,0.5312697545861697,0.5312697545861697,,,,,,,,,,
2717.75,3,G_fe,0.5312697545861697,0.5312697545861697,,,,,,,,,,
2717.7833333333333,3,G_fe,0.5233464839706679,0.5233464839706679,,,,,,,,,,
2717.8166666666666,3,G_fe,0.5303557660262486,0.5303557660262486,,,,,,,,,,
2717.85,3,G_fe,0.5243298892795502,0.5243298892795502,,,,,,,,,,
2717.883333333333,3,G_fe,0.5285521018056935,0.5285521018056935,,,,,,,,,,
2717.9166666666665,3,G_fe,0.527781150887592,0.527781150887592,,,,,,,,,,
2717.95,3,G_fe,0.527781150887592,0.527781150887592,,,,,,,,,,
2717.983333333333,3,G_fe,0.5032287966585058,0.5032287966585058,,,,,,,,,,
2718.016666666667,3,G_fe,0.5032287966585058,0.5032287966585058,,,,,,,,,,
2718.05,3,G_fe,0.5032287966585058,0.5032287966585058,,,,,,,,,,
2718.0833333333335,3,G_fe,0.5032287966585058,0.5032287966585058,,,,,,,,,,
2718.116666666667,3,G_fe,0.5032287966585058,0.5032287966585058,,,,,,,,,,
2718.15,3,G_fe,0.5065887969152733,0.5065887969152733,,,,,,,,,,
2718.1833333333334,3,G_fe,0.5017293551576353,0.5017293551576353,,,,,,,,,,
2718.2166666666667,3,G_fe,0.5097247564451951,0.5097247564451951,,,,,,,,,,
2718.25,3,G_fe,0.5147671637714565,0.5147671637714565,,,,,,,,,,
2718.2833333333333,3,G_fe,0.5147671637714565,0.5147671637714565,,,,,,,,,,
2718.3166666666666,3,G_fe,0.5147671637714565,0.5147671637714565,,,,,,,,,,
2718.35,3,G_fe,0.5147671637714565,0.5147671637714565,,,,,,,,,,
2718.383333333333,3,G_fe,0.5147671637714565,0.5147671637714565,,,,,,,,,,
2718.4166666666665,3,G_fe,0.5147671637714565,0.5147671637714565,,,,,,,,,,
2718.45,3,G_fe,0.5147671637714565,0.5147671637714565,,,,,,,,,,
2718.483333333333,3,G_fe,0.5147671637714565,0.5147671637714565,,,,,,,,,,
2718.516666666667,3,G_fe,0.5147671637714565,0.5147671637714565,,,,,,,,,,
2718.55,3,G_fe,0.5132531447261887,0.5132531447261887,,,,,,,,,,
2718.5833333333335,3,G_fe,0.5191584100519339,0.5191584100519339,,,,,,,,,,
2718.616666666667,3,G_fe,0.5108040964008544,0.5108040964008544,,,,,,,,,,
2718.65,3,G_fe,0.5144569449552473,0.5144569449552473,,,,,,,,,,
2718.6833333333334,3,G_fe,0.5144569449552473,0.5144569449552473,,,,,,,,,,
2718.7166666666667,3,G_fe,0.5067172144074328,0.5067172144074328,,,,,,,,,,
2718.75,3,G_fe,0.4882859387520842,0.4882859387520842,,,,,,,,,,
2718.7833333333333,3,G_fe,0.4882859387520842,0.4882859387520842,,,,,,,,,,
2718.8166666666666,3,G_fe,0.4882859387520842,0.4882859387520842,,,,,,,,,,
2718.85,3,G_fe,0.4882859387520842,0.4882859387520842,,,,,,,,,,
2718.883333333333,3,G_fe,0.4882859387520842,0.4882859387520842,,,,,,,,,,
2718.9166666666665,3,G_fe,0.4882859387520842,0.4882859387520842,,,,,,,,,,
2718.95,3,G_fe,0.483987514763883,0.483987514763883,,,,,,,,,,
2718.983333333333,3,G_fe,0.4759415199398962,0.4759415199398962,,,,,,,,,,
2719.016666666667,3,G_fe,0.4810138517822339,0.4810138517822339,,,,,,,,,,
2719.05,3,G_fe,0.4903743129222872,0.4903743129222872,,,,,,,,,,
2719.0833333333335,3,G_fe,0.4903743129222872,0.4903743129222872,,,,,,,,,,
2719.116666666667,3,G_fe,0.4903743129222872,0.4903743129222872,,,,,,,,,,
2719.15,3,G_fe,0.4903743129222872,0.4903743129222872,,,,,,,,,,
2719.1833333333334,3,G_fe,0.4903743129222872,0.4903743129222872,,,,,,,,,,
2719.2166666666667,3,G_fe,0.4903743129222872,0.4903743129222872,,,,,,,,,,
2719.25,3,G_fe,0.4903743129222872,0.4903743129222872,,,,,,,,,,
2719.2833333333333,3,G_fe,0.4903743129222872,0.4903743129222872,,,,,,,,,,
2719.3166666666666,3,G_fe,0.4903743129222872,0.4903743129222872,,,,,,,,,,
2719.35,3,G_fe,0.4973306659202833,0.4973306659202833,,,,,,,,,,
2719.383333333333,3,G_fe,0.49539486390413034,0.49539486390413034,,,,,,,,,,
2719.4166666666665,3,G_fe,0.49539486390413034,0.49539486390413034,,,,,,,,,,
2719.45,3,G_fe,0.49539486390413034,0.49539486390413034,,,,,,,,,,
2719.483333333333,3,G_fe,0.5006102950518686,0.5006102950518686,,,,,,,,,,
2719.516666666667,3,G_fe,0.5006102950518686,0.5006102950518686,,,,,,,,,,
2719.55,3,G_fe,0.5006102950518686,0.5006102950518686,,,,,,,,,,
2719.5833333333335,3,G_fe,0.5006102950518686,0.5006102950518686,,,,,,,,,,
2719.616666666667,3,G_fe,0.5006102950518686,0.5006102950518686,,,,,,,,,,
2719.65,3,G_fe,0.5006102950518686,0.5006102950518686,,,,,,,,,,
2719.6833333333334,3,G_fe,0.5138855926623056,0.5138855926623056,,,,,,,,,,
2719.7166666666667,3,G_fe,0.5138855926623056,0.5138855926623056,,,,,,,,,,
2719.75,3,G_fe,0.5138855926623056,0.5138855926623056,,,,,,,,,,
2719.7833333333333,3,G_fe,0.5138855926623056,0.5138855926623056,,,,,,,,,,
2719.8166666666666,3,G_fe,0.5138855926623056,0.5138855926623056,,,,,,,,,,
2719.85,3,G_fe,0.5081485722050137,0.5081485722050137,,,,,,,,,,
2719.883333333333,3,G_fe,0.5081485722050137,0.5081485722050137,,,,,,,,,,
2719.9166666666665,3,G_fe,0.5090352549982102,0.5090352549982102,,,,,,,,,,
2719.95,3,G_fe,0.514392440700562,0.514392440700562,,,,,,,,,,
2719.983333333333,3,G_fe,0.5191941565234327,0.5191941565234327,,,,,,,,,,
2720.016666666667,3,G_fe,0.5185829916384199,0.5185829916384199,,,,,,,,,,
2720.05,3,G_fe,0.5198904214084535,0.5198904214084535,,,,,,,,,,
2720.0833333333335,3,G_fe,0.514411074032315,0.514411074032315,,,,,,,,,,
2720.116666666667,3,G_fe,0.5201766235683961,0.5201766235683961,,,,,,,,,,
2720.15,3,G_fe,0.5201766235683961,0.5201766235683961,,,,,,,,,,
2720.1833333333334,3,G_fe,0.5201766235683961,0.5201766235683961,,,,,,,,,,
2720.2166666666667,3,G_fe,0.5201766235683961,0.5201766235683961,,,,,,,,,,
2720.25,3,G_fe,0.5138016426371487,0.5138016426371487,,,,,,,,,,
2720.2833333333333,3,G_fe,0.5138016426371487,0.5138016426371487,,,,,,,,,,
2720.3166666666666,3,G_fe,0.5138016426371487,0.5138016426371487,,,,,,,,,,
2720.35,3,G_fe,0.5117358844941162,0.5117358844941162,,,,,,,,,,
2720.383333333333,3,G_fe,0.5117358844941162,0.5117358844941162,,,,,,,,,,
2720.4166666666665,3,G_fe,0.5117358844941162,0.5117358844941162,,,,,,,,,,
2720.45,3,G_fe,0.5117358844941162,0.5117358844941162,,,,,,,,,,
2720.483333333333,3,G_fe,0.5117358844941162,0.5117358844941162,,,,,,,,,,
2720.516666666667,3,G_fe,0.5010353671097683,0.5010353671097683,,,,,,,,,,
2720.55,3,G_fe,0.5093636231132991,0.5093636231132991,,,,,,,,,,
2720.5833333333335,3,G_fe,0.5028763608563233,0.5028763608563233,,,,,,,,,,
2720.616666666667,3,G_fe,0.5003647381589963,0.5003647381589963,,,,,,,,,,
2720.65,3,G_fe,0.5003647381589963,0.5003647381589963,,,,,,,,,,
2720.6833333333334,3,G_fe,0.5003647381589963,0.5003647381589963,,,,,,,,,,
2720.7166666666667,3,G_fe,0.4943068462150334,0.4943068462150334,,,,,,,,,,
2720.75,3,G_fe,0.4943068462150334,0.4943068462150334,,,,,,,,,,
2720.7833333333333,3,G_fe,0.49394882740101986,0.49394882740101986,,,,,,,,,,
2720.8166666666666,3,G_fe,0.5026702923274665,0.5026702923274665,,,,,,,,,,
2720.85,3,G_fe,0.5026702923274665,0.5026702923274665,,,,,,,,,,
2720.883333333333,3,G_fe,0.5026702923274665,0.5026702923274665,,,,,,,,,,
2720.9166666666665,3,G_fe,0.5026702923274665,0.5026702923274665,,,,,,,,,,
2720.95,3,G_fe,0.49046145533331637,0.49046145533331637,,,,,,,,,,
2720.983333333333,3,G_fe,0.49046145533331637,0.49046145533331637,,,,,,,,,,
2721.016666666667,3,G_fe,0.49046145533331637,0.49046145533331637,,,,,,,,,,
2721.05,3,G_fe,0.49046145533331637,0.49046145533331637,,,,,,,,,,
2721.0833333333335,3,G_fe,0.49046145533331637,0.49046145533331637,,,,,,,,,,
2721.116666666667,3,G_fe,0.49046145533331637,0.49046145533331637,,,,,,,,,,
2721.15,3,G_fe,0.49046145533331637,0.49046145533331637,,,,,,,,,,
2721.1833333333334,3,G_fe,0.49046145533331637,0.49046145533331637,,,,,,,,,,
2721.2166666666667,3,G_fe,0.49046145533331637,0.49046145533331637,,,,,,,,,,
2721.25,3,G_fe,0.49046145533331637,0.49046145533331637,,,,,,,,,,
2721.2833333333333,3,G_fe,0.49046145533331637,0.49046145533331637,,,,,,,,,,
2721.3166666666666,3,G_fe,0.49046145533331637,0.49046145533331637,,,,,,,,,,
2721.35,3,G_fe,0.49046145533331637,0.49046145533331637,,,,,,,,,,
2721.383333333333,3,G_fe,0.49046145533331637,0.49046145533331637,,,,,,,,,,
2721.4166666666665,3,G_fe,0.4815955304749843,0.4815955304749843,,,,,,,,,,
2721.45,3,G_fe,0.48179879423880245,0.48179879423880245,,,,,,,,,,
2721.483333333333,3,G_fe,0.48483962641255063,0.48483962641255063,,,,,,,,,,
2721.516666666667,3,G_fe,0.4853555744728971,0.4853555744728971,,,,,,,,,,
2721.55,3,G_fe,0.4853555744728971,0.4853555744728971,,,,,,,,,,
2721.5833333333335,3,G_fe,0.4853555744728971,0.4853555744728971,,,,,,,,,,
2721.616666666667,3,G_fe,0.46465355253677154,0.46465355253677154,,,,,,,,,,
2721.65,3,G_fe,0.4677135935492988,0.4677135935492988,,,,,,,,,,
2721.6833333333334,3,G_fe,0.4677135935492988,0.4677135935492988,,,,,,,,,,
2721.7166666666667,3,G_fe,0.47131340750147127,0.47131340750147127,,,,,,,,,,
2721.75,3,G_fe,0.4703824529037516,0.4703824529037516,,,,,,,,,,
2721.7833333333333,3,G_fe,0.4703824529037516,0.4703824529037516,,,,,,,,,,
2721.8166666666666,3,G_fe,0.4703824529037516,0.4703824529037516,,,,,,,,,,
2721.85,3,G_fe,0.4703824529037516,0.4703824529037516,,,,,,,,,,
2721.883333333333,3,G_fe,0.4703824529037516,0.4703824529037516,,,,,,,,,,
2721.9166666666665,3,G_fe,0.4703824529037516,0.4703824529037516,,,,,,,,,,
2721.95,3,G_fe,0.4703824529037516,0.4703824529037516,,,,,,,,,,
2721.983333333333,3,G_fe,0.4703824529037516,0.4703824529037516,,,,,,,,,,
2722.016666666667,3,G_fe,0.4703824529037516,0.4703824529037516,,,,,,,,,,
2722.05,3,G_fe,0.4703824529037516,0.4703824529037516,,,,,,,,,,
2722.0833333333335,3,G_fe,0.47306521012832037,0.47306521012832037,,,,,,,,,,
2722.116666666667,3,G_fe,0.4991228065865652,0.4991228065865652,,,,,,,,,,
2722.15,3,G_fe,0.49844233834420265,0.49844233834420265,,,,,,,,,,
2722.1833333333334,3,G_fe,0.5064769478850932,0.5064769478850932,,,,,,,,,,
2722.2166666666667,3,G_fe,0.5064769478850932,0.5064769478850932,,,,,,,,,,
2722.25,3,G_fe,0.5064769478850932,0.5064769478850932,,,,,,,,,,
2722.2833333333333,3,G_fe,0.5064769478850932,0.5064769478850932,,,,,,,,,,
2722.3166666666666,3,G_fe,0.5064769478850932,0.5064769478850932,,,,,,,,,,
2722.35,3,G_fe,0.5070384618664547,0.5070384618664547,,,,,,,,,,
2722.383333333333,3,G_fe,0.5188286590803728,0.5188286590803728,,,,,,,,,,
2722.4166666666665,3,G_fe,0.5164717677990255,0.5164717677990255,,,,,,,,,,
2722.45,3,G_fe,0.5299634578754576,0.5299634578754576,,,,,,,,,,
2722.483333333333,3,G_fe,0.5299634578754576,0.5299634578754576,,,,,,,,,,
2722.516666666667,3,G_fe,0.5299634578754576,0.5299634578754576,,,,,,,,,,
2722.55,3,G_fe,0.5299634578754576,0.5299634578754576,,,,,,,,,,
2722.5833333333335,3,G_fe,0.5299634578754576,0.5299634578754576,,,,,,,,,,
2722.616666666667,3,G_fe,0.5284796895713489,0.5284796895713489,,,,,,,,,,
2722.65,3,G_fe,0.5284796895713489,0.5284796895713489,,,,,,,,,,
2722.6833333333334,3,G_fe,0.5284796895713489,0.5284796895713489,,,,,,,,,,
2722.7166666666667,3,G_fe,0.5284796895713489,0.5284796895713489,,,,,,,,,,
2722.75,3,G_fe,0.5284796895713489,0.5284796895713489,,,,,,,,,,
2722.7833333333333,3,G_fe,0.4899954961858443,0.4899954961858443,,,,,,,,,,
2722.8166666666666,3,G_fe,0.4899954961858443,0.4899954961858443,,,,,,,,,,
2722.85,3,G_fe,0.4899954961858443,0.4899954961858443,,,,,,,,,,
2722.883333333333,3,G_fe,0.4899954961858443,0.4899954961858443,,,,,,,,,,
2722.9166666666665,3,G_fe,0.4899954961858443,0.4899954961858443,,,,,,,,,,
2722.95,3,G_fe,0.47093244040383553,0.47093244040383553,,,,,,,,,,
2722.983333333333,3,G_fe,0.47427478173426285,0.47427478173426285,,,,,,,,,,
2723.016666666667,3,G_fe,0.47301441897609015,0.47301441897609015,,,,,,,,,,
2723.05,3,G_fe,0.45743304375605237,0.45743304375605237,,,,,,,,,,
2723.0833333333335,3,G_fe,0.44981046938262914,0.44981046938262914,,,,,,,,,,
2723.116666666667,3,G_fe,0.45026707655886766,0.45026707655886766,,,,,,,,,,
2723.15,3,G_fe,0.4482079945069593,0.4482079945069593,,,,,,,,,,
2723.1833333333334,3,G_fe,0.4387489632906156,0.4387489632906156,,,,,,,,,,
2723.2166666666667,3,G_fe,0.4387489632906156,0.4387489632906156,,,,,,,,,,
2723.25,3,G_fe,0.4387489632906156,0.4387489632906156,,,,,,,,,,
2723.2833333333333,3,G_fe,0.4387489632906156,0.4387489632906156,,,,,,,,,,
2723.3166666666666,3,G_fe,0.4387489632906156,0.4387489632906156,,,,,,,,,,
2723.35,3,G_fe,0.4387489632906156,0.4387489632906156,,,,,,,,,,
2723.383333333333,3,G_fe,0.48627310720553324,0.48627310720553324,,,,,,,,,,
2723.4166666666665,3,G_fe,0.4924653776020993,0.4924653776020993,,,,,,,,,,
2723.45,3,G_fe,0.4924653776020993,0.4924653776020993,,,,,,,,,,
2723.483333333333,3,G_fe,0.4924653776020993,0.4924653776020993,,,,,,,,,,
2723.516666666667,3,G_fe,0.4924653776020993,0.4924653776020993,,,,,,,,,,
2723.55,3,G_fe,0.4924653776020993,0.4924653776020993,,,,,,,,,,
2723.5833333333335,3,G_fe,0.5104147730983039,0.5104147730983039,,,,,,,,,,
2723.616666666667,3,G_fe,0.5057799397653565,0.5057799397653565,,,,,,,,,,
2723.65,3,G_fe,0.5115633199783901,0.5115633199783901,,,,,,,,,,
2723.6833333333334,3,G_fe,0.5110555549685253,0.5110555549685253,,,,,,,,,,
2723.7166666666667,3,G_fe,0.5163330621173204,0.5163330621173204,,,,,,,,,,
2723.75,3,G_fe,0.5229480730831508,0.5229480730831508,,,,,,,,,,
2723.7833333333333,3,G_fe,0.513323552806601,0.513323552806601,,,,,,,,,,
2723.8166666666666,3,G_fe,0.507350094155644,0.507350094155644,,,,,,,,,,
2723.85,3,G_fe,0.507350094155644,0.507350094155644,,,,,,,,,,
2723.883333333333,3,G_fe,0.507350094155644,0.507350094155644,,,,,,,,,,
2723.9166666666665,3,G_fe,0.50292332347885,0.50292332347885,,,,,,,,,,
2723.95,3,G_fe,0.50292332347885,0.50292332347885,,,,,,,,,,
2723.983333333333,3,G_fe,0.50292332347885,0.50292332347885,,,,,,,,,,
2724.016666666667,3,G_fe,0.50292332347885,0.50292332347885,,,,,,,,,,
2724.05,3,G_fe,0.50292332347885,0.50292332347885,,,,,,,,,,
2724.0833333333335,3,G_fe,0.50292332347885,0.50292332347885,,,,,,,,,,
2724.116666666667,3,G_fe,0.50292332347885,0.50292332347885,,,,,,,,,,
2724.15,3,G_fe,0.50292332347885,0.50292332347885,,,,,,,,,,
2724.1833333333334,3,G_fe,0.49806254862131055,0.49806254862131055,,,,,,,,,,
2724.2166666666667,3,G_fe,0.49806254862131055,0.49806254862131055,,,,,,,,,,
2724.25,3,G_fe,0.49806254862131055,0.49806254862131055,,,,,,,,,,
2724.2833333333333,3,G_fe,0.49806254862131055,0.49806254862131055,,,,,,,,,,
2724.3166666666666,3,G_fe,0.49806254862131055,0.49806254862131055,,,,,,,,,,
2724.35,3,G_fe,0.49806254862131055,0.49806254862131055,,,,,,,,,,
2724.383333333333,3,G_fe,0.49754454982388646,0.49754454982388646,,,,,,,,,,
2724.4166666666665,3,G_fe,0.500809694478177,0.500809694478177,,,,,,,,,,
2724.45,3,G_fe,0.49681079397356115,0.49681079397356115,,,,,,,,,,
2724.483333333333,3,G_fe,0.49552791321472034,0.49552791321472034,,,,,,,,,,
2724.516666666667,3,G_fe,0.49552791321472034,0.49552791321472034,,,,,,,,,,
2724.55,3,G_fe,0.49552791321472034,0.49552791321472034,,,,,,,,,,
2724.5833333333335,3,G_fe,0.49552791321472034,0.49552791321472034,,,,,,,,,,
2724.616666666667,3,G_fe,0.49552791321472034,0.49552791321472034,,,,,,,,,,
2724.65,3,G_fe,0.49552791321472034,0.49552791321472034,,,,,,,,,,
2724.6833333333334,3,G_fe,0.48746763339681093,0.48746763339681093,,,,,,,,,,
2724.7166666666667,3,G_fe,0.48746763339681093,0.48746763339681093,,,,,,,,,,
2724.75,3,G_fe,0.48746763339681093,0.48746763339681093,,,,,,,,,,
2724.7833333333333,3,G_fe,0.48746763339681093,0.48746763339681093,,,,,,,,,,
2724.8166666666666,3,G_fe,0.48746763339681093,0.48746763339681093,,,,,,,,,,
2724.85,3,G_fe,0.48746763339681093,0.48746763339681093,,,,,,,,,,
2724.883333333333,3,G_fe,0.48746763339681093,0.48746763339681093,,,,,,,,,,
2724.9166666666665,3,G_fe,0.4812130383959061,0.4812130383959061,,,,,,,,,,
2724.95,3,G_fe,0.4812130383959061,0.4812130383959061,,,,,,,,,,
2724.983333333333,3,G_fe,0.48569080228577366,0.48569080228577366,,,,,,,,,,
2725.016666666667,3,G_fe,0.48569080228577366,0.48569080228577366,,,,,,,,,,
2725.05,3,G_fe,0.4859659187807743,0.4859659187807743,,,,,,,,,,
2725.0833333333335,3,G_fe,0.4879028569417891,0.4879028569417891,,,,,,,,,,
2725.116666666667,3,G_fe,0.48833573835889055,0.48833573835889055,,,,,,,,,,
2725.15,3,G_fe,0.49319621451623263,0.49319621451623263,,,,,,,,,,
2725.1833333333334,3,G_fe,0.4886272593371478,0.4886272593371478,,,,,,,,,,
2725.2166666666667,3,G_fe,0.48865295284534743,0.48865295284534743,,,,,,,,,,
2725.25,3,G_fe,0.48865295284534743,0.48865295284534743,,,,,,,,,,
2725.2833333333333,3,G_fe,0.48865295284534743,0.48865295284534743,,,,,,,,,,
2725.3166666666666,3,G_fe,0.48865295284534743,0.48865295284534743,,,,,,,,,,
2725.35,3,G_fe,0.5023599689866609,0.5023599689866609,,,,,,,,,,
2725.383333333333,3,G_fe,0.5023599689866609,0.5023599689866609,,,,,,,,,,
2725.4166666666665,3,G_fe,0.5023599689866609,0.5023599689866609,,,,,,,,,,
2725.45,3,G_fe,0.5023599689866609,0.5023599689866609,,,,,,,,,,
2725.483333333333,3,G_fe,0.5023599689866609,0.5023599689866609,,,,,,,,,,
2725.516666666667,3,G_fe,0.3875790532554441,0.3875790532554441,,,,,,,,,,
2725.55,3,G_fe,0.3875790532554441,0.3875790532554441,,,,,,,,,,
2725.5833333333335,3,G_fe,0.3875790532554441,0.3875790532554441,,,,,,,,,,
2725.616666666667,3,G_fe,0.3875790532554441,0.3875790532554441,,,,,,,,,,
2725.65,3,G_fe,0.3875790532554441,0.3875790532554441,,,,,,,,,,
2725.6833333333334,3,G_fe,0.3874818716687029,0.3874818716687029,,,,,,,,,,
2725.7166666666667,3,G_fe,0.39002393167650334,0.39002393167650334,,,,,,,,,,
2725.75,3,G_fe,0.3875847137128688,0.3875847137128688,,,,,,,,,,
2725.7833333333333,3,G_fe,0.38514163086750675,0.38514163086750675,,,,,,,,,,
2725.8166666666666,3,G_fe,0.38514163086750675,0.38514163086750675,,,,,,,,,,
2725.85,3,G_fe,0.38514163086750675,0.38514163086750675,,,,,,,,,,
2725.883333333333,3,G_fe,0.38514163086750675,0.38514163086750675,,,,,,,,,,
2725.9166666666665,3,G_fe,0.38514163086750675,0.38514163086750675,,,,,,,,,,
2725.95,3,G_fe,0.38514163086750675,0.38514163086750675,,,,,,,,,,
2725.983333333333,3,G_fe,0.38514163086750675,0.38514163086750675,,,,,,,,,,
2726.016666666667,3,G_fe,0.3988686637691608,0.3988686637691608,,,,,,,,,,
2726.05,3,G_fe,0.39560297097833436,0.39560297097833436,,,,,,,,,,
2726.0833333333335,3,G_fe,0.400022254337792,0.400022254337792,,,,,,,,,,
2726.116666666667,3,G_fe,0.39341127407154436,0.39341127407154436,,,,,,,,,,
2726.15,3,G_fe,0.39296947626357714,0.39296947626357714,,,,,,,,,,
2726.1833333333334,3,G_fe,0.39296947626357714,0.39296947626357714,,,,,,,,,,
2726.2166666666667,3,G_fe,0.3960626923019436,0.3960626923019436,,,,,,,,,,
2726.25,3,G_fe,0.3960183658024029,0.3960183658024029,,,,,,,,,,
2726.2833333333333,3,G_fe,0.39713383343302017,0.39713383343302017,,,,,,,,,,
2726.3166666666666,3,G_fe,0.39648477096970064,0.39648477096970064,,,,,,,,,,
2726.35,3,G_fe,0.39648477096970064,0.39648477096970064,,,,,,,,,,
2726.383333333333,3,G_fe,0.4261489376274336,0.4261489376274336,,,,,,,,,,
2726.4166666666665,3,G_fe,0.4261489376274336,0.4261489376274336,,,,,,,,,,
2726.45,3,G_fe,0.4261489376274336,0.4261489376274336,,,,,,,,,,
2726.483333333333,3,G_fe,0.4261489376274336,0.4261489376274336,,,,,,,,,,
2726.516666666667,3,G_fe,0.4261489376274336,0.4261489376274336,,,,,,,,,,
2726.55,3,G_fe,0.4261489376274336,0.4261489376274336,,,,,,,,,,
2726.5833333333335,3,G_fe,0.4261489376274336,0.4261489376274336,,,,,,,,,,
2726.616666666667,3,G_fe,0.4261489376274336,0.4261489376274336,,,,,,,,,,
2726.65,3,G_fe,0.517612013856153,0.517612013856153,,,,,,,,,,
2726.6833333333334,3,G_fe,0.517367825155864,0.517367825155864,,,,,,,,,,
2726.7166666666667,3,G_fe,0.5183969041815428,0.5183969041815428,,,,,,,,,,
2726.75,3,G_fe,0.5200260663354115,0.5200260663354115,,,,,,,,,,
2726.7833333333333,3,G_fe,0.5200260663354115,0.5200260663354115,,,,,,,,,,
2726.8166666666666,3,G_fe,0.5200260663354115,0.5200260663354115,,,,,,,,,,
2726.85,3,G_fe,0.5200260663354115,0.5200260663354115,,,,,,,,,,
2726.883333333333,3,G_fe,0.5081084894079385,0.5081084894079385,,,,,,,,,,
2726.9166666666665,3,G_fe,0.5070034100214414,0.5070034100214414,,,,,,,,,,
2726.95,3,G_fe,0.5099050957722292,0.5099050957722292,,,,,,,,,,
2726.983333333333,3,G_fe,0.5064638229248956,0.5064638229248956,,,,,,,,,,
2727.016666666667,3,G_fe,0.5035726155787947,0.5035726155787947,,,,,,,,,,
2727.05,3,G_fe,0.5035726155787947,0.5035726155787947,,,,,,,,,,
2727.0833333333335,3,G_fe,0.5035726155787947,0.5035726155787947,,,,,,,,,,
2727.116666666667,3,G_fe,0.5035726155787947,0.5035726155787947,,,,,,,,,,
2727.15,3,G_fe,0.5035726155787947,0.5035726155787947,,,,,,,,,,
2727.1833333333334,3,G_fe,0.5035726155787947,0.5035726155787947,,,,,,,,,,
2727.2166666666667,3,G_fe,0.5035726155787947,0.5035726155787947,,,,,,,,,,
2727.25,3,G_fe,0.5035726155787947,0.5035726155787947,,,,,,,,,,
2727.2833333333333,3,G_fe,0.5035726155787947,0.5035726155787947,,,,,,,,,,
2727.3166666666666,3,G_fe,0.5004869093990889,0.5004869093990889,,,,,,,,,,
2727.35,3,G_fe,0.5019234960268821,0.5019234960268821,,,,,,,,,,
2727.383333333333,3,G_fe,0.5008550820037699,0.5008550820037699,,,,,,,,,,
2727.4166666666665,3,G_fe,0.4945296119542955,0.4945296119542955,,,,,,,,,,
2727.45,3,G_fe,0.4945296119542955,0.4945296119542955,,,,,,,,,,
2727.483333333333,3,G_fe,0.4945296119542955,0.4945296119542955,,,,,,,,,,
2727.516666666667,3,G_fe,0.48912174314370904,0.48912174314370904,,,,,,,,,,
2727.55,3,G_fe,0.49199420167054536,0.49199420167054536,,,,,,,,,,
2727.5833333333335,3,G_fe,0.4923358795230059,0.4923358795230059,,,,,,,,,,
2727.616666666667,3,G_fe,0.4912897104143462,0.4912897104143462,,,,,,,,,,
2727.65,3,G_fe,0.49025729318213024,0.49025729318213024,,,,,,,,,,
2727.6833333333334,3,G_fe,0.49025729318213024,0.49025729318213024,,,,,,,,,,
2727.7166666666667,3,G_fe,0.49025729318213024,0.49025729318213024,,,,,,,,,,
2727.75,3,G_fe,0.49025729318213024,0.49025729318213024,,,,,,,,,,
2727.7833333333333,3,G_fe,0.49025729318213024,0.49025729318213024,,,,,,,,,,
2727.8166666666666,3,G_fe,0.49025729318213024,0.49025729318213024,,,,,,,,,,
2727.85,3,G_fe,0.49025729318213024,0.49025729318213024,,,,,,,,,,
2727.883333333333,3,G_fe,0.49025729318213024,0.49025729318213024,,,,,,,,,,
2727.9166666666665,3,G_fe,0.4813874653101955,0.4813874653101955,,,,,,,,,,
2727.95,3,G_fe,0.48469181091209157,0.48469181091209157,,,,,,,,,,
2727.983333333333,3,G_fe,0.48387796051408943,0.48387796051408943,,,,,,,,,,
2728.016666666667,3,G_fe,0.48056138561980427,0.48056138561980427,,,,,,,,,,
2728.05,3,G_fe,0.48056138561980427,0.48056138561980427,,,,,,,,,,
2728.0833333333335,3,G_fe,0.48056138561980427,0.48056138561980427,,,,,,,,,,
2728.116666666667,3,G_fe,0.4837149432524808,0.4837149432524808,,,,,,,,,,
2728.15,3,S3_landing,0.574671103292541,0.4837149432524808,0.3806728722318144,0.6524414176533445,True,prediction,"[3, 0]","(4, 1)","[137, None]","[0, 134]","[134, 0]","[2728.15, 2728.116666666667]"
2728.1833333333334,3,S3_landing,0.574671103292541,0.4837149432524808,0.3806728722318144,0.6524414176533445,True,prediction,"[3, 0]","(4, 1)","[137, None]","[0, 134]","[134, 0]","[2728.15, 2728.116666666667]"
2728.2166666666667,3,S3_landing,0.574671103292541,0.4837149432524808,0.3806728722318144,0.6524414176533445,True,prediction,"[3, 0]","(4, 1)","[137, None]","[0, 134]","[134, 0]","[2728.15, 2728.116666666667]"
2728.25,3,S3_landing,0.574671103292541,0.4837149432524808,0.3806728722318144,0.6524414176533445,True,prediction,"[3, 0]","(4, 1)","[137, None]","[0, 134]","[134, 0]","[2728.15, 2728.116666666667]"
2728.2833333333333,3,S3_landing,0.574671103292541,0.4837149432524808,0.3806728722318144,0.6524414176533445,True,prediction,"[3, 0]","(4, 1)","[137, None]","[0, 134]","[134, 0]","[2728.15, 2728.116666666667]"
2728.3166666666666,3,S3_landing,0.574671103292541,0.4837149432524808,0.3806728722318144,0.6524414176533445,True,prediction,"[3, 0]","(4, 1)","[137, None]","[0, 134]","[134, 0]","[2728.15, 2728.116666666667]"
2728.35,3,S3_landing,0.574671103292541,0.4837149432524808,0.3806728722318144,0.6524414176533445,True,prediction,"[3, 0]","(4, 1)","[137, None]","[0, 134]","[134, 0]","[2728.15, 2728.116666666667]"
2728.383333333333,3,S3_landing,0.574671103292541,0.4837149432524808,0.3806728722318144,0.6524414176533445,True,prediction,"[3, 0]","(4, 1)","[137, None]","[0, 134]","[134, 0]","[2728.15, 2728.116666666667]"
2728.4166666666665,3,S3_landing,0.574671103292541,0.4837149432524808,0.3806728722318144,0.6524414176533445,True,prediction,"[3, 0]","(4, 1)","[137, None]","[0, 134]","[134, 0]","[2728.15, 2728.116666666667]"
2728.45,3,S3_landing,0.574671103292541,0.4837149432524808,0.3806728722318144,0.6524414176533445,True,prediction,"[3, 0]","(4, 1)","[137, None]","[0, 134]","[134, 0]","[2728.15, 2728.116666666667]"
2728.483333333333,3,S3_landing,0.5877098332534214,0.4837149432524808,0.4371810618897696,0.6517970155881183,True,prediction,"[3, 0]","(4, 1)","[212, None]","[0, 209]","[209, 0]","[2728.483333333333, 2728.116666666667]"
2728.516666666667,3,S3_landing,0.5877098332534214,0.4837149432524808,0.4371810618897696,0.6517970155881183,True,prediction,"[3, 0]","(4, 1)","[212, None]","[0, 209]","[209, 0]","[2728.483333333333, 2728.116666666667]"
2728.55,3,S3_landing,0.5877098332534214,0.4837149432524808,0.4371810618897696,0.6517970155881183,True,prediction,"[3, 0]","(4, 1)","[212, None]","[0, 209]","[209, 0]","[2728.483333333333, 2728.116666666667]"
2728.5833333333335,3,S3_landing,0.5877098332534214,0.4837149432524808,0.4371810618897696,0.6517970155881183,True,prediction,"[3, 0]","(4, 1)","[212, None]","[0, 209]","[209, 0]","[2728.483333333333, 2728.116666666667]"
2728.616666666667,3,S3_landing,0.5877098332534214,0.4837149432524808,0.4371810618897696,0.6517970155881183,True,prediction,"[3, 0]","(3, 1)","[212, None]","[0, 209]","[209, 0]","[2728.616666666667, 2728.116666666667]"
2728.65,3,S3_landing,0.5877098332534214,0.4837149432524808,0.4371810618897696,0.6517970155881183,True,prediction,"[3, 0]","(3, 1)","[212, None]","[0, 209]","[209, 0]","[2728.616666666667, 2728.116666666667]"
2728.6833333333334,3,S3_landing,0.5877098332534214,0.4837149432524808,0.4371810618897696,0.6517970155881183,True,prediction,"[3, 0]","(3, 1)","[212, None]","[0, 209]","[209, 0]","[2728.616666666667, 2728.116666666667]"
2728.7166666666667,3,S3_landing,0.5727366812663515,0.4837149432524808,0.43776401793891107,0.652666641454297,True,prediction,"[3, 0]","(3, 1)","[139, None]","[0, 136]","[136, 0]","[2728.7166666666667, 2728.116666666667]"
2728.75,3,S3_landing,0.5727366812663515,0.4837149432524808,0.43776401793891107,0.652666641454297,True,prediction,"[3, 0]","(3, 1)","[139, None]","[0, 136]","[136, 0]","[2728.7166666666667, 2728.116666666667]"
2728.7833333333333,3,S3_landing,0.5735880523903214,0.4837149432524808,0.4396886956181289,0.6542427408411979,True,prediction,"[3, 0]","(3, 1)","[34, None]","[0, 31]","[31, 0]","[2728.7833333333333, 2728.116666666667]"
2728.8166666666666,3,S3_landing,0.57595245255237,0.4837149432524808,0.4445119493803544,0.658606256579518,True,prediction,"[3, 0]","(3, 1)","[90, None]","[0, 87]","[87, 0]","[2728.8166666666666, 2728.116666666667]"
2728.85,3,S3_landing,0.575960109923309,0.4837149432524808,0.4449744565822608,0.6586203555245813,True,prediction,"[3, 0]","(3, 1)","[90, None]","[0, 87]","[87, 0]","[2728.85, 2728.116666666667]"
2728.883333333333,3,S3_landing,0.575960109923309,0.4837149432524808,0.4449744565822608,0.6586203555245813,True,prediction,"[3, 0]","(3, 1)","[90, None]","[0, 87]","[87, 0]","[2728.85, 2728.116666666667]"
2728.9166666666665,3,S3_landing,0.5727366812663515,0.4837149432524808,0.43776401793891107,0.652666641454297,True,prediction,"[3, 0]","(3, 1)","[139, None]","[0, 136]","[136, 0]","[2728.9166666666665, 2728.116666666667]"
2728.95,3,S3_landing,0.57595245255237,0.4837149432524808,0.4445119493803544,0.658606256579518,True,prediction,"[3, 0]","(3, 1)","[90, None]","[0, 87]","[87, 0]","[2728.95, 2728.116666666667]"
2728.983333333333,3,S3_landing,0.57595245255237,0.4837149432524808,0.4445119493803544,0.658606256579518,True,prediction,"[3, 0]","(3, 1)","[90, None]","[0, 87]","[87, 0]","[2728.95, 2728.116666666667]"
2729.016666666667,3,S3_landing,0.57595245255237,0.4837149432524808,0.4445119493803544,0.658606256579518,True,prediction,"[3, 0]","(3, 1)","[90, None]","[0, 87]","[87, 0]","[2728.95, 2728.116666666667]"
2729.05,3,S3_landing,0.57595245255237,0.4837149432524808,0.4445119493803544,0.658606256579518,True,prediction,"[3, 0]","(3, 1)","[90, None]","[0, 87]","[87, 0]","[2728.95, 2728.116666666667]"
2729.0833333333335,3,S3_landing,0.57595245255237,0.4837149432524808,0.4445119493803544,0.658606256579518,True,prediction,"[3, 0]","(3, 1)","[90, None]","[0, 87]","[87, 0]","[2728.95, 2728.116666666667]"
2729.116666666667,3,S3_landing,0.57595245255237,0.4837149432524808,0.4445119493803544,0.658606256579518,True,prediction,"[3, 0]","(3, 1)","[90, None]","[0, 87]","[87, 0]","[2728.95, 2728.116666666667]"
2729.15,3,S3_landing,0.57595245255237,0.4837149432524808,0.4445119493803544,0.658606256579518,True,prediction,"[3, 0]","(3, 1)","[90, None]","[0, 87]","[87, 0]","[2728.95, 2728.116666666667]"
2729.1833333333334,3,S3_landing,0.57595245255237,0.4837149432524808,0.4445119493803544,0.658606256579518,True,prediction,"[3, 0]","(3, 1)","[90, None]","[0, 87]","[87, 0]","[2728.95, 2728.116666666667]"
2729.2166666666667,3,S3_landing,0.57595245255237,0.4837149432524808,0.4445119493803544,0.658606256579518,True,prediction,"[3, 0]","(3, 1)","[90, None]","[0, 87]","[87, 0]","[2728.95, 2728.116666666667]"
2729.25,3,S3_landing,0.57595245255237,0.4837149432524808,0.4445119493803544,0.658606256579518,True,prediction,"[3, 0]","(3, 1)","[90, None]","[0, 87]","[87, 0]","[2728.95, 2728.116666666667]"
2729.2833333333333,3,S3_landing,0.57595245255237,0.4837149432524808,0.4445119493803544,0.658606256579518,True,prediction,"[3, 0]","(3, 1)","[90, None]","[0, 87]","[87, 0]","[2728.95, 2728.116666666667]"
2729.3166666666666,3,S3_landing,0.57595245255237,0.4837149432524808,0.4445119493803544,0.658606256579518,True,prediction,"[3, 0]","(3, 1)","[90, None]","[0, 87]","[87, 0]","[2728.95, 2728.116666666667]"
2729.35,3,S3_landing,0.57595245255237,0.4837149432524808,0.4445119493803544,0.658606256579518,True,prediction,"[3, 0]","(2, 1)","[29, None]","[0, 26]","[26, 0]","[2729.3166666666666, 2728.116666666667]"
2729.383333333333,3,S3_landing,0.57595245255237,0.4837149432524808,0.4445119493803544,0.658606256579518,True,prediction,"[3, 0]","(2, 1)","[29, None]","[0, 26]","[26, 0]","[2729.3166666666666, 2728.116666666667]"
2729.4166666666665,3,S3_landing,0.46458440448636906,0.4837149432524808,0.5203145755230745,0.5203145755230745,False,prediction,"[3, 0]","(1, 2)","[None, None]","[3, 0]","[0, 0]","[2729.3166666666666, 2729.4166666666665]"
2729.45,3,S3_landing,0.46458440448636906,0.4837149432524808,0.5203145755230745,0.5203145755230745,False,prediction,"[3, 0]","(1, 2)","[None, None]","[3, 0]","[0, 0]","[2729.3166666666666, 2729.4166666666665]"
2729.483333333333,3,S3_landing,0.46458440448636906,0.4837149432524808,0.5203145755230745,0.5203145755230745,False,prediction,"[3, 0]","(1, 2)","[None, None]","[3, 0]","[0, 0]","[2729.3166666666666, 2729.4166666666665]"
2729.516666666667,3,S3_landing,0.46458440448636906,0.4837149432524808,0.5203145755230745,0.5203145755230745,False,prediction,"[3, 0]","(1, 4)","[None, None]","[3, 0]","[0, 0]","[2729.3166666666666, 2729.516666666667]"
2729.55,3,S3_landing,0.46458440448636906,0.4837149432524808,0.5203145755230745,0.5203145755230745,False,prediction,"[3, 0]","(1, 4)","[None, None]","[3, 0]","[0, 0]","[2729.3166666666666, 2729.516666666667]"
2729.5833333333335,3,S3_landing,0.46458440448636906,0.4837149432524808,0.5203145755230745,0.5203145755230745,False,prediction,"[3, 0]","(1, 4)","[None, None]","[3, 0]","[0, 0]","[2729.3166666666666, 2729.516666666667]"
2729.616666666667,3,S3_landing,0.46458440448636906,0.4837149432524808,0.5203145755230745,0.5203145755230745,False,prediction,"[3, 0]","(1, 4)","[None, None]","[3, 0]","[0, 0]","[2729.3166666666666, 2729.516666666667]"
2729.65,3,S3_landing,0.46458440448636906,0.4837149432524808,0.5203145755230745,0.5203145755230745,False,prediction,"[3, 0]","(1, 4)","[None, None]","[3, 0]","[0, 0]","[2729.3166666666666, 2729.516666666667]"
2729.6833333333334,3,S3_landing,0.46458440448636906,0.4837149432524808,0.5203145755230745,0.5203145755230745,False,prediction,"[3, 0]","(1, 4)","[None, None]","[3, 0]","[0, 0]","[2729.3166666666666, 2729.516666666667]"
2729.7166666666667,3,S3_landing,0.46458440448636906,0.4837149432524808,0.5203145755230745,0.5203145755230745,False,prediction,"[3, 0]","(1, 4)","[None, None]","[3, 0]","[0, 0]","[2729.3166666666666, 2729.516666666667]"
2729.75,3,S3_landing,0.46458440448636906,0.4837149432524808,0.5203145755230745,0.5203145755230745,False,prediction,"[3, 0]","(1, 4)","[None, None]","[3, 0]","[0, 0]","[2729.3166666666666, 2729.516666666667]"
2729.7833333333333,3,S3_landing,0.46458440448636906,0.4837149432524808,0.5203145755230745,0.5203145755230745,False,prediction,"[3, 0]","(1, 4)","[None, None]","[3, 0]","[0, 0]","[2729.3166666666666, 2729.516666666667]"
2729.8166666666666,3,S3_landing,0.46458440448636906,0.4837149432524808,0.5203145755230745,0.5203145755230745,False,prediction,"[3, 0]","(1, 4)","[None, None]","[3, 0]","[0, 0]","[2729.3166666666666, 2729.516666666667]"
2729.85,3,S3_landing,0.46458440448636906,0.4837149432524808,0.5203145755230745,0.5203145755230745,False,prediction,"[3, 0]","(1, 4)","[None, None]","[3, 0]","[0, 0]","[2729.3166666666666, 2729.516666666667]"
2729.883333333333,3,S3_landing,0.46458440448636906,0.4837149432524808,0.5203145755230745,0.5203145755230745,False,prediction,"[3, 0]","(1, 3)","[None, None]","[3, 0]","[0, 0]","[2729.3166666666666, 2729.883333333333]"
2729.9166666666665,3,S3_landing,0.46458440448636906,0.4837149432524808,0.5203145755230745,0.5203145755230745,False,prediction,"[3, 0]","(1, 3)","[None, None]","[3, 0]","[0, 0]","[2729.3166666666666, 2729.883333333333]"
2729.95,3,S3_landing,0.46458440448636906,0.4837149432524808,0.5203145755230745,0.5203145755230745,False,prediction,"[3, 0]","(1, 3)","[None, None]","[3, 0]","[0, 0]","[2729.3166666666666, 2729.883333333333]"
2729.983333333333,3,S3_landing,0.46458440448636906,0.4837149432524808,0.5203145755230745,0.5203145755230745,False,prediction,"[3, 0]","(1, 3)","[None, None]","[3, 0]","[0, 0]","[2729.3166666666666, 2729.883333333333]"
2730.016666666667,3,S3_landing,0.46458440448636906,0.4837149432524808,0.5203145755230745,0.5203145755230745,False,prediction,"[3, 0]","(1, 3)","[None, None]","[3, 0]","[0, 0]","[2729.3166666666666, 2729.883333333333]"
2730.05,3,S3_landing,0.46458440448636906,0.4837149432524808,0.5203145755230745,0.5203145755230745,False,prediction,"[3, 0]","(1, 3)","[None, None]","[3, 0]","[0, 0]","[2729.3166666666666, 2729.883333333333]"
2730.0833333333335,3,S3_landing,0.46458440448636906,0.4837149432524808,0.5203145755230745,0.5203145755230745,False,prediction,"[3, 0]","(1, 3)","[None, None]","[3, 0]","[0, 0]","[2729.3166666666666, 2729.883333333333]"
2730.116666666667,3,S3_landing,0.46458440448636906,0.4837149432524808,0.5203145755230745,0.5203145755230745,False,prediction,"[3, 0]","(1, 3)","[None, None]","[3, 0]","[0, 0]","[2729.3166666666666, 2729.883333333333]"
2730.15,3,S3_landing,0.46458440448636906,0.4837149432524808,0.5203145755230745,0.5203145755230745,False,prediction,"[3, 0]","(1, 3)","[None, None]","[3, 0]","[0, 0]","[2729.3166666666666, 2729.883333333333]"
2730.1833333333334,3,S3_landing,0.46458440448636906,0.4837149432524808,0.5203145755230745,0.5203145755230745,False,prediction,"[3, 0]","(1, 3)","[None, None]","[3, 0]","[0, 0]","[2729.3166666666666, 2729.883333333333]"
2730.2166666666667,3,S3_landing,0.46458440448636906,0.4837149432524808,0.5203145755230745,0.5203145755230745,False,prediction,"[3, 0]","(1, 3)","[None, None]","[3, 0]","[0, 0]","[2729.3166666666666, 2729.883333333333]"
2730.25,3,S3_landing,0.46458440448636906,0.4837149432524808,0.5203145755230745,0.5203145755230745,False,prediction,"[3, 0]","(1, 3)","[None, None]","[3, 0]","[0, 0]","[2729.3166666666666, 2729.883333333333]"
2730.2833333333333,3,S3_landing,0.46458440448636906,0.4837149432524808,0.5203145755230745,0.5203145755230745,False,prediction,"[3, 0]","(1, 3)","[None, None]","[3, 0]","[0, 0]","[2729.3166666666666, 2729.883333333333]"
2730.3166666666666,3,S3_landing,0.46458440448636906,0.4837149432524808,0.5203145755230745,0.5203145755230745,False,prediction,"[3, 0]","(1, 3)","[None, None]","[3, 0]","[0, 0]","[2729.3166666666666, 2729.883333333333]"
2730.35,3,S3_landing,0.46458440448636906,0.4837149432524808,0.5203145755230745,0.5203145755230745,False,prediction,"[3, 0]","(1, 3)","[None, None]","[3, 0]","[0, 0]","[2729.3166666666666, 2729.883333333333]"
2730.383333333333,3,S3_landing,0.46458440448636906,0.4837149432524808,0.5203145755230745,0.5203145755230745,False,prediction,"[3, 0]","(1, 3)","[None, None]","[3, 0]","[0, 0]","[2729.3166666666666, 2729.883333333333]"
2730.4166666666665,3,S3_landing,0.46458440448636906,0.4837149432524808,0.5203145755230745,0.5203145755230745,False,prediction,"[3, 0]","(1, 3)","[None, None]","[3, 0]","[0, 0]","[2729.3166666666666, 2729.883333333333]"
2730.45,3,S3_landing,0.46458440448636906,0.4837149432524808,0.5203145755230745,0.5203145755230745,False,prediction,"[3, 0]","(1, 3)","[None, None]","[3, 0]","[0, 0]","[2729.3166666666666, 2729.883333333333]"
2730.483333333333,3,S3_landing,0.46458440448636906,0.4837149432524808,0.5203145755230745,0.5203145755230745,False,prediction,"[3, 0]","(1, 3)","[None, None]","[3, 0]","[0, 0]","[2729.3166666666666, 2729.883333333333]"
2730.516666666667,3,S3_landing,0.42904061308706853,0.4837149432524808,0.3712629274623706,0.3712629274623706,False,prediction,"[3, 0]","(1, 3)","[None, None]","[3, 0]","[0, 0]","[2729.3166666666666, 2730.516666666667]"
2730.55,3,S3_landing,0.4296455469559898,0.4837149432524808,0.36704925316801,0.36704925316801,False,prediction,"[3, 0]","(1, 3)","[None, None]","[3, 0]","[0, 0]","[2729.3166666666666, 2730.55]"
2730.5833333333335,3,S3_landing,0.4296455469559898,0.4837149432524808,0.36704925316801,0.36704925316801,False,prediction,"[3, 0]","(1, 3)","[None, None]","[3, 0]","[0, 0]","[2729.3166666666666, 2730.55]"
2730.616666666667,3,S3_landing,0.4296455469559898,0.4837149432524808,0.36704925316801,0.36704925316801,False,prediction,"[3, 0]","(1, 2)","[None, None]","[3, 0]","[0, 0]","[2729.3166666666666, 2730.616666666667]"
2730.65,3,S3_landing,0.4296455469559898,0.4837149432524808,0.36704925316801,0.36704925316801,False,prediction,"[3, 0]","(1, 2)","[None, None]","[3, 0]","[0, 0]","[2729.3166666666666, 2730.616666666667]"
2730.6833333333334,3,S3_landing,0.4296455469559898,0.4837149432524808,0.36704925316801,0.36704925316801,False,prediction,"[3, 0]","(1, 2)","[None, None]","[3, 0]","[0, 0]","[2729.3166666666666, 2730.616666666667]"
2730.7166666666667,3,S3_landing,0.4296455469559898,0.4837149432524808,0.36704925316801,0.36704925316801,False,prediction,"[3, 0]","(1, 2)","[None, None]","[3, 0]","[0, 0]","[2729.3166666666666, 2730.616666666667]"
2730.75,3,S3_landing,0.4296455469559898,0.4837149432524808,0.36704925316801,0.36704925316801,False,prediction,"[3, 0]","(1, 2)","[None, None]","[3, 0]","[0, 0]","[2729.3166666666666, 2730.616666666667]"
2730.7833333333333,3,S3_landing,0.3925930722972331,0.4837149432524808,0.5409933423541841,0.294014480115946,True,prediction,"[0, 2]","(1, 4)","[None, 142]","[140, 0]","[0, 140]","[2729.3166666666666, 2730.7833333333333]"
2730.8166666666666,3,S3_landing,0.3925930722972331,0.4837149432524808,0.5409933423541841,0.294014480115946,True,prediction,"[0, 2]","(1, 4)","[None, 142]","[140, 0]","[0, 140]","[2729.3166666666666, 2730.7833333333333]"
2730.85,3,S3_landing,0.3925930722972331,0.4837149432524808,0.5409933423541841,0.294014480115946,True,prediction,"[0, 2]","(1, 4)","[None, 142]","[140, 0]","[0, 140]","[2729.3166666666666, 2730.7833333333333]"
2730.883333333333,3,S3_landing,0.3925930722972331,0.4837149432524808,0.5409933423541841,0.294014480115946,True,prediction,"[0, 2]","(1, 4)","[None, 142]","[140, 0]","[0, 140]","[2729.3166666666666, 2730.7833333333333]"
2730.9166666666665,3,S3_landing,0.3925930722972331,0.4837149432524808,0.5409933423541841,0.294014480115946,True,prediction,"[0, 2]","(1, 4)","[None, 142]","[140, 0]","[0, 140]","[2729.3166666666666, 2730.7833333333333]"
2730.95,3,S3_landing,0.3925930722972331,0.4837149432524808,0.5409933423541841,0.294014480115946,True,prediction,"[0, 2]","(1, 4)","[None, 142]","[140, 0]","[0, 140]","[2729.3166666666666, 2730.7833333333333]"
2730.983333333333,3,S3_landing,0.3925930722972331,0.4837149432524808,0.5409933423541841,0.294014480115946,True,prediction,"[0, 2]","(1, 4)","[None, 142]","[140, 0]","[0, 140]","[2729.3166666666666, 2730.7833333333333]"
2731.016666666667,3,S3_landing,0.43364170080546277,0.4837149432524808,0.5013476243437298,0.30690720251343323,True,prediction,"[0, 2]","(1, 4)","[None, 27]","[25, 0]","[0, 25]","[2729.3166666666666, 2731.016666666667]"
2731.05,3,S3_landing,0.43364170080546277,0.4837149432524808,0.5013476243437298,0.30690720251343323,True,prediction,"[0, 2]","(1, 4)","[None, 27]","[25, 0]","[0, 25]","[2729.3166666666666, 2731.016666666667]"
2731.0833333333335,3,S3_landing,0.43364170080546277,0.4837149432524808,0.5013476243437298,0.30690720251343323,True,prediction,"[0, 2]","(1, 4)","[None, 27]","[25, 0]","[0, 25]","[2729.3166666666666, 2731.016666666667]"
2731.116666666667,3,S3_landing,0.5356882562867069,0.4837149432524808,0.5013476243437298,0.5087299824950742,False,prediction,"[0, 2]","(1, 3)","[None, 1]","[0, 1]","[0, 0]","[2729.3166666666666, 2731.116666666667]"
2731.15,3,S3_landing,0.5356882562867069,0.4837149432524808,0.5013476243437298,0.5087299824950742,False,prediction,"[0, 2]","(1, 3)","[None, 1]","[0, 1]","[0, 0]","[2729.3166666666666, 2731.116666666667]"
2731.1833333333334,3,S3_landing,0.5356882562867069,0.4837149432524808,0.5013476243437298,0.5087299824950742,False,prediction,"[0, 2]","(1, 3)","[None, 1]","[0, 1]","[0, 0]","[2729.3166666666666, 2731.116666666667]"
2731.2166666666667,3,S3_landing,0.5356882562867069,0.4837149432524808,0.5013476243437298,0.5087299824950742,False,prediction,"[0, 2]","(1, 3)","[None, 1]","[0, 1]","[0, 0]","[2729.3166666666666, 2731.116666666667]"
2731.25,3,S3_landing,0.5356882562867069,0.4837149432524808,0.5013476243437298,0.5087299824950742,False,prediction,"[0, 2]","(1, 3)","[None, 1]","[0, 1]","[0, 0]","[2729.3166666666666, 2731.116666666667]"
2731.2833333333333,3,S3_landing,0.4135577655483196,0.4837149432524808,0.3844431263709146,0.28542423676201406,True,prediction,"[0, 2]","(1, 3)","[None, 7]","[5, 0]","[0, 5]","[2729.3166666666666, 2731.2833333333333]"
2731.3166666666666,3,S3_landing,0.436610928624214,0.4837149432524808,0.33561909308002696,0.33561909308002696,False,prediction,"[4, 0]","(3, 1)","[None, None]","[4, 0]","[0, 0]","[2729.3166666666666, 2731.2833333333333]"
2731.35,3,S3_landing,0.436610928624214,0.4837149432524808,0.33561909308002696,0.33561909308002696,False,prediction,"[4, 0]","(3, 1)","[None, None]","[4, 0]","[0, 0]","[2729.3166666666666, 2731.2833333333333]"
2731.383333333333,3,S3_landing,0.436610928624214,0.4837149432524808,0.33561909308002696,0.33561909308002696,False,prediction,"[4, 0]","(3, 1)","[None, None]","[4, 0]","[0, 0]","[2729.3166666666666, 2731.2833333333333]"
2731.4166666666665,3,S3_landing,0.436610928624214,0.4837149432524808,0.33561909308002696,0.33561909308002696,False,prediction,"[4, 0]","(3, 1)","[None, None]","[4, 0]","[0, 0]","[2729.3166666666666, 2731.2833333333333]"
2731.45,3,S3_landing,0.436610928624214,0.4837149432524808,0.33561909308002696,0.33561909308002696,False,prediction,"[4, 0]","(3, 1)","[None, None]","[4, 0]","[0, 0]","[2729.3166666666666, 2731.2833333333333]"
2731.483333333333,3,S3_landing,0.436610928624214,0.4837149432524808,0.33561909308002696,0.33561909308002696,False,prediction,"[4, 0]","(3, 1)","[None, None]","[4, 0]","[0, 0]","[2729.3166666666666, 2731.2833333333333]"
2731.516666666667,3,S3_landing,0.436610928624214,0.4837149432524808,0.33561909308002696,0.33561909308002696,False,prediction,"[4, 0]","(3, 1)","[None, None]","[4, 0]","[0, 0]","[2729.3166666666666, 2731.2833333333333]"
2731.55,3,S3_landing,0.436610928624214,0.4837149432524808,0.33561909308002696,0.33561909308002696,False,prediction,"[4, 0]","(3, 1)","[None, None]","[4, 0]","[0, 0]","[2729.3166666666666, 2731.2833333333333]"
2731.5833333333335,3,S3_landing,0.436610928624214,0.4837149432524808,0.33561909308002696,0.33561909308002696,False,prediction,"[4, 0]","(3, 1)","[None, None]","[4, 0]","[0, 0]","[2729.3166666666666, 2731.2833333333333]"
2731.616666666667,3,S3_landing,0.436610928624214,0.4837149432524808,0.33561909308002696,0.33561909308002696,False,prediction,"[4, 0]","(3, 1)","[None, None]","[4, 0]","[0, 0]","[2729.3166666666666, 2731.2833333333333]"
2731.65,3,S3_landing,0.436610928624214,0.4837149432524808,0.33561909308002696,0.33561909308002696,False,prediction,"[4, 0]","(3, 1)","[None, None]","[4, 0]","[0, 0]","[2729.3166666666666, 2731.2833333333333]"
2731.6833333333334,3,S3_landing,0.436610928624214,0.4837149432524808,0.33561909308002696,0.33561909308002696,False,prediction,"[4, 0]","(3, 1)","[None, None]","[4, 0]","[0, 0]","[2729.3166666666666, 2731.2833333333333]"
2731.7166666666667,3,S3_landing,0.436610928624214,0.4837149432524808,0.33561909308002696,0.33561909308002696,False,prediction,"[4, 0]","(3, 1)","[None, None]","[4, 0]","[0, 0]","[2729.3166666666666, 2731.2833333333333]"
2731.75,3,S3_landing,0.436610928624214,0.4837149432524808,0.33561909308002696,0.33561909308002696,False,prediction,"[4, 0]","(3, 1)","[None, None]","[4, 0]","[0, 0]","[2729.3166666666666, 2731.2833333333333]"
2731.7833333333333,3,S3_landing,0.436610928624214,0.4837149432524808,0.33561909308002696,0.33561909308002696,False,prediction,"[4, 0]","(3, 1)","[None, None]","[4, 0]","[0, 0]","[2729.3166666666666, 2731.2833333333333]"
2731.8166666666666,3,S3_landing,0.436610928624214,0.4837149432524808,0.33561909308002696,0.33561909308002696,False,prediction,"[4, 0]","(3, 1)","[None, None]","[4, 0]","[0, 0]","[2729.3166666666666, 2731.2833333333333]"
2731.85,3,S3_landing,0.436610928624214,0.4837149432524808,0.33561909308002696,0.33561909308002696,False,prediction,"[4, 0]","(3, 1)","[None, None]","[4, 0]","[0, 0]","[2729.3166666666666, 2731.2833333333333]"
2731.883333333333,3,S3_landing,0.436610928624214,0.4837149432524808,0.33561909308002696,0.33561909308002696,False,prediction,"[4, 0]","(3, 1)","[None, None]","[4, 0]","[0, 0]","[2729.3166666666666, 2731.2833333333333]"
2731.9166666666665,3,S3_landing,0.436610928624214,0.4837149432524808,0.33561909308002696,0.33561909308002696,False,prediction,"[4, 0]","(3, 1)","[None, None]","[4, 0]","[0, 0]","[2729.3166666666666, 2731.2833333333333]"
2731.95,3,S3_landing,0.436610928624214,0.4837149432524808,0.33561909308002696,0.33561909308002696,False,prediction,"[4, 0]","(3, 1)","[None, None]","[4, 0]","[0, 0]","[2729.3166666666666, 2731.2833333333333]"
2731.983333333333,3,S3_landing,0.436610928624214,0.4837149432524808,0.33561909308002696,0.33561909308002696,False,prediction,"[4, 0]","(3, 1)","[None, None]","[4, 0]","[0, 0]","[2729.3166666666666, 2731.2833333333333]"
2732.016666666667,3,S3_landing,0.436610928624214,0.4837149432524808,0.33561909308002696,0.33561909308002696,False,prediction,"[4, 0]","(3, 1)","[None, None]","[4, 0]","[0, 0]","[2729.3166666666666, 2731.2833333333333]"
2732.05,3,S3_landing,0.436610928624214,0.4837149432524808,0.33561909308002696,0.33561909308002696,False,prediction,"[4, 0]","(3, 1)","[None, None]","[4, 0]","[0, 0]","[2729.3166666666666, 2731.2833333333333]"
2732.0833333333335,3,S3_landing,0.44810889068908233,0.4837149432524808,0.35671475001320313,0.35671475001320313,False,prediction,"[4, 0]","(3, 1)","[None, None]","[4, 0]","[0, 0]","[2732.0833333333335, 2731.2833333333333]"
2732.116666666667,3,S3_landing,0.44810889068908233,0.4837149432524808,0.35671475001320313,0.35671475001320313,False,prediction,"[4, 0]","(3, 1)","[None, None]","[4, 0]","[0, 0]","[2732.0833333333335, 2731.2833333333333]"
2732.15,3,S3_landing,0.5052591518423895,0.4837149432524808,0.43735640296226136,0.43735640296226136,False,prediction,"[0, 5]","(1, 1)","[None, 0]","[0, 5]","[0, 0]","[2732.116666666667, 2731.2833333333333]"
2732.1833333333334,3,S3_landing,0.5052591518423895,0.4837149432524808,0.43735640296226136,0.43735640296226136,False,prediction,"[0, 5]","(1, 1)","[None, 0]","[0, 5]","[0, 0]","[2732.116666666667, 2731.2833333333333]"
2732.2166666666667,3,S3_landing,0.5052591518423895,0.4837149432524808,0.43735640296226136,0.43735640296226136,False,prediction,"[0, 5]","(1, 1)","[None, 0]","[0, 5]","[0, 0]","[2732.116666666667, 2731.2833333333333]"
2732.25,3,S3_landing,0.5052591518423895,0.4837149432524808,0.43735640296226136,0.43735640296226136,False,prediction,"[0, 5]","(1, 1)","[None, 0]","[0, 5]","[0, 0]","[2732.116666666667, 2731.2833333333333]"
2732.2833333333333,3,S3_landing,0.5052591518423895,0.4837149432524808,0.43735640296226136,0.43735640296226136,False,prediction,"[0, 5]","(1, 1)","[None, 0]","[0, 5]","[0, 0]","[2732.116666666667, 2731.2833333333333]"
2732.3166666666666,3,S3_landing,0.5052591518423895,0.4837149432524808,0.43735640296226136,0.43735640296226136,False,prediction,"[0, 5]","(1, 1)","[None, 0]","[0, 5]","[0, 0]","[2732.116666666667, 2731.2833333333333]"
2732.35,3,S3_landing,0.5052591518423895,0.4837149432524808,0.43735640296226136,0.43735640296226136,False,prediction,"[0, 5]","(1, 1)","[None, 0]","[0, 5]","[0, 0]","[2732.116666666667, 2731.2833333333333]"
2732.383333333333,3,S3_landing,0.5052591518423895,0.4837149432524808,0.43735640296226136,0.43735640296226136,False,prediction,"[0, 5]","(1, 1)","[None, 0]","[0, 5]","[0, 0]","[2732.116666666667, 2731.2833333333333]"
2732.4166666666665,3,S3_landing,0.5052591518423895,0.4837149432524808,0.43735640296226136,0.43735640296226136,False,prediction,"[0, 5]","(1, 1)","[None, 0]","[0, 5]","[0, 0]","[2732.116666666667, 2731.2833333333333]"
2732.45,3,S3_landing,0.5052591518423895,0.4837149432524808,0.43735640296226136,0.43735640296226136,False,prediction,"[0, 5]","(1, 1)","[None, 0]","[0, 5]","[0, 0]","[2732.116666666667, 2731.2833333333333]"
2732.483333333333,3,S3_landing,0.5052591518423895,0.4837149432524808,0.43735640296226136,0.43735640296226136,False,prediction,"[0, 5]","(1, 1)","[None, 0]","[0, 5]","[0, 0]","[2732.116666666667, 2731.2833333333333]"
2732.516666666667,3,S3_landing,0.5052591518423895,0.4837149432524808,0.43735640296226136,0.43735640296226136,False,prediction,"[0, 5]","(1, 1)","[None, 0]","[0, 5]","[0, 0]","[2732.116666666667, 2731.2833333333333]"
2732.55,3,S3_landing,0.5052591518423895,0.4837149432524808,0.43735640296226136,0.43735640296226136,False,prediction,"[0, 5]","(1, 1)","[None, 0]","[0, 5]","[0, 0]","[2732.116666666667, 2731.2833333333333]"
2732.5833333333335,3,S3_landing,0.5052591518423895,0.4837149432524808,0.43735640296226136,0.43735640296226136,False,prediction,"[0, 5]","(1, 1)","[None, 0]","[0, 5]","[0, 0]","[2732.116666666667, 2731.2833333333333]"
2732.616666666667,3,S3_landing,0.5052591518423895,0.4837149432524808,0.43735640296226136,0.43735640296226136,False,prediction,"[0, 5]","(1, 1)","[None, 0]","[0, 5]","[0, 0]","[2732.116666666667, 2731.2833333333333]"
2732.65,3,S3_landing,0.5105881773483815,0.4837149432524808,0.44787639882252067,0.44787639882252067,False,prediction,"[0, 2]","(1, 1)","[None, None]","[0, 2]","[0, 0]","[2732.116666666667, 2731.2833333333333]"
2732.6833333333334,3,S3_landing,0.5105881773483815,0.4837149432524808,0.44787639882252067,0.44787639882252067,False,prediction,"[0, 2]","(1, 1)","[None, None]","[0, 2]","[0, 0]","[2732.116666666667, 2731.2833333333333]"
2732.7166666666667,3,S3_landing,0.5105881773483815,0.4837149432524808,0.44787639882252067,0.44787639882252067,False,prediction,"[0, 2]","(1, 1)","[None, None]","[0, 2]","[0, 0]","[2732.116666666667, 2731.2833333333333]"
2732.75,3,S3_landing,0.5105881773483815,0.4837149432524808,0.44787639882252067,0.44787639882252067,False,prediction,"[0, 2]","(1, 1)","[None, None]","[0, 2]","[0, 0]","[2732.116666666667, 2731.2833333333333]"
2732.7833333333333,3,S3_landing,0.5105881773483815,0.4837149432524808,0.44787639882252067,0.44787639882252067,False,prediction,"[0, 2]","(1, 1)","[None, None]","[0, 2]","[0, 0]","[2732.116666666667, 2731.2833333333333]"
2732.8166666666666,3,S3_landing,0.5105881773483815,0.4837149432524808,0.44787639882252067,0.44787639882252067,False,prediction,"[0, 2]","(1, 1)","[None, None]","[0, 2]","[0, 0]","[2732.116666666667, 2731.2833333333333]"
2732.85,3,S3_landing,0.5105881773483815,0.4837149432524808,0.44787639882252067,0.44787639882252067,False,prediction,"[0, 2]","(1, 1)","[None, None]","[0, 2]","[0, 0]","[2732.116666666667, 2731.2833333333333]"
2732.883333333333,3,S3_landing,0.5105881773483815,0.4837149432524808,0.44787639882252067,0.44787639882252067,False,prediction,"[0, 2]","(1, 1)","[None, None]","[0, 2]","[0, 0]","[2732.116666666667, 2731.2833333333333]"
2732.9166666666665,3,S3_landing,0.5105881773483815,0.4837149432524808,0.44787639882252067,0.44787639882252067,False,prediction,"[0, 2]","(1, 1)","[None, None]","[0, 2]","[0, 0]","[2732.116666666667, 2731.2833333333333]"
2732.95,3,S3_landing,0.5105881773483815,0.4837149432524808,0.44787639882252067,0.44787639882252067,False,prediction,"[0, 2]","(1, 1)","[None, None]","[0, 2]","[0, 0]","[2732.116666666667, 2731.2833333333333]"
2732.983333333333,3,S3_landing,0.5105881773483815,0.4837149432524808,0.44787639882252067,0.44787639882252067,False,prediction,"[0, 2]","(1, 1)","[None, None]","[0, 2]","[0, 0]","[2732.116666666667, 2731.2833333333333]"
2733.016666666667,3,S3_landing,0.5105881773483815,0.4837149432524808,0.44787639882252067,0.44787639882252067,False,prediction,"[0, 2]","(1, 1)","[None, None]","[0, 2]","[0, 0]","[2732.116666666667, 2731.2833333333333]"
2733.05,3,S3_landing,0.5105881773483815,0.4837149432524808,0.44787639882252067,0.44787639882252067,False,prediction,"[0, 2]","(1, 1)","[None, None]","[0, 2]","[0, 0]","[2732.116666666667, 2731.2833333333333]"
2733.0833333333335,3,S3_landing,0.5105881773483815,0.4837149432524808,0.44787639882252067,0.44787639882252067,False,prediction,"[0, 2]","(1, 1)","[None, None]","[0, 2]","[0, 0]","[2732.116666666667, 2731.2833333333333]"
2733.116666666667,3,S3_landing,0.5105881773483815,0.4837149432524808,0.44787639882252067,0.44787639882252067,False,prediction,"[0, 2]","(1, 1)","[None, None]","[0, 2]","[0, 0]","[2732.116666666667, 2731.2833333333333]"
2733.15,3,S3_landing,0.5105881773483815,0.4837149432524808,0.44787639882252067,0.44787639882252067,False,prediction,"[0, 2]","(1, 1)","[None, None]","[0, 2]","[0, 0]","[2732.116666666667, 2731.2833333333333]"
2733.1833333333334,3,S3_landing,0.5105881773483815,0.4837149432524808,0.44787639882252067,0.44787639882252067,False,prediction,"[0, 2]","(1, 1)","[None, None]","[0, 2]","[0, 0]","[2732.116666666667, 2731.2833333333333]"
2733.2166666666667,3,S3_landing,0.5105881773483815,0.4837149432524808,0.44787639882252067,0.44787639882252067,False,prediction,"[0, 2]","(1, 1)","[None, None]","[0, 2]","[0, 0]","[2732.116666666667, 2731.2833333333333]"
2733.25,3,S3_landing,0.5105881773483815,0.4837149432524808,0.44787639882252067,0.44787639882252067,False,prediction,"[0, 2]","(1, 1)","[None, None]","[0, 2]","[0, 0]","[2732.116666666667, 2731.2833333333333]"
2733.2833333333333,3,S3_landing,0.5105881773483815,0.4837149432524808,0.44787639882252067,0.44787639882252067,False,prediction,"[0, 2]","(1, 1)","[None, None]","[0, 2]","[0, 0]","[2732.116666666667, 2731.2833333333333]"
2733.3166666666666,3,S3_landing,0.5105881773483815,0.4837149432524808,0.44787639882252067,0.44787639882252067,False,prediction,"[0, 2]","(1, 1)","[None, None]","[0, 2]","[0, 0]","[2732.116666666667, 2731.2833333333333]"
2733.35,3,S3_landing,0.5105881773483815,0.4837149432524808,0.44787639882252067,0.44787639882252067,False,prediction,"[0, 2]","(1, 1)","[None, None]","[0, 2]","[0, 0]","[2732.116666666667, 2731.2833333333333]"
2733.383333333333,3,S3_landing,0.5105881773483815,0.4837149432524808,0.44787639882252067,0.44787639882252067,False,prediction,"[0, 2]","(1, 1)","[None, None]","[0, 2]","[0, 0]","[2732.116666666667, 2731.2833333333333]"
2733.4166666666665,3,S3_landing,0.5105881773483815,0.4837149432524808,0.44787639882252067,0.44787639882252067,False,prediction,"[0, 2]","(1, 1)","[None, None]","[0, 2]","[0, 0]","[2732.116666666667, 2731.2833333333333]"
2733.45,3,S3_landing,0.5105881773483815,0.4837149432524808,0.44787639882252067,0.44787639882252067,False,prediction,"[0, 2]","(1, 1)","[None, None]","[0, 2]","[0, 0]","[2732.116666666667, 2731.2833333333333]"
2733.483333333333,3,S3_landing,0.5105881773483815,0.4837149432524808,0.44787639882252067,0.44787639882252067,False,prediction,"[0, 2]","(1, 1)","[None, None]","[0, 2]","[0, 0]","[2732.116666666667, 2731.2833333333333]"
2733.516666666667,3,S3_landing,0.5105881773483815,0.4837149432524808,0.44787639882252067,0.44787639882252067,False,prediction,"[0, 2]","(1, 1)","[None, None]","[0, 2]","[0, 0]","[2732.116666666667, 2731.2833333333333]"
2733.55,3,S3_landing,0.5105881773483815,0.4837149432524808,0.44787639882252067,0.44787639882252067,False,prediction,"[0, 2]","(3, 1)","[None, None]","[0, 2]","[0, 0]","[2732.116666666667, 2731.2833333333333]"
2733.5833333333335,3,S3_landing,0.5105881773483815,0.4837149432524808,0.44787639882252067,0.44787639882252067,False,prediction,"[0, 2]","(3, 1)","[None, None]","[0, 2]","[0, 0]","[2732.116666666667, 2731.2833333333333]"
2733.616666666667,3,S3_landing,0.5105881773483815,0.4837149432524808,0.44787639882252067,0.44787639882252067,False,prediction,"[0, 2]","(3, 1)","[None, None]","[0, 2]","[0, 0]","[2732.116666666667, 2731.2833333333333]"
2733.65,3,S3_landing,0.5105881773483815,0.4837149432524808,0.44787639882252067,0.44787639882252067,False,prediction,"[0, 2]","(3, 1)","[None, None]","[0, 2]","[0, 0]","[2732.116666666667, 2731.2833333333333]"
2733.6833333333334,3,S3_landing,0.5090854543336504,0.4837149432524808,0.4443876915546568,0.4443876915546568,False,prediction,"[0, 2]","(3, 1)","[None, None]","[0, 2]","[0, 0]","[2733.6833333333334, 2731.2833333333333]"
2733.7166666666667,3,S3_landing,0.508897889721417,0.4837149432524808,0.44650455027344965,0.44650455027344965,False,prediction,"[0, 2]","(3, 1)","[None, None]","[0, 2]","[0, 0]","[2733.7166666666667, 2731.2833333333333]"
2733.75,3,S3_landing,0.4936633079599258,0.4837149432524808,0.4431667744037595,0.4431667744037595,False,prediction,"[0, 2]","(2, 1)","[None, None]","[0, 2]","[0, 0]","[2733.75, 2731.2833333333333]"
2733.7833333333333,3,S3_landing,0.5011210237118146,0.4837149432524808,0.44193818291794423,0.44193818291794423,False,prediction,"[0, 2]","(2, 1)","[None, None]","[0, 2]","[0, 0]","[2733.7833333333333, 2731.2833333333333]"
2733.8166666666666,3,S3_landing,0.5011210237118146,0.4837149432524808,0.44193818291794423,0.44193818291794423,False,prediction,"[0, 2]","(2, 1)","[None, None]","[0, 2]","[0, 0]","[2733.7833333333333, 2731.2833333333333]"
2733.85,3,S3_landing,0.5011210237118146,0.4837149432524808,0.44193818291794423,0.44193818291794423,False,prediction,"[0, 2]","(2, 1)","[None, None]","[0, 2]","[0, 0]","[2733.7833333333333, 2731.2833333333333]"
2733.883333333333,3,S3_landing,0.5011210237118146,0.4837149432524808,0.44193818291794423,0.44193818291794423,False,prediction,"[0, 2]","(2, 1)","[None, None]","[0, 2]","[0, 0]","[2733.7833333333333, 2731.2833333333333]"
2733.9166666666665,3,S3_landing,0.5011210237118146,0.4837149432524808,0.44193818291794423,0.44193818291794423,False,prediction,"[0, 2]","(2, 1)","[None, None]","[0, 2]","[0, 0]","[2733.7833333333333, 2731.2833333333333]"
2733.95,3,S3_landing,0.45223283845047496,0.4837149432524808,0.39255298127468596,0.39255298127468596,False,prediction,"[0, 2]","(2, 1)","[None, None]","[0, 2]","[0, 0]","[2733.95, 2731.2833333333333]"
2733.983333333333,3,S3_landing,0.45223283845047496,0.4837149432524808,0.39255298127468596,0.39255298127468596,False,prediction,"[0, 2]","(2, 1)","[None, None]","[0, 2]","[0, 0]","[2733.95, 2731.2833333333333]"
2734.016666666667,3,S3_landing,0.45223283845047496,0.4837149432524808,0.39255298127468596,0.39255298127468596,False,prediction,"[0, 2]","(2, 1)","[None, None]","[0, 2]","[0, 0]","[2733.95, 2731.2833333333333]"
2734.05,3,S3_landing,0.44401235666072253,0.4837149432524808,0.33134109024091685,0.33134109024091685,False,prediction,"[0, 2]","(2, 1)","[None, None]","[0, 2]","[0, 0]","[2734.05, 2731.2833333333333]"
2734.0833333333335,3,S3_landing,0.44401235666072253,0.4837149432524808,0.33134109024091685,0.33134109024091685,False,prediction,"[0, 2]","(2, 1)","[None, None]","[0, 2]","[0, 0]","[2734.05, 2731.2833333333333]"
2734.116666666667,3,S3_landing,0.44401235666072253,0.4837149432524808,0.33134109024091685,0.33134109024091685,False,prediction,"[0, 2]","(2, 1)","[None, None]","[0, 2]","[0, 0]","[2734.05, 2731.2833333333333]"
2734.15,3,S3_landing,0.44401235666072253,0.4837149432524808,0.33134109024091685,0.33134109024091685,False,prediction,"[0, 2]","(2, 1)","[None, None]","[0, 2]","[0, 0]","[2734.05, 2731.2833333333333]"
2734.1833333333334,3,S3_landing,0.44401235666072253,0.4837149432524808,0.33134109024091685,0.33134109024091685,False,prediction,"[0, 2]","(2, 1)","[None, None]","[0, 2]","[0, 0]","[2734.05, 2731.2833333333333]"
2734.2166666666667,3,S3_landing,0.44401235666072253,0.4837149432524808,0.33134109024091685,0.33134109024091685,False,prediction,"[0, 2]","(2, 1)","[None, None]","[0, 2]","[0, 0]","[2734.05, 2731.2833333333333]"
2734.25,3,S3_landing,0.44401235666072253,0.4837149432524808,0.33134109024091685,0.33134109024091685,False,prediction,"[0, 2]","(2, 1)","[None, None]","[0, 2]","[0, 0]","[2734.05, 2731.2833333333333]"
2734.2833333333333,3,S3_landing,0.44401235666072253,0.4837149432524808,0.33134109024091685,0.33134109024091685,False,prediction,"[0, 2]","(2, 1)","[None, None]","[0, 2]","[0, 0]","[2734.05, 2731.2833333333333]"
2734.3166666666666,3,S3_landing,0.44401235666072253,0.4837149432524808,0.33134109024091685,0.33134109024091685,False,prediction,"[0, 2]","(2, 1)","[None, None]","[0, 2]","[0, 0]","[2734.05, 2731.2833333333333]"
2734.35,3,S3_landing,0.44401235666072253,0.4837149432524808,0.33134109024091685,0.33134109024091685,False,prediction,"[0, 2]","(2, 1)","[None, None]","[0, 2]","[0, 0]","[2734.05, 2731.2833333333333]"
2734.383333333333,3,S3_landing,0.44401235666072253,0.4837149432524808,0.33134109024091685,0.33134109024091685,False,prediction,"[0, 2]","(2, 1)","[None, None]","[0, 2]","[0, 0]","[2734.05, 2731.2833333333333]"
2734.4166666666665,3,S3_landing,0.49156578335378476,0.4837149432524808,0.42122998723958455,0.42122998723958455,False,prediction,"[0, 2]","(2, 1)","[None, None]","[0, 2]","[0, 0]","[2734.4166666666665, 2731.2833333333333]"
2734.45,3,S3_landing,0.49156578335378476,0.4837149432524808,0.42122998723958455,0.42122998723958455,False,prediction,"[0, 2]","(2, 1)","[None, None]","[0, 2]","[0, 0]","[2734.4166666666665, 2731.2833333333333]"
2734.483333333333,3,S3_landing,0.4784540722823433,0.4837149432524808,0.41566316838633044,0.41566316838633044,False,prediction,"[0, 2]","(1, 1)","[None, None]","[0, 2]","[0, 0]","[2734.483333333333, 2731.2833333333333]"
2734.516666666667,3,S3_landing,0.4784540722823433,0.4837149432524808,0.41566316838633044,0.41566316838633044,False,prediction,"[0, 2]","(1, 1)","[None, None]","[0, 2]","[0, 0]","[2734.483333333333, 2731.2833333333333]"
2734.55,3,S3_landing,0.4784540722823433,0.4837149432524808,0.41566316838633044,0.41566316838633044,False,prediction,"[0, 2]","(1, 1)","[None, None]","[0, 2]","[0, 0]","[2734.483333333333, 2731.2833333333333]"
2734.5833333333335,3,S3_landing,0.4784540722823433,0.4837149432524808,0.41566316838633044,0.41566316838633044,False,prediction,"[0, 2]","(1, 1)","[None, None]","[0, 2]","[0, 0]","[2734.483333333333, 2731.2833333333333]"
2734.616666666667,3,S3_landing,0.4784540722823433,0.4837149432524808,0.41566316838633044,0.41566316838633044,False,prediction,"[0, 2]","(1, 1)","[None, None]","[0, 2]","[0, 0]","[2734.483333333333, 2731.2833333333333]"
2734.65,3,S3_landing,0.4784540722823433,0.4837149432524808,0.41566316838633044,0.41566316838633044,False,prediction,"[0, 2]","(1, 1)","[None, None]","[0, 2]","[0, 0]","[2734.483333333333, 2731.2833333333333]"
2734.6833333333334,3,S3_landing,0.4784540722823433,0.4837149432524808,0.41566316838633044,0.41566316838633044,False,prediction,"[0, 2]","(1, 1)","[None, None]","[0, 2]","[0, 0]","[2734.483333333333, 2731.2833333333333]"
2734.7166666666667,3,S3_landing,0.4784540722823433,0.4837149432524808,0.41566316838633044,0.41566316838633044,False,prediction,"[0, 2]","(1, 1)","[None, None]","[0, 2]","[0, 0]","[2734.483333333333, 2731.2833333333333]"
2734.75,3,S3_landing,0.4639472287323552,0.4837149432524808,0.3678940609129536,0.3678940609129536,False,prediction,"[0, 2]","(1, 1)","[None, None]","[0, 2]","[0, 0]","[2734.75, 2731.2833333333333]"
2734.7833333333333,3,S3_landing,0.46900610855678637,0.4837149432524808,0.3797669832536455,0.3797669832536455,False,prediction,"[0, 2]","(1, 1)","[None, None]","[0, 2]","[0, 0]","[2734.7833333333333, 2731.2833333333333]"
2734.8166666666666,3,S3_landing,0.4542224184775412,0.4837149432524808,0.3710447560978381,0.3710447560978381,False,prediction,"[0, 2]","(1, 1)","[None, None]","[0, 2]","[0, 0]","[2734.8166666666666, 2731.2833333333333]"
2734.85,3,S3_landing,0.46227917839827326,0.4837149432524808,0.3652643884910004,0.3652643884910004,False,prediction,"[0, 2]","(1, 1)","[None, None]","[0, 2]","[0, 0]","[2734.85, 2731.2833333333333]"
2734.883333333333,3,S3_landing,0.5403111087053,0.4837149432524808,0.4719403619133961,0.4719403619133961,False,prediction,"[0, 2]","(1, 1)","[None, None]","[0, 2]","[0, 0]","[2734.883333333333, 2734.883333333333]"
2734.9166666666665,3,S3_landing,0.5007966744535901,0.4837149432524808,0.4626133399005005,0.4626133399005005,False,prediction,"[0, 2]","(1, 1)","[None, None]","[0, 2]","[0, 0]","[2734.883333333333, 2734.9166666666665]"
2734.95,3,S3_landing,0.5010116808597804,0.4837149432524808,0.4625207962756037,0.4625207962756037,False,prediction,"[0, 2]","(1, 1)","[None, None]","[0, 2]","[0, 0]","[2734.95, 2734.9166666666665]"
2734.983333333333,3,S3_landing,0.5010116808597804,0.4837149432524808,0.4625207962756037,0.4625207962756037,False,prediction,"[0, 2]","(1, 1)","[None, None]","[0, 2]","[0, 0]","[2734.95, 2734.9166666666665]"
2735.016666666667,3,S3_provisional,0.5394905782975424,0.4837149432524808,0.4625207962756037,0.4625207962756037,False,prediction,"[0, 2]","(1, 1)","[None, None]","[0, 2]","[0, 0]","[2734.95, 2734.9166666666665]"
2735.05,3,S3_provisional,0.5394905782975424,0.4837149432524808,0.4625207962756037,0.4625207962756037,False,prediction,"[0, 2]","(1, 1)","[None, None]","[0, 2]","[0, 0]","[2734.95, 2734.9166666666665]"
2735.0833333333335,3,S3_provisional,0.5394905782975424,0.4837149432524808,0.4625207962756037,0.4625207962756037,False,prediction,"[0, 2]","(1, 1)","[None, None]","[0, 2]","[0, 0]","[2734.95, 2734.9166666666665]"
2735.116666666667,3,S3_provisional,0.5394905782975424,0.4837149432524808,0.4625207962756037,0.4625207962756037,False,prediction,"[0, 2]","(1, 1)","[None, None]","[0, 2]","[0, 0]","[2734.95, 2734.9166666666665]"
2735.15,3,S3_provisional,0.5394905782975424,0.4837149432524808,0.4625207962756037,0.4625207962756037,False,prediction,"[0, 2]","(1, 1)","[None, None]","[0, 2]","[0, 0]","[2734.95, 2734.9166666666665]"
2735.1833333333334,3,S3_provisional,0.5394905782975424,0.4837149432524808,0.4625207962756037,0.4625207962756037,False,prediction,"[0, 2]","(1, 1)","[None, None]","[0, 2]","[0, 0]","[2734.95, 2734.9166666666665]"
2735.2166666666667,3,S3_provisional,0.5526024702674732,0.4837149432524808,0.4625207962756037,0.4625207962756037,False,prediction,"[0, 2]","(1, 1)","[None, None]","[0, 2]","[0, 0]","[2734.95, 2734.9166666666665]"
2735.25,3,S3_provisional,0.5526024702674732,0.4837149432524808,0.4625207962756037,0.4625207962756037,False,prediction,"[0, 2]","(1, 1)","[None, None]","[0, 2]","[0, 0]","[2734.95, 2734.9166666666665]"
2735.2833333333333,3,S3,0.5526024702674732,0.4837149432524808,0.4625207962756037,0.4625207962756037,False,prediction,"[0, 2]","(1, 1)","[None, None]","[0, 2]","[0, 0]","[2734.95, 2734.9166666666665]"
2735.3166666666666,3,G_fe,0.4073747532655526,0.4073747532655526,,,,,,,,,,
2735.35,3,G_fe,0.4073747532655526,0.4073747532655526,,,,,,,,,,
2735.383333333333,3,G_fe,0.41617121450929573,0.41617121450929573,,,,,,,,,,
2735.4166666666665,3,G_fe,0.4156578336003252,0.4156578336003252,,,,,,,,,,
2735.45,3,G_fe,0.40843010965591015,0.40843010965591015,,,,,,,,,,
2735.483333333333,3,G_fe,0.4126583016280416,0.4126583016280416,,,,,,,,,,
2735.516666666667,3,G_fe,0.4834788954945579,0.4834788954945579,,,,,,,,,,
2735.55,3,G_fe,0.503407059943999,0.503407059943999,,,,,,,,,,
2735.5833333333335,3,G_fe,0.5560099791765121,0.5560099791765121,,,,,,,,,,
2735.616666666667,3,G_fe,0.5560099791765121,0.5560099791765121,,,,,,,,,,
2735.65,3,G_fe,0.5527920090482511,0.5527920090482511,,,,,,,,,,
2735.6833333333334,3,G_fe,0.4827164272134899,0.4827164272134899,,,,,,,,,,
2735.7166666666667,3,G_fe,0.4827164272134899,0.4827164272134899,,,,,,,,,,
2735.75,3,G_fe,0.4827164272134899,0.4827164272134899,,,,,,,,,,
2735.7833333333333,3,G_fe,0.4827164272134899,0.4827164272134899,,,,,,,,,,
2735.8166666666666,3,G_fe,0.4827164272134899,0.4827164272134899,,,,,,,,,,
2735.85,3,G_fe,0.4827164272134899,0.4827164272134899,,,,,,,,,,
2735.883333333333,3,G_fe,0.4827164272134899,0.4827164272134899,,,,,,,,,,
2735.9166666666665,3,G_fe,0.4827164272134899,0.4827164272134899,,,,,,,,,,
2735.95,3,G_fe,0.4684094824767054,0.4684094824767054,,,,,,,,,,
2735.983333333333,3,G_fe,0.44428220302170385,0.44428220302170385,,,,,,,,,,
2736.016666666667,3,G_fe,0.41947445481926837,0.41947445481926837,,,,,,,,,,
2736.05,3,G_fe,0.43348215997636974,0.43348215997636974,,,,,,,,,,
2736.0833333333335,3,G_fe,0.43348215997636974,0.43348215997636974,,,,,,,,,,
2736.116666666667,3,G_fe,0.43348215997636974,0.43348215997636974,,,,,,,,,,
2736.15,3,G_fe,0.43348215997636974,0.43348215997636974,,,,,,,,,,
2736.1833333333334,3,G_fe,0.46698958766703214,0.46698958766703214,,,,,,,,,,
2736.2166666666667,3,G_fe,0.46320731911852053,0.46320731911852053,,,,,,,,,,
2736.25,3,G_fe,0.4688686197416713,0.4688686197416713,,,,,,,,,,
2736.2833333333333,3,G_fe,0.4678316622306904,0.4678316622306904,,,,,,,,,,
2736.3166666666666,3,G_fe,0.49783438029603755,0.49783438029603755,,,,,,,,,,
2736.35,3,G_fe,0.49783438029603755,0.49783438029603755,,,,,,,,,,
2736.383333333333,3,G_fe,0.49783438029603755,0.49783438029603755,,,,,,,,,,
2736.4166666666665,3,G_fe,0.46943586887109157,0.46943586887109157,,,,,,,,,,
2736.45,3,G_fe,0.46943586887109157,0.46943586887109157,,,,,,,,,,
2736.483333333333,3,G_fe,0.46943586887109157,0.46943586887109157,,,,,,,,,,
2736.516666666667,3,G_fe,0.46943586887109157,0.46943586887109157,,,,,,,,,,
2736.55,3,G_fe,0.46943586887109157,0.46943586887109157,,,,,,,,,,
2736.5833333333335,3,G_fe,0.46943586887109157,0.46943586887109157,,,,,,,,,,
2736.616666666667,3,G_fe,0.48522967202304973,0.48522967202304973,,,,,,,,,,
2736.65,3,G_fe,0.48522967202304973,0.48522967202304973,,,,,,,,,,
2736.6833333333334,3,G_fe,0.48522967202304973,0.48522967202304973,,,,,,,,,,
2736.7166666666667,3,G_fe,0.48522967202304973,0.48522967202304973,,,,,,,,,,
2736.75,3,G_fe,0.48522967202304973,0.48522967202304973,,,,,,,,,,
2736.7833333333333,3,G_fe,0.48522967202304973,0.48522967202304973,,,,,,,,,,
2736.8166666666666,3,G_fe,0.4857276704008778,0.4857276704008778,,,,,,,,,,
2736.85,3,G_fe,0.4768588216596181,0.4768588216596181,,,,,,,,,,
2736.883333333333,3,G_fe,0.4875107373150688,0.4875107373150688,,,,,,,,,,
2736.9166666666665,3,G_fe,0.49126430879332966,0.49126430879332966,,,,,,,,,,
2736.95,3,G_fe,0.49126430879332966,0.49126430879332966,,,,,,,,,,
2736.983333333333,3,G_fe,0.4704055638373673,0.4704055638373673,,,,,,,,,,
2737.016666666667,3,G_fe,0.5055676134251774,0.5055676134251774,,,,,,,,,,
2737.05,3,G_fe,0.5055676134251774,0.5055676134251774,,,,,,,,,,
2737.0833333333335,3,G_fe,0.5055676134251774,0.5055676134251774,,,,,,,,,,
2737.116666666667,3,G_fe,0.5055676134251774,0.5055676134251774,,,,,,,,,,
2737.15,3,G_fe,0.5055676134251774,0.5055676134251774,,,,,,,,,,
2737.1833333333334,3,G_fe,0.4992148136224589,0.4992148136224589,,,,,,,,,,
2737.2166666666667,3,G_fe,0.483757207862083,0.483757207862083,,,,,,,,,,
2737.25,3,G_fe,0.483757207862083,0.483757207862083,,,,,,,,,,
2737.2833333333333,3,G_fe,0.483757207862083,0.483757207862083,,,,,,,,,,
2737.3166666666666,3,G_fe,0.483757207862083,0.483757207862083,,,,,,,,,,
2737.35,3,G_fe,0.483757207862083,0.483757207862083,,,,,,,,,,
2737.383333333333,3,G_fe,0.483757207862083,0.483757207862083,,,,,,,,,,
2737.4166666666665,3,G_fe,0.483757207862083,0.483757207862083,,,,,,,,,,
2737.45,3,G_fe,0.483757207862083,0.483757207862083,,,,,,,,,,
2737.483333333333,3,G_fe,0.45097050471940925,0.45097050471940925,,,,,,,,,,
2737.516666666667,3,G_fe,0.5027671946816936,0.5027671946816936,,,,,,,,,,
2737.55,3,G_fe,0.46549771962105035,0.46549771962105035,,,,,,,,,,
2737.5833333333335,3,G_fe,0.48833346983230125,0.48833346983230125,,,,,,,,,,
2737.616666666667,3,G_fe,0.48833346983230125,0.48833346983230125,,,,,,,,,,
2737.65,3,G_fe,0.48833346983230125,0.48833346983230125,,,,,,,,,,
2737.6833333333334,3,G_fe,0.48833346983230125,0.48833346983230125,,,,,,,,,,
2737.7166666666667,3,G_fe,0.48833346983230125,0.48833346983230125,,,,,,,,,,
2737.75,3,G_fe,0.5044602168839787,0.5044602168839787,,,,,,,,,,
2737.7833333333333,3,G_fe,0.5044602168839787,0.5044602168839787,,,,,,,,,,
2737.8166666666666,3,G_fe,0.5064948152406934,0.5064948152406934,,,,,,,,,,
2737.85,3,G_fe,0.5064948152406934,0.5064948152406934,,,,,,,,,,
2737.883333333333,3,G_fe,0.5064948152406934,0.5064948152406934,,,,,,,,,,
2737.9166666666665,3,G_fe,0.5064948152406934,0.5064948152406934,,,,,,,,,,
2737.95,3,G_fe,0.5064948152406934,0.5064948152406934,,,,,,,,,,
2737.983333333333,3,G_fe,0.5064948152406934,0.5064948152406934,,,,,,,,,,
2738.016666666667,3,G_fe,0.5055749759251185,0.5055749759251185,,,,,,,,,,
2738.05,3,G_fe,0.5055749759251185,0.5055749759251185,,,,,,,,,,
2738.0833333333335,3,G_fe,0.5055749759251185,0.5055749759251185,,,,,,,,,,
2738.116666666667,3,G_fe,0.5055749759251185,0.5055749759251185,,,,,,,,,,
2738.15,3,G_fe,0.5055749759251185,0.5055749759251185,,,,,,,,,,
2738.1833333333334,3,G_fe,0.5487620708629007,0.5487620708629007,,,,,,,,,,
2738.2166666666667,3,G_fe,0.5487620708629007,0.5487620708629007,,,,,,,,,,
2738.25,3,G_fe,0.5250524166209315,0.5250524166209315,,,,,,,,,,
2738.2833333333333,3,G_fe,0.5365985491486446,0.5365985491486446,,,,,,,,,,
2738.3166666666666,3,G_fe,0.5207859087710281,0.5207859087710281,,,,,,,,,,
2738.35,3,G_fe,0.5090903645004304,0.5090903645004304,,,,,,,,,,
2738.383333333333,3,G_fe,0.5090903645004304,0.5090903645004304,,,,,,,,,,
2738.4166666666665,3,G_fe,0.5090903645004304,0.5090903645004304,,,,,,,,,,
2738.45,3,G_fe,0.5090903645004304,0.5090903645004304,,,,,,,,,,
2738.483333333333,3,S3_provisional,0.5673297384494772,0.5090903645004304,,,,,,,,,,
2738.516666666667,3,S3_provisional,0.5673297384494772,0.5090903645004304,,,,,,,,,,
2738.55,3,S3_provisional,0.5673297384494772,0.5090903645004304,,,,,,,,,,
2738.5833333333335,3,S3_provisional,0.5673297384494772,0.5090903645004304,,,,,,,,,,
2738.616666666667,3,S3_provisional,0.5673297384494772,0.5090903645004304,,,,,,,,,,
2738.65,3,S3_provisional,0.5580206617973588,0.5090903645004304,,,,,,,,,,
2738.6833333333334,3,S3_provisional,0.5580206617973588,0.5090903645004304,,,,,,,,,,
2738.7166666666667,3,S3_provisional,0.5580206617973588,0.5090903645004304,,,,,,,,,,
2738.75,3,S3_provisional,0.5580206617973588,0.5090903645004304,,,,,,,,,,
2738.7833333333333,3,S3_provisional,0.5580206617973588,0.5090903645004304,,,,,,,,,,
2738.8166666666666,3,S3_provisional,0.5580206617973588,0.5090903645004304,,,,,,,,,,
2738.85,3,S3_provisional,0.5580206617973588,0.5090903645004304,,,,,,,,,,
2738.883333333333,3,S3_provisional,0.5580206617973588,0.5090903645004304,,,,,,,,,,
2738.9166666666665,3,S3_provisional,0.6180885585219875,0.5090903645004304,,,,,,,,,,
2738.95,3,S3_provisional,0.5838503098147323,0.5090903645004304,,,,,,,,,,
2738.983333333333,3,S3_provisional,0.5490915114325731,0.5090903645004304,,,,,,,,,,
2739.016666666667,3,S3_provisional,0.5419862677450135,0.5090903645004304,,,,,,,,,,
2739.05,3,S3_provisional,0.5419862677450135,0.5090903645004304,,,,,,,,,,
2739.0833333333335,3,S3_provisional,0.5419862677450135,0.5090903645004304,,,,,,,,,,
2739.116666666667,3,S3_provisional,0.5419862677450135,0.5090903645004304,,,,,,,,,,
2739.15,3,S3_provisional,0.6180885585219875,0.5090903645004304,,,,,,,,,,
2739.1833333333334,3,S3_provisional,0.6427830384539513,0.5090903645004304,,,,,,,,,,
2739.2166666666667,3,S3_provisional,0.5419862677450135,0.5090903645004304,,,,,,,,,,
2739.25,3,S3_provisional,0.5419862677450135,0.5090903645004304,,,,,,,,,,
2739.2833333333333,3,S3_provisional,0.5419862677450135,0.5090903645004304,,,,,,,,,,
2739.3166666666666,3,S3_provisional,0.5419862677450135,0.5090903645004304,,,,,,,,,,
2739.35,3,S3_provisional,0.5419862677450135,0.5090903645004304,,,,,,,,,,
2739.383333333333,3,S3_provisional,0.5419862677450135,0.5090903645004304,,,,,,,,,,
2739.4166666666665,3,S3_provisional,0.5419862677450135,0.5090903645004304,,,,,,,,,,
2739.45,3,S3_provisional,0.5419862677450135,0.5090903645004304,,,,,,,,,,
2739.483333333333,3,S3_provisional,0.5419862677450135,0.5090903645004304,,,,,,,,,,
2739.516666666667,3,S3_provisional,0.5419862677450135,0.5090903645004304,,,,,,,,,,
2739.55,3,S3_provisional,0.5419862677450135,0.5090903645004304,,,,,,,,,,
2739.5833333333335,3,S3_provisional,0.5419862677450135,0.5090903645004304,,,,,,,,,,
2739.616666666667,3,S3_provisional,0.5419862677450135,0.5090903645004304,,,,,,,,,,
2739.65,3,S3_provisional,0.5419862677450135,0.5090903645004304,,,,,,,,,,
2739.6833333333334,3,S3_provisional,0.5419862677450135,0.5090903645004304,,,,,,,,,,
2739.7166666666667,3,S3_provisional,0.5419862677450135,0.5090903645004304,,,,,,,,,,
2739.75,3,S3_provisional,0.5374130459393022,0.5090903645004304,,,,,,,,,,
2739.7833333333333,3,S3_provisional,0.5374130459393022,0.5090903645004304,,,,,,,,,,
2739.8166666666666,3,S3_provisional,0.5374130459393022,0.5090903645004304,,,,,,,,,,
2739.85,3,S3_provisional,0.5374130459393022,0.5090903645004304,,,,,,,,,,
2739.883333333333,3,S3,0.5425056129677086,0.5090903645004304,,,,,,,,,,
2739.9166666666665,3,G_fe,0.6034996129666818,0.6034996129666818,,,,,,,,,,
2739.95,3,G_fe,0.6034996129666818,0.6034996129666818,,,,,,,,,,
2739.983333333333,3,G_fe,0.6034996129666818,0.6034996129666818,,,,,,,,,,
2740.016666666667,3,G_fe,0.5161247763505734,0.5161247763505734,,,,,,,,,,
2740.05,3,G_fe,0.5469463214066911,0.5469463214066911,,,,,,,,,,
2740.0833333333335,3,G_fe,0.5198929006037071,0.5198929006037071,,,,,,,,,,
2740.116666666667,3,G_fe,0.5243363920900731,0.5243363920900731,,,,,,,,,,
2740.15,3,G_fe,0.5243363920900731,0.5243363920900731,,,,,,,,,,
2740.1833333333334,3,G_fe,0.5243363920900731,0.5243363920900731,,,,,,,,,,
2740.2166666666667,3,G_fe,0.5243363920900731,0.5243363920900731,,,,,,,,,,
2740.25,3,G_fe,0.5243363920900731,0.5243363920900731,,,,,,,,,,
2740.2833333333333,3,G_fe,0.5243363920900731,0.5243363920900731,,,,,,,,,,
2740.3166666666666,3,G_fe,0.5244204659056805,0.5244204659056805,,,,,,,,,,
2740.35,3,G_fe,0.5244204659056805,0.5244204659056805,,,,,,,,,,
2740.383333333333,3,G_fe,0.5244204659056805,0.5244204659056805,,,,,,,,,,
2740.4166666666665,3,G_fe,0.5244204659056805,0.5244204659056805,,,,,,,,,,
2740.45,3,G_fe,0.5244204659056805,0.5244204659056805,,,,,,,,,,
2740.483333333333,3,G_fe,0.5244204659056805,0.5244204659056805,,,,,,,,,,
2740.516666666667,3,G_fe,0.5244204659056805,0.5244204659056805,,,,,,,,,,
2740.55,3,G_fe,0.5244204659056805,0.5244204659056805,,,,,,,,,,
2740.5833333333335,3,G_fe,0.5449058756903908,0.5449058756903908,,,,,,,,,,
2740.616666666667,3,G_fe,0.5322516857455449,0.5322516857455449,,,,,,,,,,
2740.65,3,G_fe,0.5322672851996726,0.5322672851996726,,,,,,,,,,
2740.6833333333334,3,G_fe,0.5176478088452524,0.5176478088452524,,,,,,,,,,
2740.7166666666667,3,G_fe,0.5176478088452524,0.5176478088452524,,,,,,,,,,
2740.75,3,G_fe,0.4925980079287278,0.4925980079287278,,,,,,,,,,
2740.7833333333333,3,G_fe,0.4925980079287278,0.4925980079287278,,,,,,,,,,
2740.8166666666666,3,G_fe,0.44463098214692576,0.44463098214692576,,,,,,,,,,
2740.85,3,G_fe,0.44463098214692576,0.44463098214692576,,,,,,,,,,
2740.883333333333,3,G_fe,0.2831163790576003,0.2831163790576003,,,,,,,,,,
2740.9166666666665,3,G_fe,0.2831163790576003,0.2831163790576003,,,,,,,,,,
2740.95,3,G_fe,0.2831163790576003,0.2831163790576003,,,,,,,,,,
2740.983333333333,3,G_fe,0.2831163790576003,0.2831163790576003,,,,,,,,,,
2741.016666666667,3,G_fe,0.2831163790576003,0.2831163790576003,,,,,,,,,,
2741.05,3,G_fe,0.2831163790576003,0.2831163790576003,,,,,,,,,,
2741.0833333333335,3,G_fe,0.29062394820548937,0.29062394820548937,,,,,,,,,,
2741.116666666667,3,G_fe,0.29062394820548937,0.29062394820548937,,,,,,,,,,
2741.15,3,G_fe,0.29062394820548937,0.29062394820548937,,,,,,,,,,
2741.1833333333334,3,G_fe,0.29062394820548937,0.29062394820548937,,,,,,,,,,
2741.2166666666667,3,G_fe,0.29062394820548937,0.29062394820548937,,,,,,,,,,
2741.25,3,G_fe,0.29062394820548937,0.29062394820548937,,,,,,,,,,
2741.2833333333333,3,S3_landing,0.19048498077385198,0.29062394820548937,0.09623627435060189,0.09623627435060189,False,prediction,"[1113, 0]","(21, 1)","[300, None]","[813, 0]","[0, 0]","[2741.2833333333333, 2741.25]"
2741.3166666666666,3,S3_landing,0.19048498077385198,0.29062394820548937,0.09623627435060189,0.09623627435060189,False,prediction,"[1113, 0]","(21, 1)","[300, None]","[813, 0]","[0, 0]","[2741.2833333333333, 2741.25]"
2741.35,3,S3_landing,0.19048498077385198,0.29062394820548937,0.09623627435060189,0.09623627435060189,False,prediction,"[1113, 0]","(21, 1)","[300, None]","[813, 0]","[0, 0]","[2741.2833333333333, 2741.25]"
2741.383333333333,3,S3_landing,0.5628967518715696,0.29062394820548937,0.10024867123802181,0.7769841411612268,True,prediction,"[1113, 0]","(21, 1)","[1188, None]","[0, 75]","[75, 0]","[2741.383333333333, 2741.25]"
2741.4166666666665,3,S3_landing,0.1648099076245108,0.29062394820548937,0.09287815429362499,0.09287815429362499,False,prediction,"[1113, 0]","(21, 1)","[302, None]","[811, 0]","[0, 0]","[2741.4166666666665, 2741.25]"
2741.45,3,S3_landing,0.16714754797587816,0.29062394820548937,0.09576307963512534,0.09576307963512534,False,prediction,"[1113, 0]","(21, 1)","[320, None]","[793, 0]","[0, 0]","[2741.45, 2741.25]"
2741.483333333333,3,S3_landing,0.16691742467403853,0.29062394820548937,0.09547701693599697,0.09547701693599697,False,prediction,"[1113, 0]","(21, 1)","[340, None]","[773, 0]","[0, 0]","[2741.483333333333, 2741.25]"
2741.516666666667,3,S3_landing,0.16691742467403853,0.29062394820548937,0.09547701693599697,0.09547701693599697,False,prediction,"[1113, 0]","(20, 1)","[340, None]","[773, 0]","[0, 0]","[2741.516666666667, 2741.25]"
2741.55,3,S3_landing,0.16691742467403853,0.29062394820548937,0.09547701693599697,0.09547701693599697,False,prediction,"[1113, 0]","(20, 1)","[340, None]","[773, 0]","[0, 0]","[2741.516666666667, 2741.25]"
2741.5833333333335,3,S3_landing,0.16691742467403853,0.29062394820548937,0.09547701693599697,0.09547701693599697,False,prediction,"[1113, 0]","(20, 1)","[340, None]","[773, 0]","[0, 0]","[2741.516666666667, 2741.25]"
2741.616666666667,3,S3_landing,0.5644723503750342,0.29062394820548937,0.13020136811485034,0.8317928145415929,True,prediction,"[1113, 0]","(20, 1)","[1232, None]","[0, 119]","[119, 0]","[2741.616666666667, 2741.25]"
2741.65,3,S3_landing,0.5644723503750342,0.29062394820548937,0.13020136811485034,0.8317928145415929,True,prediction,"[1113, 0]","(20, 1)","[1232, None]","[0, 119]","[119, 0]","[2741.616666666667, 2741.25]"
2741.6833333333334,3,S3_landing,0.5644723503750342,0.29062394820548937,0.13020136811485034,0.8317928145415929,True,prediction,"[1113, 0]","(20, 1)","[1232, None]","[0, 119]","[119, 0]","[2741.616666666667, 2741.25]"
2741.7166666666667,3,S3_landing,0.5644723503750342,0.29062394820548937,0.13020136811485034,0.8317928145415929,True,prediction,"[1113, 0]","(20, 1)","[1232, None]","[0, 119]","[119, 0]","[2741.616666666667, 2741.25]"
2741.75,3,S3_landing,0.5644723503750342,0.29062394820548937,0.13020136811485034,0.8317928145415929,True,prediction,"[1113, 0]","(20, 1)","[1232, None]","[0, 119]","[119, 0]","[2741.616666666667, 2741.25]"
2741.7833333333333,3,S3_landing,0.5644723503750342,0.29062394820548937,0.13020136811485034,0.8317928145415929,True,prediction,"[1113, 0]","(20, 1)","[1232, None]","[0, 119]","[119, 0]","[2741.616666666667, 2741.25]"
2741.8166666666666,3,S3_landing,0.5644723503750342,0.29062394820548937,0.13020136811485034,0.8317928145415929,True,prediction,"[1113, 0]","(20, 1)","[1232, None]","[0, 119]","[119, 0]","[2741.616666666667, 2741.25]"
2741.85,3,S3_landing,0.5644723503750342,0.29062394820548937,0.13020136811485034,0.8317928145415929,True,prediction,"[1113, 0]","(20, 1)","[1232, None]","[0, 119]","[119, 0]","[2741.616666666667, 2741.25]"
2741.883333333333,3,S3_landing,0.5793432955084954,0.29062394820548937,0.13533223463853727,0.8481129883400741,True,prediction,"[1113, 0]","(20, 1)","[1232, None]","[0, 119]","[119, 0]","[2741.883333333333, 2741.25]"
2741.9166666666665,3,S3_landing,0.6605854965628023,0.29062394820548937,0.13533444384259463,0.8411568652247822,True,prediction,"[1113, 0]","(20, 1)","[1246, None]","[0, 133]","[133, 0]","[2741.9166666666665, 2741.25]"
2741.95,3,S3_landing,0.6762833719677719,0.29062394820548937,0.14275088597047042,0.859185251877366,True,prediction,"[1113, 0]","(20, 1)","[1199, None]","[0, 86]","[86, 0]","[2741.95, 2741.25]"
2741.983333333333,3,S3_landing,0.6610924336128203,0.29062394820548937,0.1349165790033018,0.8417603377330877,True,prediction,"[1113, 0]","(20, 1)","[1246, None]","[0, 133]","[133, 0]","[2741.983333333333, 2741.25]"
2742.016666666667,3,S3_landing,0.566482458133968,0.29062394820548937,0.13250063559493486,0.8340695951349677,True,prediction,"[1113, 0]","(20, 1)","[1271, None]","[0, 158]","[158, 0]","[2742.016666666667, 2741.25]"
2742.05,3,S3_landing,0.566482458133968,0.29062394820548937,0.13250063559493486,0.8340695951349677,True,prediction,"[1113, 0]","(20, 1)","[1271, None]","[0, 158]","[158, 0]","[2742.016666666667, 2741.25]"
2742.0833333333335,3,S3_landing,0.566482458133968,0.29062394820548937,0.13250063559493486,0.8340695951349677,True,prediction,"[1113, 0]","(20, 1)","[1271, None]","[0, 158]","[158, 0]","[2742.016666666667, 2741.25]"
2742.116666666667,3,S3_landing,0.566482458133968,0.29062394820548937,0.13250063559493486,0.8340695951349677,True,prediction,"[1113, 0]","(20, 1)","[1271, None]","[0, 158]","[158, 0]","[2742.016666666667, 2741.25]"
2742.15,3,S3_landing,0.566482458133968,0.29062394820548937,0.13250063559493486,0.8340695951349677,True,prediction,"[1113, 0]","(20, 1)","[1271, None]","[0, 158]","[158, 0]","[2742.016666666667, 2741.25]"
2742.1833333333334,3,S3_landing,0.566482458133968,0.29062394820548937,0.13250063559493486,0.8340695951349677,True,prediction,"[1113, 0]","(20, 1)","[1271, None]","[0, 158]","[158, 0]","[2742.016666666667, 2741.25]"
2742.2166666666667,3,S3_landing,0.566482458133968,0.29062394820548937,0.13250063559493486,0.8340695951349677,True,prediction,"[1113, 0]","(20, 1)","[1271, None]","[0, 158]","[158, 0]","[2742.016666666667, 2741.25]"
2742.25,3,S3_landing,0.566482458133968,0.29062394820548937,0.13250063559493486,0.8340695951349677,True,prediction,"[1113, 0]","(19, 1)","[1271, None]","[0, 158]","[158, 0]","[2742.016666666667, 2741.25]"
2742.2833333333333,3,S3_landing,0.566482458133968,0.29062394820548937,0.13250063559493486,0.8340695951349677,True,prediction,"[1113, 0]","(19, 1)","[1271, None]","[0, 158]","[158, 0]","[2742.016666666667, 2741.25]"
2742.3166666666666,3,S3_landing,0.566482458133968,0.29062394820548937,0.13250063559493486,0.8340695951349677,True,prediction,"[1113, 0]","(19, 1)","[1271, None]","[0, 158]","[158, 0]","[2742.016666666667, 2741.25]"
2742.35,3,S3_landing,0.566482458133968,0.29062394820548937,0.13250063559493486,0.8340695951349677,True,prediction,"[1113, 0]","(19, 1)","[1271, None]","[0, 158]","[158, 0]","[2742.016666666667, 2741.25]"
2742.383333333333,3,S3_landing,0.6512806926053107,0.29062394820548937,0.12859819078067367,0.8319817903330221,True,prediction,"[1113, 0]","(19, 1)","[1264, None]","[0, 151]","[151, 0]","[2742.383333333333, 2741.25]"
2742.4166666666665,3,S3_landing,0.6512806926053107,0.29062394820548937,0.12859819078067367,0.8319817903330221,True,prediction,"[1113, 0]","(19, 1)","[1264, None]","[0, 151]","[151, 0]","[2742.383333333333, 2741.25]"
2742.45,3,S3_landing,0.6512806926053107,0.29062394820548937,0.12859819078067367,0.8319817903330221,True,prediction,"[1113, 0]","(19, 1)","[1264, None]","[0, 151]","[151, 0]","[2742.383333333333, 2741.25]"
2742.483333333333,3,S3_landing,0.6512806926053107,0.29062394820548937,0.12859819078067367,0.8319817903330221,True,prediction,"[1113, 0]","(19, 1)","[1264, None]","[0, 151]","[151, 0]","[2742.383333333333, 2741.25]"
2742.516666666667,3,S3_landing,0.6512806926053107,0.29062394820548937,0.12859819078067367,0.8319817903330221,True,prediction,"[1113, 0]","(19, 1)","[1264, None]","[0, 151]","[151, 0]","[2742.383333333333, 2741.25]"
2742.55,3,S3_landing,0.6512806926053107,0.29062394820548937,0.12859819078067367,0.8319817903330221,True,prediction,"[1113, 0]","(19, 1)","[1264, None]","[0, 151]","[151, 0]","[2742.383333333333, 2741.25]"
2742.5833333333335,3,S3_landing,0.6512806926053107,0.29062394820548937,0.12859819078067367,0.8319817903330221,True,prediction,"[1113, 0]","(19, 1)","[1264, None]","[0, 151]","[151, 0]","[2742.383333333333, 2741.25]"
2742.616666666667,3,S3_landing,0.6512806926053107,0.29062394820548937,0.12859819078067367,0.8319817903330221,True,prediction,"[1113, 0]","(19, 1)","[1264, None]","[0, 151]","[151, 0]","[2742.383333333333, 2741.25]"
2742.65,3,S3_landing,0.6512806926053107,0.29062394820548937,0.12859819078067367,0.8319817903330221,True,prediction,"[1113, 0]","(19, 1)","[1264, None]","[0, 151]","[151, 0]","[2742.383333333333, 2741.25]"
2742.6833333333334,3,S3_landing,0.6512806926053107,0.29062394820548937,0.12859819078067367,0.8319817903330221,True,prediction,"[1113, 0]","(19, 1)","[1264, None]","[0, 151]","[151, 0]","[2742.383333333333, 2741.25]"
2742.7166666666667,3,S3_landing,0.6512806926053107,0.29062394820548937,0.12859819078067367,0.8319817903330221,True,prediction,"[1113, 0]","(19, 1)","[1264, None]","[0, 151]","[151, 0]","[2742.383333333333, 2741.25]"
2742.75,3,S3_landing,0.6605854965628023,0.29062394820548937,0.13533444384259463,0.8411568652247822,True,prediction,"[1113, 0]","(19, 1)","[1246, None]","[0, 133]","[133, 0]","[2742.75, 2741.25]"
2742.7833333333333,3,S3_landing,0.6695907745147597,0.29062394820548937,0.14539753102572273,0.8516652027879518,True,prediction,"[1113, 0]","(19, 1)","[1224, None]","[0, 111]","[111, 0]","[2742.7833333333333, 2741.25]"
2742.8166666666666,3,S3_landing,0.6698639368710793,0.29062394820548937,0.1339292312452058,0.8519769588390416,True,prediction,"[1113, 0]","(19, 1)","[1199, None]","[0, 86]","[86, 0]","[2742.8166666666666, 2741.25]"
2742.85,3,S3_landing,0.6628946762560592,0.29062394820548937,0.13597944431516523,0.8459043526245155,True,prediction,"[1113, 0]","(19, 1)","[1224, None]","[0, 111]","[111, 0]","[2742.85, 2741.25]"
2742.883333333333,3,S3_landing,0.6628946762560592,0.29062394820548937,0.13597944431516523,0.8459043526245155,True,prediction,"[1113, 0]","(19, 1)","[1224, None]","[0, 111]","[111, 0]","[2742.85, 2741.25]"
2742.9166666666665,3,S3_landing,0.6628946762560592,0.29062394820548937,0.13597944431516523,0.8459043526245155,True,prediction,"[1113, 0]","(19, 1)","[1224, None]","[0, 111]","[111, 0]","[2742.85, 2741.25]"
2742.95,3,S3_landing,0.6628946762560592,0.29062394820548937,0.13597944431516523,0.8459043526245155,True,prediction,"[1113, 0]","(19, 1)","[1224, None]","[0, 111]","[111, 0]","[2742.85, 2741.25]"
2742.983333333333,3,S3_landing,0.6628946762560592,0.29062394820548937,0.13597944431516523,0.8459043526245155,True,prediction,"[1113, 0]","(18, 1)","[1224, None]","[0, 111]","[111, 0]","[2742.883333333333, 2741.25]"
2743.016666666667,3,S3_landing,0.6628946762560592,0.29062394820548937,0.13597944431516523,0.8459043526245155,True,prediction,"[1113, 0]","(18, 1)","[1224, None]","[0, 111]","[111, 0]","[2742.883333333333, 2741.25]"
2743.05,3,S3_landing,0.6628946762560592,0.29062394820548937,0.13597944431516523,0.8459043526245155,True,prediction,"[1113, 0]","(18, 1)","[1224, None]","[0, 111]","[111, 0]","[2742.883333333333, 2741.25]"
2743.0833333333335,3,S3_landing,0.6619755574719859,0.29062394820548937,0.17347821744503833,0.8448297519802349,True,prediction,"[1113, 0]","(18, 1)","[1224, None]","[0, 111]","[111, 0]","[2743.0833333333335, 2741.25]"
2743.116666666667,3,S3_landing,0.6619755574719859,0.29062394820548937,0.17347821744503833,0.8448297519802349,True,prediction,"[1113, 0]","(18, 1)","[1224, None]","[0, 111]","[111, 0]","[2743.0833333333335, 2741.25]"
2743.15,3,S3_landing,0.6619755574719859,0.29062394820548937,0.17347821744503833,0.8448297519802349,True,prediction,"[1113, 0]","(18, 1)","[1224, None]","[0, 111]","[111, 0]","[2743.0833333333335, 2741.25]"
2743.1833333333334,3,S3_landing,0.6619755574719859,0.29062394820548937,0.17347821744503833,0.8448297519802349,True,prediction,"[1113, 0]","(18, 1)","[1224, None]","[0, 111]","[111, 0]","[2743.0833333333335, 2741.25]"
2743.2166666666667,3,S3_landing,0.6619755574719859,0.29062394820548937,0.17347821744503833,0.8448297519802349,True,prediction,"[1113, 0]","(18, 1)","[1224, None]","[0, 111]","[111, 0]","[2743.0833333333335, 2741.25]"
2743.25,3,S3_landing,0.6619755574719859,0.29062394820548937,0.17347821744503833,0.8448297519802349,True,prediction,"[1113, 0]","(18, 1)","[1224, None]","[0, 111]","[111, 0]","[2743.0833333333335, 2741.25]"
2743.2833333333333,3,S3_landing,0.6575581910327118,0.29062394820548937,0.17049629252084236,0.8375233873264589,True,prediction,"[1113, 0]","(18, 1)","[1228, None]","[0, 115]","[115, 0]","[2743.2833333333333, 2741.25]"
2743.3166666666666,3,S3_landing,0.5820750673598732,0.29062394820548937,0.17784546699461573,0.8509809851453163,True,prediction,"[1113, 0]","(18, 1)","[1304, None]","[0, 191]","[191, 0]","[2743.3166666666666, 2741.25]"
2743.35,3,S3_landing,0.6619755574719859,0.29062394820548937,0.17347821744503833,0.8448297519802349,True,prediction,"[1113, 0]","(18, 1)","[1224, None]","[0, 111]","[111, 0]","[2743.35, 2741.25]"
2743.383333333333,3,S3_landing,0.6619755574719859,0.29062394820548937,0.17347821744503833,0.8448297519802349,True,prediction,"[1113, 0]","(18, 1)","[1224, None]","[0, 111]","[111, 0]","[2743.35, 2741.25]"
2743.4166666666665,3,S3_landing,0.6619755574719859,0.29062394820548937,0.17347821744503833,0.8448297519802349,True,prediction,"[1113, 0]","(18, 1)","[1224, None]","[0, 111]","[111, 0]","[2743.35, 2741.25]"
2743.45,3,S3_landing,0.6619755574719859,0.29062394820548937,0.17347821744503833,0.8448297519802349,True,prediction,"[1113, 0]","(18, 1)","[1224, None]","[0, 111]","[111, 0]","[2743.35, 2741.25]"
2743.483333333333,3,S3_landing,0.6619755574719859,0.29062394820548937,0.17347821744503833,0.8448297519802349,True,prediction,"[1113, 0]","(18, 1)","[1224, None]","[0, 111]","[111, 0]","[2743.35, 2741.25]"
2743.516666666667,3,S3_landing,0.6619755574719859,0.29062394820548937,0.17347821744503833,0.8448297519802349,True,prediction,"[1113, 0]","(18, 1)","[1224, None]","[0, 111]","[111, 0]","[2743.35, 2741.25]"
2743.55,3,S3_landing,0.6619755574719859,0.29062394820548937,0.17347821744503833,0.8448297519802349,True,prediction,"[1113, 0]","(18, 1)","[1224, None]","[0, 111]","[111, 0]","[2743.35, 2741.25]"
2743.5833333333335,3,S3_landing,0.6619755574719859,0.29062394820548937,0.17347821744503833,0.8448297519802349,True,prediction,"[1113, 0]","(18, 1)","[1224, None]","[0, 111]","[111, 0]","[2743.35, 2741.25]"
2743.616666666667,3,S3_landing,0.6619755574719859,0.29062394820548937,0.17347821744503833,0.8448297519802349,True,prediction,"[1113, 0]","(18, 1)","[1224, None]","[0, 111]","[111, 0]","[2743.35, 2741.25]"
2743.65,3,S3_landing,0.6619755574719859,0.29062394820548937,0.17347821744503833,0.8448297519802349,True,prediction,"[1113, 0]","(18, 1)","[1224, None]","[0, 111]","[111, 0]","[2743.35, 2741.25]"
2743.6833333333334,3,S3_landing,0.2777233405408456,0.29062394820548937,0.17347821744503833,0.17347821744503833,False,prediction,"[1113, 0]","(14, 1)","[None, None]","[1113, 0]","[0, 0]","[2743.35, 2741.25]"
2743.7166666666667,3,S3_landing,0.2777233405408456,0.29062394820548937,0.17347821744503833,0.17347821744503833,False,prediction,"[1113, 0]","(14, 1)","[None, None]","[1113, 0]","[0, 0]","[2743.35, 2741.25]"
2743.75,3,S3_landing,0.2777233405408456,0.29062394820548937,0.17347821744503833,0.17347821744503833,False,prediction,"[1113, 0]","(14, 1)","[None, None]","[1113, 0]","[0, 0]","[2743.35, 2741.25]"
2743.7833333333333,3,S3_landing,0.2777233405408456,0.29062394820548937,0.17347821744503833,0.17347821744503833,False,prediction,"[1113, 0]","(14, 1)","[None, None]","[1113, 0]","[0, 0]","[2743.35, 2741.25]"
2743.8166666666666,3,S3_landing,0.2777233405408456,0.29062394820548937,0.17347821744503833,0.17347821744503833,False,prediction,"[1113, 0]","(14, 1)","[None, None]","[1113, 0]","[0, 0]","[2743.35, 2741.25]"
2743.85,3,S3_landing,0.2777233405408456,0.29062394820548937,0.17347821744503833,0.17347821744503833,False,prediction,"[1113, 0]","(14, 1)","[None, None]","[1113, 0]","[0, 0]","[2743.35, 2741.25]"
2743.883333333333,3,S3_landing,0.2777233405408456,0.29062394820548937,0.17347821744503833,0.17347821744503833,False,prediction,"[1113, 0]","(14, 1)","[None, None]","[1113, 0]","[0, 0]","[2743.35, 2741.25]"
2743.9166666666665,3,S3_landing,0.2777233405408456,0.29062394820548937,0.17347821744503833,0.17347821744503833,False,prediction,"[1113, 0]","(14, 1)","[None, None]","[1113, 0]","[0, 0]","[2743.35, 2741.25]"
2743.95,3,S3_landing,0.2777233405408456,0.29062394820548937,0.17347821744503833,0.17347821744503833,False,prediction,"[1113, 0]","(14, 1)","[None, None]","[1113, 0]","[0, 0]","[2743.35, 2741.25]"
2743.983333333333,3,S3_landing,0.2777233405408456,0.29062394820548937,0.17347821744503833,0.17347821744503833,False,prediction,"[1113, 0]","(14, 1)","[None, None]","[1113, 0]","[0, 0]","[2743.35, 2741.25]"
2744.016666666667,3,S3_landing,0.2777233405408456,0.29062394820548937,0.17347821744503833,0.17347821744503833,False,prediction,"[1113, 0]","(14, 1)","[None, None]","[1113, 0]","[0, 0]","[2743.35, 2741.25]"
2744.05,3,S3_landing,0.2777233405408456,0.29062394820548937,0.17347821744503833,0.17347821744503833,False,prediction,"[1113, 0]","(14, 1)","[None, None]","[1113, 0]","[0, 0]","[2743.35, 2741.25]"
2744.0833333333335,3,S3_landing,0.2777233405408456,0.29062394820548937,0.17347821744503833,0.17347821744503833,False,prediction,"[1113, 0]","(14, 1)","[None, None]","[1113, 0]","[0, 0]","[2743.35, 2741.25]"
2744.116666666667,3,S3_landing,0.2777233405408456,0.29062394820548937,0.17347821744503833,0.17347821744503833,False,prediction,"[1113, 0]","(14, 1)","[None, None]","[1113, 0]","[0, 0]","[2743.35, 2741.25]"
2744.15,3,S3_landing,0.2777233405408456,0.29062394820548937,0.17347821744503833,0.17347821744503833,False,prediction,"[1113, 0]","(14, 1)","[None, None]","[1113, 0]","[0, 0]","[2743.35, 2741.25]"
2744.1833333333334,3,S3_landing,0.2777233405408456,0.29062394820548937,0.17347821744503833,0.17347821744503833,False,prediction,"[1113, 0]","(14, 1)","[None, None]","[1113, 0]","[0, 0]","[2743.35, 2741.25]"
2744.2166666666667,3,S3_landing,0.2777233405408456,0.29062394820548937,0.17347821744503833,0.17347821744503833,False,prediction,"[1113, 0]","(14, 1)","[None, None]","[1113, 0]","[0, 0]","[2743.35, 2741.25]"
2744.25,3,S3_landing,0.2777233405408456,0.29062394820548937,0.17347821744503833,0.17347821744503833,False,prediction,"[1113, 0]","(14, 1)","[None, None]","[1113, 0]","[0, 0]","[2743.35, 2741.25]"
2744.2833333333333,3,S3_landing,0.2777233405408456,0.29062394820548937,0.17347821744503833,0.17347821744503833,False,prediction,"[1113, 0]","(14, 1)","[None, None]","[1113, 0]","[0, 0]","[2743.35, 2741.25]"
2744.3166666666666,3,S3_landing,0.2777233405408456,0.29062394820548937,0.17347821744503833,0.17347821744503833,False,prediction,"[1113, 0]","(14, 1)","[None, None]","[1113, 0]","[0, 0]","[2743.35, 2741.25]"
2744.35,3,S3_landing,0.25890153050583403,0.29062394820548937,0.14767172460098557,0.14767172460098557,False,prediction,"[1113, 0]","(14, 1)","[None, None]","[1113, 0]","[0, 0]","[2743.35, 2744.35]"
2744.383333333333,3,S3_landing,0.25890153050583403,0.29062394820548937,0.14767172460098557,0.14767172460098557,False,prediction,"[1113, 0]","(14, 1)","[None, None]","[1113, 0]","[0, 0]","[2743.35, 2744.35]"
2744.4166666666665,3,S3_landing,0.25890153050583403,0.29062394820548937,0.14767172460098557,0.14767172460098557,False,prediction,"[1113, 0]","(14, 1)","[None, None]","[1113, 0]","[0, 0]","[2743.35, 2744.35]"
2744.45,3,S3_landing,0.29379632528195304,0.29062394820548937,0.1996559512550369,0.1996559512550369,False,prediction,"[5, 0]","(1, 3)","[None, None]","[5, 0]","[0, 0]","[2743.35, 2744.45]"
2744.483333333333,3,S3_landing,0.4874630317069098,0.29062394820548937,0.4608900479718328,0.4608900479718328,False,prediction,"[5, 0]","(1, 3)","[None, None]","[5, 0]","[0, 0]","[2743.35, 2744.483333333333]"
2744.516666666667,3,S3_landing,0.3859655731230195,0.29062394820548937,0.27189112061982657,0.27189112061982657,False,prediction,"[5, 0]","(1, 3)","[None, None]","[5, 0]","[0, 0]","[2743.35, 2744.516666666667]"
2744.55,3,S3_landing,0.3859655731230195,0.29062394820548937,0.27189112061982657,0.27189112061982657,False,prediction,"[5, 0]","(1, 3)","[None, None]","[5, 0]","[0, 0]","[2743.35, 2744.516666666667]"
2744.5833333333335,3,S3_landing,0.3859655731230195,0.29062394820548937,0.27189112061982657,0.27189112061982657,False,prediction,"[5, 0]","(1, 3)","[None, None]","[5, 0]","[0, 0]","[2743.35, 2744.516666666667]"
2744.616666666667,3,S3_landing,0.3859655731230195,0.29062394820548937,0.27189112061982657,0.27189112061982657,False,prediction,"[5, 0]","(1, 3)","[None, None]","[5, 0]","[0, 0]","[2743.35, 2744.516666666667]"
2744.65,3,S3_landing,0.3859655731230195,0.29062394820548937,0.27189112061982657,0.27189112061982657,False,prediction,"[5, 0]","(1, 3)","[None, None]","[5, 0]","[0, 0]","[2743.35, 2744.516666666667]"
2744.6833333333334,3,S3_landing,0.3859655731230195,0.29062394820548937,0.27189112061982657,0.27189112061982657,False,prediction,"[5, 0]","(1, 3)","[None, None]","[5, 0]","[0, 0]","[2743.35, 2744.516666666667]"
2744.7166666666667,3,S3_landing,0.3859655731230195,0.29062394820548937,0.27189112061982657,0.27189112061982657,False,prediction,"[5, 0]","(1, 3)","[None, None]","[5, 0]","[0, 0]","[2743.35, 2744.516666666667]"
2744.75,3,S3_landing,0.43882911702743965,0.29062394820548937,0.37596803606212464,0.37596803606212464,False,prediction,"[5, 0]","(1, 3)","[None, None]","[5, 0]","[0, 0]","[2743.35, 2744.75]"
2744.7833333333333,3,S3_landing,0.43882911702743965,0.29062394820548937,0.37596803606212464,0.37596803606212464,False,prediction,"[5, 0]","(1, 3)","[None, None]","[5, 0]","[0, 0]","[2743.35, 2744.75]"
2744.8166666666666,3,S3_landing,0.43882911702743965,0.29062394820548937,0.37596803606212464,0.37596803606212464,False,prediction,"[5, 0]","(1, 3)","[None, None]","[5, 0]","[0, 0]","[2743.35, 2744.75]"
2744.85,3,S3_landing,0.43882911702743965,0.29062394820548937,0.37596803606212464,0.37596803606212464,False,prediction,"[5, 0]","(1, 3)","[None, None]","[5, 0]","[0, 0]","[2743.35, 2744.75]"
2744.883333333333,3,S3_landing,0.43882911702743965,0.29062394820548937,0.37596803606212464,0.37596803606212464,False,prediction,"[5, 0]","(1, 2)","[None, None]","[5, 0]","[0, 0]","[2743.35, 2744.883333333333]"
2744.9166666666665,3,S3_landing,0.43882911702743965,0.29062394820548937,0.37596803606212464,0.37596803606212464,False,prediction,"[5, 0]","(1, 2)","[None, None]","[5, 0]","[0, 0]","[2743.35, 2744.883333333333]"
2744.95,3,S3_landing,0.43882911702743965,0.29062394820548937,0.37596803606212464,0.37596803606212464,False,prediction,"[5, 0]","(1, 2)","[None, None]","[5, 0]","[0, 0]","[2743.35, 2744.883333333333]"
2744.983333333333,3,S3_landing,0.43882911702743965,0.29062394820548937,0.37596803606212464,0.37596803606212464,False,prediction,"[5, 0]","(1, 2)","[None, None]","[5, 0]","[0, 0]","[2743.35, 2744.883333333333]"
2745.016666666667,3,S3_landing,0.4143745500652642,0.29062394820548937,0.37663149723488976,0.37663149723488976,False,prediction,"[5, 0]","(1, 2)","[None, None]","[5, 0]","[0, 0]","[2743.35, 2745.016666666667]"
2745.05,3,S3_landing,0.43365018648533254,0.29062394820548937,0.37532068444379224,0.37532068444379224,False,prediction,"[5, 0]","(1, 2)","[None, None]","[5, 0]","[0, 0]","[2743.35, 2745.05]"
2745.0833333333335,3,S3_landing,0.48158782997829835,0.29062394820548937,0.38983975274623167,0.38983975274623167,False,prediction,"[5, 0]","(1, 2)","[None, None]","[5, 0]","[0, 0]","[2743.35, 2745.0833333333335]"
2745.116666666667,3,S3_provisional,0.418806054091914,0.29062394820548937,0.38983975274623167,0.38983975274623167,False,prediction,"[5, 0]","(1, 2)","[None, None]","[5, 0]","[0, 0]","[2743.35, 2745.0833333333335]"
2745.15,3,S3_provisional,0.418806054091914,0.29062394820548937,0.38983975274623167,0.38983975274623167,False,prediction,"[5, 0]","(1, 2)","[None, None]","[5, 0]","[0, 0]","[2743.35, 2745.0833333333335]"
2745.1833333333334,3,S3_provisional,0.418806054091914,0.29062394820548937,0.38983975274623167,0.38983975274623167,False,prediction,"[5, 0]","(1, 2)","[None, None]","[5, 0]","[0, 0]","[2743.35, 2745.0833333333335]"
2745.2166666666667,3,S3_provisional,0.418806054091914,0.29062394820548937,0.38983975274623167,0.38983975274623167,False,prediction,"[5, 0]","(1, 2)","[None, None]","[5, 0]","[0, 0]","[2743.35, 2745.0833333333335]"
2745.25,3,S3_provisional,0.418806054091914,0.29062394820548937,0.38983975274623167,0.38983975274623167,False,prediction,"[5, 0]","(1, 2)","[None, None]","[5, 0]","[0, 0]","[2743.35, 2745.0833333333335]"
2745.2833333333333,3,S3_provisional,0.418806054091914,0.29062394820548937,0.38983975274623167,0.38983975274623167,False,prediction,"[5, 0]","(1, 2)","[None, None]","[5, 0]","[0, 0]","[2743.35, 2745.0833333333335]"
2745.3166666666666,3,S3_provisional,0.418806054091914,0.29062394820548937,0.38983975274623167,0.38983975274623167,False,prediction,"[5, 0]","(1, 2)","[None, None]","[5, 0]","[0, 0]","[2743.35, 2745.0833333333335]"
2745.35,3,S3_provisional,0.418806054091914,0.29062394820548937,0.38983975274623167,0.38983975274623167,False,prediction,"[5, 0]","(1, 2)","[None, None]","[5, 0]","[0, 0]","[2743.35, 2745.0833333333335]"
2745.383333333333,3,S3_provisional,0.418806054091914,0.29062394820548937,0.38983975274623167,0.38983975274623167,False,prediction,"[5, 0]","(1, 2)","[None, None]","[5, 0]","[0, 0]","[2743.35, 2745.0833333333335]"
2745.4166666666665,3,S3_provisional,0.418806054091914,0.29062394820548937,0.38983975274623167,0.38983975274623167,False,prediction,"[5, 0]","(1, 2)","[None, None]","[5, 0]","[0, 0]","[2743.35, 2745.0833333333335]"
2745.45,3,S3_provisional,0.418806054091914,0.29062394820548937,0.38983975274623167,0.38983975274623167,False,prediction,"[5, 0]","(1, 2)","[None, None]","[5, 0]","[0, 0]","[2743.35, 2745.0833333333335]"
2745.483333333333,3,S3_provisional,0.418806054091914,0.29062394820548937,0.38983975274623167,0.38983975274623167,False,prediction,"[5, 0]","(1, 2)","[None, None]","[5, 0]","[0, 0]","[2743.35, 2745.0833333333335]"
2745.516666666667,3,S3_provisional,0.418806054091914,0.29062394820548937,0.38983975274623167,0.38983975274623167,False,prediction,"[5, 0]","(1, 2)","[None, None]","[5, 0]","[0, 0]","[2743.35, 2745.0833333333335]"
2745.55,3,S3_provisional,0.418806054091914,0.29062394820548937,0.38983975274623167,0.38983975274623167,False,prediction,"[5, 0]","(1, 2)","[None, None]","[5, 0]","[0, 0]","[2743.35, 2745.0833333333335]"
2745.5833333333335,3,S3_provisional,0.418806054091914,0.29062394820548937,0.38983975274623167,0.38983975274623167,False,prediction,"[5, 0]","(1, 2)","[None, None]","[5, 0]","[0, 0]","[2743.35, 2745.0833333333335]"
2745.616666666667,3,S3_provisional,0.418806054091914,0.29062394820548937,0.38983975274623167,0.38983975274623167,False,prediction,"[5, 0]","(1, 2)","[None, None]","[5, 0]","[0, 0]","[2743.35, 2745.0833333333335]"
2745.65,3,S3_provisional,0.418806054091914,0.29062394820548937,0.38983975274623167,0.38983975274623167,False,prediction,"[5, 0]","(1, 2)","[None, None]","[5, 0]","[0, 0]","[2743.35, 2745.0833333333335]"
2745.6833333333334,3,S3_provisional,0.418806054091914,0.29062394820548937,0.38983975274623167,0.38983975274623167,False,prediction,"[5, 0]","(1, 2)","[None, None]","[5, 0]","[0, 0]","[2743.35, 2745.0833333333335]"
2745.7166666666667,3,S3_provisional,0.418806054091914,0.29062394820548937,0.38983975274623167,0.38983975274623167,False,prediction,"[5, 0]","(1, 2)","[None, None]","[5, 0]","[0, 0]","[2743.35, 2745.0833333333335]"
2745.75,3,S3_provisional,0.418806054091914,0.29062394820548937,0.38983975274623167,0.38983975274623167,False,prediction,"[5, 0]","(1, 2)","[None, None]","[5, 0]","[0, 0]","[2743.35, 2745.0833333333335]"
2745.7833333333333,3,S3_provisional,0.418806054091914,0.29062394820548937,0.38983975274623167,0.38983975274623167,False,prediction,"[5, 0]","(1, 2)","[None, None]","[5, 0]","[0, 0]","[2743.35, 2745.0833333333335]"
2745.8166666666666,3,S3_provisional,0.418806054091914,0.29062394820548937,0.38983975274623167,0.38983975274623167,False,prediction,"[5, 0]","(1, 2)","[None, None]","[5, 0]","[0, 0]","[2743.35, 2745.0833333333335]"
2745.85,3,S3_provisional,0.418806054091914,0.29062394820548937,0.38983975274623167,0.38983975274623167,False,prediction,"[5, 0]","(1, 2)","[None, None]","[5, 0]","[0, 0]","[2743.35, 2745.0833333333335]"
2745.883333333333,3,S3_provisional,0.418806054091914,0.29062394820548937,0.38983975274623167,0.38983975274623167,False,prediction,"[5, 0]","(1, 2)","[None, None]","[5, 0]","[0, 0]","[2743.35, 2745.0833333333335]"
2745.9166666666665,3,S3_provisional,0.418806054091914,0.29062394820548937,0.38983975274623167,0.38983975274623167,False,prediction,"[5, 0]","(1, 2)","[None, None]","[5, 0]","[0, 0]","[2743.35, 2745.0833333333335]"
2745.95,3,S3_provisional,0.418806054091914,0.29062394820548937,0.38983975274623167,0.38983975274623167,False,prediction,"[5, 0]","(1, 2)","[None, None]","[5, 0]","[0, 0]","[2743.35, 2745.0833333333335]"
2745.983333333333,3,S3_provisional,0.418806054091914,0.29062394820548937,0.38983975274623167,0.38983975274623167,False,prediction,"[5, 0]","(1, 2)","[None, None]","[5, 0]","[0, 0]","[2743.35, 2745.0833333333335]"
2746.016666666667,3,S3_provisional,0.418806054091914,0.29062394820548937,0.38983975274623167,0.38983975274623167,False,prediction,"[5, 0]","(1, 2)","[None, None]","[5, 0]","[0, 0]","[2743.35, 2745.0833333333335]"
2746.05,3,S3_provisional,0.418806054091914,0.29062394820548937,0.38983975274623167,0.38983975274623167,False,prediction,"[5, 0]","(1, 2)","[None, None]","[5, 0]","[0, 0]","[2743.35, 2745.0833333333335]"
2746.0833333333335,3,S3_provisional,0.418806054091914,0.29062394820548937,0.38983975274623167,0.38983975274623167,False,prediction,"[5, 0]","(1, 2)","[None, None]","[5, 0]","[0, 0]","[2743.35, 2745.0833333333335]"
2746.116666666667,3,S3_provisional,0.418806054091914,0.29062394820548937,0.38983975274623167,0.38983975274623167,False,prediction,"[5, 0]","(1, 2)","[None, None]","[5, 0]","[0, 0]","[2743.35, 2745.0833333333335]"
2746.15,3,S3_provisional,0.418806054091914,0.29062394820548937,0.38983975274623167,0.38983975274623167,False,prediction,"[5, 0]","(1, 2)","[None, None]","[5, 0]","[0, 0]","[2743.35, 2745.0833333333335]"
2746.1833333333334,3,S3_provisional,0.418806054091914,0.29062394820548937,0.38983975274623167,0.38983975274623167,False,prediction,"[5, 0]","(1, 2)","[None, None]","[5, 0]","[0, 0]","[2743.35, 2745.0833333333335]"
2746.2166666666667,3,S3_provisional,0.418806054091914,0.29062394820548937,0.38983975274623167,0.38983975274623167,False,prediction,"[5, 0]","(1, 2)","[None, None]","[5, 0]","[0, 0]","[2743.35, 2745.0833333333335]"
2746.25,3,S3_provisional,0.418806054091914,0.29062394820548937,0.38983975274623167,0.38983975274623167,False,prediction,"[5, 0]","(1, 2)","[None, None]","[5, 0]","[0, 0]","[2743.35, 2745.0833333333335]"
2746.2833333333333,3,S3_provisional,0.5054423196365351,0.29062394820548937,0.38983975274623167,0.38983975274623167,False,prediction,"[5, 0]","(1, 2)","[None, None]","[5, 0]","[0, 0]","[2743.35, 2745.0833333333335]"
2746.3166666666666,3,S3_provisional,0.5054423196365351,0.29062394820548937,0.38983975274623167,0.38983975274623167,False,prediction,"[5, 0]","(1, 2)","[None, None]","[5, 0]","[0, 0]","[2743.35, 2745.0833333333335]"
2746.35,3,S3_provisional,0.5054423196365351,0.29062394820548937,0.38983975274623167,0.38983975274623167,False,prediction,"[5, 0]","(1, 2)","[None, None]","[5, 0]","[0, 0]","[2743.35, 2745.0833333333335]"
2746.383333333333,3,S3_provisional,0.5054423196365351,0.29062394820548937,0.38983975274623167,0.38983975274623167,False,prediction,"[5, 0]","(1, 2)","[None, None]","[5, 0]","[0, 0]","[2743.35, 2745.0833333333335]"
2746.4166666666665,3,S3_provisional,0.5054423196365351,0.29062394820548937,0.38983975274623167,0.38983975274623167,False,prediction,"[5, 0]","(1, 2)","[None, None]","[5, 0]","[0, 0]","[2743.35, 2745.0833333333335]"
2746.45,3,S3_provisional,0.5054423196365351,0.29062394820548937,0.38983975274623167,0.38983975274623167,False,prediction,"[5, 0]","(1, 2)","[None, None]","[5, 0]","[0, 0]","[2743.35, 2745.0833333333335]"
2746.483333333333,3,S3_landing,0.4339483465231697,0.29062394820548937,0.836431304867451,0.3158379866706827,True,prediction,"[0, 9]","(1, 4)","[None, 956]","[947, 0]","[0, 947]","[2743.35, 2746.483333333333]"
2746.516666666667,3,S3_landing,0.45368792410128456,0.29062394820548937,0.8335371675329833,0.3110065129302351,True,prediction,"[0, 9]","(1, 4)","[None, 881]","[872, 0]","[0, 872]","[2743.35, 2746.516666666667]"
2746.55,3,S3_landing,0.4591476612635568,0.29062394820548937,0.8388266054513178,0.30485721038833663,True,prediction,"[0, 9]","(1, 4)","[None, 913]","[904, 0]","[0, 904]","[2743.35, 2746.55]"
2746.5833333333335,3,S3_landing,0.42942170616887765,0.29062394820548937,0.8280424698249648,0.29912998954868875,True,prediction,"[0, 9]","(1, 4)","[None, 730]","[721, 0]","[0, 721]","[2743.35, 2746.5833333333335]"
2746.616666666667,3,S3_landing,0.42165484257479097,0.29062394820548937,0.8268080624881906,0.3008616420745704,True,prediction,"[0, 9]","(1, 4)","[None, 899]","[890, 0]","[0, 890]","[2743.35, 2746.616666666667]"
2746.65,3,S3_landing,0.42165484257479097,0.29062394820548937,0.8268080624881906,0.3008616420745704,True,prediction,"[0, 9]","(1, 4)","[None, 899]","[890, 0]","[0, 890]","[2743.35, 2746.616666666667]"
2746.6833333333334,3,S3_landing,0.42165484257479097,0.29062394820548937,0.8268080624881906,0.3008616420745704,True,prediction,"[0, 9]","(1, 4)","[None, 899]","[890, 0]","[0, 890]","[2743.35, 2746.616666666667]"
2746.7166666666667,3,S3_landing,0.42165484257479097,0.29062394820548937,0.8268080624881906,0.3008616420745704,True,prediction,"[0, 9]","(1, 4)","[None, 899]","[890, 0]","[0, 890]","[2743.35, 2746.616666666667]"
2746.75,3,S3_landing,0.42165484257479097,0.29062394820548937,0.8268080624881906,0.3008616420745704,True,prediction,"[0, 9]","(1, 4)","[None, 899]","[890, 0]","[0, 890]","[2743.35, 2746.616666666667]"
2746.7833333333333,3,S3_landing,0.42165484257479097,0.29062394820548937,0.8268080624881906,0.3008616420745704,True,prediction,"[0, 9]","(1, 4)","[None, 899]","[890, 0]","[0, 890]","[2743.35, 2746.616666666667]"
2746.8166666666666,3,S3_landing,0.42165484257479097,0.29062394820548937,0.8268080624881906,0.3008616420745704,True,prediction,"[0, 9]","(1, 3)","[None, 899]","[890, 0]","[0, 890]","[2743.35, 2746.8166666666666]"
2746.85,3,S3_landing,0.42165484257479097,0.29062394820548937,0.8268080624881906,0.3008616420745704,True,prediction,"[0, 9]","(1, 3)","[None, 899]","[890, 0]","[0, 890]","[2743.35, 2746.8166666666666]"
2746.883333333333,3,S3_landing,0.42165484257479097,0.29062394820548937,0.8268080624881906,0.3008616420745704,True,prediction,"[0, 9]","(1, 3)","[None, 899]","[890, 0]","[0, 890]","[2743.35, 2746.8166666666666]"
2746.9166666666665,3,S3_landing,0.42165484257479097,0.29062394820548937,0.8268080624881906,0.3008616420745704,True,prediction,"[0, 9]","(1, 3)","[None, 899]","[890, 0]","[0, 890]","[2743.35, 2746.8166666666666]"
2746.95,3,S3_landing,0.42165484257479097,0.29062394820548937,0.8268080624881906,0.3008616420745704,True,prediction,"[0, 9]","(1, 3)","[None, 899]","[890, 0]","[0, 890]","[2743.35, 2746.8166666666666]"
2746.983333333333,3,S3_landing,0.42165484257479097,0.29062394820548937,0.8268080624881906,0.3008616420745704,True,prediction,"[0, 9]","(1, 3)","[None, 899]","[890, 0]","[0, 890]","[2743.35, 2746.8166666666666]"
2747.016666666667,3,S3_landing,0.42165484257479097,0.29062394820548937,0.8268080624881906,0.3008616420745704,True,prediction,"[0, 9]","(1, 3)","[None, 899]","[890, 0]","[0, 890]","[2743.35, 2746.8166666666666]"
2747.05,3,S3_landing,0.42165484257479097,0.29062394820548937,0.8268080624881906,0.3008616420745704,True,prediction,"[0, 9]","(1, 3)","[None, 899]","[890, 0]","[0, 890]","[2743.35, 2746.8166666666666]"
2747.0833333333335,3,S3_landing,0.42165484257479097,0.29062394820548937,0.8268080624881906,0.3008616420745704,True,prediction,"[0, 9]","(1, 3)","[None, 899]","[890, 0]","[0, 890]","[2743.35, 2746.8166666666666]"
2747.116666666667,3,S3_landing,0.42165484257479097,0.29062394820548937,0.8268080624881906,0.3008616420745704,True,prediction,"[0, 9]","(1, 3)","[None, 899]","[890, 0]","[0, 890]","[2743.35, 2746.8166666666666]"
2747.15,3,S3_landing,0.45368792410128456,0.29062394820548937,0.8335371675329833,0.3110065129302351,True,prediction,"[0, 9]","(1, 3)","[None, 881]","[872, 0]","[0, 872]","[2743.35, 2747.15]"
2747.1833333333334,3,S3_landing,0.44833081742711806,0.29062394820548937,0.8361072151540331,0.3098945257127817,True,prediction,"[0, 9]","(1, 3)","[None, 717]","[708, 0]","[0, 708]","[2743.35, 2747.1833333333334]"
2747.2166666666667,3,S3_landing,0.42165484257479097,0.29062394820548937,0.8268080624881906,0.3008616420745704,True,prediction,"[0, 9]","(1, 3)","[None, 899]","[890, 0]","[0, 890]","[2743.35, 2747.2166666666667]"
2747.25,3,S3_landing,0.42165484257479097,0.29062394820548937,0.8268080624881906,0.3008616420745704,True,prediction,"[0, 9]","(1, 3)","[None, 899]","[890, 0]","[0, 890]","[2743.35, 2747.2166666666667]"
2747.2833333333333,3,S3_landing,0.42165484257479097,0.29062394820548937,0.8268080624881906,0.3008616420745704,True,prediction,"[0, 9]","(1, 3)","[None, 899]","[890, 0]","[0, 890]","[2743.35, 2747.2166666666667]"
2747.3166666666666,3,S3_landing,0.42165484257479097,0.29062394820548937,0.8268080624881906,0.3008616420745704,True,prediction,"[0, 9]","(1, 3)","[None, 899]","[890, 0]","[0, 890]","[2743.35, 2747.2166666666667]"
2747.35,3,S3_landing,0.42165484257479097,0.29062394820548937,0.8268080624881906,0.3008616420745704,True,prediction,"[0, 9]","(1, 3)","[None, 899]","[890, 0]","[0, 890]","[2743.35, 2747.2166666666667]"
2747.383333333333,3,S3_landing,0.42165484257479097,0.29062394820548937,0.8268080624881906,0.3008616420745704,True,prediction,"[0, 9]","(1, 3)","[None, 899]","[890, 0]","[0, 890]","[2743.35, 2747.2166666666667]"
2747.4166666666665,3,S3_landing,0.42165484257479097,0.29062394820548937,0.8268080624881906,0.3008616420745704,True,prediction,"[0, 9]","(1, 3)","[None, 899]","[890, 0]","[0, 890]","[2743.35, 2747.2166666666667]"
2747.45,3,S3_landing,0.42165484257479097,0.29062394820548937,0.8268080624881906,0.3008616420745704,True,prediction,"[0, 9]","(1, 3)","[None, 899]","[890, 0]","[0, 890]","[2743.35, 2747.2166666666667]"
2747.483333333333,3,S3_landing,0.42165484257479097,0.29062394820548937,0.8268080624881906,0.3008616420745704,True,prediction,"[0, 9]","(1, 3)","[None, 899]","[890, 0]","[0, 890]","[2743.35, 2747.2166666666667]"
2747.516666666667,3,S3_landing,0.42165484257479097,0.29062394820548937,0.8268080624881906,0.3008616420745704,True,prediction,"[0, 9]","(1, 3)","[None, 899]","[890, 0]","[0, 890]","[2743.35, 2747.2166666666667]"
2747.55,3,S3_landing,0.7083122961278496,0.29062394820548937,0.8268080624881906,0.8268080624881906,False,prediction,"[0, 9]","(1, 2)","[None, 0]","[0, 9]","[0, 0]","[2743.35, 2747.2166666666667]"
2747.5833333333335,3,S3_landing,0.7083122961278496,0.29062394820548937,0.8268080624881906,0.8268080624881906,False,prediction,"[0, 9]","(1, 2)","[None, 0]","[0, 9]","[0, 0]","[2743.35, 2747.2166666666667]"
2747.616666666667,3,S3_landing,0.7083122961278496,0.29062394820548937,0.8268080624881906,0.8268080624881906,False,prediction,"[0, 9]","(1, 2)","[None, 0]","[0, 9]","[0, 0]","[2743.35, 2747.2166666666667]"
2747.65,3,S3_landing,0.7083122961278496,0.29062394820548937,0.8268080624881906,0.8268080624881906,False,prediction,"[0, 9]","(1, 2)","[None, 0]","[0, 9]","[0, 0]","[2743.35, 2747.2166666666667]"
2747.6833333333334,3,S3_landing,0.7083122961278496,0.29062394820548937,0.8268080624881906,0.8268080624881906,False,prediction,"[0, 9]","(1, 2)","[None, 0]","[0, 9]","[0, 0]","[2743.35, 2747.2166666666667]"
2747.7166666666667,3,S3_landing,0.7083122961278496,0.29062394820548937,0.8268080624881906,0.8268080624881906,False,prediction,"[0, 9]","(1, 2)","[None, 0]","[0, 9]","[0, 0]","[2743.35, 2747.2166666666667]"
2747.75,3,S3_landing,0.7083122961278496,0.29062394820548937,0.8268080624881906,0.8268080624881906,False,prediction,"[0, 9]","(1, 2)","[None, 0]","[0, 9]","[0, 0]","[2743.35, 2747.2166666666667]"
2747.7833333333333,3,S3_landing,0.7083122961278496,0.29062394820548937,0.8268080624881906,0.8268080624881906,False,prediction,"[0, 9]","(1, 2)","[None, 0]","[0, 9]","[0, 0]","[2743.35, 2747.2166666666667]"
2747.8166666666666,3,S3_landing,0.43824392453153727,0.29062394820548937,0.846333007914244,0.3008616420745704,True,prediction,"[0, 72]","(1, 4)","[None, 899]","[827, 0]","[0, 827]","[2743.35, 2747.2166666666667]"
2747.85,3,S3_landing,0.43824392453153727,0.29062394820548937,0.846333007914244,0.3008616420745704,True,prediction,"[0, 72]","(1, 4)","[None, 899]","[827, 0]","[0, 827]","[2743.35, 2747.2166666666667]"
2747.883333333333,3,S3_landing,0.43824392453153727,0.29062394820548937,0.846333007914244,0.3008616420745704,True,prediction,"[0, 72]","(1, 4)","[None, 899]","[827, 0]","[0, 827]","[2743.35, 2747.2166666666667]"
2747.9166666666665,3,S3_landing,0.43824392453153727,0.29062394820548937,0.846333007914244,0.3008616420745704,True,prediction,"[0, 72]","(1, 4)","[None, 899]","[827, 0]","[0, 827]","[2743.35, 2747.2166666666667]"
2747.95,3,S3_landing,0.43824392453153727,0.29062394820548937,0.846333007914244,0.3008616420745704,True,prediction,"[0, 72]","(1, 4)","[None, 899]","[827, 0]","[0, 827]","[2743.35, 2747.2166666666667]"
2747.983333333333,3,S3_landing,0.43824392453153727,0.29062394820548937,0.846333007914244,0.3008616420745704,True,prediction,"[0, 72]","(1, 4)","[None, 899]","[827, 0]","[0, 827]","[2743.35, 2747.2166666666667]"
2748.016666666667,3,S3_landing,0.43824392453153727,0.29062394820548937,0.846333007914244,0.3008616420745704,True,prediction,"[0, 72]","(1, 4)","[None, 899]","[827, 0]","[0, 827]","[2743.35, 2747.2166666666667]"
2748.05,3,S3_landing,0.4655920610096034,0.29062394820548937,0.8472523989749509,0.3110065129302351,True,prediction,"[0, 72]","(1, 4)","[None, 881]","[809, 0]","[0, 809]","[2743.35, 2748.05]"
2748.0833333333335,3,S3_landing,0.4655920610096034,0.29062394820548937,0.8472523989749509,0.3110065129302351,True,prediction,"[0, 72]","(1, 4)","[None, 881]","[809, 0]","[0, 809]","[2743.35, 2748.05]"
2748.116666666667,3,S3_landing,0.4655920610096034,0.29062394820548937,0.8472523989749509,0.3110065129302351,True,prediction,"[0, 72]","(1, 4)","[None, 881]","[809, 0]","[0, 809]","[2743.35, 2748.05]"
2748.15,3,S3_landing,0.45365510433354206,0.29062394820548937,0.8693949983800556,0.33115726443320753,True,prediction,"[0, 72]","(1, 4)","[None, 707]","[635, 0]","[0, 635]","[2743.35, 2748.15]"
2748.1833333333334,3,S3_landing,0.7449477681069201,0.29062394820548937,0.860491788066687,0.860491788066687,False,prediction,"[0, 72]","(1, 3)","[None, 0]","[0, 72]","[0, 0]","[2743.35, 2748.1833333333334]"
2748.2166666666667,3,S3_landing,0.7449477681069201,0.29062394820548937,0.860491788066687,0.860491788066687,False,prediction,"[0, 72]","(1, 3)","[None, 0]","[0, 72]","[0, 0]","[2743.35, 2748.1833333333334]"
2748.25,3,S3_landing,0.7449477681069201,0.29062394820548937,0.860491788066687,0.860491788066687,False,prediction,"[0, 72]","(1, 3)","[None, 0]","[0, 72]","[0, 0]","[2743.35, 2748.1833333333334]"
2748.2833333333333,3,S3_landing,0.7449477681069201,0.29062394820548937,0.860491788066687,0.860491788066687,False,prediction,"[0, 72]","(1, 3)","[None, 0]","[0, 72]","[0, 0]","[2743.35, 2748.1833333333334]"
2748.3166666666666,3,S3_landing,0.7527577036188712,0.29062394820548937,0.8693949983800556,0.8693949983800556,False,prediction,"[0, 72]","(1, 3)","[None, 5]","[0, 67]","[0, 0]","[2743.35, 2748.3166666666666]"
2748.35,3,S3_landing,0.7527577036188712,0.29062394820548937,0.8693949983800556,0.8693949983800556,False,prediction,"[0, 72]","(1, 3)","[None, 5]","[0, 67]","[0, 0]","[2743.35, 2748.3166666666666]"
2748.383333333333,3,S3_landing,0.7527577036188712,0.29062394820548937,0.8693949983800556,0.8693949983800556,False,prediction,"[0, 72]","(1, 3)","[None, 5]","[0, 67]","[0, 0]","[2743.35, 2748.3166666666666]"
2748.4166666666665,3,S3_landing,0.7527577036188712,0.29062394820548937,0.8693949983800556,0.8693949983800556,False,prediction,"[0, 72]","(1, 3)","[None, 5]","[0, 67]","[0, 0]","[2743.35, 2748.3166666666666]"
2748.45,3,S3_landing,0.4570987668904569,0.29062394820548937,0.856835380210244,0.31934358254361517,True,prediction,"[0, 72]","(1, 3)","[None, 881]","[809, 0]","[0, 809]","[2743.35, 2748.45]"
2748.483333333333,3,S3_landing,0.46113444078694593,0.29062394820548937,0.8656696339035342,0.3339357325777855,True,prediction,"[0, 72]","(1, 3)","[None, 732]","[660, 0]","[0, 660]","[2743.35, 2748.483333333333]"
2748.516666666667,3,S3_landing,0.4623231759726101,0.29062394820548937,0.8669349067548504,0.3360667812921595,True,prediction,"[0, 72]","(1, 3)","[None, 732]","[660, 0]","[0, 660]","[2743.35, 2748.516666666667]"
2748.55,3,S3_landing,0.4623231759726101,0.29062394820548937,0.8669349067548504,0.3360667812921595,True,prediction,"[0, 72]","(1, 3)","[None, 732]","[660, 0]","[0, 660]","[2743.35, 2748.516666666667]"
2748.5833333333335,3,S3_landing,0.4623231759726101,0.29062394820548937,0.8669349067548504,0.3360667812921595,True,prediction,"[0, 72]","(1, 3)","[None, 732]","[660, 0]","[0, 660]","[2743.35, 2748.516666666667]"
2748.616666666667,3,S3_landing,0.4623231759726101,0.29062394820548937,0.8669349067548504,0.3360667812921595,True,prediction,"[0, 72]","(1, 3)","[None, 732]","[660, 0]","[0, 660]","[2743.35, 2748.516666666667]"
2748.65,3,S3_landing,0.4623231759726101,0.29062394820548937,0.8669349067548504,0.3360667812921595,True,prediction,"[0, 72]","(1, 3)","[None, 732]","[660, 0]","[0, 660]","[2743.35, 2748.516666666667]"
2748.6833333333334,3,S3_landing,0.4623231759726101,0.29062394820548937,0.8669349067548504,0.3360667812921595,True,prediction,"[0, 72]","(1, 3)","[None, 732]","[660, 0]","[0, 660]","[2743.35, 2748.516666666667]"
2748.7166666666667,3,S3_landing,0.4623231759726101,0.29062394820548937,0.8669349067548504,0.3360667812921595,True,prediction,"[0, 72]","(1, 3)","[None, 732]","[660, 0]","[0, 660]","[2743.35, 2748.516666666667]"
2748.75,3,S3_landing,0.4623231759726101,0.29062394820548937,0.8669349067548504,0.3360667812921595,True,prediction,"[0, 72]","(1, 3)","[None, 732]","[660, 0]","[0, 660]","[2743.35, 2748.516666666667]"
2748.7833333333333,3,S3_landing,0.4623231759726101,0.29062394820548937,0.8669349067548504,0.3360667812921595,True,prediction,"[0, 72]","(1, 3)","[None, 732]","[660, 0]","[0, 660]","[2743.35, 2748.516666666667]"
2748.8166666666666,3,S3_landing,0.4623231759726101,0.29062394820548937,0.8669349067548504,0.3360667812921595,True,prediction,"[0, 72]","(1, 3)","[None, 732]","[660, 0]","[0, 660]","[2743.35, 2748.516666666667]"
2748.85,3,S3_landing,0.4623231759726101,0.29062394820548937,0.8669349067548504,0.3360667812921595,True,prediction,"[0, 72]","(1, 3)","[None, 732]","[660, 0]","[0, 660]","[2743.35, 2748.516666666667]"
2748.883333333333,3,S3_landing,0.4623231759726101,0.29062394820548937,0.8669349067548504,0.3360667812921595,True,prediction,"[0, 72]","(1, 3)","[None, 732]","[660, 0]","[0, 660]","[2743.35, 2748.516666666667]"
2748.9166666666665,3,S3_landing,0.4623231759726101,0.29062394820548937,0.8669349067548504,0.3360667812921595,True,prediction,"[0, 72]","(1, 2)","[None, 732]","[660, 0]","[0, 660]","[2743.35, 2748.516666666667]"
2748.95,3,S3_landing,0.4623231759726101,0.29062394820548937,0.8669349067548504,0.3360667812921595,True,prediction,"[0, 72]","(1, 2)","[None, 732]","[660, 0]","[0, 660]","[2743.35, 2748.516666666667]"
2748.983333333333,3,S3_landing,0.4623231759726101,0.29062394820548937,0.8669349067548504,0.3360667812921595,True,prediction,"[0, 72]","(1, 2)","[None, 732]","[660, 0]","[0, 660]","[2743.35, 2748.516666666667]"
2749.016666666667,3,S3_landing,0.4623231759726101,0.29062394820548937,0.8669349067548504,0.3360667812921595,True,prediction,"[0, 72]","(1, 2)","[None, 732]","[660, 0]","[0, 660]","[2743.35, 2748.516666666667]"
2749.05,3,S3_landing,0.4623231759726101,0.29062394820548937,0.8669349067548504,0.3360667812921595,True,prediction,"[0, 72]","(1, 2)","[None, 732]","[660, 0]","[0, 660]","[2743.35, 2748.516666666667]"
2749.0833333333335,3,S3_landing,0.4623231759726101,0.29062394820548937,0.8669349067548504,0.3360667812921595,True,prediction,"[0, 72]","(1, 2)","[None, 732]","[660, 0]","[0, 660]","[2743.35, 2748.516666666667]"
2749.116666666667,3,S3_landing,0.4623231759726101,0.29062394820548937,0.8669349067548504,0.3360667812921595,True,prediction,"[0, 72]","(1, 2)","[None, 732]","[660, 0]","[0, 660]","[2743.35, 2748.516666666667]"
2749.15,3,S3_landing,0.4570987668904569,0.29062394820548937,0.856835380210244,0.31934358254361517,True,prediction,"[0, 72]","(1, 2)","[None, 881]","[809, 0]","[0, 809]","[2743.35, 2749.15]"
2749.1833333333334,3,S3_landing,0.7496993600291625,0.29062394820548937,0.8656334351900842,0.8656334351900842,False,prediction,"[0, 72]","(1, 2)","[None, 2]","[0, 70]","[0, 0]","[2743.35, 2749.1833333333334]"
2749.2166666666667,3,S3_landing,0.46027208197326086,0.29062394820548937,0.8656334351900842,0.33481453415308376,True,prediction,"[0, 179]","(1, 4)","[None, 707]","[528, 0]","[0, 528]","[2743.35, 2749.1833333333334]"
2749.25,3,S3_landing,0.46027208197326086,0.29062394820548937,0.8656334351900842,0.33481453415308376,True,prediction,"[0, 179]","(1, 4)","[None, 707]","[528, 0]","[0, 528]","[2743.35, 2749.1833333333334]"
2749.2833333333333,3,S3_landing,0.47359636376756403,0.29062394820548937,0.8531305897201812,0.30134983271391685,True,prediction,"[0, 179]","(1, 4)","[None, 1160]","[981, 0]","[0, 981]","[2743.35, 2749.2833333333333]"
2749.3166666666666,3,S3_landing,0.47359636376756403,0.29062394820548937,0.8531305897201812,0.30134983271391685,True,prediction,"[0, 179]","(1, 4)","[None, 1160]","[981, 0]","[0, 981]","[2743.35, 2749.2833333333333]"
2749.35,3,S3_landing,0.47359636376756403,0.29062394820548937,0.8531305897201812,0.30134983271391685,True,prediction,"[0, 179]","(1, 4)","[None, 1160]","[981, 0]","[0, 981]","[2743.35, 2749.2833333333333]"
2749.383333333333,3,S3_landing,0.47359636376756403,0.29062394820548937,0.8531305897201812,0.30134983271391685,True,prediction,"[0, 179]","(1, 4)","[None, 1160]","[981, 0]","[0, 981]","[2743.35, 2749.2833333333333]"
2749.4166666666665,3,S3_landing,0.47359636376756403,0.29062394820548937,0.8531305897201812,0.30134983271391685,True,prediction,"[0, 179]","(1, 4)","[None, 1160]","[981, 0]","[0, 981]","[2743.35, 2749.2833333333333]"
2749.45,3,S3_landing,0.47359636376756403,0.29062394820548937,0.8531305897201812,0.30134983271391685,True,prediction,"[0, 179]","(1, 4)","[None, 1160]","[981, 0]","[0, 981]","[2743.35, 2749.2833333333333]"
2749.483333333333,3,S3_landing,0.47359636376756403,0.29062394820548937,0.8531305897201812,0.30134983271391685,True,prediction,"[0, 179]","(1, 4)","[None, 1160]","[981, 0]","[0, 981]","[2743.35, 2749.2833333333333]"
2749.516666666667,3,S3_landing,0.47359636376756403,0.29062394820548937,0.8531305897201812,0.30134983271391685,True,prediction,"[0, 179]","(1, 4)","[None, 1160]","[981, 0]","[0, 981]","[2743.35, 2749.2833333333333]"
2749.55,3,S3_landing,0.47359636376756403,0.29062394820548937,0.8531305897201812,0.30134983271391685,True,prediction,"[0, 179]","(1, 4)","[None, 1160]","[981, 0]","[0, 981]","[2743.35, 2749.2833333333333]"
2749.5833333333335,3,S3_landing,0.47359636376756403,0.29062394820548937,0.8531305897201812,0.30134983271391685,True,prediction,"[0, 179]","(1, 4)","[None, 1160]","[981, 0]","[0, 981]","[2743.35, 2749.2833333333333]"
2749.616666666667,3,S3_landing,0.47359636376756403,0.29062394820548937,0.8531305897201812,0.30134983271391685,True,prediction,"[0, 179]","(1, 3)","[None, 1160]","[981, 0]","[0, 981]","[2743.35, 2749.4166666666665]"
2749.65,3,S3_landing,0.47359636376756403,0.29062394820548937,0.8531305897201812,0.30134983271391685,True,prediction,"[0, 179]","(1, 3)","[None, 1160]","[981, 0]","[0, 981]","[2743.35, 2749.4166666666665]"
2749.6833333333334,3,S3_landing,0.47359636376756403,0.29062394820548937,0.8531305897201812,0.30134983271391685,True,prediction,"[0, 179]","(1, 3)","[None, 1160]","[981, 0]","[0, 981]","[2743.35, 2749.4166666666665]"
2749.7166666666667,3,S3_landing,0.47359636376756403,0.29062394820548937,0.8531305897201812,0.30134983271391685,True,prediction,"[0, 179]","(1, 3)","[None, 1160]","[981, 0]","[0, 981]","[2743.35, 2749.4166666666665]"
2749.75,3,S3_landing,0.47359636376756403,0.29062394820548937,0.8531305897201812,0.30134983271391685,True,prediction,"[0, 179]","(1, 3)","[None, 1160]","[981, 0]","[0, 981]","[2743.35, 2749.4166666666665]"
2749.7833333333333,3,S3_landing,0.47359636376756403,0.29062394820548937,0.8531305897201812,0.30134983271391685,True,prediction,"[0, 179]","(1, 3)","[None, 1160]","[981, 0]","[0, 981]","[2743.35, 2749.4166666666665]"
2749.8166666666666,3,S3_landing,0.47359636376756403,0.29062394820548937,0.8531305897201812,0.30134983271391685,True,prediction,"[0, 179]","(1, 3)","[None, 1160]","[981, 0]","[0, 981]","[2743.35, 2749.4166666666665]"
2749.85,3,S3_landing,0.4791288121009125,0.29062394820548937,0.8567976797649034,0.32237198368142056,True,prediction,"[0, 179]","(1, 3)","[None, 1164]","[985, 0]","[0, 985]","[2743.35, 2749.85]"
2749.883333333333,3,S3_landing,0.4791288121009125,0.29062394820548937,0.8567976797649034,0.32237198368142056,True,prediction,"[0, 179]","(1, 3)","[None, 1164]","[985, 0]","[0, 985]","[2743.35, 2749.85]"
2749.9166666666665,3,S3_landing,0.4791288121009125,0.29062394820548937,0.8567976797649034,0.32237198368142056,True,prediction,"[0, 179]","(1, 3)","[None, 1164]","[985, 0]","[0, 985]","[2743.35, 2749.85]"
2749.95,3,S3_landing,0.4791288121009125,0.29062394820548937,0.8567976797649034,0.32237198368142056,True,prediction,"[0, 179]","(1, 3)","[None, 1164]","[985, 0]","[0, 985]","[2743.35, 2749.85]"
2749.983333333333,3,S3_landing,0.4791288121009125,0.29062394820548937,0.8567976797649034,0.32237198368142056,True,prediction,"[0, 179]","(1, 3)","[None, 1164]","[985, 0]","[0, 985]","[2743.35, 2749.85]"
2750.016666666667,3,S3_landing,0.4791288121009125,0.29062394820548937,0.8567976797649034,0.32237198368142056,True,prediction,"[0, 179]","(1, 3)","[None, 1164]","[985, 0]","[0, 985]","[2743.35, 2749.85]"
2750.05,3,S3_landing,0.4791288121009125,0.29062394820548937,0.8567976797649034,0.32237198368142056,True,prediction,"[0, 179]","(1, 3)","[None, 1164]","[985, 0]","[0, 985]","[2743.35, 2749.85]"
2750.0833333333335,3,S3_landing,0.4791288121009125,0.29062394820548937,0.8567976797649034,0.32237198368142056,True,prediction,"[0, 179]","(1, 3)","[None, 1164]","[985, 0]","[0, 985]","[2743.35, 2749.85]"
2750.116666666667,3,S3_landing,0.4791288121009125,0.29062394820548937,0.8567976797649034,0.32237198368142056,True,prediction,"[0, 179]","(1, 3)","[None, 1164]","[985, 0]","[0, 985]","[2743.35, 2749.85]"
2750.15,3,S3_landing,0.4791288121009125,0.29062394820548937,0.8567976797649034,0.32237198368142056,True,prediction,"[0, 179]","(1, 3)","[None, 1164]","[985, 0]","[0, 985]","[2743.35, 2749.85]"
2750.1833333333334,3,S3_landing,0.4791288121009125,0.29062394820548937,0.8567976797649034,0.32237198368142056,True,prediction,"[0, 179]","(1, 3)","[None, 1164]","[985, 0]","[0, 985]","[2743.35, 2749.85]"
2750.2166666666667,3,S3_landing,0.4791288121009125,0.29062394820548937,0.8567976797649034,0.32237198368142056,True,prediction,"[0, 179]","(1, 3)","[None, 1164]","[985, 0]","[0, 985]","[2743.35, 2749.85]"
2750.25,3,S3_landing,0.4791288121009125,0.29062394820548937,0.8567976797649034,0.32237198368142056,True,prediction,"[0, 179]","(1, 3)","[None, 1164]","[985, 0]","[0, 985]","[2743.35, 2749.85]"
2750.2833333333333,3,S3_landing,0.4791288121009125,0.29062394820548937,0.8567976797649034,0.32237198368142056,True,prediction,"[0, 179]","(1, 3)","[None, 1164]","[985, 0]","[0, 985]","[2743.35, 2749.85]"
2750.3166666666666,3,S3_landing,0.47520838484354944,0.29062394820548937,0.8551589488119146,0.34341890389588187,True,prediction,"[0, 179]","(1, 3)","[None, 1084]","[905, 0]","[0, 905]","[2743.35, 2750.3166666666666]"
2750.35,3,S3_landing,0.38781493219110263,0.29062394820548937,0.8523162209918715,0.3190098905492566,True,prediction,"[0, 179]","(1, 2)","[None, 1184]","[1005, 0]","[0, 1005]","[2743.35, 2750.35]"
2750.383333333333,3,S3_landing,0.47199316968153443,0.29062394820548937,0.865987686907644,0.34523764373843135,True,prediction,"[0, 179]","(1, 2)","[None, 1160]","[981, 0]","[0, 981]","[2743.35, 2750.383333333333]"
2750.4166666666665,3,S3_landing,0.47199316968153443,0.29062394820548937,0.865987686907644,0.34523764373843135,True,prediction,"[0, 179]","(1, 2)","[None, 1160]","[981, 0]","[0, 981]","[2743.35, 2750.383333333333]"
2750.45,3,S3_landing,0.47199316968153443,0.29062394820548937,0.865987686907644,0.34523764373843135,True,prediction,"[0, 179]","(1, 2)","[None, 1160]","[981, 0]","[0, 981]","[2743.35, 2750.383333333333]"
2750.483333333333,3,S3_landing,0.47199316968153443,0.29062394820548937,0.865987686907644,0.34523764373843135,True,prediction,"[0, 179]","(1, 2)","[None, 1160]","[981, 0]","[0, 981]","[2743.35, 2750.383333333333]"
2750.516666666667,3,S3_landing,0.7414870584800843,0.29062394820548937,0.8422186783082153,0.8422186783082153,False,prediction,"[0, 179]","(1, 2)","[None, 7]","[0, 172]","[0, 0]","[2743.35, 2750.516666666667]"
2750.55,3,S3_landing,0.7414870584800843,0.29062394820548937,0.8422186783082153,0.8422186783082153,False,prediction,"[0, 179]","(1, 2)","[None, 7]","[0, 172]","[0, 0]","[2743.35, 2750.516666666667]"
2750.5833333333335,3,S3_landing,0.7414870584800843,0.29062394820548937,0.8422186783082153,0.8422186783082153,False,prediction,"[0, 179]","(1, 2)","[None, 7]","[0, 172]","[0, 0]","[2743.35, 2750.516666666667]"
2750.616666666667,3,S3_landing,0.7414870584800843,0.29062394820548937,0.8422186783082153,0.8422186783082153,False,prediction,"[0, 179]","(1, 2)","[None, 7]","[0, 172]","[0, 0]","[2743.35, 2750.516666666667]"
2750.65,3,S3_landing,0.4559751937245352,0.29062394820548937,0.8422186783082153,0.3018055630805101,True,prediction,"[0, 233]","(1, 4)","[None, 761]","[528, 0]","[0, 528]","[2743.35, 2750.5833333333335]"
2750.6833333333334,3,S3_landing,0.4559751937245352,0.29062394820548937,0.8422186783082153,0.3018055630805101,True,prediction,"[0, 233]","(1, 4)","[None, 761]","[528, 0]","[0, 528]","[2743.35, 2750.5833333333335]"
2750.7166666666667,3,S3_landing,0.4559751937245352,0.29062394820548937,0.8422186783082153,0.3018055630805101,True,prediction,"[0, 233]","(1, 4)","[None, 761]","[528, 0]","[0, 528]","[2743.35, 2750.5833333333335]"
2750.75,3,S3_landing,0.4559751937245352,0.29062394820548937,0.8422186783082153,0.3018055630805101,True,prediction,"[0, 233]","(1, 4)","[None, 761]","[528, 0]","[0, 528]","[2743.35, 2750.5833333333335]"
2750.7833333333333,3,S3_landing,0.4559751937245352,0.29062394820548937,0.8422186783082153,0.3018055630805101,True,prediction,"[0, 233]","(1, 4)","[None, 761]","[528, 0]","[0, 528]","[2743.35, 2750.5833333333335]"
2750.8166666666666,3,S3_landing,0.4559751937245352,0.29062394820548937,0.8422186783082153,0.3018055630805101,True,prediction,"[0, 233]","(1, 4)","[None, 761]","[528, 0]","[0, 528]","[2743.35, 2750.5833333333335]"
2750.85,3,S3_landing,0.4818219945726333,0.29062394820548937,0.8551589488119146,0.34341890389588187,True,prediction,"[0, 233]","(1, 4)","[None, 1084]","[851, 0]","[0, 851]","[2743.35, 2750.85]"
2750.883333333333,3,S3_landing,0.4818219945726333,0.29062394820548937,0.8551589488119146,0.34341890389588187,True,prediction,"[0, 233]","(1, 4)","[None, 1084]","[851, 0]","[0, 851]","[2743.35, 2750.85]"
2750.9166666666665,3,S3_landing,0.4818219945726333,0.29062394820548937,0.8551589488119146,0.34341890389588187,True,prediction,"[0, 233]","(1, 4)","[None, 1084]","[851, 0]","[0, 851]","[2743.35, 2750.85]"
2750.95,3,S3_landing,0.491459428345541,0.29062394820548937,0.8674772448102672,0.3370182355065343,True,prediction,"[0, 233]","(1, 4)","[None, 745]","[512, 0]","[0, 512]","[2743.35, 2750.95]"
2750.983333333333,3,S3_landing,0.491459428345541,0.29062394820548937,0.8674772448102672,0.3370182355065343,True,prediction,"[0, 233]","(1, 4)","[None, 745]","[512, 0]","[0, 512]","[2743.35, 2750.95]"
2751.016666666667,3,S3_landing,0.491459428345541,0.29062394820548937,0.8674772448102672,0.3370182355065343,True,prediction,"[0, 233]","(1, 3)","[None, 714]","[481, 0]","[0, 481]","[2743.35, 2751.016666666667]"
2751.05,3,S3_landing,0.491459428345541,0.29062394820548937,0.8674772448102672,0.3370182355065343,True,prediction,"[0, 233]","(1, 3)","[None, 714]","[481, 0]","[0, 481]","[2743.35, 2751.016666666667]"
2751.0833333333335,3,S3_landing,0.491459428345541,0.29062394820548937,0.8674772448102672,0.3370182355065343,True,prediction,"[0, 233]","(1, 3)","[None, 714]","[481, 0]","[0, 481]","[2743.35, 2751.016666666667]"
2751.116666666667,3,S3_landing,0.491459428345541,0.29062394820548937,0.8674772448102672,0.3370182355065343,True,prediction,"[0, 233]","(1, 3)","[None, 714]","[481, 0]","[0, 481]","[2743.35, 2751.016666666667]"
2751.15,3,S3_landing,0.491459428345541,0.29062394820548937,0.8674772448102672,0.3370182355065343,True,prediction,"[0, 233]","(1, 3)","[None, 714]","[481, 0]","[0, 481]","[2743.35, 2751.016666666667]"
2751.1833333333334,3,S3_landing,0.491459428345541,0.29062394820548937,0.8674772448102672,0.3370182355065343,True,prediction,"[0, 233]","(1, 3)","[None, 714]","[481, 0]","[0, 481]","[2743.35, 2751.016666666667]"
2751.2166666666667,3,S3_landing,0.491459428345541,0.29062394820548937,0.8674772448102672,0.3370182355065343,True,prediction,"[0, 233]","(1, 3)","[None, 714]","[481, 0]","[0, 481]","[2743.35, 2751.016666666667]"
2751.25,3,S3_landing,0.491459428345541,0.29062394820548937,0.8674772448102672,0.3370182355065343,True,prediction,"[0, 233]","(1, 3)","[None, 714]","[481, 0]","[0, 481]","[2743.35, 2751.016666666667]"
2751.2833333333333,3,S3_landing,0.491459428345541,0.29062394820548937,0.8674772448102672,0.3370182355065343,True,prediction,"[0, 233]","(1, 3)","[None, 714]","[481, 0]","[0, 481]","[2743.35, 2751.016666666667]"
2751.3166666666666,3,S3_landing,0.4818219945726333,0.29062394820548937,0.8551589488119146,0.34341890389588187,True,prediction,"[0, 233]","(1, 3)","[None, 1084]","[851, 0]","[0, 851]","[2743.35, 2751.3166666666666]"
2751.35,3,S3_landing,0.48728780779546704,0.29062394820548937,0.8549796339397449,0.35335448132626585,True,prediction,"[0, 233]","(1, 3)","[None, 1084]","[851, 0]","[0, 851]","[2743.35, 2751.35]"
2751.383333333333,3,S3_landing,0.7573867218083125,0.29062394820548937,0.8549796339397449,0.8549796339397449,False,prediction,"[0, 232]","(2, 1)","[None, None]","[0, 232]","[0, 0]","[2743.35, 2751.35]"
2751.4166666666665,3,S3_landing,0.7573867218083125,0.29062394820548937,0.8549796339397449,0.8549796339397449,False,prediction,"[0, 232]","(2, 1)","[None, None]","[0, 232]","[0, 0]","[2743.35, 2751.35]"
2751.45,3,S3_landing,0.7573867218083125,0.29062394820548937,0.8549796339397449,0.8549796339397449,False,prediction,"[0, 232]","(2, 1)","[None, None]","[0, 232]","[0, 0]","[2743.35, 2751.35]"
2751.483333333333,3,S3_landing,0.7573867218083125,0.29062394820548937,0.8549796339397449,0.8549796339397449,False,prediction,"[0, 232]","(2, 1)","[None, None]","[0, 232]","[0, 0]","[2743.35, 2751.35]"
2751.516666666667,3,S3_landing,0.7573867218083125,0.29062394820548937,0.8549796339397449,0.8549796339397449,False,prediction,"[0, 232]","(2, 1)","[None, None]","[0, 232]","[0, 0]","[2743.35, 2751.35]"
2751.55,3,S3_landing,0.7573867218083125,0.29062394820548937,0.8549796339397449,0.8549796339397449,False,prediction,"[0, 232]","(2, 1)","[None, None]","[0, 232]","[0, 0]","[2743.35, 2751.35]"
2751.5833333333335,3,S3_landing,0.7573867218083125,0.29062394820548937,0.8549796339397449,0.8549796339397449,False,prediction,"[0, 232]","(2, 1)","[None, None]","[0, 232]","[0, 0]","[2743.35, 2751.35]"
2751.616666666667,3,S3_landing,0.7573867218083125,0.29062394820548937,0.8549796339397449,0.8549796339397449,False,prediction,"[0, 232]","(2, 1)","[None, None]","[0, 232]","[0, 0]","[2743.35, 2751.35]"
2751.65,3,S3_landing,0.7573867218083125,0.29062394820548937,0.8549796339397449,0.8549796339397449,False,prediction,"[0, 232]","(2, 1)","[None, None]","[0, 232]","[0, 0]","[2743.35, 2751.35]"
2751.6833333333334,3,S3_landing,0.7573867218083125,0.29062394820548937,0.8549796339397449,0.8549796339397449,False,prediction,"[0, 232]","(2, 1)","[None, None]","[0, 232]","[0, 0]","[2743.35, 2751.35]"
2751.7166666666667,3,S3_landing,0.7573867218083125,0.29062394820548937,0.8549796339397449,0.8549796339397449,False,prediction,"[0, 232]","(2, 1)","[None, None]","[0, 232]","[0, 0]","[2743.35, 2751.35]"
2751.75,3,S3_landing,0.7573867218083125,0.29062394820548937,0.8549796339397449,0.8549796339397449,False,prediction,"[0, 232]","(2, 1)","[None, None]","[0, 232]","[0, 0]","[2743.35, 2751.35]"
2751.7833333333333,3,S3_landing,0.7573867218083125,0.29062394820548937,0.8549796339397449,0.8549796339397449,False,prediction,"[0, 232]","(2, 1)","[None, None]","[0, 232]","[0, 0]","[2743.35, 2751.35]"
2751.8166666666666,3,S3_landing,0.7573867218083125,0.29062394820548937,0.8549796339397449,0.8549796339397449,False,prediction,"[0, 232]","(2, 1)","[None, None]","[0, 232]","[0, 0]","[2743.35, 2751.35]"
2751.85,3,S3_landing,0.7573867218083125,0.29062394820548937,0.8549796339397449,0.8549796339397449,False,prediction,"[0, 232]","(2, 1)","[None, None]","[0, 232]","[0, 0]","[2743.35, 2751.35]"
2751.883333333333,3,S3_landing,0.7573867218083125,0.29062394820548937,0.8549796339397449,0.8549796339397449,False,prediction,"[0, 232]","(2, 1)","[None, None]","[0, 232]","[0, 0]","[2743.35, 2751.35]"
2751.9166666666665,3,S3_landing,0.7573867218083125,0.29062394820548937,0.8549796339397449,0.8549796339397449,False,prediction,"[0, 232]","(2, 1)","[None, None]","[0, 232]","[0, 0]","[2743.35, 2751.35]"
2751.95,3,S3_landing,0.7573867218083125,0.29062394820548937,0.8549796339397449,0.8549796339397449,False,prediction,"[0, 232]","(2, 1)","[None, None]","[0, 232]","[0, 0]","[2743.35, 2751.35]"
2751.983333333333,3,S3_landing,0.7573867218083125,0.29062394820548937,0.8549796339397449,0.8549796339397449,False,prediction,"[0, 306]","(1, 1)","[None, None]","[0, 306]","[0, 0]","[2743.35, 2751.35]"
2752.016666666667,3,S3_landing,0.7573867218083125,0.29062394820548937,0.8549796339397449,0.8549796339397449,False,prediction,"[0, 306]","(1, 1)","[None, None]","[0, 306]","[0, 0]","[2743.35, 2751.35]"
2752.05,3,S3_landing,0.7573867218083125,0.29062394820548937,0.8549796339397449,0.8549796339397449,False,prediction,"[0, 306]","(1, 1)","[None, None]","[0, 306]","[0, 0]","[2743.35, 2751.35]"
2752.0833333333335,3,S3_landing,0.7573867218083125,0.29062394820548937,0.8549796339397449,0.8549796339397449,False,prediction,"[0, 306]","(1, 1)","[None, None]","[0, 306]","[0, 0]","[2743.35, 2751.35]"
2752.116666666667,3,S3_landing,0.7573867218083125,0.29062394820548937,0.8549796339397449,0.8549796339397449,False,prediction,"[0, 306]","(1, 1)","[None, None]","[0, 306]","[0, 0]","[2743.35, 2751.35]"
2752.15,3,S3_landing,0.7573867218083125,0.29062394820548937,0.8549796339397449,0.8549796339397449,False,prediction,"[0, 306]","(1, 1)","[None, None]","[0, 306]","[0, 0]","[2743.35, 2751.35]"
2752.1833333333334,3,S3_landing,0.7573867218083125,0.29062394820548937,0.8549796339397449,0.8549796339397449,False,prediction,"[0, 306]","(1, 1)","[None, None]","[0, 306]","[0, 0]","[2743.35, 2751.35]"
2752.2166666666667,3,S3_landing,0.7573867218083125,0.29062394820548937,0.8549796339397449,0.8549796339397449,False,prediction,"[0, 306]","(1, 1)","[None, None]","[0, 306]","[0, 0]","[2743.35, 2751.35]"
2752.25,3,S3_landing,0.7573867218083125,0.29062394820548937,0.8549796339397449,0.8549796339397449,False,prediction,"[0, 306]","(1, 1)","[None, None]","[0, 306]","[0, 0]","[2743.35, 2751.35]"
2752.2833333333333,3,S3_landing,0.7573867218083125,0.29062394820548937,0.8549796339397449,0.8549796339397449,False,prediction,"[0, 306]","(1, 1)","[None, None]","[0, 306]","[0, 0]","[2743.35, 2751.35]"
2752.3166666666666,3,S3_landing,0.7573867218083125,0.29062394820548937,0.8549796339397449,0.8549796339397449,False,prediction,"[0, 306]","(1, 1)","[None, None]","[0, 306]","[0, 0]","[2743.35, 2751.35]"
2752.35,3,S3_landing,0.7573867218083125,0.29062394820548937,0.8549796339397449,0.8549796339397449,False,prediction,"[0, 306]","(1, 1)","[None, None]","[0, 306]","[0, 0]","[2743.35, 2751.35]"
2752.383333333333,3,S3_landing,0.7573867218083125,0.29062394820548937,0.8549796339397449,0.8549796339397449,False,prediction,"[0, 306]","(1, 1)","[None, None]","[0, 306]","[0, 0]","[2743.35, 2751.35]"
2752.4166666666665,3,S3_landing,0.7573867218083125,0.29062394820548937,0.8549796339397449,0.8549796339397449,False,prediction,"[0, 306]","(1, 1)","[None, None]","[0, 306]","[0, 0]","[2743.35, 2751.35]"
2752.45,3,S3_landing,0.7573867218083125,0.29062394820548937,0.8549796339397449,0.8549796339397449,False,prediction,"[0, 306]","(1, 1)","[None, None]","[0, 306]","[0, 0]","[2743.35, 2751.35]"
2752.483333333333,3,S3_landing,0.7573867218083125,0.29062394820548937,0.8549796339397449,0.8549796339397449,False,prediction,"[0, 306]","(1, 1)","[None, None]","[0, 306]","[0, 0]","[2743.35, 2751.35]"
2752.516666666667,3,S3_landing,0.7573867218083125,0.29062394820548937,0.8549796339397449,0.8549796339397449,False,prediction,"[0, 306]","(1, 1)","[None, None]","[0, 306]","[0, 0]","[2743.35, 2751.35]"
2752.55,3,S3_landing,0.7573867218083125,0.29062394820548937,0.8549796339397449,0.8549796339397449,False,prediction,"[0, 306]","(1, 1)","[None, None]","[0, 306]","[0, 0]","[2743.35, 2751.35]"
2752.5833333333335,3,S3_landing,0.7573867218083125,0.29062394820548937,0.8549796339397449,0.8549796339397449,False,prediction,"[0, 306]","(1, 1)","[None, None]","[0, 306]","[0, 0]","[2743.35, 2751.35]"
2752.616666666667,3,S3_landing,0.7573867218083125,0.29062394820548937,0.8549796339397449,0.8549796339397449,False,prediction,"[0, 306]","(1, 1)","[None, None]","[0, 306]","[0, 0]","[2743.35, 2751.35]"
2752.65,3,S3_landing,0.7573867218083125,0.29062394820548937,0.8549796339397449,0.8549796339397449,False,prediction,"[0, 306]","(1, 1)","[None, None]","[0, 306]","[0, 0]","[2743.35, 2751.35]"
2752.6833333333334,3,S3_landing,0.7573867218083125,0.29062394820548937,0.8549796339397449,0.8549796339397449,False,prediction,"[0, 301]","(2, 1)","[None, None]","[0, 301]","[0, 0]","[2743.35, 2751.35]"
2752.7166666666667,3,S3_landing,0.7573867218083125,0.29062394820548937,0.8549796339397449,0.8549796339397449,False,prediction,"[0, 301]","(2, 1)","[None, None]","[0, 301]","[0, 0]","[2743.35, 2751.35]"
2752.75,3,S3_landing,0.7573867218083125,0.29062394820548937,0.8549796339397449,0.8549796339397449,False,prediction,"[0, 301]","(2, 1)","[None, None]","[0, 301]","[0, 0]","[2743.35, 2751.35]"
2752.7833333333333,3,S3_landing,0.7573867218083125,0.29062394820548937,0.8549796339397449,0.8549796339397449,False,prediction,"[0, 301]","(2, 1)","[None, None]","[0, 301]","[0, 0]","[2743.35, 2751.35]"
2752.8166666666666,3,S3_landing,0.7573867218083125,0.29062394820548937,0.8549796339397449,0.8549796339397449,False,prediction,"[0, 301]","(2, 1)","[None, None]","[0, 301]","[0, 0]","[2743.35, 2751.35]"
2752.85,3,S3_landing,0.7573867218083125,0.29062394820548937,0.8549796339397449,0.8549796339397449,False,prediction,"[0, 301]","(2, 1)","[None, None]","[0, 301]","[0, 0]","[2743.35, 2751.35]"
2752.883333333333,3,S3_landing,0.7573867218083125,0.29062394820548937,0.8549796339397449,0.8549796339397449,False,prediction,"[0, 301]","(2, 1)","[None, None]","[0, 301]","[0, 0]","[2743.35, 2751.35]"
2752.9166666666665,3,S3_landing,0.7573867218083125,0.29062394820548937,0.8549796339397449,0.8549796339397449,False,prediction,"[0, 301]","(2, 1)","[None, None]","[0, 301]","[0, 0]","[2743.35, 2751.35]"
2752.95,3,S3_landing,0.7573867218083125,0.29062394820548937,0.8549796339397449,0.8549796339397449,False,prediction,"[0, 301]","(2, 1)","[None, None]","[0, 301]","[0, 0]","[2743.35, 2751.35]"
2752.983333333333,3,S3_landing,0.7573867218083125,0.29062394820548937,0.8549796339397449,0.8549796339397449,False,prediction,"[0, 301]","(2, 1)","[None, None]","[0, 301]","[0, 0]","[2743.35, 2751.35]"
2753.016666666667,3,S3_landing,0.7573867218083125,0.29062394820548937,0.8549796339397449,0.8549796339397449,False,prediction,"[0, 301]","(2, 1)","[None, None]","[0, 301]","[0, 0]","[2743.35, 2751.35]"
2753.05,3,S3_landing,0.7573867218083125,0.29062394820548937,0.8549796339397449,0.8549796339397449,False,prediction,"[0, 301]","(2, 1)","[None, None]","[0, 301]","[0, 0]","[2743.35, 2751.35]"
2753.0833333333335,3,S3_landing,0.7573867218083125,0.29062394820548937,0.8549796339397449,0.8549796339397449,False,prediction,"[0, 301]","(2, 1)","[None, None]","[0, 301]","[0, 0]","[2743.35, 2751.35]"
2753.116666666667,3,S3_landing,0.7573867218083125,0.29062394820548937,0.8549796339397449,0.8549796339397449,False,prediction,"[0, 301]","(2, 1)","[None, None]","[0, 301]","[0, 0]","[2743.35, 2751.35]"
2753.15,3,S3_landing,0.7573867218083125,0.29062394820548937,0.8549796339397449,0.8549796339397449,False,prediction,"[0, 301]","(2, 1)","[None, None]","[0, 301]","[0, 0]","[2743.35, 2751.35]"
2753.1833333333334,3,S3_landing,0.7573867218083125,0.29062394820548937,0.8549796339397449,0.8549796339397449,False,prediction,"[0, 301]","(2, 1)","[None, None]","[0, 301]","[0, 0]","[2743.35, 2751.35]"
2753.2166666666667,3,S3_landing,0.7573867218083125,0.29062394820548937,0.8549796339397449,0.8549796339397449,False,prediction,"[0, 301]","(2, 1)","[None, None]","[0, 301]","[0, 0]","[2743.35, 2751.35]"
2753.25,3,S3_landing,0.7573867218083125,0.29062394820548937,0.8549796339397449,0.8549796339397449,False,prediction,"[0, 301]","(2, 1)","[None, None]","[0, 301]","[0, 0]","[2743.35, 2751.35]"
2753.2833333333333,3,S3_landing,0.7573867218083125,0.29062394820548937,0.8549796339397449,0.8549796339397449,False,prediction,"[0, 301]","(2, 1)","[None, None]","[0, 301]","[0, 0]","[2743.35, 2751.35]"
2753.3166666666666,3,S3_landing,0.7573867218083125,0.29062394820548937,0.8549796339397449,0.8549796339397449,False,prediction,"[0, 392]","(1, 1)","[None, None]","[0, 392]","[0, 0]","[2743.35, 2751.35]"
2753.35,3,S3_landing,0.7573867218083125,0.29062394820548937,0.8549796339397449,0.8549796339397449,False,prediction,"[0, 392]","(1, 1)","[None, None]","[0, 392]","[0, 0]","[2743.35, 2751.35]"
2753.383333333333,3,S3_landing,0.7573867218083125,0.29062394820548937,0.8549796339397449,0.8549796339397449,False,prediction,"[0, 392]","(1, 1)","[None, None]","[0, 392]","[0, 0]","[2743.35, 2751.35]"
2753.4166666666665,3,S3_landing,0.7573867218083125,0.29062394820548937,0.8549796339397449,0.8549796339397449,False,prediction,"[0, 392]","(1, 1)","[None, None]","[0, 392]","[0, 0]","[2743.35, 2751.35]"
2753.45,3,S3_landing,0.7573867218083125,0.29062394820548937,0.8549796339397449,0.8549796339397449,False,prediction,"[0, 392]","(1, 1)","[None, None]","[0, 392]","[0, 0]","[2743.35, 2751.35]"
2753.483333333333,3,S3_landing,0.7573867218083125,0.29062394820548937,0.8549796339397449,0.8549796339397449,False,prediction,"[0, 392]","(1, 1)","[None, None]","[0, 392]","[0, 0]","[2743.35, 2751.35]"
2753.516666666667,3,S3_landing,0.7573867218083125,0.29062394820548937,0.8549796339397449,0.8549796339397449,False,prediction,"[0, 392]","(1, 1)","[None, None]","[0, 392]","[0, 0]","[2743.35, 2751.35]"
2753.55,3,S3_landing,0.7573867218083125,0.29062394820548937,0.8549796339397449,0.8549796339397449,False,prediction,"[0, 392]","(1, 1)","[None, None]","[0, 392]","[0, 0]","[2743.35, 2751.35]"
2753.5833333333335,3,S3_landing,0.7573867218083125,0.29062394820548937,0.8549796339397449,0.8549796339397449,False,prediction,"[0, 392]","(1, 1)","[None, None]","[0, 392]","[0, 0]","[2743.35, 2751.35]"
2753.616666666667,3,S3_landing,0.7573867218083125,0.29062394820548937,0.8549796339397449,0.8549796339397449,False,prediction,"[0, 392]","(1, 1)","[None, None]","[0, 392]","[0, 0]","[2743.35, 2751.35]"
2753.65,3,S3_landing,0.7573867218083125,0.29062394820548937,0.8549796339397449,0.8549796339397449,False,prediction,"[0, 392]","(1, 1)","[None, None]","[0, 392]","[0, 0]","[2743.35, 2751.35]"
2753.6833333333334,3,S3_landing,0.7573867218083125,0.29062394820548937,0.8549796339397449,0.8549796339397449,False,prediction,"[0, 392]","(1, 1)","[None, None]","[0, 392]","[0, 0]","[2743.35, 2751.35]"
2753.7166666666667,3,S3_landing,0.7573867218083125,0.29062394820548937,0.8549796339397449,0.8549796339397449,False,prediction,"[0, 392]","(1, 1)","[None, None]","[0, 392]","[0, 0]","[2743.35, 2751.35]"
2753.75,3,S3_landing,0.7573867218083125,0.29062394820548937,0.8549796339397449,0.8549796339397449,False,prediction,"[0, 392]","(1, 1)","[None, None]","[0, 392]","[0, 0]","[2743.35, 2751.35]"
2753.7833333333333,3,S3_landing,0.7573867218083125,0.29062394820548937,0.8549796339397449,0.8549796339397449,False,prediction,"[0, 392]","(1, 1)","[None, None]","[0, 392]","[0, 0]","[2743.35, 2751.35]"
2753.8166666666666,3,S3_landing,0.7573867218083125,0.29062394820548937,0.8549796339397449,0.8549796339397449,False,prediction,"[0, 392]","(1, 1)","[None, None]","[0, 392]","[0, 0]","[2743.35, 2751.35]"
2753.85,3,S3_landing,0.7573867218083125,0.29062394820548937,0.8549796339397449,0.8549796339397449,False,prediction,"[0, 392]","(1, 1)","[None, None]","[0, 392]","[0, 0]","[2743.35, 2751.35]"
2753.883333333333,3,S3_landing,0.7573867218083125,0.29062394820548937,0.8549796339397449,0.8549796339397449,False,prediction,"[0, 392]","(1, 1)","[None, None]","[0, 392]","[0, 0]","[2743.35, 2751.35]"
2753.9166666666665,3,S3_landing,0.7573867218083125,0.29062394820548937,0.8549796339397449,0.8549796339397449,False,prediction,"[0, 392]","(1, 1)","[None, None]","[0, 392]","[0, 0]","[2743.35, 2751.35]"
2753.95,3,S3_landing,0.7573867218083125,0.29062394820548937,0.8549796339397449,0.8549796339397449,False,prediction,"[0, 392]","(1, 1)","[None, None]","[0, 392]","[0, 0]","[2743.35, 2751.35]"
2753.983333333333,3,S3_landing,0.7573867218083125,0.29062394820548937,0.8549796339397449,0.8549796339397449,False,prediction,"[0, 392]","(1, 1)","[None, None]","[0, 392]","[0, 0]","[2743.35, 2751.35]"
2754.016666666667,3,S3_landing,0.7573867218083125,0.29062394820548937,0.8549796339397449,0.8549796339397449,False,prediction,"[0, 392]","(1, 1)","[None, None]","[0, 392]","[0, 0]","[2743.35, 2751.35]"
2754.05,3,S3_landing,0.7573867218083125,0.29062394820548937,0.8549796339397449,0.8549796339397449,False,prediction,"[0, 392]","(1, 1)","[None, None]","[0, 392]","[0, 0]","[2743.35, 2751.35]"
2754.0833333333335,3,S3_landing,0.7573867218083125,0.29062394820548937,0.8549796339397449,0.8549796339397449,False,prediction,"[0, 392]","(1, 1)","[None, None]","[0, 392]","[0, 0]","[2743.35, 2751.35]"
2754.116666666667,3,S3_landing,0.7577467972648005,0.29062394820548937,0.8549796339397449,0.8549796339397449,False,prediction,"[0, 379]","(2, 1)","[None, None]","[0, 379]","[0, 0]","[2743.35, 2751.35]"
2754.15,3,S3_landing,0.7577467972648005,0.29062394820548937,0.8549796339397449,0.8549796339397449,False,prediction,"[0, 379]","(2, 1)","[None, None]","[0, 379]","[0, 0]","[2743.35, 2751.35]"
2754.1833333333334,3,S3_landing,0.7577467972648005,0.29062394820548937,0.8549796339397449,0.8549796339397449,False,prediction,"[0, 379]","(2, 1)","[None, None]","[0, 379]","[0, 0]","[2743.35, 2751.35]"
2754.2166666666667,3,S3_landing,0.7577467972648005,0.29062394820548937,0.8549796339397449,0.8549796339397449,False,prediction,"[0, 379]","(2, 1)","[None, None]","[0, 379]","[0, 0]","[2743.35, 2751.35]"
2754.25,3,S3_landing,0.7577467972648005,0.29062394820548937,0.8549796339397449,0.8549796339397449,False,prediction,"[0, 379]","(2, 1)","[None, None]","[0, 379]","[0, 0]","[2743.35, 2751.35]"
2754.2833333333333,3,S3_landing,0.7577467972648005,0.29062394820548937,0.8549796339397449,0.8549796339397449,False,prediction,"[0, 379]","(2, 1)","[None, None]","[0, 379]","[0, 0]","[2743.35, 2751.35]"
2754.3166666666666,3,S3_landing,0.7577467972648005,0.29062394820548937,0.8549796339397449,0.8549796339397449,False,prediction,"[0, 379]","(2, 1)","[None, None]","[0, 379]","[0, 0]","[2743.35, 2751.35]"
2754.35,3,S3_landing,0.7577467972648005,0.29062394820548937,0.8549796339397449,0.8549796339397449,False,prediction,"[0, 379]","(2, 1)","[None, None]","[0, 379]","[0, 0]","[2743.35, 2751.35]"
2754.383333333333,3,S3_landing,0.7577467972648005,0.29062394820548937,0.8549796339397449,0.8549796339397449,False,prediction,"[0, 379]","(2, 1)","[None, None]","[0, 379]","[0, 0]","[2743.35, 2751.35]"
2754.4166666666665,3,S3_landing,0.7577467972648005,0.29062394820548937,0.8549796339397449,0.8549796339397449,False,prediction,"[0, 379]","(2, 1)","[None, None]","[0, 379]","[0, 0]","[2743.35, 2751.35]"
2754.45,3,S3_landing,0.7577467972648005,0.29062394820548937,0.8549796339397449,0.8549796339397449,False,prediction,"[0, 379]","(2, 1)","[None, None]","[0, 379]","[0, 0]","[2743.35, 2751.35]"
2754.483333333333,3,S3_landing,0.7577467972648005,0.29062394820548937,0.8549796339397449,0.8549796339397449,False,prediction,"[0, 379]","(2, 1)","[None, None]","[0, 379]","[0, 0]","[2743.35, 2751.35]"
2754.516666666667,3,S3_landing,0.7577467972648005,0.29062394820548937,0.8549796339397449,0.8549796339397449,False,prediction,"[0, 379]","(2, 1)","[None, None]","[0, 379]","[0, 0]","[2743.35, 2751.35]"
2754.55,3,S3_landing,0.7577467972648005,0.29062394820548937,0.8549796339397449,0.8549796339397449,False,prediction,"[0, 379]","(2, 1)","[None, None]","[0, 379]","[0, 0]","[2743.35, 2751.35]"
2754.5833333333335,3,S3_landing,0.7577467972648005,0.29062394820548937,0.8549796339397449,0.8549796339397449,False,prediction,"[0, 379]","(2, 1)","[None, None]","[0, 379]","[0, 0]","[2743.35, 2751.35]"
2754.616666666667,3,S3_landing,0.7577467972648005,0.29062394820548937,0.8549796339397449,0.8549796339397449,False,prediction,"[0, 379]","(2, 1)","[None, None]","[0, 379]","[0, 0]","[2743.35, 2751.35]"
2754.65,3,S3_landing,0.7577467972648005,0.29062394820548937,0.8549796339397449,0.8549796339397449,False,prediction,"[0, 379]","(2, 1)","[None, None]","[0, 379]","[0, 0]","[2743.35, 2751.35]"
2754.6833333333334,3,S3_landing,0.7577467972648005,0.29062394820548937,0.8549796339397449,0.8549796339397449,False,prediction,"[0, 379]","(2, 1)","[None, None]","[0, 379]","[0, 0]","[2743.35, 2751.35]"
2754.7166666666667,3,S3_landing,0.7577467972648005,0.29062394820548937,0.8549796339397449,0.8549796339397449,False,prediction,"[0, 489]","(1, 1)","[None, None]","[0, 489]","[0, 0]","[2743.35, 2751.35]"
2754.75,3,S3_landing,0.7577467972648005,0.29062394820548937,0.8549796339397449,0.8549796339397449,False,prediction,"[0, 489]","(1, 1)","[None, None]","[0, 489]","[0, 0]","[2743.35, 2751.35]"
2754.7833333333333,3,S3_landing,0.7577467972648005,0.29062394820548937,0.8549796339397449,0.8549796339397449,False,prediction,"[0, 489]","(1, 1)","[None, None]","[0, 489]","[0, 0]","[2743.35, 2751.35]"
2754.8166666666666,3,S3_landing,0.7577467972648005,0.29062394820548937,0.8549796339397449,0.8549796339397449,False,prediction,"[0, 489]","(1, 1)","[None, None]","[0, 489]","[0, 0]","[2743.35, 2751.35]"
2754.85,3,S3_landing,0.7577467972648005,0.29062394820548937,0.8549796339397449,0.8549796339397449,False,prediction,"[0, 489]","(1, 1)","[None, None]","[0, 489]","[0, 0]","[2743.35, 2751.35]"
2754.883333333333,3,S3_landing,0.7577467972648005,0.29062394820548937,0.8549796339397449,0.8549796339397449,False,prediction,"[0, 489]","(1, 1)","[None, None]","[0, 489]","[0, 0]","[2743.35, 2751.35]"
2754.9166666666665,3,S3_landing,0.7577467972648005,0.29062394820548937,0.8549796339397449,0.8549796339397449,False,prediction,"[0, 489]","(1, 1)","[None, None]","[0, 489]","[0, 0]","[2743.35, 2751.35]"
2754.95,3,S3_landing,0.7577467972648005,0.29062394820548937,0.8549796339397449,0.8549796339397449,False,prediction,"[0, 489]","(1, 1)","[None, None]","[0, 489]","[0, 0]","[2743.35, 2751.35]"
2754.983333333333,3,S3_landing,0.7577467972648005,0.29062394820548937,0.8549796339397449,0.8549796339397449,False,prediction,"[0, 489]","(1, 1)","[None, None]","[0, 489]","[0, 0]","[2743.35, 2751.35]"
2755.016666666667,3,S3_landing,0.7577467972648005,0.29062394820548937,0.8549796339397449,0.8549796339397449,False,prediction,"[0, 489]","(1, 1)","[None, None]","[0, 489]","[0, 0]","[2743.35, 2751.35]"
2755.05,3,S3_landing,0.7577467972648005,0.29062394820548937,0.8549796339397449,0.8549796339397449,False,prediction,"[0, 489]","(1, 1)","[None, None]","[0, 489]","[0, 0]","[2743.35, 2751.35]"
2755.0833333333335,3,S3_landing,0.7577467972648005,0.29062394820548937,0.8549796339397449,0.8549796339397449,False,prediction,"[0, 489]","(1, 1)","[None, None]","[0, 489]","[0, 0]","[2743.35, 2751.35]"
2755.116666666667,3,S3_landing,0.7577467972648005,0.29062394820548937,0.8549796339397449,0.8549796339397449,False,prediction,"[0, 489]","(1, 1)","[None, None]","[0, 489]","[0, 0]","[2743.35, 2751.35]"
2755.15,3,S3_landing,0.7577467972648005,0.29062394820548937,0.8549796339397449,0.8549796339397449,False,prediction,"[0, 489]","(1, 1)","[None, None]","[0, 489]","[0, 0]","[2743.35, 2751.35]"
2755.1833333333334,3,S3_landing,0.7577467972648005,0.29062394820548937,0.8549796339397449,0.8549796339397449,False,prediction,"[0, 489]","(1, 1)","[None, None]","[0, 489]","[0, 0]","[2743.35, 2751.35]"
2755.2166666666667,3,S3_landing,0.7577467972648005,0.29062394820548937,0.8549796339397449,0.8549796339397449,False,prediction,"[0, 489]","(1, 1)","[None, None]","[0, 489]","[0, 0]","[2743.35, 2751.35]"
2755.25,3,S3_landing,0.7577467972648005,0.29062394820548937,0.8549796339397449,0.8549796339397449,False,prediction,"[0, 489]","(1, 1)","[None, None]","[0, 489]","[0, 0]","[2743.35, 2751.35]"
2755.2833333333333,3,S3_landing,0.7577467972648005,0.29062394820548937,0.8549796339397449,0.8549796339397449,False,prediction,"[0, 489]","(1, 1)","[None, None]","[0, 489]","[0, 0]","[2743.35, 2751.35]"
2755.3166666666666,3,S3_landing,0.7577467972648005,0.29062394820548937,0.8549796339397449,0.8549796339397449,False,prediction,"[0, 489]","(1, 1)","[None, None]","[0, 489]","[0, 0]","[2743.35, 2751.35]"
2755.35,3,S3_landing,0.7577467972648005,0.29062394820548937,0.8549796339397449,0.8549796339397449,False,prediction,"[0, 489]","(1, 1)","[None, None]","[0, 489]","[0, 0]","[2743.35, 2751.35]"
2755.383333333333,3,S3_landing,0.7577467972648005,0.29062394820548937,0.8549796339397449,0.8549796339397449,False,prediction,"[0, 489]","(1, 1)","[None, None]","[0, 489]","[0, 0]","[2743.35, 2751.35]"
2755.4166666666665,3,S3_landing,0.7529500667978245,0.29062394820548937,0.8549796339397449,0.8549796339397449,False,prediction,"[0, 471]","(1, 1)","[None, None]","[0, 471]","[0, 0]","[2743.35, 2751.35]"
2755.45,3,S3_landing,0.7529500667978245,0.29062394820548937,0.8549796339397449,0.8549796339397449,False,prediction,"[0, 471]","(2, 1)","[None, None]","[0, 471]","[0, 0]","[2743.35, 2751.35]"
2755.483333333333,3,S3_landing,0.7529500667978245,0.29062394820548937,0.8549796339397449,0.8549796339397449,False,prediction,"[0, 471]","(2, 1)","[None, None]","[0, 471]","[0, 0]","[2743.35, 2751.35]"
2755.516666666667,3,S3_landing,0.7529500667978245,0.29062394820548937,0.8549796339397449,0.8549796339397449,False,prediction,"[0, 471]","(2, 1)","[None, None]","[0, 471]","[0, 0]","[2743.35, 2751.35]"
2755.55,3,S3_landing,0.7529500667978245,0.29062394820548937,0.8549796339397449,0.8549796339397449,False,prediction,"[0, 471]","(2, 1)","[None, None]","[0, 471]","[0, 0]","[2743.35, 2751.35]"
2755.5833333333335,3,S3_landing,0.7529500667978245,0.29062394820548937,0.8549796339397449,0.8549796339397449,False,prediction,"[0, 471]","(2, 1)","[None, None]","[0, 471]","[0, 0]","[2743.35, 2751.35]"
2755.616666666667,3,S3_landing,0.7529500667978245,0.29062394820548937,0.8549796339397449,0.8549796339397449,False,prediction,"[0, 471]","(2, 1)","[None, None]","[0, 471]","[0, 0]","[2743.35, 2751.35]"
2755.65,3,S3_landing,0.7529500667978245,0.29062394820548937,0.8549796339397449,0.8549796339397449,False,prediction,"[0, 471]","(2, 1)","[None, None]","[0, 471]","[0, 0]","[2743.35, 2751.35]"
2755.6833333333334,3,S3_landing,0.7529500667978245,0.29062394820548937,0.8549796339397449,0.8549796339397449,False,prediction,"[0, 471]","(2, 1)","[None, None]","[0, 471]","[0, 0]","[2743.35, 2751.35]"
2755.7166666666667,3,S3_landing,0.7529500667978245,0.29062394820548937,0.8549796339397449,0.8549796339397449,False,prediction,"[0, 471]","(2, 1)","[None, None]","[0, 471]","[0, 0]","[2743.35, 2751.35]"
2755.75,3,S3_landing,0.7529500667978245,0.29062394820548937,0.8549796339397449,0.8549796339397449,False,prediction,"[0, 471]","(2, 1)","[None, None]","[0, 471]","[0, 0]","[2743.35, 2751.35]"
2755.7833333333333,3,S3_landing,0.7529500667978245,0.29062394820548937,0.8549796339397449,0.8549796339397449,False,prediction,"[0, 471]","(2, 1)","[None, None]","[0, 471]","[0, 0]","[2743.35, 2751.35]"
2755.8166666666666,3,S3_landing,0.7529500667978245,0.29062394820548937,0.8549796339397449,0.8549796339397449,False,prediction,"[0, 471]","(2, 1)","[None, None]","[0, 471]","[0, 0]","[2743.35, 2751.35]"
2755.85,3,S3_landing,0.7529500667978245,0.29062394820548937,0.8549796339397449,0.8549796339397449,False,prediction,"[0, 471]","(2, 1)","[None, None]","[0, 471]","[0, 0]","[2743.35, 2751.35]"
2755.883333333333,3,S3_landing,0.7529500667978245,0.29062394820548937,0.8549796339397449,0.8549796339397449,False,prediction,"[0, 471]","(2, 1)","[None, None]","[0, 471]","[0, 0]","[2743.35, 2751.35]"
2755.9166666666665,3,S3_landing,0.7529500667978245,0.29062394820548937,0.8549796339397449,0.8549796339397449,False,prediction,"[0, 471]","(2, 1)","[None, None]","[0, 471]","[0, 0]","[2743.35, 2751.35]"
2755.95,3,S3_landing,0.7529500667978245,0.29062394820548937,0.8549796339397449,0.8549796339397449,False,prediction,"[0, 471]","(2, 1)","[None, None]","[0, 471]","[0, 0]","[2743.35, 2751.35]"
2755.983333333333,3,S3_landing,0.7529500667978245,0.29062394820548937,0.8549796339397449,0.8549796339397449,False,prediction,"[0, 471]","(2, 1)","[None, None]","[0, 471]","[0, 0]","[2743.35, 2751.35]"
2756.016666666667,3,S3_landing,0.7529500667978245,0.29062394820548937,0.8549796339397449,0.8549796339397449,False,prediction,"[0, 471]","(2, 1)","[None, None]","[0, 471]","[0, 0]","[2743.35, 2751.35]"
2756.05,3,S3_landing,0.736618934805506,0.29062394820548937,0.8549796339397449,0.8549796339397449,False,prediction,"[0, 632]","(3, 1)","[None, None]","[0, 632]","[0, 0]","[2743.35, 2751.35]"
2756.0833333333335,3,S3_landing,0.736618934805506,0.29062394820548937,0.8549796339397449,0.8549796339397449,False,prediction,"[0, 632]","(3, 1)","[None, None]","[0, 632]","[0, 0]","[2743.35, 2751.35]"
2756.116666666667,3,S3_landing,0.736618934805506,0.29062394820548937,0.8549796339397449,0.8549796339397449,False,prediction,"[0, 632]","(3, 1)","[None, None]","[0, 632]","[0, 0]","[2743.35, 2751.35]"
2756.15,3,S3_landing,0.736618934805506,0.29062394820548937,0.8549796339397449,0.8549796339397449,False,prediction,"[0, 632]","(3, 1)","[None, None]","[0, 632]","[0, 0]","[2743.35, 2751.35]"
2756.1833333333334,3,S3_landing,0.736618934805506,0.29062394820548937,0.8549796339397449,0.8549796339397449,False,prediction,"[0, 632]","(3, 1)","[None, None]","[0, 632]","[0, 0]","[2743.35, 2751.35]"
2756.2166666666667,3,S3_landing,0.736618934805506,0.29062394820548937,0.8549796339397449,0.8549796339397449,False,prediction,"[0, 632]","(3, 1)","[None, None]","[0, 632]","[0, 0]","[2743.35, 2751.35]"
2756.25,3,S3_landing,0.736618934805506,0.29062394820548937,0.8549796339397449,0.8549796339397449,False,prediction,"[0, 632]","(3, 1)","[None, None]","[0, 632]","[0, 0]","[2743.35, 2751.35]"
2756.2833333333333,3,S3_landing,0.736618934805506,0.29062394820548937,0.8549796339397449,0.8549796339397449,False,prediction,"[0, 632]","(3, 1)","[None, None]","[0, 632]","[0, 0]","[2743.35, 2751.35]"
2756.3166666666666,3,S3_landing,0.736618934805506,0.29062394820548937,0.8549796339397449,0.8549796339397449,False,prediction,"[0, 632]","(3, 1)","[None, None]","[0, 632]","[0, 0]","[2743.35, 2751.35]"
2756.35,3,S3_landing,0.736618934805506,0.29062394820548937,0.8549796339397449,0.8549796339397449,False,prediction,"[0, 632]","(3, 1)","[None, None]","[0, 632]","[0, 0]","[2743.35, 2751.35]"
2756.383333333333,3,S3_landing,0.736618934805506,0.29062394820548937,0.8549796339397449,0.8549796339397449,False,prediction,"[0, 632]","(3, 1)","[None, None]","[0, 632]","[0, 0]","[2743.35, 2751.35]"
2756.4166666666665,3,S3_landing,0.736618934805506,0.29062394820548937,0.8549796339397449,0.8549796339397449,False,prediction,"[0, 632]","(3, 1)","[None, None]","[0, 632]","[0, 0]","[2743.35, 2751.35]"
2756.45,3,S3_landing,0.736618934805506,0.29062394820548937,0.8549796339397449,0.8549796339397449,False,prediction,"[0, 632]","(3, 1)","[None, None]","[0, 632]","[0, 0]","[2743.35, 2751.35]"
2756.483333333333,3,S3_landing,0.736618934805506,0.29062394820548937,0.8549796339397449,0.8549796339397449,False,prediction,"[0, 632]","(3, 1)","[None, None]","[0, 632]","[0, 0]","[2743.35, 2751.35]"
2756.516666666667,3,S3_landing,0.736618934805506,0.29062394820548937,0.8549796339397449,0.8549796339397449,False,prediction,"[0, 632]","(3, 1)","[None, None]","[0, 632]","[0, 0]","[2743.35, 2751.35]"
2756.55,3,S3_landing,0.736618934805506,0.29062394820548937,0.8549796339397449,0.8549796339397449,False,prediction,"[0, 632]","(3, 1)","[None, None]","[0, 632]","[0, 0]","[2743.35, 2751.35]"
2756.5833333333335,3,S3_landing,0.736618934805506,0.29062394820548937,0.8549796339397449,0.8549796339397449,False,prediction,"[0, 632]","(3, 1)","[None, None]","[0, 632]","[0, 0]","[2743.35, 2751.35]"
2756.616666666667,3,S3_landing,0.736618934805506,0.29062394820548937,0.8549796339397449,0.8549796339397449,False,prediction,"[0, 632]","(2, 1)","[None, None]","[0, 632]","[0, 0]","[2743.35, 2751.35]"
2756.65,3,S3_landing,0.736618934805506,0.29062394820548937,0.8549796339397449,0.8549796339397449,False,prediction,"[0, 632]","(2, 1)","[None, None]","[0, 632]","[0, 0]","[2743.35, 2751.35]"
2756.6833333333334,3,S3_landing,0.736618934805506,0.29062394820548937,0.8549796339397449,0.8549796339397449,False,prediction,"[0, 632]","(2, 1)","[None, None]","[0, 632]","[0, 0]","[2743.35, 2751.35]"
2756.7166666666667,3,S3_landing,0.736618934805506,0.29062394820548937,0.8549796339397449,0.8549796339397449,False,prediction,"[0, 632]","(2, 1)","[None, None]","[0, 632]","[0, 0]","[2743.35, 2751.35]"
2756.75,3,S3_landing,0.736618934805506,0.29062394820548937,0.8549796339397449,0.8549796339397449,False,prediction,"[0, 596]","(4, 1)","[None, None]","[0, 596]","[0, 0]","[2743.35, 2751.35]"
2756.7833333333333,3,S3_landing,0.736618934805506,0.29062394820548937,0.8549796339397449,0.8549796339397449,False,prediction,"[0, 596]","(4, 1)","[None, None]","[0, 596]","[0, 0]","[2743.35, 2751.35]"
2756.8166666666666,3,S3_landing,0.736618934805506,0.29062394820548937,0.8549796339397449,0.8549796339397449,False,prediction,"[0, 596]","(4, 1)","[None, None]","[0, 596]","[0, 0]","[2743.35, 2751.35]"
2756.85,3,S3_landing,0.736618934805506,0.29062394820548937,0.8549796339397449,0.8549796339397449,False,prediction,"[0, 596]","(4, 1)","[None, None]","[0, 596]","[0, 0]","[2743.35, 2751.35]"
2756.883333333333,3,S3_landing,0.736618934805506,0.29062394820548937,0.8549796339397449,0.8549796339397449,False,prediction,"[0, 596]","(4, 1)","[None, None]","[0, 596]","[0, 0]","[2743.35, 2751.35]"
2756.9166666666665,3,S3_landing,0.736618934805506,0.29062394820548937,0.8549796339397449,0.8549796339397449,False,prediction,"[0, 596]","(4, 1)","[None, None]","[0, 596]","[0, 0]","[2743.35, 2751.35]"
2756.95,3,S3_landing,0.736618934805506,0.29062394820548937,0.8549796339397449,0.8549796339397449,False,prediction,"[0, 596]","(4, 1)","[None, None]","[0, 596]","[0, 0]","[2743.35, 2751.35]"
2756.983333333333,3,S3_landing,0.736618934805506,0.29062394820548937,0.8549796339397449,0.8549796339397449,False,prediction,"[0, 596]","(4, 1)","[None, None]","[0, 596]","[0, 0]","[2743.35, 2751.35]"
2757.016666666667,3,S3_landing,0.736618934805506,0.29062394820548937,0.8549796339397449,0.8549796339397449,False,prediction,"[0, 596]","(4, 1)","[None, None]","[0, 596]","[0, 0]","[2743.35, 2751.35]"
2757.05,3,S3_landing,0.736618934805506,0.29062394820548937,0.8549796339397449,0.8549796339397449,False,prediction,"[0, 596]","(4, 1)","[None, None]","[0, 596]","[0, 0]","[2743.35, 2751.35]"
2757.0833333333335,3,S3_landing,0.736618934805506,0.29062394820548937,0.8549796339397449,0.8549796339397449,False,prediction,"[0, 596]","(4, 1)","[None, None]","[0, 596]","[0, 0]","[2743.35, 2751.35]"
2757.116666666667,3,S3_landing,0.736618934805506,0.29062394820548937,0.8549796339397449,0.8549796339397449,False,prediction,"[0, 596]","(4, 1)","[None, None]","[0, 596]","[0, 0]","[2743.35, 2751.35]"
2757.15,3,S3_landing,0.736618934805506,0.29062394820548937,0.8549796339397449,0.8549796339397449,False,prediction,"[0, 596]","(4, 1)","[None, None]","[0, 596]","[0, 0]","[2743.35, 2751.35]"
2757.1833333333334,3,S3_landing,0.736618934805506,0.29062394820548937,0.8549796339397449,0.8549796339397449,False,prediction,"[0, 596]","(4, 1)","[None, None]","[0, 596]","[0, 0]","[2743.35, 2751.35]"
2757.2166666666667,3,S3_landing,0.736618934805506,0.29062394820548937,0.8549796339397449,0.8549796339397449,False,prediction,"[0, 596]","(4, 1)","[None, None]","[0, 596]","[0, 0]","[2743.35, 2751.35]"
2757.25,3,S3_landing,0.736618934805506,0.29062394820548937,0.8549796339397449,0.8549796339397449,False,prediction,"[0, 596]","(4, 1)","[None, None]","[0, 596]","[0, 0]","[2743.35, 2751.35]"
2757.2833333333333,3,S3_landing,0.736618934805506,0.29062394820548937,0.8549796339397449,0.8549796339397449,False,prediction,"[0, 596]","(4, 1)","[None, None]","[0, 596]","[0, 0]","[2743.35, 2751.35]"
2757.3166666666666,3,S3_landing,0.736618934805506,0.29062394820548937,0.8549796339397449,0.8549796339397449,False,prediction,"[0, 596]","(3, 1)","[None, None]","[0, 596]","[0, 0]","[2743.35, 2751.35]"
2757.35,3,S3_landing,0.736618934805506,0.29062394820548937,0.8549796339397449,0.8549796339397449,False,prediction,"[0, 596]","(3, 1)","[None, None]","[0, 596]","[0, 0]","[2743.35, 2751.35]"
2757.383333333333,3,S3_landing,0.7595166348679094,0.29062394820548937,0.8549796339397449,0.8549796339397449,False,prediction,"[0, 742]","(3, 1)","[None, None]","[0, 742]","[0, 0]","[2743.35, 2751.35]"
2757.4166666666665,3,S3_landing,0.7595166348679094,0.29062394820548937,0.8549796339397449,0.8549796339397449,False,prediction,"[0, 742]","(3, 1)","[None, None]","[0, 742]","[0, 0]","[2743.35, 2751.35]"
2757.45,3,S3_landing,0.7595166348679094,0.29062394820548937,0.8549796339397449,0.8549796339397449,False,prediction,"[0, 742]","(3, 1)","[None, None]","[0, 742]","[0, 0]","[2743.35, 2751.35]"
2757.483333333333,3,S3_landing,0.7595166348679094,0.29062394820548937,0.8549796339397449,0.8549796339397449,False,prediction,"[0, 742]","(3, 1)","[None, None]","[0, 742]","[0, 0]","[2743.35, 2751.35]"
2757.516666666667,3,S3_landing,0.7595166348679094,0.29062394820548937,0.8549796339397449,0.8549796339397449,False,prediction,"[0, 742]","(3, 1)","[None, None]","[0, 742]","[0, 0]","[2743.35, 2751.35]"
2757.55,3,S3_landing,0.7595166348679094,0.29062394820548937,0.8549796339397449,0.8549796339397449,False,prediction,"[0, 742]","(3, 1)","[None, None]","[0, 742]","[0, 0]","[2743.35, 2751.35]"
2757.5833333333335,3,S3_landing,0.7595166348679094,0.29062394820548937,0.8549796339397449,0.8549796339397449,False,prediction,"[0, 742]","(3, 1)","[None, None]","[0, 742]","[0, 0]","[2743.35, 2751.35]"
2757.616666666667,3,S3_landing,0.7595166348679094,0.29062394820548937,0.8549796339397449,0.8549796339397449,False,prediction,"[0, 742]","(3, 1)","[None, None]","[0, 742]","[0, 0]","[2743.35, 2751.35]"
2757.65,3,S3_landing,0.7595166348679094,0.29062394820548937,0.8549796339397449,0.8549796339397449,False,prediction,"[0, 742]","(3, 1)","[None, None]","[0, 742]","[0, 0]","[2743.35, 2751.35]"
2757.6833333333334,3,S3_landing,0.7595166348679094,0.29062394820548937,0.8549796339397449,0.8549796339397449,False,prediction,"[0, 742]","(3, 1)","[None, None]","[0, 742]","[0, 0]","[2743.35, 2751.35]"
2757.7166666666667,3,S3_landing,0.7595166348679094,0.29062394820548937,0.8549796339397449,0.8549796339397449,False,prediction,"[0, 742]","(3, 1)","[None, None]","[0, 742]","[0, 0]","[2743.35, 2751.35]"
2757.75,3,S3_landing,0.7595166348679094,0.29062394820548937,0.8549796339397449,0.8549796339397449,False,prediction,"[0, 742]","(3, 1)","[None, None]","[0, 742]","[0, 0]","[2743.35, 2751.35]"
2757.7833333333333,3,S3_landing,0.7595166348679094,0.29062394820548937,0.8549796339397449,0.8549796339397449,False,prediction,"[0, 742]","(3, 1)","[None, None]","[0, 742]","[0, 0]","[2743.35, 2751.35]"
2757.8166666666666,3,S3_landing,0.7595166348679094,0.29062394820548937,0.8549796339397449,0.8549796339397449,False,prediction,"[0, 742]","(3, 1)","[None, None]","[0, 742]","[0, 0]","[2743.35, 2751.35]"
2757.85,3,S3_landing,0.7595166348679094,0.29062394820548937,0.8549796339397449,0.8549796339397449,False,prediction,"[0, 742]","(3, 1)","[None, None]","[0, 742]","[0, 0]","[2743.35, 2751.35]"
2757.883333333333,3,S3_landing,0.7595166348679094,0.29062394820548937,0.8549796339397449,0.8549796339397449,False,prediction,"[0, 742]","(3, 1)","[None, None]","[0, 742]","[0, 0]","[2743.35, 2751.35]"
2757.9166666666665,3,S3_landing,0.7595166348679094,0.29062394820548937,0.8549796339397449,0.8549796339397449,False,prediction,"[0, 742]","(3, 1)","[None, None]","[0, 742]","[0, 0]","[2743.35, 2751.35]"
2757.95,3,S3_landing,0.7595166348679094,0.29062394820548937,0.8549796339397449,0.8549796339397449,False,prediction,"[0, 742]","(3, 1)","[None, None]","[0, 742]","[0, 0]","[2743.35, 2751.35]"
2757.983333333333,3,S3_landing,0.7595166348679094,0.29062394820548937,0.8549796339397449,0.8549796339397449,False,prediction,"[0, 742]","(3, 1)","[None, None]","[0, 742]","[0, 0]","[2743.35, 2751.35]"
2758.016666666667,3,S3_landing,0.7595166348679094,0.29062394820548937,0.8549796339397449,0.8549796339397449,False,prediction,"[0, 742]","(3, 1)","[None, None]","[0, 742]","[0, 0]","[2743.35, 2751.35]"
2758.05,3,S3_landing,0.7595166348679094,0.29062394820548937,0.8549796339397449,0.8549796339397449,False,prediction,"[0, 742]","(2, 1)","[None, None]","[0, 742]","[0, 0]","[2743.35, 2751.35]"
2758.0833333333335,3,S3_landing,0.7239310169558104,0.29062394820548937,0.7852553570523624,0.7852553570523624,False,prediction,"[0, 742]","(2, 1)","[None, None]","[0, 742]","[0, 0]","[2743.35, 2758.0833333333335]"
2758.116666666667,3,S3_landing,0.7239310169558104,0.29062394820548937,0.7852553570523624,0.7852553570523624,False,prediction,"[0, 742]","(2, 1)","[None, None]","[0, 742]","[0, 0]","[2743.35, 2758.0833333333335]"
2758.15,3,S3_landing,0.6989878726176617,0.29062394820548937,0.7852553570523624,0.7852553570523624,False,prediction,"[0, 687]","(4, 1)","[None, None]","[0, 687]","[0, 0]","[2743.35, 2758.116666666667]"
2758.1833333333334,3,S3_landing,0.6989878726176617,0.29062394820548937,0.7852553570523624,0.7852553570523624,False,prediction,"[0, 687]","(4, 1)","[None, None]","[0, 687]","[0, 0]","[2743.35, 2758.116666666667]"
2758.2166666666667,3,S3_landing,0.6989878726176617,0.29062394820548937,0.7852553570523624,0.7852553570523624,False,prediction,"[0, 687]","(4, 1)","[None, None]","[0, 687]","[0, 0]","[2743.35, 2758.116666666667]"
2758.25,3,S3_landing,0.6989878726176617,0.29062394820548937,0.7852553570523624,0.7852553570523624,False,prediction,"[0, 687]","(4, 1)","[None, None]","[0, 687]","[0, 0]","[2743.35, 2758.116666666667]"
2758.2833333333333,3,S3_landing,0.6989878726176617,0.29062394820548937,0.7852553570523624,0.7852553570523624,False,prediction,"[0, 687]","(4, 1)","[None, None]","[0, 687]","[0, 0]","[2743.35, 2758.116666666667]"
2758.3166666666666,3,S3_landing,0.6989878726176617,0.29062394820548937,0.7852553570523624,0.7852553570523624,False,prediction,"[0, 687]","(4, 1)","[None, None]","[0, 687]","[0, 0]","[2743.35, 2758.116666666667]"
2758.35,3,S3_landing,0.6989878726176617,0.29062394820548937,0.7852553570523624,0.7852553570523624,False,prediction,"[0, 687]","(4, 1)","[None, None]","[0, 687]","[0, 0]","[2743.35, 2758.116666666667]"
2758.383333333333,3,S3_landing,0.6989878726176617,0.29062394820548937,0.7852553570523624,0.7852553570523624,False,prediction,"[0, 687]","(4, 1)","[None, None]","[0, 687]","[0, 0]","[2743.35, 2758.116666666667]"
2758.4166666666665,3,S3_landing,0.6989878726176617,0.29062394820548937,0.7852553570523624,0.7852553570523624,False,prediction,"[0, 687]","(4, 1)","[None, None]","[0, 687]","[0, 0]","[2743.35, 2758.116666666667]"
2758.45,3,S3_landing,0.6989878726176617,0.29062394820548937,0.7852553570523624,0.7852553570523624,False,prediction,"[0, 687]","(4, 1)","[None, None]","[0, 687]","[0, 0]","[2743.35, 2758.116666666667]"
2758.483333333333,3,S3_landing,0.6989878726176617,0.29062394820548937,0.7852553570523624,0.7852553570523624,False,prediction,"[0, 687]","(4, 1)","[None, None]","[0, 687]","[0, 0]","[2743.35, 2758.116666666667]"
2758.516666666667,3,S3_landing,0.6989878726176617,0.29062394820548937,0.7852553570523624,0.7852553570523624,False,prediction,"[0, 687]","(4, 1)","[None, None]","[0, 687]","[0, 0]","[2743.35, 2758.116666666667]"
2758.55,3,S3_landing,0.6989878726176617,0.29062394820548937,0.7852553570523624,0.7852553570523624,False,prediction,"[0, 687]","(4, 1)","[None, None]","[0, 687]","[0, 0]","[2743.35, 2758.116666666667]"
2758.5833333333335,3,S3_landing,0.6989878726176617,0.29062394820548937,0.7852553570523624,0.7852553570523624,False,prediction,"[0, 687]","(4, 1)","[None, None]","[0, 687]","[0, 0]","[2743.35, 2758.116666666667]"
2758.616666666667,3,S3_landing,0.6989878726176617,0.29062394820548937,0.7852553570523624,0.7852553570523624,False,prediction,"[0, 687]","(4, 1)","[None, None]","[0, 687]","[0, 0]","[2743.35, 2758.116666666667]"
2758.65,3,S3_landing,0.6989878726176617,0.29062394820548937,0.7852553570523624,0.7852553570523624,False,prediction,"[0, 687]","(4, 1)","[None, None]","[0, 687]","[0, 0]","[2743.35, 2758.116666666667]"
2758.6833333333334,3,S3_landing,0.6989878726176617,0.29062394820548937,0.7852553570523624,0.7852553570523624,False,prediction,"[0, 687]","(4, 1)","[None, None]","[0, 687]","[0, 0]","[2743.35, 2758.116666666667]"
2758.7166666666667,3,S3_landing,0.6989878726176617,0.29062394820548937,0.7852553570523624,0.7852553570523624,False,prediction,"[0, 687]","(3, 1)","[None, None]","[0, 687]","[0, 0]","[2743.35, 2758.116666666667]"
2758.75,3,S3_landing,0.7239310169558104,0.29062394820548937,0.7852553570523624,0.7852553570523624,False,prediction,"[0, 937]","(3, 1)","[None, None]","[0, 937]","[0, 0]","[2743.35, 2758.116666666667]"
2758.7833333333333,3,S3_landing,0.7239310169558104,0.29062394820548937,0.7852553570523624,0.7852553570523624,False,prediction,"[0, 937]","(3, 1)","[None, None]","[0, 937]","[0, 0]","[2743.35, 2758.116666666667]"
2758.8166666666666,3,S3_landing,0.7239310169558104,0.29062394820548937,0.7852553570523624,0.7852553570523624,False,prediction,"[0, 937]","(3, 1)","[None, None]","[0, 937]","[0, 0]","[2743.35, 2758.116666666667]"
2758.85,3,S3_landing,0.7239310169558104,0.29062394820548937,0.7852553570523624,0.7852553570523624,False,prediction,"[0, 937]","(3, 1)","[None, None]","[0, 937]","[0, 0]","[2743.35, 2758.116666666667]"
2758.883333333333,3,S3_landing,0.7239310169558104,0.29062394820548937,0.7852553570523624,0.7852553570523624,False,prediction,"[0, 937]","(3, 1)","[None, None]","[0, 937]","[0, 0]","[2743.35, 2758.116666666667]"
2758.9166666666665,3,S3_landing,0.7239310169558104,0.29062394820548937,0.7852553570523624,0.7852553570523624,False,prediction,"[0, 937]","(3, 1)","[None, None]","[0, 937]","[0, 0]","[2743.35, 2758.116666666667]"
2758.95,3,S3_landing,0.7239310169558104,0.29062394820548937,0.7852553570523624,0.7852553570523624,False,prediction,"[0, 937]","(3, 1)","[None, None]","[0, 937]","[0, 0]","[2743.35, 2758.116666666667]"
2758.983333333333,3,S3_landing,0.7239310169558104,0.29062394820548937,0.7852553570523624,0.7852553570523624,False,prediction,"[0, 937]","(3, 1)","[None, None]","[0, 937]","[0, 0]","[2743.35, 2758.116666666667]"
2759.016666666667,3,S3_landing,0.7239310169558104,0.29062394820548937,0.7852553570523624,0.7852553570523624,False,prediction,"[0, 937]","(3, 1)","[None, None]","[0, 937]","[0, 0]","[2743.35, 2758.116666666667]"
2759.05,3,S3_landing,0.7239310169558104,0.29062394820548937,0.7852553570523624,0.7852553570523624,False,prediction,"[0, 937]","(3, 1)","[None, None]","[0, 937]","[0, 0]","[2743.35, 2758.116666666667]"
2759.0833333333335,3,S3_landing,0.7239310169558104,0.29062394820548937,0.7852553570523624,0.7852553570523624,False,prediction,"[0, 937]","(3, 1)","[None, None]","[0, 937]","[0, 0]","[2743.35, 2758.116666666667]"
2759.116666666667,3,S3_landing,0.7239310169558104,0.29062394820548937,0.7852553570523624,0.7852553570523624,False,prediction,"[0, 937]","(3, 1)","[None, None]","[0, 937]","[0, 0]","[2743.35, 2758.116666666667]"
2759.15,3,S3_landing,0.7239310169558104,0.29062394820548937,0.7852553570523624,0.7852553570523624,False,prediction,"[0, 937]","(3, 1)","[None, None]","[0, 937]","[0, 0]","[2743.35, 2758.116666666667]"
2759.1833333333334,3,S3_landing,0.7239310169558104,0.29062394820548937,0.7852553570523624,0.7852553570523624,False,prediction,"[0, 937]","(3, 1)","[None, None]","[0, 937]","[0, 0]","[2743.35, 2758.116666666667]"
2759.2166666666667,3,S3_landing,0.7239310169558104,0.29062394820548937,0.7852553570523624,0.7852553570523624,False,prediction,"[0, 937]","(3, 1)","[None, None]","[0, 937]","[0, 0]","[2743.35, 2758.116666666667]"
2759.25,3,S3_landing,0.7239310169558104,0.29062394820548937,0.7852553570523624,0.7852553570523624,False,prediction,"[0, 937]","(3, 1)","[None, None]","[0, 937]","[0, 0]","[2743.35, 2758.116666666667]"
2759.2833333333333,3,S3_landing,0.7239310169558104,0.29062394820548937,0.7852553570523624,0.7852553570523624,False,prediction,"[0, 937]","(3, 1)","[None, None]","[0, 937]","[0, 0]","[2743.35, 2758.116666666667]"
2759.3166666666666,3,S3_landing,0.7239310169558104,0.29062394820548937,0.7852553570523624,0.7852553570523624,False,prediction,"[0, 937]","(3, 1)","[None, None]","[0, 937]","[0, 0]","[2743.35, 2758.116666666667]"
2759.35,3,S3_landing,0.7239310169558104,0.29062394820548937,0.7852553570523624,0.7852553570523624,False,prediction,"[0, 937]","(3, 1)","[None, None]","[0, 937]","[0, 0]","[2743.35, 2758.116666666667]"
2759.383333333333,3,S3_landing,0.7239310169558104,0.29062394820548937,0.7852553570523624,0.7852553570523624,False,prediction,"[0, 937]","(3, 1)","[None, None]","[0, 937]","[0, 0]","[2743.35, 2758.116666666667]"
2759.4166666666665,3,S3_landing,0.7239310169558104,0.29062394820548937,0.7852553570523624,0.7852553570523624,False,prediction,"[0, 937]","(3, 1)","[None, None]","[0, 937]","[0, 0]","[2743.35, 2758.116666666667]"
2759.45,3,S3_landing,0.7239310169558104,0.29062394820548937,0.7852553570523624,0.7852553570523624,False,prediction,"[0, 937]","(2, 1)","[None, None]","[0, 937]","[0, 0]","[2743.35, 2758.116666666667]"
2759.483333333333,3,S3_landing,0.7239310169558104,0.29062394820548937,0.7852553570523624,0.7852553570523624,False,prediction,"[0, 937]","(2, 1)","[None, None]","[0, 937]","[0, 0]","[2743.35, 2758.116666666667]"
2759.516666666667,3,S3_landing,0.7239310169558104,0.29062394820548937,0.7852553570523624,0.7852553570523624,False,prediction,"[0, 844]","(4, 1)","[None, None]","[0, 844]","[0, 0]","[2743.35, 2758.116666666667]"
2759.55,3,S3_landing,0.7239310169558104,0.29062394820548937,0.7852553570523624,0.7852553570523624,False,prediction,"[0, 844]","(4, 1)","[None, None]","[0, 844]","[0, 0]","[2743.35, 2758.116666666667]"
2759.5833333333335,3,S3_landing,0.7239310169558104,0.29062394820548937,0.7852553570523624,0.7852553570523624,False,prediction,"[0, 844]","(4, 1)","[None, None]","[0, 844]","[0, 0]","[2743.35, 2758.116666666667]"
2759.616666666667,3,S3_landing,0.7239310169558104,0.29062394820548937,0.7852553570523624,0.7852553570523624,False,prediction,"[0, 844]","(4, 1)","[None, None]","[0, 844]","[0, 0]","[2743.35, 2758.116666666667]"
2759.65,3,S3_landing,0.7239310169558104,0.29062394820548937,0.7852553570523624,0.7852553570523624,False,prediction,"[0, 844]","(4, 1)","[None, None]","[0, 844]","[0, 0]","[2743.35, 2758.116666666667]"
2759.6833333333334,3,S3_landing,0.7239310169558104,0.29062394820548937,0.7852553570523624,0.7852553570523624,False,prediction,"[0, 844]","(4, 1)","[None, None]","[0, 844]","[0, 0]","[2743.35, 2758.116666666667]"
2759.7166666666667,3,S3_landing,0.7239310169558104,0.29062394820548937,0.7852553570523624,0.7852553570523624,False,prediction,"[0, 844]","(4, 1)","[None, None]","[0, 844]","[0, 0]","[2743.35, 2758.116666666667]"
2759.75,3,S3_landing,0.7239310169558104,0.29062394820548937,0.7852553570523624,0.7852553570523624,False,prediction,"[0, 844]","(4, 1)","[None, None]","[0, 844]","[0, 0]","[2743.35, 2758.116666666667]"
2759.7833333333333,3,S3_landing,0.7239310169558104,0.29062394820548937,0.7852553570523624,0.7852553570523624,False,prediction,"[0, 844]","(4, 1)","[None, None]","[0, 844]","[0, 0]","[2743.35, 2758.116666666667]"
2759.8166666666666,3,S3_landing,0.7239310169558104,0.29062394820548937,0.7852553570523624,0.7852553570523624,False,prediction,"[0, 844]","(4, 1)","[None, None]","[0, 844]","[0, 0]","[2743.35, 2758.116666666667]"
2759.85,3,S3_landing,0.7239310169558104,0.29062394820548937,0.7852553570523624,0.7852553570523624,False,prediction,"[0, 844]","(4, 1)","[None, None]","[0, 844]","[0, 0]","[2743.35, 2758.116666666667]"
2759.883333333333,3,S3_landing,0.7239310169558104,0.29062394820548937,0.7852553570523624,0.7852553570523624,False,prediction,"[0, 844]","(4, 1)","[None, None]","[0, 844]","[0, 0]","[2743.35, 2758.116666666667]"
2759.9166666666665,3,S3_landing,0.7239310169558104,0.29062394820548937,0.7852553570523624,0.7852553570523624,False,prediction,"[0, 844]","(3, 1)","[None, None]","[0, 844]","[0, 0]","[2743.35, 2758.116666666667]"
2759.95,3,S3_landing,0.7239310169558104,0.29062394820548937,0.7852553570523624,0.7852553570523624,False,prediction,"[0, 844]","(3, 1)","[None, None]","[0, 844]","[0, 0]","[2743.35, 2758.116666666667]"
2759.983333333333,3,S3_landing,0.7239310169558104,0.29062394820548937,0.7852553570523624,0.7852553570523624,False,prediction,"[0, 844]","(3, 1)","[None, None]","[0, 844]","[0, 0]","[2743.35, 2758.116666666667]"
2760.016666666667,3,S3_landing,0.7239310169558104,0.29062394820548937,0.7852553570523624,0.7852553570523624,False,prediction,"[0, 844]","(3, 1)","[None, None]","[0, 844]","[0, 0]","[2743.35, 2758.116666666667]"
2760.05,3,S3_landing,0.7239310169558104,0.29062394820548937,0.7852553570523624,0.7852553570523624,False,prediction,"[0, 844]","(3, 1)","[None, None]","[0, 844]","[0, 0]","[2743.35, 2758.116666666667]"
2760.0833333333335,3,S3_landing,0.7239310169558104,0.29062394820548937,0.7852553570523624,0.7852553570523624,False,prediction,"[0, 844]","(3, 1)","[None, None]","[0, 844]","[0, 0]","[2743.35, 2758.116666666667]"
2760.116666666667,3,S3_landing,0.7239310169558104,0.29062394820548937,0.7852553570523624,0.7852553570523624,False,prediction,"[0, 1027]","(3, 1)","[None, None]","[0, 1027]","[0, 0]","[2743.35, 2758.116666666667]"
2760.15,3,S3_landing,0.7239310169558104,0.29062394820548937,0.7852553570523624,0.7852553570523624,False,prediction,"[0, 1027]","(3, 1)","[None, None]","[0, 1027]","[0, 0]","[2743.35, 2758.116666666667]"
2760.1833333333334,3,S3_landing,0.7239310169558104,0.29062394820548937,0.7852553570523624,0.7852553570523624,False,prediction,"[0, 1027]","(3, 1)","[None, None]","[0, 1027]","[0, 0]","[2743.35, 2758.116666666667]"
2760.2166666666667,3,S3_landing,0.7239310169558104,0.29062394820548937,0.7852553570523624,0.7852553570523624,False,prediction,"[0, 1027]","(3, 1)","[None, None]","[0, 1027]","[0, 0]","[2743.35, 2758.116666666667]"
2760.25,3,S3_landing,0.7239310169558104,0.29062394820548937,0.7852553570523624,0.7852553570523624,False,prediction,"[0, 1027]","(3, 1)","[None, None]","[0, 1027]","[0, 0]","[2743.35, 2758.116666666667]"
2760.2833333333333,3,S3_landing,0.7239310169558104,0.29062394820548937,0.7852553570523624,0.7852553570523624,False,prediction,"[0, 1027]","(3, 1)","[None, None]","[0, 1027]","[0, 0]","[2743.35, 2758.116666666667]"
2760.3166666666666,3,S3_landing,0.7239310169558104,0.29062394820548937,0.7852553570523624,0.7852553570523624,False,prediction,"[0, 1027]","(3, 1)","[None, None]","[0, 1027]","[0, 0]","[2743.35, 2758.116666666667]"
2760.35,3,S3_landing,0.7239310169558104,0.29062394820548937,0.7852553570523624,0.7852553570523624,False,prediction,"[0, 1027]","(3, 1)","[None, None]","[0, 1027]","[0, 0]","[2743.35, 2758.116666666667]"
2760.383333333333,3,S3_landing,0.7239310169558104,0.29062394820548937,0.7852553570523624,0.7852553570523624,False,prediction,"[0, 1027]","(3, 1)","[None, None]","[0, 1027]","[0, 0]","[2743.35, 2758.116666666667]"
2760.4166666666665,3,S3_landing,0.7239310169558104,0.29062394820548937,0.7852553570523624,0.7852553570523624,False,prediction,"[0, 1027]","(3, 1)","[None, None]","[0, 1027]","[0, 0]","[2743.35, 2758.116666666667]"
2760.45,3,S3_landing,0.7239310169558104,0.29062394820548937,0.7852553570523624,0.7852553570523624,False,prediction,"[0, 1027]","(3, 1)","[None, None]","[0, 1027]","[0, 0]","[2743.35, 2758.116666666667]"
2760.483333333333,3,S3_landing,0.7239310169558104,0.29062394820548937,0.7852553570523624,0.7852553570523624,False,prediction,"[0, 1027]","(3, 1)","[None, None]","[0, 1027]","[0, 0]","[2743.35, 2758.116666666667]"
2760.516666666667,3,S3_landing,0.7239310169558104,0.29062394820548937,0.7852553570523624,0.7852553570523624,False,prediction,"[0, 1027]","(3, 1)","[None, None]","[0, 1027]","[0, 0]","[2743.35, 2758.116666666667]"
2760.55,3,S3_landing,0.7239310169558104,0.29062394820548937,0.7852553570523624,0.7852553570523624,False,prediction,"[0, 1027]","(3, 1)","[None, None]","[0, 1027]","[0, 0]","[2743.35, 2758.116666666667]"
2760.5833333333335,3,S3_landing,0.7239310169558104,0.29062394820548937,0.7852553570523624,0.7852553570523624,False,prediction,"[0, 1027]","(3, 1)","[None, None]","[0, 1027]","[0, 0]","[2743.35, 2758.116666666667]"
2760.616666666667,3,S3_landing,0.7239310169558104,0.29062394820548937,0.7852553570523624,0.7852553570523624,False,prediction,"[0, 1027]","(3, 1)","[None, None]","[0, 1027]","[0, 0]","[2743.35, 2758.116666666667]"
2760.65,3,S3_landing,0.7239310169558104,0.29062394820548937,0.7852553570523624,0.7852553570523624,False,prediction,"[0, 1027]","(2, 1)","[None, None]","[0, 1027]","[0, 0]","[2743.35, 2758.116666666667]"
2760.6833333333334,3,S3_landing,0.7239310169558104,0.29062394820548937,0.7852553570523624,0.7852553570523624,False,prediction,"[0, 1027]","(2, 1)","[None, None]","[0, 1027]","[0, 0]","[2743.35, 2758.116666666667]"
2760.7166666666667,3,S3_landing,0.7239310169558104,0.29062394820548937,0.7852553570523624,0.7852553570523624,False,prediction,"[0, 1027]","(2, 1)","[None, None]","[0, 1027]","[0, 0]","[2743.35, 2758.116666666667]"
2760.75,3,S3_landing,0.7239310169558104,0.29062394820548937,0.7852553570523624,0.7852553570523624,False,prediction,"[0, 1027]","(2, 1)","[None, None]","[0, 1027]","[0, 0]","[2743.35, 2758.116666666667]"
2760.7833333333333,3,S3_landing,0.7239310169558104,0.29062394820548937,0.7852553570523624,0.7852553570523624,False,prediction,"[0, 1027]","(2, 1)","[None, None]","[0, 1027]","[0, 0]","[2743.35, 2758.116666666667]"
2760.8166666666666,3,S3_landing,0.7239310169558104,0.29062394820548937,0.7852553570523624,0.7852553570523624,False,prediction,"[0, 1027]","(2, 1)","[None, None]","[0, 1027]","[0, 0]","[2743.35, 2758.116666666667]"
2760.85,3,S3_landing,0.7239310169558104,0.29062394820548937,0.7852553570523624,0.7852553570523624,False,prediction,"[0, 1027]","(2, 1)","[None, None]","[0, 1027]","[0, 0]","[2743.35, 2758.116666666667]"
2760.883333333333,3,S3_landing,0.7135058536947646,0.29062394820548937,0.7852553570523624,0.7852553570523624,False,prediction,"[0, 935]","(4, 1)","[None, None]","[0, 935]","[0, 0]","[2743.35, 2758.116666666667]"
2760.9166666666665,3,S3_landing,0.7135058536947646,0.29062394820548937,0.7852553570523624,0.7852553570523624,False,prediction,"[0, 935]","(4, 1)","[None, None]","[0, 935]","[0, 0]","[2743.35, 2758.116666666667]"
2760.95,3,S3_landing,0.7135058536947646,0.29062394820548937,0.7852553570523624,0.7852553570523624,False,prediction,"[0, 935]","(4, 1)","[None, None]","[0, 935]","[0, 0]","[2743.35, 2758.116666666667]"
2760.983333333333,3,S3_landing,0.7135058536947646,0.29062394820548937,0.7852553570523624,0.7852553570523624,False,prediction,"[0, 935]","(4, 1)","[None, None]","[0, 935]","[0, 0]","[2743.35, 2758.116666666667]"
2761.016666666667,3,S3_landing,0.7135058536947646,0.29062394820548937,0.7852553570523624,0.7852553570523624,False,prediction,"[0, 935]","(4, 1)","[None, None]","[0, 935]","[0, 0]","[2743.35, 2758.116666666667]"
2761.05,3,S3_landing,0.7135058536947646,0.29062394820548937,0.7852553570523624,0.7852553570523624,False,prediction,"[0, 935]","(4, 1)","[None, None]","[0, 935]","[0, 0]","[2743.35, 2758.116666666667]"
2761.0833333333335,3,S3_landing,0.7135058536947646,0.29062394820548937,0.7852553570523624,0.7852553570523624,False,prediction,"[0, 935]","(4, 1)","[None, None]","[0, 935]","[0, 0]","[2743.35, 2758.116666666667]"
2761.116666666667,3,S3_landing,0.7135058536947646,0.29062394820548937,0.7852553570523624,0.7852553570523624,False,prediction,"[0, 935]","(4, 1)","[None, None]","[0, 935]","[0, 0]","[2743.35, 2758.116666666667]"
2761.15,3,S3_landing,0.7135058536947646,0.29062394820548937,0.7852553570523624,0.7852553570523624,False,prediction,"[0, 935]","(4, 1)","[None, None]","[0, 935]","[0, 0]","[2743.35, 2758.116666666667]"
2761.1833333333334,3,S3_landing,0.7135058536947646,0.29062394820548937,0.7852553570523624,0.7852553570523624,False,prediction,"[0, 935]","(3, 1)","[None, None]","[0, 935]","[0, 0]","[2743.35, 2758.116666666667]"
2761.2166666666667,3,S3_landing,0.7135058536947646,0.29062394820548937,0.7852553570523624,0.7852553570523624,False,prediction,"[0, 935]","(3, 1)","[None, None]","[0, 935]","[0, 0]","[2743.35, 2758.116666666667]"
2761.25,3,S3_landing,0.7135058536947646,0.29062394820548937,0.7852553570523624,0.7852553570523624,False,prediction,"[0, 935]","(3, 1)","[None, None]","[0, 935]","[0, 0]","[2743.35, 2758.116666666667]"
2761.2833333333333,3,S3_landing,0.7135058536947646,0.29062394820548937,0.7852553570523624,0.7852553570523624,False,prediction,"[0, 935]","(3, 1)","[None, None]","[0, 935]","[0, 0]","[2743.35, 2758.116666666667]"
2761.3166666666666,3,S3_landing,0.7135058536947646,0.29062394820548937,0.7852553570523624,0.7852553570523624,False,prediction,"[0, 935]","(3, 1)","[None, None]","[0, 935]","[0, 0]","[2743.35, 2758.116666666667]"
2761.35,3,S3_landing,0.7135058536947646,0.29062394820548937,0.7852553570523624,0.7852553570523624,False,prediction,"[0, 935]","(3, 1)","[None, None]","[0, 935]","[0, 0]","[2743.35, 2758.116666666667]"
2761.383333333333,3,S3_landing,0.7135058536947646,0.29062394820548937,0.7852553570523624,0.7852553570523624,False,prediction,"[0, 935]","(3, 1)","[None, None]","[0, 935]","[0, 0]","[2743.35, 2758.116666666667]"
2761.4166666666665,3,S3_landing,0.7135058536947646,0.29062394820548937,0.7852553570523624,0.7852553570523624,False,prediction,"[0, 935]","(3, 1)","[None, None]","[0, 935]","[0, 0]","[2743.35, 2758.116666666667]"
2761.45,3,S3_landing,0.7135058536947646,0.29062394820548937,0.7852553570523624,0.7852553570523624,False,prediction,"[0, 935]","(3, 1)","[None, None]","[0, 935]","[0, 0]","[2743.35, 2758.116666666667]"
2761.483333333333,3,S3_landing,0.7135058536947646,0.29062394820548937,0.7852553570523624,0.7852553570523624,False,prediction,"[0, 935]","(3, 1)","[None, None]","[0, 935]","[0, 0]","[2743.35, 2758.116666666667]"
2761.516666666667,3,S3_landing,0.7135058536947646,0.29062394820548937,0.7852553570523624,0.7852553570523624,False,prediction,"[0, 935]","(3, 1)","[None, None]","[0, 935]","[0, 0]","[2743.35, 2758.116666666667]"
2761.55,3,S3_landing,0.7135058536947646,0.29062394820548937,0.7852553570523624,0.7852553570523624,False,prediction,"[0, 935]","(3, 1)","[None, None]","[0, 935]","[0, 0]","[2743.35, 2758.116666666667]"
2761.5833333333335,3,S3_landing,0.7135058536947646,0.29062394820548937,0.7852553570523624,0.7852553570523624,False,prediction,"[0, 935]","(3, 1)","[None, None]","[0, 935]","[0, 0]","[2743.35, 2758.116666666667]"
2761.616666666667,3,S3_landing,0.7135058536947646,0.29062394820548937,0.7852553570523624,0.7852553570523624,False,prediction,"[0, 935]","(3, 1)","[None, None]","[0, 935]","[0, 0]","[2743.35, 2758.116666666667]"
2761.65,3,S3_landing,0.7135058536947646,0.29062394820548937,0.7852553570523624,0.7852553570523624,False,prediction,"[0, 935]","(3, 1)","[None, None]","[0, 935]","[0, 0]","[2743.35, 2758.116666666667]"
2761.6833333333334,3,S3_landing,0.7135058536947646,0.29062394820548937,0.7852553570523624,0.7852553570523624,False,prediction,"[0, 935]","(3, 1)","[None, None]","[0, 935]","[0, 0]","[2743.35, 2758.116666666667]"
2761.7166666666667,3,S3_landing,0.7135058536947646,0.29062394820548937,0.7852553570523624,0.7852553570523624,False,prediction,"[0, 935]","(3, 1)","[None, None]","[0, 935]","[0, 0]","[2743.35, 2758.116666666667]"
2761.75,3,S3_landing,0.7135058536947646,0.29062394820548937,0.7852553570523624,0.7852553570523624,False,prediction,"[0, 935]","(3, 1)","[None, None]","[0, 935]","[0, 0]","[2743.35, 2758.116666666667]"
2761.7833333333333,3,S3_landing,0.7135058536947646,0.29062394820548937,0.7852553570523624,0.7852553570523624,False,prediction,"[0, 935]","(3, 1)","[None, None]","[0, 935]","[0, 0]","[2743.35, 2758.116666666667]"
2761.8166666666666,3,S3_landing,0.7135058536947646,0.29062394820548937,0.7852553570523624,0.7852553570523624,False,prediction,"[0, 935]","(3, 1)","[None, None]","[0, 935]","[0, 0]","[2743.35, 2758.116666666667]"
2761.85,3,S3_landing,0.7135058536947646,0.29062394820548937,0.7852553570523624,0.7852553570523624,False,prediction,"[0, 935]","(3, 1)","[None, None]","[0, 935]","[0, 0]","[2743.35, 2758.116666666667]"
2761.883333333333,3,S3_landing,0.7135058536947646,0.29062394820548937,0.7852553570523624,0.7852553570523624,False,prediction,"[0, 935]","(3, 1)","[None, None]","[0, 935]","[0, 0]","[2743.35, 2758.116666666667]"
2761.9166666666665,3,S3_landing,0.7135058536947646,0.29062394820548937,0.7852553570523624,0.7852553570523624,False,prediction,"[0, 935]","(2, 1)","[None, None]","[0, 935]","[0, 0]","[2743.35, 2758.116666666667]"
2761.95,3,S3_landing,0.7135058536947646,0.29062394820548937,0.7852553570523624,0.7852553570523624,False,prediction,"[0, 935]","(2, 1)","[None, None]","[0, 935]","[0, 0]","[2743.35, 2758.116666666667]"
2761.983333333333,3,S3_landing,0.7135058536947646,0.29062394820548937,0.7852553570523624,0.7852553570523624,False,prediction,"[0, 935]","(2, 1)","[None, None]","[0, 935]","[0, 0]","[2743.35, 2758.116666666667]"
2762.016666666667,3,S3_landing,0.7135058536947646,0.29062394820548937,0.7852553570523624,0.7852553570523624,False,prediction,"[0, 935]","(2, 1)","[None, None]","[0, 935]","[0, 0]","[2743.35, 2758.116666666667]"
2762.05,3,S3_landing,0.7135058536947646,0.29062394820548937,0.7852553570523624,0.7852553570523624,False,prediction,"[0, 935]","(2, 1)","[None, None]","[0, 935]","[0, 0]","[2743.35, 2758.116666666667]"
2762.0833333333335,3,S3_landing,0.7135058536947646,0.29062394820548937,0.7852553570523624,0.7852553570523624,False,prediction,"[0, 935]","(2, 1)","[None, None]","[0, 935]","[0, 0]","[2743.35, 2758.116666666667]"
2762.116666666667,3,S3_landing,0.7184987097489989,0.29062394820548937,0.7975893095050285,0.7975893095050285,False,prediction,"[0, 935]","(2, 1)","[None, None]","[0, 935]","[0, 0]","[2762.116666666667, 2758.116666666667]"
2762.15,3,S3_landing,0.7184987097489989,0.29062394820548937,0.7975893095050285,0.7975893095050285,False,prediction,"[0, 935]","(2, 1)","[None, None]","[0, 935]","[0, 0]","[2762.116666666667, 2758.116666666667]"
2762.1833333333334,3,S3_landing,0.7184987097489989,0.29062394820548937,0.7975893095050285,0.7975893095050285,False,prediction,"[0, 935]","(2, 1)","[None, None]","[0, 935]","[0, 0]","[2762.116666666667, 2758.116666666667]"
2762.2166666666667,3,S3_landing,0.7184987097489989,0.29062394820548937,0.7975893095050285,0.7975893095050285,False,prediction,"[0, 935]","(2, 1)","[None, None]","[0, 935]","[0, 0]","[2762.116666666667, 2758.116666666667]"
2762.25,3,S3_landing,0.7184987097489989,0.29062394820548937,0.7975893095050285,0.7975893095050285,False,prediction,"[0, 935]","(2, 1)","[None, None]","[0, 935]","[0, 0]","[2762.116666666667, 2758.116666666667]"
2762.2833333333333,3,S3_landing,0.6956643895134307,0.29062394820548937,0.7734285768848254,0.7734285768848254,False,prediction,"[0, 826]","(4, 1)","[None, None]","[0, 826]","[0, 0]","[2762.2833333333333, 2758.116666666667]"
2762.3166666666666,3,S3_landing,0.703231191764713,0.29062394820548937,0.7857954534576432,0.7857954534576432,False,prediction,"[0, 826]","(4, 1)","[None, None]","[0, 826]","[0, 0]","[2762.3166666666666, 2758.116666666667]"
2762.35,3,S3_landing,0.6916200237193677,0.29062394820548937,0.7639338665932316,0.7639338665932316,False,prediction,"[0, 826]","(4, 1)","[None, None]","[0, 826]","[0, 0]","[2762.35, 2758.116666666667]"
2762.383333333333,3,S3_landing,0.7532082604667413,0.29062394820548937,0.8503571304250382,0.8503571304250382,False,prediction,"[0, 826]","(4, 1)","[None, None]","[0, 826]","[0, 0]","[2762.383333333333, 2758.116666666667]"
2762.4166666666665,3,S3_landing,0.7532082604667413,0.29062394820548937,0.8503571304250382,0.8503571304250382,False,prediction,"[0, 826]","(4, 1)","[None, None]","[0, 826]","[0, 0]","[2762.383333333333, 2758.116666666667]"
2762.45,3,S3_landing,0.7532082604667413,0.29062394820548937,0.8503571304250382,0.8503571304250382,False,prediction,"[0, 826]","(4, 1)","[None, None]","[0, 826]","[0, 0]","[2762.383333333333, 2758.116666666667]"
2762.483333333333,3,S3_landing,0.7532082604667413,0.29062394820548937,0.8503571304250382,0.8503571304250382,False,prediction,"[0, 826]","(4, 1)","[None, None]","[0, 826]","[0, 0]","[2762.383333333333, 2758.116666666667]"
2762.516666666667,3,S3_landing,0.7662254478731868,0.29062394820548937,0.8676168046875944,0.8676168046875944,False,prediction,"[0, 826]","(4, 1)","[None, None]","[0, 826]","[0, 0]","[2762.516666666667, 2758.116666666667]"
2762.55,3,S3_landing,0.7662254478731868,0.29062394820548937,0.8676168046875944,0.8676168046875944,False,prediction,"[0, 826]","(4, 1)","[None, None]","[0, 826]","[0, 0]","[2762.516666666667, 2758.116666666667]"
2762.5833333333335,3,S3_landing,0.7662254478731868,0.29062394820548937,0.8676168046875944,0.8676168046875944,False,prediction,"[0, 826]","(4, 1)","[None, None]","[0, 826]","[0, 0]","[2762.516666666667, 2758.116666666667]"
2762.616666666667,3,S3_landing,0.7662254478731868,0.29062394820548937,0.8676168046875944,0.8676168046875944,False,prediction,"[0, 826]","(4, 1)","[None, None]","[0, 826]","[0, 0]","[2762.516666666667, 2758.116666666667]"
2762.65,3,S3_landing,0.7662254478731868,0.29062394820548937,0.8676168046875944,0.8676168046875944,False,prediction,"[0, 826]","(4, 1)","[None, None]","[0, 826]","[0, 0]","[2762.516666666667, 2758.116666666667]"
2762.6833333333334,3,S3_landing,0.7662254478731868,0.29062394820548937,0.8676168046875944,0.8676168046875944,False,prediction,"[0, 826]","(4, 1)","[None, None]","[0, 826]","[0, 0]","[2762.516666666667, 2758.116666666667]"
2762.7166666666667,3,S3_landing,0.7662254478731868,0.29062394820548937,0.8676168046875944,0.8676168046875944,False,prediction,"[0, 826]","(4, 1)","[None, None]","[0, 826]","[0, 0]","[2762.516666666667, 2758.116666666667]"
2762.75,3,S3_landing,0.7662254478731868,0.29062394820548937,0.8676168046875944,0.8676168046875944,False,prediction,"[0, 826]","(3, 1)","[None, None]","[0, 826]","[0, 0]","[2762.7166666666667, 2758.116666666667]"
2762.7833333333333,3,S3_landing,0.7662254478731868,0.29062394820548937,0.8676168046875944,0.8676168046875944,False,prediction,"[0, 826]","(3, 1)","[None, None]","[0, 826]","[0, 0]","[2762.7166666666667, 2758.116666666667]"
2762.8166666666666,3,S3_landing,0.7662254478731868,0.29062394820548937,0.8676168046875944,0.8676168046875944,False,prediction,"[0, 826]","(3, 1)","[None, None]","[0, 826]","[0, 0]","[2762.7166666666667, 2758.116666666667]"
2762.85,3,S3_landing,0.7662254478731868,0.29062394820548937,0.8676168046875944,0.8676168046875944,False,prediction,"[0, 826]","(3, 1)","[None, None]","[0, 826]","[0, 0]","[2762.7166666666667, 2758.116666666667]"
2762.883333333333,3,S3_landing,0.7662254478731868,0.29062394820548937,0.8676168046875944,0.8676168046875944,False,prediction,"[0, 826]","(3, 1)","[None, None]","[0, 826]","[0, 0]","[2762.7166666666667, 2758.116666666667]"
2762.9166666666665,3,S3_landing,0.7662254478731868,0.29062394820548937,0.8676168046875944,0.8676168046875944,False,prediction,"[0, 826]","(3, 1)","[None, None]","[0, 826]","[0, 0]","[2762.7166666666667, 2758.116666666667]"
2762.95,3,S3_landing,0.7662254478731868,0.29062394820548937,0.8676168046875944,0.8676168046875944,False,prediction,"[0, 826]","(3, 1)","[None, None]","[0, 826]","[0, 0]","[2762.7166666666667, 2758.116666666667]"
2762.983333333333,3,S3_landing,0.7662254478731868,0.29062394820548937,0.8676168046875944,0.8676168046875944,False,prediction,"[0, 826]","(3, 1)","[None, None]","[0, 826]","[0, 0]","[2762.7166666666667, 2758.116666666667]"
2763.016666666667,3,S3_landing,0.7662254478731868,0.29062394820548937,0.8676168046875944,0.8676168046875944,False,prediction,"[0, 826]","(3, 1)","[None, None]","[0, 826]","[0, 0]","[2762.7166666666667, 2758.116666666667]"
2763.05,3,S3_landing,0.7662254478731868,0.29062394820548937,0.8676168046875944,0.8676168046875944,False,prediction,"[0, 826]","(3, 1)","[None, None]","[0, 826]","[0, 0]","[2762.7166666666667, 2758.116666666667]"
2763.0833333333335,3,S3_landing,0.7662254478731868,0.29062394820548937,0.8676168046875944,0.8676168046875944,False,prediction,"[0, 826]","(3, 1)","[None, None]","[0, 826]","[0, 0]","[2762.7166666666667, 2758.116666666667]"
2763.116666666667,3,S3_landing,0.7662254478731868,0.29062394820548937,0.8676168046875944,0.8676168046875944,False,prediction,"[0, 826]","(3, 1)","[None, None]","[0, 826]","[0, 0]","[2762.7166666666667, 2758.116666666667]"
2763.15,3,S3_landing,0.7662254478731868,0.29062394820548937,0.8676168046875944,0.8676168046875944,False,prediction,"[0, 826]","(3, 1)","[None, None]","[0, 826]","[0, 0]","[2762.7166666666667, 2758.116666666667]"
2763.1833333333334,3,S3_landing,0.7662254478731868,0.29062394820548937,0.8676168046875944,0.8676168046875944,False,prediction,"[0, 826]","(3, 1)","[None, None]","[0, 826]","[0, 0]","[2762.7166666666667, 2758.116666666667]"
2763.2166666666667,3,S3_landing,0.7662254478731868,0.29062394820548937,0.8676168046875944,0.8676168046875944,False,prediction,"[0, 826]","(3, 1)","[None, None]","[0, 826]","[0, 0]","[2762.7166666666667, 2758.116666666667]"
2763.25,3,S3_landing,0.7662254478731868,0.29062394820548937,0.8676168046875944,0.8676168046875944,False,prediction,"[0, 826]","(3, 1)","[None, None]","[0, 826]","[0, 0]","[2762.7166666666667, 2758.116666666667]"
2763.2833333333333,3,S3_landing,0.7662254478731868,0.29062394820548937,0.8676168046875944,0.8676168046875944,False,prediction,"[0, 826]","(3, 1)","[None, None]","[0, 826]","[0, 0]","[2762.7166666666667, 2758.116666666667]"
2763.3166666666666,3,S3_landing,0.7662254478731868,0.29062394820548937,0.8676168046875944,0.8676168046875944,False,prediction,"[0, 826]","(3, 1)","[None, None]","[0, 826]","[0, 0]","[2762.7166666666667, 2758.116666666667]"
2763.35,3,S3_landing,0.7634338151585123,0.29062394820548937,0.8640105620595964,0.8640105620595964,False,prediction,"[0, 826]","(3, 1)","[None, None]","[0, 826]","[0, 0]","[2763.35, 2758.116666666667]"
2763.383333333333,3,S3_landing,0.7634338151585123,0.29062394820548937,0.8640105620595964,0.8640105620595964,False,prediction,"[0, 826]","(3, 1)","[None, None]","[0, 826]","[0, 0]","[2763.35, 2758.116666666667]"
2763.4166666666665,3,S3_landing,0.7634338151585123,0.29062394820548937,0.8640105620595964,0.8640105620595964,False,prediction,"[0, 826]","(3, 1)","[None, None]","[0, 826]","[0, 0]","[2763.35, 2758.116666666667]"
2763.45,3,S3_landing,0.7603026061708746,0.29062394820548937,0.859903589544418,0.859903589544418,False,prediction,"[0, 826]","(3, 1)","[None, None]","[0, 826]","[0, 0]","[2763.45, 2758.116666666667]"
2763.483333333333,3,S3_landing,0.7603026061708746,0.29062394820548937,0.859903589544418,0.859903589544418,False,prediction,"[0, 826]","(2, 1)","[None, None]","[0, 826]","[0, 0]","[2763.483333333333, 2758.116666666667]"
2763.516666666667,3,S3_landing,0.7603026061708746,0.29062394820548937,0.859903589544418,0.859903589544418,False,prediction,"[0, 826]","(2, 1)","[None, None]","[0, 826]","[0, 0]","[2763.483333333333, 2758.116666666667]"
2763.55,3,S3_landing,0.7603026061708746,0.29062394820548937,0.859903589544418,0.859903589544418,False,prediction,"[0, 826]","(2, 1)","[None, None]","[0, 826]","[0, 0]","[2763.483333333333, 2758.116666666667]"
2763.5833333333335,3,S3_landing,0.7603026061708746,0.29062394820548937,0.859903589544418,0.859903589544418,False,prediction,"[0, 826]","(2, 1)","[None, None]","[0, 826]","[0, 0]","[2763.483333333333, 2758.116666666667]"
2763.616666666667,3,S3_landing,0.7439472546557014,0.29062394820548937,0.859903589544418,0.859903589544418,False,prediction,"[0, 664]","(1, 1)","[None, None]","[0, 664]","[0, 0]","[2763.616666666667, 2758.116666666667]"
2763.65,3,S3_landing,0.7439472546557014,0.29062394820548937,0.859903589544418,0.859903589544418,False,prediction,"[0, 664]","(1, 1)","[None, None]","[0, 664]","[0, 0]","[2763.616666666667, 2758.116666666667]"
2763.6833333333334,3,S3_landing,0.7439472546557014,0.29062394820548937,0.859903589544418,0.859903589544418,False,prediction,"[0, 664]","(1, 1)","[None, None]","[0, 664]","[0, 0]","[2763.616666666667, 2758.116666666667]"
2763.7166666666667,3,S3_landing,0.7439472546557014,0.29062394820548937,0.859903589544418,0.859903589544418,False,prediction,"[0, 664]","(1, 1)","[None, None]","[0, 664]","[0, 0]","[2763.616666666667, 2758.116666666667]"
2763.75,3,S3_landing,0.7375685744378152,0.29062394820548937,0.8517072618757254,0.8517072618757254,False,prediction,"[0, 664]","(1, 1)","[None, None]","[0, 664]","[0, 0]","[2763.75, 2758.116666666667]"
2763.7833333333333,3,S3_landing,0.7375685744378152,0.29062394820548937,0.8517072618757254,0.8517072618757254,False,prediction,"[0, 664]","(1, 1)","[None, None]","[0, 664]","[0, 0]","[2763.75, 2758.116666666667]"
2763.8166666666666,3,S3_landing,0.7375685744378152,0.29062394820548937,0.8517072618757254,0.8517072618757254,False,prediction,"[0, 664]","(1, 1)","[None, None]","[0, 664]","[0, 0]","[2763.75, 2758.116666666667]"
2763.85,3,S3_landing,0.7283946009637022,0.29062394820548937,0.8629920886287578,0.8629920886287578,False,prediction,"[0, 664]","(1, 1)","[None, None]","[0, 664]","[0, 0]","[2763.85, 2758.116666666667]"
2763.883333333333,3,S3_landing,0.7283946009637022,0.29062394820548937,0.8629920886287578,0.8629920886287578,False,prediction,"[0, 664]","(1, 1)","[None, None]","[0, 664]","[0, 0]","[2763.85, 2758.116666666667]"
2763.9166666666665,3,S3_landing,0.7283946009637022,0.29062394820548937,0.8629920886287578,0.8629920886287578,False,prediction,"[0, 664]","(1, 1)","[None, None]","[0, 664]","[0, 0]","[2763.85, 2758.116666666667]"
2763.95,3,S3_landing,0.7226584234256715,0.29062394820548937,0.8538316355313794,0.8538316355313794,False,prediction,"[0, 664]","(1, 1)","[None, None]","[0, 664]","[0, 0]","[2763.95, 2758.116666666667]"
2763.983333333333,3,S3_landing,0.7413774074461862,0.29062394820548937,0.8566322946726654,0.8566322946726654,False,prediction,"[0, 664]","(1, 1)","[None, None]","[0, 664]","[0, 0]","[2763.983333333333, 2758.116666666667]"
2764.016666666667,3,S3_landing,0.7163952786327765,0.29062394820548937,0.8485233471357096,0.8485233471357096,False,prediction,"[0, 664]","(1, 1)","[None, None]","[0, 664]","[0, 0]","[2764.016666666667, 2758.116666666667]"
2764.05,3,S3_landing,0.7408596489235214,0.29062394820548937,0.8559681691237617,0.8559681691237617,False,prediction,"[0, 664]","(1, 1)","[None, None]","[0, 664]","[0, 0]","[2764.05, 2758.116666666667]"
2764.0833333333335,3,S3_landing,0.7408596489235214,0.29062394820548937,0.8559681691237617,0.8559681691237617,False,prediction,"[0, 664]","(1, 1)","[None, None]","[0, 664]","[0, 0]","[2764.05, 2758.116666666667]"
2764.116666666667,3,S3_landing,0.7408596489235214,0.29062394820548937,0.8559681691237617,0.8559681691237617,False,prediction,"[0, 664]","(1, 1)","[None, None]","[0, 664]","[0, 0]","[2764.05, 2758.116666666667]"
2764.15,3,S3_landing,0.7408596489235214,0.29062394820548937,0.8559681691237617,0.8559681691237617,False,prediction,"[0, 664]","(1, 1)","[None, None]","[0, 664]","[0, 0]","[2764.05, 2758.116666666667]"
2764.1833333333334,3,S3_landing,0.7308299655746261,0.29062394820548937,0.8427709015806661,0.8427709015806661,False,prediction,"[0, 664]","(1, 1)","[None, None]","[0, 664]","[0, 0]","[2764.1833333333334, 2758.116666666667]"
2764.2166666666667,3,S3_landing,0.7308299655746261,0.29062394820548937,0.8427709015806661,0.8427709015806661,False,prediction,"[0, 664]","(1, 1)","[None, None]","[0, 664]","[0, 0]","[2764.1833333333334, 2758.116666666667]"
2764.25,3,S3_landing,0.7308299655746261,0.29062394820548937,0.8427709015806661,0.8427709015806661,False,prediction,"[0, 664]","(1, 1)","[None, None]","[0, 664]","[0, 0]","[2764.1833333333334, 2758.116666666667]"
2764.2833333333333,3,S3_landing,0.7308299655746261,0.29062394820548937,0.8427709015806661,0.8427709015806661,False,prediction,"[0, 664]","(1, 1)","[None, None]","[0, 664]","[0, 0]","[2764.1833333333334, 2758.116666666667]"
2764.3166666666666,3,S3_landing,0.7308299655746261,0.29062394820548937,0.8427709015806661,0.8427709015806661,False,prediction,"[0, 664]","(1, 1)","[None, None]","[0, 664]","[0, 0]","[2764.1833333333334, 2758.116666666667]"
2764.35,3,S3_landing,0.7308299655746261,0.29062394820548937,0.8427709015806661,0.8427709015806661,False,prediction,"[0, 664]","(1, 1)","[None, None]","[0, 664]","[0, 0]","[2764.1833333333334, 2758.116666666667]"
2764.383333333333,3,S3_landing,0.7308299655746261,0.29062394820548937,0.8427709015806661,0.8427709015806661,False,prediction,"[0, 664]","(1, 1)","[None, None]","[0, 664]","[0, 0]","[2764.1833333333334, 2758.116666666667]"
2764.4166666666665,3,S3_landing,0.7308299655746261,0.29062394820548937,0.8427709015806661,0.8427709015806661,False,prediction,"[0, 664]","(1, 1)","[None, None]","[0, 664]","[0, 0]","[2764.1833333333334, 2758.116666666667]"
2764.45,3,S3_landing,0.7365707433757914,0.29062394820548937,0.8677792625370339,0.8677792625370339,False,prediction,"[0, 664]","(1, 1)","[None, None]","[0, 664]","[0, 0]","[2764.45, 2758.116666666667]"
2764.483333333333,3,S3_landing,0.7365707433757914,0.29062394820548937,0.8677792625370339,0.8677792625370339,False,prediction,"[0, 664]","(1, 1)","[None, None]","[0, 664]","[0, 0]","[2764.45, 2758.116666666667]"
2764.516666666667,3,S3_landing,0.7365707433757914,0.29062394820548937,0.8677792625370339,0.8677792625370339,False,prediction,"[0, 664]","(1, 1)","[None, None]","[0, 664]","[0, 0]","[2764.45, 2758.116666666667]"
2764.55,3,S3_landing,0.7365707433757914,0.29062394820548937,0.8677792625370339,0.8677792625370339,False,prediction,"[0, 664]","(1, 1)","[None, None]","[0, 664]","[0, 0]","[2764.45, 2758.116666666667]"
2764.5833333333335,3,S3_landing,0.7365707433757914,0.29062394820548937,0.8677792625370339,0.8677792625370339,False,prediction,"[0, 664]","(1, 1)","[None, None]","[0, 664]","[0, 0]","[2764.45, 2758.116666666667]"
2764.616666666667,3,S3_landing,0.7365707433757914,0.29062394820548937,0.8677792625370339,0.8677792625370339,False,prediction,"[0, 664]","(1, 1)","[None, None]","[0, 664]","[0, 0]","[2764.45, 2758.116666666667]"
2764.65,3,S3_landing,0.7365707433757914,0.29062394820548937,0.8677792625370339,0.8677792625370339,False,prediction,"[0, 664]","(1, 1)","[None, None]","[0, 664]","[0, 0]","[2764.45, 2758.116666666667]"
2764.6833333333334,3,S3_landing,0.7365707433757914,0.29062394820548937,0.8677792625370339,0.8677792625370339,False,prediction,"[0, 664]","(1, 1)","[None, None]","[0, 664]","[0, 0]","[2764.45, 2758.116666666667]"
2764.7166666666667,3,S3_landing,0.7365707433757914,0.29062394820548937,0.8677792625370339,0.8677792625370339,False,prediction,"[0, 664]","(1, 1)","[None, None]","[0, 664]","[0, 0]","[2764.45, 2758.116666666667]"
2764.75,3,S3_landing,0.7458973884975332,0.29062394820548937,0.8623581722855098,0.8623581722855098,False,prediction,"[0, 664]","(1, 1)","[None, None]","[0, 664]","[0, 0]","[2764.75, 2758.116666666667]"
2764.7833333333333,3,S3_landing,0.7458973884975332,0.29062394820548937,0.8623581722855098,0.8623581722855098,False,prediction,"[0, 664]","(1, 1)","[None, None]","[0, 664]","[0, 0]","[2764.75, 2758.116666666667]"
2764.8166666666666,3,S3_landing,0.7458973884975332,0.29062394820548937,0.8623581722855098,0.8623581722855098,False,prediction,"[0, 664]","(1, 1)","[None, None]","[0, 664]","[0, 0]","[2764.75, 2758.116666666667]"
2764.85,3,S3_landing,0.7111608341570088,0.29062394820548937,0.8415009745824225,0.8415009745824225,False,prediction,"[0, 664]","(1, 1)","[None, None]","[0, 664]","[0, 0]","[2764.85, 2758.116666666667]"
2764.883333333333,3,S3_landing,0.7111608341570088,0.29062394820548937,0.8415009745824225,0.8415009745824225,False,prediction,"[0, 664]","(1, 1)","[None, None]","[0, 664]","[0, 0]","[2764.85, 2758.116666666667]"
2764.9166666666665,3,S3_landing,0.7111608341570088,0.29062394820548937,0.8415009745824225,0.8415009745824225,False,prediction,"[0, 664]","(1, 1)","[None, None]","[0, 664]","[0, 0]","[2764.85, 2758.116666666667]"
2764.95,3,S3_landing,0.7111608341570088,0.29062394820548937,0.8415009745824225,0.8415009745824225,False,prediction,"[0, 518]","(1, 1)","[None, None]","[0, 518]","[0, 0]","[2764.883333333333, 2758.116666666667]"
2764.983333333333,3,S3_landing,0.7160050336934517,0.29062394820548937,0.8454122746157395,0.8454122746157395,False,prediction,"[0, 518]","(1, 1)","[None, None]","[0, 518]","[0, 0]","[2764.983333333333, 2758.116666666667]"
2765.016666666667,3,S3_landing,0.7160050336934517,0.29062394820548937,0.8454122746157395,0.8454122746157395,False,prediction,"[0, 518]","(1, 1)","[None, None]","[0, 518]","[0, 0]","[2764.983333333333, 2758.116666666667]"
2765.05,3,S3_landing,0.7160050336934517,0.29062394820548937,0.8454122746157395,0.8454122746157395,False,prediction,"[0, 518]","(1, 1)","[None, None]","[0, 518]","[0, 0]","[2764.983333333333, 2758.116666666667]"
2765.0833333333335,3,S3_landing,0.7160050336934517,0.29062394820548937,0.8454122746157395,0.8454122746157395,False,prediction,"[0, 518]","(1, 1)","[None, None]","[0, 518]","[0, 0]","[2764.983333333333, 2758.116666666667]"
2765.116666666667,3,S3_landing,0.7160050336934517,0.29062394820548937,0.8454122746157395,0.8454122746157395,False,prediction,"[0, 518]","(1, 1)","[None, None]","[0, 518]","[0, 0]","[2764.983333333333, 2758.116666666667]"
2765.15,3,S3_landing,0.7160050336934517,0.29062394820548937,0.8454122746157395,0.8454122746157395,False,prediction,"[0, 518]","(1, 1)","[None, None]","[0, 518]","[0, 0]","[2764.983333333333, 2758.116666666667]"
2765.1833333333334,3,S3_landing,0.7160050336934517,0.29062394820548937,0.8454122746157395,0.8454122746157395,False,prediction,"[0, 518]","(1, 1)","[None, None]","[0, 518]","[0, 0]","[2764.983333333333, 2758.116666666667]"
2765.2166666666667,3,S3_landing,0.7080664261800669,0.29062394820548937,0.8374539285818621,0.8374539285818621,False,prediction,"[0, 518]","(1, 1)","[None, None]","[0, 518]","[0, 0]","[2765.2166666666667, 2758.116666666667]"
2765.25,3,S3_landing,0.7080664261800669,0.29062394820548937,0.8374539285818621,0.8374539285818621,False,prediction,"[0, 518]","(1, 1)","[None, None]","[0, 518]","[0, 0]","[2765.2166666666667, 2758.116666666667]"
2765.2833333333333,3,S3_landing,0.7080664261800669,0.29062394820548937,0.8374539285818621,0.8374539285818621,False,prediction,"[0, 518]","(1, 1)","[None, None]","[0, 518]","[0, 0]","[2765.2166666666667, 2758.116666666667]"
2765.3166666666666,3,S3_landing,0.7080664261800669,0.29062394820548937,0.8374539285818621,0.8374539285818621,False,prediction,"[0, 518]","(1, 1)","[None, None]","[0, 518]","[0, 0]","[2765.2166666666667, 2758.116666666667]"
2765.35,3,S3_landing,0.7080664261800669,0.29062394820548937,0.8374539285818621,0.8374539285818621,False,prediction,"[0, 518]","(1, 1)","[None, None]","[0, 518]","[0, 0]","[2765.2166666666667, 2758.116666666667]"
2765.383333333333,3,S3_landing,0.7109095839047717,0.29062394820548937,0.8378633441307297,0.8378633441307297,False,prediction,"[0, 518]","(1, 1)","[None, None]","[0, 518]","[0, 0]","[2765.383333333333, 2758.116666666667]"
2765.4166666666665,3,S3_landing,0.7109095839047717,0.29062394820548937,0.8378633441307297,0.8378633441307297,False,prediction,"[0, 518]","(1, 1)","[None, None]","[0, 518]","[0, 0]","[2765.383333333333, 2758.116666666667]"
2765.45,3,S3_landing,0.7109095839047717,0.29062394820548937,0.8378633441307297,0.8378633441307297,False,prediction,"[0, 518]","(1, 1)","[None, None]","[0, 518]","[0, 0]","[2765.383333333333, 2758.116666666667]"
2765.483333333333,3,S3_landing,0.7109095839047717,0.29062394820548937,0.8378633441307297,0.8378633441307297,False,prediction,"[0, 518]","(1, 1)","[None, None]","[0, 518]","[0, 0]","[2765.383333333333, 2758.116666666667]"
2765.516666666667,3,S3_landing,0.7109095839047717,0.29062394820548937,0.8378633441307297,0.8378633441307297,False,prediction,"[0, 518]","(1, 1)","[None, None]","[0, 518]","[0, 0]","[2765.383333333333, 2758.116666666667]"
2765.55,3,S3_landing,0.6990790838300598,0.29062394820548937,0.8227999921114425,0.8227999921114425,False,prediction,"[0, 518]","(1, 1)","[None, None]","[0, 518]","[0, 0]","[2765.55, 2758.116666666667]"
2765.5833333333335,3,S3_landing,0.7007577495416958,0.29062394820548937,0.8215436947786159,0.8215436947786159,False,prediction,"[0, 518]","(1, 1)","[None, None]","[0, 518]","[0, 0]","[2765.5833333333335, 2758.116666666667]"
2765.616666666667,3,S3_landing,0.7023233277078413,0.29062394820548937,0.8237256136623154,0.8237256136623154,False,prediction,"[0, 518]","(1, 1)","[None, None]","[0, 518]","[0, 0]","[2765.616666666667, 2758.116666666667]"
2765.65,3,S3_landing,0.711264449043472,0.29062394820548937,0.8359078060495299,0.8359078060495299,False,prediction,"[0, 518]","(1, 1)","[None, None]","[0, 518]","[0, 0]","[2765.65, 2758.116666666667]"
2765.6833333333334,3,S3_landing,0.711264449043472,0.29062394820548937,0.8359078060495299,0.8359078060495299,False,prediction,"[0, 518]","(1, 1)","[None, None]","[0, 518]","[0, 0]","[2765.65, 2758.116666666667]"
2765.7166666666667,3,S3_landing,0.711264449043472,0.29062394820548937,0.8359078060495299,0.8359078060495299,False,prediction,"[0, 518]","(1, 1)","[None, None]","[0, 518]","[0, 0]","[2765.65, 2758.116666666667]"
2765.75,3,S3_landing,0.711264449043472,0.29062394820548937,0.8359078060495299,0.8359078060495299,False,prediction,"[0, 518]","(1, 1)","[None, None]","[0, 518]","[0, 0]","[2765.65, 2758.116666666667]"
2765.7833333333333,3,S3_landing,0.7111561648808755,0.29062394820548937,0.8391089380575925,0.8391089380575925,False,prediction,"[0, 518]","(1, 1)","[None, None]","[0, 518]","[0, 0]","[2765.7833333333333, 2758.116666666667]"
2765.8166666666666,3,S3_landing,0.7111561648808755,0.29062394820548937,0.8391089380575925,0.8391089380575925,False,prediction,"[0, 518]","(1, 1)","[None, None]","[0, 518]","[0, 0]","[2765.7833333333333, 2758.116666666667]"
2765.85,3,S3_landing,0.7111561648808755,0.29062394820548937,0.8391089380575925,0.8391089380575925,False,prediction,"[0, 518]","(1, 1)","[None, None]","[0, 518]","[0, 0]","[2765.7833333333333, 2758.116666666667]"
2765.883333333333,3,S3_landing,0.7111561648808755,0.29062394820548937,0.8391089380575925,0.8391089380575925,False,prediction,"[0, 518]","(1, 1)","[None, None]","[0, 518]","[0, 0]","[2765.7833333333333, 2758.116666666667]"
2765.9166666666665,3,S3_landing,0.7111561648808755,0.29062394820548937,0.8391089380575925,0.8391089380575925,False,prediction,"[0, 518]","(1, 1)","[None, None]","[0, 518]","[0, 0]","[2765.7833333333333, 2758.116666666667]"
2765.95,3,S3_landing,0.7111561648808755,0.29062394820548937,0.8391089380575925,0.8391089380575925,False,prediction,"[0, 518]","(1, 1)","[None, None]","[0, 518]","[0, 0]","[2765.7833333333333, 2758.116666666667]"
2765.983333333333,3,S3_landing,0.7111561648808755,0.29062394820548937,0.8391089380575925,0.8391089380575925,False,prediction,"[0, 518]","(1, 1)","[None, None]","[0, 518]","[0, 0]","[2765.7833333333333, 2758.116666666667]"
2766.016666666667,3,S3_landing,0.7111561648808755,0.29062394820548937,0.8391089380575925,0.8391089380575925,False,prediction,"[0, 518]","(1, 1)","[None, None]","[0, 518]","[0, 0]","[2765.7833333333333, 2758.116666666667]"
2766.05,3,S3_landing,0.7111561648808755,0.29062394820548937,0.8391089380575925,0.8391089380575925,False,prediction,"[0, 518]","(1, 1)","[None, None]","[0, 518]","[0, 0]","[2765.7833333333333, 2758.116666666667]"
2766.0833333333335,3,S3_landing,0.7111561648808755,0.29062394820548937,0.8391089380575925,0.8391089380575925,False,prediction,"[0, 518]","(1, 1)","[None, None]","[0, 518]","[0, 0]","[2765.7833333333333, 2758.116666666667]"
2766.116666666667,3,S3_landing,0.7111561648808755,0.29062394820548937,0.8391089380575925,0.8391089380575925,False,prediction,"[0, 518]","(1, 1)","[None, None]","[0, 518]","[0, 0]","[2765.7833333333333, 2758.116666666667]"
2766.15,3,S3_landing,0.7111561648808755,0.29062394820548937,0.8391089380575925,0.8391089380575925,False,prediction,"[0, 518]","(1, 1)","[None, None]","[0, 518]","[0, 0]","[2765.7833333333333, 2758.116666666667]"
2766.1833333333334,3,S3_landing,0.7111561648808755,0.29062394820548937,0.8391089380575925,0.8391089380575925,False,prediction,"[0, 518]","(1, 1)","[None, None]","[0, 518]","[0, 0]","[2765.7833333333333, 2758.116666666667]"
2766.2166666666667,3,S3_landing,0.6958242804637766,0.29062394820548937,0.8182572429418885,0.8182572429418885,False,prediction,"[0, 518]","(1, 1)","[None, None]","[0, 518]","[0, 0]","[2766.2166666666667, 2758.116666666667]"
2766.25,3,S3_landing,0.6958242804637766,0.29062394820548937,0.8182572429418885,0.8182572429418885,False,prediction,"[0, 518]","(1, 1)","[None, None]","[0, 518]","[0, 0]","[2766.2166666666667, 2758.116666666667]"
2766.2833333333333,3,S3_landing,0.6904058676775914,0.29062394820548937,0.8105574183638619,0.8105574183638619,False,prediction,"[0, 518]","(1, 1)","[None, None]","[0, 518]","[0, 0]","[2766.2833333333333, 2758.116666666667]"
2766.3166666666666,3,S3_landing,0.698581359911973,0.29062394820548937,0.8246947489735221,0.8246947489735221,False,prediction,"[0, 353]","(1, 1)","[None, None]","[0, 353]","[0, 0]","[2766.3166666666666, 2758.116666666667]"
2766.35,3,S3_landing,0.7142361377849626,0.29062394820548937,0.8195662745962637,0.8195662745962637,False,prediction,"[0, 353]","(1, 1)","[None, None]","[0, 353]","[0, 0]","[2766.35, 2758.116666666667]"
2766.383333333333,3,S3_landing,0.6978055558540498,0.29062394820548937,0.8210299264016425,0.8210299264016425,False,prediction,"[0, 353]","(1, 1)","[None, None]","[0, 353]","[0, 0]","[2766.383333333333, 2758.116666666667]"
2766.4166666666665,3,S3_landing,0.6978055558540498,0.29062394820548937,0.8210299264016425,0.8210299264016425,False,prediction,"[0, 353]","(1, 1)","[None, None]","[0, 353]","[0, 0]","[2766.383333333333, 2758.116666666667]"
2766.45,3,S3_landing,0.6978055558540498,0.29062394820548937,0.8210299264016425,0.8210299264016425,False,prediction,"[0, 353]","(1, 1)","[None, None]","[0, 353]","[0, 0]","[2766.383333333333, 2758.116666666667]"
2766.483333333333,3,S3_landing,0.6978055558540498,0.29062394820548937,0.8210299264016425,0.8210299264016425,False,prediction,"[0, 353]","(1, 1)","[None, None]","[0, 353]","[0, 0]","[2766.383333333333, 2758.116666666667]"
2766.516666666667,3,S3_landing,0.6978055558540498,0.29062394820548937,0.8210299264016425,0.8210299264016425,False,prediction,"[0, 353]","(1, 1)","[None, None]","[0, 353]","[0, 0]","[2766.383333333333, 2758.116666666667]"
2766.55,3,S3_landing,0.6915525458643227,0.29062394820548937,0.8084235248900186,0.8084235248900186,False,prediction,"[0, 353]","(1, 1)","[None, None]","[0, 353]","[0, 0]","[2766.55, 2758.116666666667]"
2766.5833333333335,3,S3_landing,0.6915525458643227,0.29062394820548937,0.8084235248900186,0.8084235248900186,False,prediction,"[0, 353]","(1, 1)","[None, None]","[0, 353]","[0, 0]","[2766.55, 2758.116666666667]"
2766.616666666667,3,S3_landing,0.6915525458643227,0.29062394820548937,0.8084235248900186,0.8084235248900186,False,prediction,"[0, 353]","(1, 1)","[None, None]","[0, 353]","[0, 0]","[2766.55, 2758.116666666667]"
2766.65,3,S3_landing,0.6915525458643227,0.29062394820548937,0.8084235248900186,0.8084235248900186,False,prediction,"[0, 353]","(1, 1)","[None, None]","[0, 353]","[0, 0]","[2766.55, 2758.116666666667]"
2766.6833333333334,3,S3_landing,0.6915525458643227,0.29062394820548937,0.8084235248900186,0.8084235248900186,False,prediction,"[0, 353]","(1, 1)","[None, None]","[0, 353]","[0, 0]","[2766.55, 2758.116666666667]"
2766.7166666666667,3,S3_landing,0.6915525458643227,0.29062394820548937,0.8084235248900186,0.8084235248900186,False,prediction,"[0, 353]","(1, 1)","[None, None]","[0, 353]","[0, 0]","[2766.55, 2758.116666666667]"
2766.75,3,S3_landing,0.6915525458643227,0.29062394820548937,0.8084235248900186,0.8084235248900186,False,prediction,"[0, 353]","(1, 1)","[None, None]","[0, 353]","[0, 0]","[2766.55, 2758.116666666667]"
2766.7833333333333,3,S3_landing,0.6915525458643227,0.29062394820548937,0.8084235248900186,0.8084235248900186,False,prediction,"[0, 353]","(1, 1)","[None, None]","[0, 353]","[0, 0]","[2766.55, 2758.116666666667]"
2766.8166666666666,3,S3_landing,0.6915525458643227,0.29062394820548937,0.8084235248900186,0.8084235248900186,False,prediction,"[0, 353]","(1, 1)","[None, None]","[0, 353]","[0, 0]","[2766.55, 2758.116666666667]"
2766.85,3,S3_landing,0.6915525458643227,0.29062394820548937,0.8084235248900186,0.8084235248900186,False,prediction,"[0, 353]","(1, 1)","[None, None]","[0, 353]","[0, 0]","[2766.55, 2758.116666666667]"
2766.883333333333,3,S3_landing,0.6915525458643227,0.29062394820548937,0.8084235248900186,0.8084235248900186,False,prediction,"[0, 353]","(1, 1)","[None, None]","[0, 353]","[0, 0]","[2766.55, 2758.116666666667]"
2766.9166666666665,3,S3_landing,0.6915525458643227,0.29062394820548937,0.8084235248900186,0.8084235248900186,False,prediction,"[0, 353]","(1, 1)","[None, None]","[0, 353]","[0, 0]","[2766.55, 2758.116666666667]"
2766.95,3,S3_landing,0.6915525458643227,0.29062394820548937,0.8084235248900186,0.8084235248900186,False,prediction,"[0, 353]","(1, 1)","[None, None]","[0, 353]","[0, 0]","[2766.55, 2758.116666666667]"
2766.983333333333,3,S3_landing,0.6915525458643227,0.29062394820548937,0.8084235248900186,0.8084235248900186,False,prediction,"[0, 353]","(1, 1)","[None, None]","[0, 353]","[0, 0]","[2766.55, 2758.116666666667]"
2767.016666666667,3,S3_landing,0.6915525458643227,0.29062394820548937,0.8084235248900186,0.8084235248900186,False,prediction,"[0, 353]","(1, 1)","[None, None]","[0, 353]","[0, 0]","[2766.55, 2758.116666666667]"
2767.05,3,S3_landing,0.6915525458643227,0.29062394820548937,0.8084235248900186,0.8084235248900186,False,prediction,"[0, 353]","(1, 1)","[None, None]","[0, 353]","[0, 0]","[2766.55, 2758.116666666667]"
2767.0833333333335,3,S3_landing,0.6915525458643227,0.29062394820548937,0.8084235248900186,0.8084235248900186,False,prediction,"[0, 353]","(1, 1)","[None, None]","[0, 353]","[0, 0]","[2766.55, 2758.116666666667]"
2767.116666666667,3,S3_landing,0.6915525458643227,0.29062394820548937,0.8084235248900186,0.8084235248900186,False,prediction,"[0, 353]","(1, 1)","[None, None]","[0, 353]","[0, 0]","[2766.55, 2758.116666666667]"
2767.15,3,S3_landing,0.6850678693660119,0.29062394820548937,0.7988858240449775,0.7988858240449775,False,prediction,"[0, 353]","(1, 1)","[None, None]","[0, 353]","[0, 0]","[2767.15, 2758.116666666667]"
2767.1833333333334,3,S3_landing,0.6988799798778749,0.29062394820548937,0.8215294477824504,0.8215294477824504,False,prediction,"[0, 353]","(1, 1)","[None, None]","[0, 353]","[0, 0]","[2767.1833333333334, 2758.116666666667]"
2767.2166666666667,3,S3_landing,0.6988799798778749,0.29062394820548937,0.8215294477824504,0.8215294477824504,False,prediction,"[0, 353]","(1, 1)","[None, None]","[0, 353]","[0, 0]","[2767.1833333333334, 2758.116666666667]"
2767.25,3,S3_landing,0.6988799798778749,0.29062394820548937,0.8215294477824504,0.8215294477824504,False,prediction,"[0, 353]","(1, 1)","[None, None]","[0, 353]","[0, 0]","[2767.1833333333334, 2758.116666666667]"
2767.2833333333333,3,S3_landing,0.6988799798778749,0.29062394820548937,0.8215294477824504,0.8215294477824504,False,prediction,"[0, 353]","(1, 1)","[None, None]","[0, 353]","[0, 0]","[2767.1833333333334, 2758.116666666667]"
2767.3166666666666,3,S3_landing,0.6988799798778749,0.29062394820548937,0.8215294477824504,0.8215294477824504,False,prediction,"[0, 353]","(1, 1)","[None, None]","[0, 353]","[0, 0]","[2767.1833333333334, 2758.116666666667]"
2767.35,3,S3_landing,0.6969856146154784,0.29062394820548937,0.8162272278304538,0.8162272278304538,False,prediction,"[0, 353]","(1, 1)","[None, None]","[0, 353]","[0, 0]","[2767.35, 2758.116666666667]"
2767.383333333333,3,S3_landing,0.6969856146154784,0.29062394820548937,0.8162272278304538,0.8162272278304538,False,prediction,"[0, 353]","(1, 1)","[None, None]","[0, 353]","[0, 0]","[2767.35, 2758.116666666667]"
2767.4166666666665,3,S3_landing,0.6969856146154784,0.29062394820548937,0.8162272278304538,0.8162272278304538,False,prediction,"[0, 353]","(1, 1)","[None, None]","[0, 353]","[0, 0]","[2767.35, 2758.116666666667]"
2767.45,3,S3_landing,0.6969856146154784,0.29062394820548937,0.8162272278304538,0.8162272278304538,False,prediction,"[0, 353]","(1, 1)","[None, None]","[0, 353]","[0, 0]","[2767.35, 2758.116666666667]"
2767.483333333333,3,S3_landing,0.6969856146154784,0.29062394820548937,0.8162272278304538,0.8162272278304538,False,prediction,"[0, 353]","(1, 1)","[None, None]","[0, 353]","[0, 0]","[2767.35, 2758.116666666667]"
2767.516666666667,3,S3_landing,0.6642678004258115,0.29062394820548937,0.7853835609127224,0.7853835609127224,False,prediction,"[0, 353]","(1, 1)","[None, None]","[0, 353]","[0, 0]","[2767.516666666667, 2758.116666666667]"
2767.55,3,S3_landing,0.6642678004258115,0.29062394820548937,0.7853835609127224,0.7853835609127224,False,prediction,"[0, 353]","(1, 1)","[None, None]","[0, 353]","[0, 0]","[2767.516666666667, 2758.116666666667]"
2767.5833333333335,3,S3_landing,0.6642678004258115,0.29062394820548937,0.7853835609127224,0.7853835609127224,False,prediction,"[0, 353]","(1, 1)","[None, None]","[0, 353]","[0, 0]","[2767.516666666667, 2758.116666666667]"
2767.616666666667,3,S3_landing,0.6642678004258115,0.29062394820548937,0.7853835609127224,0.7853835609127224,False,prediction,"[0, 353]","(1, 1)","[None, None]","[0, 353]","[0, 0]","[2767.516666666667, 2758.116666666667]"
2767.65,3,S3_landing,0.6642678004258115,0.29062394820548937,0.7853835609127224,0.7853835609127224,False,prediction,"[0, 353]","(1, 1)","[None, None]","[0, 353]","[0, 0]","[2767.516666666667, 2758.116666666667]"
2767.6833333333334,3,S3_landing,0.6583315372069907,0.29062394820548937,0.7853835609127224,0.7853835609127224,False,prediction,"[0, 171]","(1, 1)","[None, None]","[0, 171]","[0, 0]","[2767.6833333333334, 2758.116666666667]"
2767.7166666666667,3,S3_landing,0.6583315372069907,0.29062394820548937,0.7853835609127224,0.7853835609127224,False,prediction,"[0, 171]","(1, 1)","[None, None]","[0, 171]","[0, 0]","[2767.6833333333334, 2758.116666666667]"
2767.75,3,S3_landing,0.6583315372069907,0.29062394820548937,0.7853835609127224,0.7853835609127224,False,prediction,"[0, 171]","(1, 1)","[None, None]","[0, 171]","[0, 0]","[2767.6833333333334, 2758.116666666667]"
2767.7833333333333,3,S3_landing,0.6583315372069907,0.29062394820548937,0.7853835609127224,0.7853835609127224,False,prediction,"[0, 171]","(1, 1)","[None, None]","[0, 171]","[0, 0]","[2767.6833333333334, 2758.116666666667]"
2767.8166666666666,3,S3_landing,0.6583315372069907,0.29062394820548937,0.7853835609127224,0.7853835609127224,False,prediction,"[0, 171]","(1, 1)","[None, None]","[0, 171]","[0, 0]","[2767.6833333333334, 2758.116666666667]"
2767.85,3,S3_landing,0.6707248842697401,0.29062394820548937,0.7692056673990334,0.7692056673990334,False,prediction,"[0, 171]","(1, 1)","[None, None]","[0, 171]","[0, 0]","[2767.85, 2758.116666666667]"
2767.883333333333,3,S3_landing,0.6819985492921949,0.29062394820548937,0.786984517514695,0.786984517514695,False,prediction,"[0, 171]","(1, 1)","[None, None]","[0, 171]","[0, 0]","[2767.883333333333, 2758.116666666667]"
2767.9166666666665,3,S3_landing,0.6591487111961577,0.29062394820548937,0.7866064528622639,0.7866064528622639,False,prediction,"[0, 171]","(1, 1)","[None, None]","[0, 171]","[0, 0]","[2767.9166666666665, 2758.116666666667]"
2767.95,3,S3_landing,0.6586264655598296,0.29062394820548937,0.7858253416504931,0.7858253416504931,False,prediction,"[0, 171]","(1, 1)","[None, None]","[0, 171]","[0, 0]","[2767.95, 2758.116666666667]"
2767.983333333333,3,S3_landing,0.6586264655598296,0.29062394820548937,0.7858253416504931,0.7858253416504931,False,prediction,"[0, 171]","(1, 1)","[None, None]","[0, 171]","[0, 0]","[2767.95, 2758.116666666667]"
2768.016666666667,3,S3_landing,0.6586264655598296,0.29062394820548937,0.7858253416504931,0.7858253416504931,False,prediction,"[0, 171]","(1, 1)","[None, None]","[0, 171]","[0, 0]","[2767.95, 2758.116666666667]"
2768.05,3,S3_landing,0.637389955618369,0.29062394820548937,0.7528166745609115,0.7528166745609115,False,prediction,"[0, 171]","(1, 1)","[None, None]","[0, 171]","[0, 0]","[2768.05, 2758.116666666667]"
2768.0833333333335,3,S3_landing,0.637389955618369,0.29062394820548937,0.7528166745609115,0.7528166745609115,False,prediction,"[0, 171]","(1, 1)","[None, None]","[0, 171]","[0, 0]","[2768.05, 2758.116666666667]"
2768.116666666667,3,S3_landing,0.637389955618369,0.29062394820548937,0.7528166745609115,0.7528166745609115,False,prediction,"[0, 171]","(1, 1)","[None, None]","[0, 171]","[0, 0]","[2768.05, 2758.116666666667]"
2768.15,3,S3_landing,0.637389955618369,0.29062394820548937,0.7528166745609115,0.7528166745609115,False,prediction,"[0, 171]","(1, 1)","[None, None]","[0, 171]","[0, 0]","[2768.05, 2758.116666666667]"
2768.1833333333334,3,S3_landing,0.637389955618369,0.29062394820548937,0.7528166745609115,0.7528166745609115,False,prediction,"[0, 171]","(1, 1)","[None, None]","[0, 171]","[0, 0]","[2768.05, 2758.116666666667]"
2768.2166666666667,3,S3_landing,0.637389955618369,0.29062394820548937,0.7528166745609115,0.7528166745609115,False,prediction,"[0, 171]","(1, 1)","[None, None]","[0, 171]","[0, 0]","[2768.05, 2758.116666666667]"
2768.25,3,S3_landing,0.637389955618369,0.29062394820548937,0.7528166745609115,0.7528166745609115,False,prediction,"[0, 171]","(1, 1)","[None, None]","[0, 171]","[0, 0]","[2768.05, 2758.116666666667]"
2768.2833333333333,3,S3_landing,0.637389955618369,0.29062394820548937,0.7528166745609115,0.7528166745609115,False,prediction,"[0, 171]","(1, 1)","[None, None]","[0, 171]","[0, 0]","[2768.05, 2758.116666666667]"
2768.3166666666666,3,S3_landing,0.637389955618369,0.29062394820548937,0.7528166745609115,0.7528166745609115,False,prediction,"[0, 171]","(1, 1)","[None, None]","[0, 171]","[0, 0]","[2768.05, 2758.116666666667]"
2768.35,3,S3_landing,0.6435432125048844,0.29062394820548937,0.7626270337688088,0.7626270337688088,False,prediction,"[0, 171]","(1, 1)","[None, None]","[0, 171]","[0, 0]","[2768.35, 2758.116666666667]"
2768.383333333333,3,S3_landing,0.6435432125048844,0.29062394820548937,0.7626270337688088,0.7626270337688088,False,prediction,"[0, 171]","(1, 1)","[None, None]","[0, 171]","[0, 0]","[2768.35, 2758.116666666667]"
2768.4166666666665,3,S3_landing,0.6435432125048844,0.29062394820548937,0.7626270337688088,0.7626270337688088,False,prediction,"[0, 171]","(1, 1)","[None, None]","[0, 171]","[0, 0]","[2768.35, 2758.116666666667]"
2768.45,3,S3_landing,0.6435432125048844,0.29062394820548937,0.7626270337688088,0.7626270337688088,False,prediction,"[0, 171]","(1, 1)","[None, None]","[0, 171]","[0, 0]","[2768.35, 2758.116666666667]"
2768.483333333333,3,S3_landing,0.6435432125048844,0.29062394820548937,0.7626270337688088,0.7626270337688088,False,prediction,"[0, 171]","(1, 1)","[None, None]","[0, 171]","[0, 0]","[2768.35, 2758.116666666667]"
2768.516666666667,3,S3_landing,0.6435432125048844,0.29062394820548937,0.7626270337688088,0.7626270337688088,False,prediction,"[0, 171]","(1, 1)","[None, None]","[0, 171]","[0, 0]","[2768.35, 2758.116666666667]"
2768.55,3,S3_landing,0.6435432125048844,0.29062394820548937,0.7626270337688088,0.7626270337688088,False,prediction,"[0, 171]","(1, 1)","[None, None]","[0, 171]","[0, 0]","[2768.35, 2758.116666666667]"
2768.5833333333335,3,S3_landing,0.6435432125048844,0.29062394820548937,0.7626270337688088,0.7626270337688088,False,prediction,"[0, 171]","(1, 1)","[None, None]","[0, 171]","[0, 0]","[2768.35, 2758.116666666667]"
2768.616666666667,3,S3_landing,0.6435432125048844,0.29062394820548937,0.7626270337688088,0.7626270337688088,False,prediction,"[0, 171]","(1, 1)","[None, None]","[0, 171]","[0, 0]","[2768.35, 2758.116666666667]"
2768.65,3,S3_landing,0.6633481155760377,0.29062394820548937,0.7572022419569413,0.7572022419569413,False,prediction,"[0, 171]","(1, 1)","[None, None]","[0, 171]","[0, 0]","[2768.65, 2758.116666666667]"
2768.6833333333334,3,S3_landing,0.6738114794306558,0.29062394820548937,0.7741422545128601,0.7741422545128601,False,prediction,"[0, 171]","(1, 1)","[None, None]","[0, 171]","[0, 0]","[2768.6833333333334, 2758.116666666667]"
2768.7166666666667,3,S3_landing,0.6624178762430202,0.29062394820548937,0.7990417221213831,0.7990417221213831,False,prediction,"[0, 171]","(1, 1)","[None, None]","[0, 171]","[0, 0]","[2768.7166666666667, 2758.116666666667]"
2768.75,3,S3_landing,0.6699299753185382,0.29062394820548937,0.8023934131111683,0.8023934131111683,False,prediction,"[0, 171]","(1, 1)","[None, None]","[0, 171]","[0, 0]","[2768.75, 2758.116666666667]"
2768.7833333333333,3,S3_landing,0.6699299753185382,0.29062394820548937,0.8023934131111683,0.8023934131111683,False,prediction,"[0, 171]","(1, 1)","[None, None]","[0, 171]","[0, 0]","[2768.75, 2758.116666666667]"
2768.8166666666666,3,S3_landing,0.6699299753185382,0.29062394820548937,0.8023934131111683,0.8023934131111683,False,prediction,"[0, 171]","(1, 1)","[None, None]","[0, 171]","[0, 0]","[2768.75, 2758.116666666667]"
2768.85,3,S3_landing,0.6699299753185382,0.29062394820548937,0.8023934131111683,0.8023934131111683,False,prediction,"[0, 171]","(1, 1)","[None, None]","[0, 171]","[0, 0]","[2768.75, 2758.116666666667]"
2768.883333333333,3,S3_landing,0.6048892272930687,0.29062394820548937,0.6979052303575444,0.6979052303575444,False,prediction,"[0, 171]","(1, 1)","[None, None]","[0, 171]","[0, 0]","[2768.883333333333, 2758.116666666667]"
2768.9166666666665,3,S3_landing,0.6048892272930687,0.29062394820548937,0.6979052303575444,0.6979052303575444,False,prediction,"[0, 171]","(1, 1)","[None, None]","[0, 171]","[0, 0]","[2768.883333333333, 2758.116666666667]"
2768.95,3,S3_landing,0.6048892272930687,0.29062394820548937,0.6979052303575444,0.6979052303575444,False,prediction,"[0, 171]","(1, 1)","[None, None]","[0, 171]","[0, 0]","[2768.883333333333, 2758.116666666667]"
2768.983333333333,3,S3_landing,0.6048892272930687,0.29062394820548937,0.6979052303575444,0.6979052303575444,False,prediction,"[0, 171]","(1, 1)","[None, None]","[0, 171]","[0, 0]","[2768.883333333333, 2758.116666666667]"
2769.016666666667,3,S3_landing,0.6048892272930687,0.29062394820548937,0.6979052303575444,0.6979052303575444,False,prediction,"[0, 171]","(1, 1)","[None, None]","[0, 171]","[0, 0]","[2768.883333333333, 2758.116666666667]"
2769.05,3,S3_landing,0.6048892272930687,0.29062394820548937,0.6979052303575444,0.6979052303575444,False,prediction,"[0, 171]","(1, 1)","[None, None]","[0, 171]","[0, 0]","[2768.883333333333, 2758.116666666667]"
2769.0833333333335,3,S3_landing,0.6048892272930687,0.29062394820548937,0.6979052303575444,0.6979052303575444,False,prediction,"[0, 171]","(1, 1)","[None, None]","[0, 171]","[0, 0]","[2768.883333333333, 2758.116666666667]"
2769.116666666667,3,S3_landing,0.6048892272930687,0.29062394820548937,0.6979052303575444,0.6979052303575444,False,prediction,"[0, 171]","(1, 1)","[None, None]","[0, 171]","[0, 0]","[2768.883333333333, 2758.116666666667]"
2769.15,3,S3_landing,0.6048892272930687,0.29062394820548937,0.6979052303575444,0.6979052303575444,False,prediction,"[0, 171]","(1, 1)","[None, None]","[0, 171]","[0, 0]","[2768.883333333333, 2758.116666666667]"
2769.1833333333334,3,S3_landing,0.6048892272930687,0.29062394820548937,0.6979052303575444,0.6979052303575444,False,prediction,"[0, 171]","(1, 1)","[None, None]","[0, 171]","[0, 0]","[2768.883333333333, 2758.116666666667]"
2769.2166666666667,3,S3_landing,0.6048892272930687,0.29062394820548937,0.6979052303575444,0.6979052303575444,False,prediction,"[0, 171]","(1, 1)","[None, None]","[0, 171]","[0, 0]","[2768.883333333333, 2758.116666666667]"
2769.25,3,S3_landing,0.6048892272930687,0.29062394820548937,0.6979052303575444,0.6979052303575444,False,prediction,"[0, 171]","(1, 1)","[None, None]","[0, 171]","[0, 0]","[2768.883333333333, 2758.116666666667]"
2769.2833333333333,3,S3_landing,0.6048892272930687,0.29062394820548937,0.6979052303575444,0.6979052303575444,False,prediction,"[0, 171]","(1, 1)","[None, None]","[0, 171]","[0, 0]","[2768.883333333333, 2758.116666666667]"
2769.3166666666666,3,S3_landing,0.5970456083424369,0.29062394820548937,0.683937038440378,0.683937038440378,False,prediction,"[0, 171]","(1, 1)","[None, None]","[0, 171]","[0, 0]","[2769.3166666666666, 2758.116666666667]"
2769.35,3,S3_landing,0.5970456083424369,0.29062394820548937,0.683937038440378,0.683937038440378,False,prediction,"[0, 171]","(1, 1)","[None, None]","[0, 171]","[0, 0]","[2769.3166666666666, 2758.116666666667]"
2769.383333333333,3,S3_landing,0.6064438349533019,0.29062394820548937,0.7006428309638463,0.7006428309638463,False,prediction,"[0, 171]","(1, 1)","[None, None]","[0, 171]","[0, 0]","[2769.383333333333, 2758.116666666667]"
2769.4166666666665,3,S3_landing,0.6064438349533019,0.29062394820548937,0.7006428309638463,0.7006428309638463,False,prediction,"[0, 171]","(1, 1)","[None, None]","[0, 171]","[0, 0]","[2769.383333333333, 2758.116666666667]"
2769.45,3,S3_landing,0.6064438349533019,0.29062394820548937,0.7006428309638463,0.7006428309638463,False,prediction,"[0, 171]","(1, 1)","[None, None]","[0, 171]","[0, 0]","[2769.383333333333, 2758.116666666667]"
2769.483333333333,3,S3_landing,0.6064438349533019,0.29062394820548937,0.7006428309638463,0.7006428309638463,False,prediction,"[0, 171]","(1, 1)","[None, None]","[0, 171]","[0, 0]","[2769.383333333333, 2758.116666666667]"
2769.516666666667,3,S3_landing,0.6064438349533019,0.29062394820548937,0.7006428309638463,0.7006428309638463,False,prediction,"[0, 171]","(1, 1)","[None, None]","[0, 171]","[0, 0]","[2769.383333333333, 2758.116666666667]"
2769.55,3,S3_landing,0.6064438349533019,0.29062394820548937,0.7006428309638463,0.7006428309638463,False,prediction,"[0, 171]","(1, 1)","[None, None]","[0, 171]","[0, 0]","[2769.383333333333, 2758.116666666667]"
2769.5833333333335,3,S3_landing,0.6064438349533019,0.29062394820548937,0.7006428309638463,0.7006428309638463,False,prediction,"[0, 171]","(1, 1)","[None, None]","[0, 171]","[0, 0]","[2769.383333333333, 2758.116666666667]"
2769.616666666667,3,S3_landing,0.6064438349533019,0.29062394820548937,0.7006428309638463,0.7006428309638463,False,prediction,"[0, 171]","(1, 1)","[None, None]","[0, 171]","[0, 0]","[2769.383333333333, 2758.116666666667]"
2769.65,3,S3_landing,0.6064438349533019,0.29062394820548937,0.7006428309638463,0.7006428309638463,False,prediction,"[0, 171]","(1, 1)","[None, None]","[0, 171]","[0, 0]","[2769.383333333333, 2758.116666666667]"
2769.6833333333334,3,S3_landing,0.6064438349533019,0.29062394820548937,0.7006428309638463,0.7006428309638463,False,prediction,"[0, 171]","(1, 1)","[None, None]","[0, 171]","[0, 0]","[2769.383333333333, 2758.116666666667]"
2769.7166666666667,3,S3_landing,0.6225079244876645,0.29062394820548937,0.6859632670087478,0.6859632670087478,False,prediction,"[0, 171]","(1, 1)","[None, None]","[0, 171]","[0, 0]","[2769.7166666666667, 2758.116666666667]"
2769.75,3,S3_landing,0.6265488251978465,0.29062394820548937,0.6933396936798015,0.6933396936798015,False,prediction,"[0, 171]","(1, 1)","[None, None]","[0, 171]","[0, 0]","[2769.75, 2758.116666666667]"
2769.7833333333333,3,S3_landing,0.6162497253788758,0.29062394820548937,0.6840277881460545,0.6840277881460545,False,prediction,"[0, 171]","(1, 1)","[None, None]","[0, 171]","[0, 0]","[2769.7833333333333, 2758.116666666667]"
2769.8166666666666,3,S3_landing,0.5904039544193144,0.29062394820548937,0.6891264571343304,0.6891264571343304,False,prediction,"[0, 171]","(1, 1)","[None, None]","[0, 171]","[0, 0]","[2769.8166666666666, 2758.116666666667]"
2769.85,3,S3_landing,0.5904039544193144,0.29062394820548937,0.6891264571343304,0.6891264571343304,False,prediction,"[0, 171]","(1, 1)","[None, None]","[0, 171]","[0, 0]","[2769.8166666666666, 2758.116666666667]"
2769.883333333333,3,S3_landing,0.5904039544193144,0.29062394820548937,0.6891264571343304,0.6891264571343304,False,prediction,"[0, 171]","(1, 1)","[None, None]","[0, 171]","[0, 0]","[2769.8166666666666, 2758.116666666667]"
2769.9166666666665,3,S3_landing,0.5904039544193144,0.29062394820548937,0.6891264571343304,0.6891264571343304,False,prediction,"[0, 171]","(1, 1)","[None, None]","[0, 171]","[0, 0]","[2769.8166666666666, 2758.116666666667]"
2769.95,3,S3_landing,0.6114301121041765,0.29062394820548937,0.7093520913872052,0.7093520913872052,False,prediction,"[0, 171]","(1, 1)","[None, None]","[0, 171]","[0, 0]","[2769.95, 2758.116666666667]"
2769.983333333333,3,S3_landing,0.6114301121041765,0.29062394820548937,0.7093520913872052,0.7093520913872052,False,prediction,"[0, 171]","(1, 1)","[None, None]","[0, 171]","[0, 0]","[2769.95, 2758.116666666667]"
2770.016666666667,3,S3_landing,0.6114301121041765,0.29062394820548937,0.7093520913872052,0.7093520913872052,False,prediction,"[0, 171]","(1, 1)","[None, None]","[0, 171]","[0, 0]","[2769.95, 2758.116666666667]"
2770.05,3,S3_landing,0.6114301121041765,0.29062394820548937,0.7093520913872052,0.7093520913872052,False,prediction,"[0, 171]","(1, 1)","[None, None]","[0, 171]","[0, 0]","[2769.95, 2758.116666666667]"
2770.0833333333335,3,S3_landing,0.6114301121041765,0.29062394820548937,0.7093520913872052,0.7093520913872052,False,prediction,"[0, 171]","(1, 1)","[None, None]","[0, 171]","[0, 0]","[2769.95, 2758.116666666667]"
2770.116666666667,3,S3_landing,0.6114301121041765,0.29062394820548937,0.7093520913872052,0.7093520913872052,False,prediction,"[0, 171]","(1, 1)","[None, None]","[0, 171]","[0, 0]","[2769.95, 2758.116666666667]"
2770.15,3,S3_landing,0.6114301121041765,0.29062394820548937,0.7093520913872052,0.7093520913872052,False,prediction,"[0, 171]","(1, 1)","[None, None]","[0, 171]","[0, 0]","[2769.95, 2758.116666666667]"
2770.1833333333334,3,S3_landing,0.7402704374036188,0.29062394820548937,0.8889769469139659,0.8889769469139659,False,prediction,"[0, 171]","(1, 1)","[None, None]","[0, 171]","[0, 0]","[2770.016666666667, 2770.1833333333334]"
2770.2166666666667,3,S3_landing,0.7402704374036188,0.29062394820548937,0.8889769469139659,0.8889769469139659,False,prediction,"[0, 171]","(1, 1)","[None, None]","[0, 171]","[0, 0]","[2770.016666666667, 2770.1833333333334]"
2770.25,3,S3_landing,0.7402704374036188,0.29062394820548937,0.8889769469139659,0.8889769469139659,False,prediction,"[0, 171]","(1, 1)","[None, None]","[0, 171]","[0, 0]","[2770.016666666667, 2770.1833333333334]"
2770.2833333333333,3,S3_landing,0.7402704374036188,0.29062394820548937,0.8889769469139659,0.8889769469139659,False,prediction,"[0, 171]","(1, 1)","[None, None]","[0, 171]","[0, 0]","[2770.016666666667, 2770.1833333333334]"
2770.3166666666666,3,S3_landing,0.7402704374036188,0.29062394820548937,0.8889769469139659,0.8889769469139659,False,prediction,"[0, 171]","(1, 1)","[None, None]","[0, 171]","[0, 0]","[2770.016666666667, 2770.1833333333334]"
2770.35,3,S3_landing,0.6522672755169195,0.29062394820548937,0.8351981779195445,0.8351981779195445,False,prediction,"[0, 171]","(1, 1)","[None, None]","[0, 171]","[0, 0]","[2770.016666666667, 2770.35]"
2770.383333333333,3,S3_landing,0.702184975479895,0.29062394820548937,0.8889769469139659,0.8889769469139659,False,prediction,"[0, 171]","(1, 1)","[None, None]","[0, 171]","[0, 0]","[2770.016666666667, 2770.383333333333]"
2770.4166666666665,3,S3_landing,0.91283454880695,0.29062394820548937,0.9937093355181555,0.9937093355181555,False,prediction,"[0, 171]","(1, 1)","[None, None]","[0, 171]","[0, 0]","[2770.016666666667, 2770.4166666666665]"
2770.45,3,S3_landing,0.9077888567805877,0.29062394820548937,0.9928873795612486,0.9928873795612486,False,prediction,"[0, 171]","(1, 1)","[None, None]","[0, 171]","[0, 0]","[2770.016666666667, 2770.45]"
2770.483333333333,3,S3_landing,0.9077888567805877,0.29062394820548937,0.9928873795612486,0.9928873795612486,False,prediction,"[0, 171]","(1, 1)","[None, None]","[0, 171]","[0, 0]","[2770.016666666667, 2770.45]"
2770.516666666667,3,S3_landing,0.9077888567805877,0.29062394820548937,0.9928873795612486,0.9928873795612486,False,prediction,"[0, 171]","(1, 1)","[None, None]","[0, 171]","[0, 0]","[2770.016666666667, 2770.45]"
2770.55,3,S3_landing,0.9077888567805877,0.29062394820548937,0.9928873795612486,0.9928873795612486,False,prediction,"[0, 171]","(1, 1)","[None, None]","[0, 171]","[0, 0]","[2770.016666666667, 2770.45]"
2770.5833333333335,3,S3_landing,0.8770848718659371,0.29062394820548937,0.9823610585975471,0.9823610585975471,False,prediction,"[0, 171]","(1, 1)","[None, None]","[0, 171]","[0, 0]","[2770.5833333333335, 2770.5833333333335]"
2770.616666666667,3,S3_landing,0.9153734776066637,0.29062394820548937,0.9922462862350524,0.9922462862350524,False,prediction,"[0, 171]","(1, 1)","[None, 0]","[0, 171]","[0, 0]","[2770.616666666667, 2770.616666666667]"
2770.65,3,S3_landing,0.9003692298160443,0.29062394820548937,0.9915705001184476,0.9915705001184476,False,prediction,"[0, 171]","(1, 1)","[None, 0]","[0, 171]","[0, 0]","[2770.616666666667, 2770.65]"
2770.6833333333334,3,S3_landing,0.9059062535249907,0.29062394820548937,0.9925655859487363,0.9925655859487363,False,prediction,"[0, 171]","(1, 1)","[None, 0]","[0, 171]","[0, 0]","[2770.616666666667, 2770.6833333333334]"
2770.7166666666667,3,G_fe,0.8992738749481692,0.8992738749481692,,,,,,,,,,
2770.75,3,G_fe,0.8992738749481692,0.8992738749481692,,,,,,,,,,
2770.7833333333333,3,G_fe,0.8992738749481692,0.8992738749481692,,,,,,,,,,
2770.8166666666666,3,G_fe,0.9068222384494039,0.9068222384494039,,,,,,,,,,
2770.85,3,G_fe,0.9256480228920907,0.9256480228920907,,,,,,,,,,
2770.883333333333,3,G_fe,0.9256480228920907,0.9256480228920907,,,,,,,,,,
2770.9166666666665,3,G_fe,0.9256480228920907,0.9256480228920907,,,,,,,,,,
2770.95,3,G_fe,0.9256480228920907,0.9256480228920907,,,,,,,,,,
2770.983333333333,3,G_fe,0.9256480228920907,0.9256480228920907,,,,,,,,,,
2771.016666666667,3,G_fe,0.9256480228920907,0.9256480228920907,,,,,,,,,,
2771.05,3,G_fe,0.9256480228920907,0.9256480228920907,,,,,,,,,,
2771.0833333333335,3,G_fe,0.9256480228920907,0.9256480228920907,,,,,,,,,,
2771.116666666667,3,G_fe,0.9256480228920907,0.9256480228920907,,,,,,,,,,
2771.15,3,G_fe,0.959190980499236,0.959190980499236,,,,,,,,,,
2771.1833333333334,3,G_fe,0.9627498150409735,0.9627498150409735,,,,,,,,,,
2771.2166666666667,3,G_fe,0.9667422057314551,0.9667422057314551,,,,,,,,,,
2771.25,3,G_fe,0.9626360511115163,0.9626360511115163,,,,,,,,,,
2771.2833333333333,3,G_fe,0.9626360511115163,0.9626360511115163,,,,,,,,,,
2771.3166666666666,3,G_fe,0.9626360511115163,0.9626360511115163,,,,,,,,,,
2771.35,3,G_fe,0.9626360511115163,0.9626360511115163,,,,,,,,,,
2771.383333333333,3,G_fe,0.9626360511115163,0.9626360511115163,,,,,,,,,,
2771.4166666666665,3,G_fe,0.9626360511115163,0.9626360511115163,,,,,,,,,,
2771.45,3,G_fe,0.9626360511115163,0.9626360511115163,,,,,,,,,,
2771.483333333333,3,G_fe,0.9626360511115163,0.9626360511115163,,,,,,,,,,
2771.516666666667,3,G_fe,0.9626360511115163,0.9626360511115163,,,,,,,,,,
2771.55,3,G_fe,0.9626360511115163,0.9626360511115163,,,,,,,,,,
2771.5833333333335,3,G_fe,0.9626360511115163,0.9626360511115163,,,,,,,,,,
2771.616666666667,3,G_fe,0.9626360511115163,0.9626360511115163,,,,,,,,,,
2771.65,3,G_fe,0.9626360511115163,0.9626360511115163,,,,,,,,,,
2771.6833333333334,3,G_fe,0.9626360511115163,0.9626360511115163,,,,,,,,,,
2771.7166666666667,3,G_fe,0.9626360511115163,0.9626360511115163,,,,,,,,,,
2771.75,3,G_fe,0.9613365553444363,0.9613365553444363,,,,,,,,,,
2771.7833333333333,3,G_fe,0.9613365553444363,0.9613365553444363,,,,,,,,,,
2771.8166666666666,3,G_fe,0.9613365553444363,0.9613365553444363,,,,,,,,,,
2771.85,3,G_fe,0.9613365553444363,0.9613365553444363,,,,,,,,,,
2771.883333333333,3,G_fe,0.964245373019669,0.964245373019669,,,,,,,,,,
2771.9166666666665,3,G_fe,0.964245373019669,0.964245373019669,,,,,,,,,,
2771.95,3,G_fe,0.964245373019669,0.964245373019669,,,,,,,,,,
2771.983333333333,3,G_fe,0.964245373019669,0.964245373019669,,,,,,,,,,
2772.016666666667,3,G_fe,0.964245373019669,0.964245373019669,,,,,,,,,,
2772.05,3,G_fe,0.9830487544468379,0.9830487544468379,,,,,,,,,,
2772.0833333333335,3,G_fe,0.9870838953394111,0.9870838953394111,,,,,,,,,,
2772.116666666667,3,G_fe,0.9879749030683718,0.9879749030683718,,,,,,,,,,
2772.15,3,G_fe,0.9870838953394111,0.9870838953394111,,,,,,,,,,
2772.1833333333334,3,G_fe,0.9870838953394111,0.9870838953394111,,,,,,,,,,
2772.2166666666667,3,G_fe,0.9877534652698117,0.9877534652698117,,,,,,,,,,
2772.25,3,G_fe,0.9862850336823752,0.9862850336823752,,,,,,,,,,
2772.2833333333333,3,G_fe,0.9810208032924095,0.9810208032924095,,,,,,,,,,
2772.3166666666666,3,G_fe,0.9865217093390167,0.9865217093390167,,,,,,,,,,
2772.35,3,G_fe,0.9871999465478557,0.9871999465478557,,,,,,,,,,
2772.383333333333,3,G_fe,0.9871999465478557,0.9871999465478557,,,,,,,,,,
2772.4166666666665,3,G_fe,0.9871999465478557,0.9871999465478557,,,,,,,,,,
2772.45,3,G_fe,0.9862848452592539,0.9862848452592539,,,,,,,,,,
2772.483333333333,3,G_fe,0.9862848452592539,0.9862848452592539,,,,,,,,,,
2772.516666666667,3,G_fe,0.9862848452592539,0.9862848452592539,,,,,,,,,,
2772.55,3,G_fe,0.9862848452592539,0.9862848452592539,,,,,,,,,,
2772.5833333333335,3,G_fe,0.9862848452592539,0.9862848452592539,,,,,,,,,,
2772.616666666667,3,G_fe,0.9862848452592539,0.9862848452592539,,,,,,,,,,
2772.65,3,G_fe,0.9862848452592539,0.9862848452592539,,,,,,,,,,
2772.6833333333334,3,G_fe,0.9855481540633763,0.9855481540633763,,,,,,,,,,
2772.7166666666667,3,G_fe,0.9855481540633763,0.9855481540633763,,,,,,,,,,
2772.75,3,G_fe,0.9855481540633763,0.9855481540633763,,,,,,,,,,
2772.7833333333333,3,G_fe,0.9855481540633763,0.9855481540633763,,,,,,,,,,
2772.8166666666666,3,G_fe,0.985156589356602,0.985156589356602,,,,,,,,,,
2772.85,3,G_fe,0.985156589356602,0.985156589356602,,,,,,,,,,
2772.883333333333,3,G_fe,0.985156589356602,0.985156589356602,,,,,,,,,,
2772.9166666666665,3,G_fe,0.985156589356602,0.985156589356602,,,,,,,,,,
2772.95,3,G_fe,0.985156589356602,0.985156589356602,,,,,,,,,,
2772.983333333333,3,G_fe,0.9850770315374584,0.9850770315374584,,,,,,,,,,
2773.016666666667,3,G_fe,0.9850770315374584,0.9850770315374584,,,,,,,,,,
2773.05,3,G_fe,0.9850770315374584,0.9850770315374584,,,,,,,,,,
2773.0833333333335,3,G_fe,0.9850770315374584,0.9850770315374584,,,,,,,,,,
2773.116666666667,3,G_fe,0.9850770315374584,0.9850770315374584,,,,,,,,,,
2773.15,3,G_fe,0.9850770315374584,0.9850770315374584,,,,,,,,,,
2773.1833333333334,3,G_fe,0.9871215545979986,0.9871215545979986,,,,,,,,,,
2773.2166666666667,3,G_fe,0.9871215545979986,0.9871215545979986,,,,,,,,,,
2773.25,3,G_fe,0.9871215545979986,0.9871215545979986,,,,,,,,,,
2773.2833333333333,3,G_fe,0.9871215545979986,0.9871215545979986,,,,,,,,,,
2773.3166666666666,3,G_fe,0.9871215545979986,0.9871215545979986,,,,,,,,,,
2773.35,3,G_fe,0.9871215545979986,0.9871215545979986,,,,,,,,,,
2773.383333333333,3,G_fe,0.9871215545979986,0.9871215545979986,,,,,,,,,,
2773.4166666666665,3,G_fe,0.9871215545979986,0.9871215545979986,,,,,,,,,,
2773.45,3,G_fe,0.9871215545979986,0.9871215545979986,,,,,,,,,,
2773.483333333333,3,G_fe,0.9871215545979986,0.9871215545979986,,,,,,,,,,
2773.516666666667,3,G_fe,0.9871215545979986,0.9871215545979986,,,,,,,,,,
2773.55,3,G_fe,0.9871215545979986,0.9871215545979986,,,,,,,,,,
2773.5833333333335,3,G_fe,0.9871215545979986,0.9871215545979986,,,,,,,,,,
2773.616666666667,3,G_fe,0.9871215545979986,0.9871215545979986,,,,,,,,,,
2773.65,3,G_fe,0.9871215545979986,0.9871215545979986,,,,,,,,,,
2773.6833333333334,3,G_fe,0.9878362263282225,0.9878362263282225,,,,,,,,,,
2773.7166666666667,3,G_fe,0.9878362263282225,0.9878362263282225,,,,,,,,,,
2773.75,3,G_fe,0.9809027665382201,0.9809027665382201,,,,,,,,,,
2773.7833333333333,3,G_fe,0.9809027665382201,0.9809027665382201,,,,,,,,,,
2773.8166666666666,3,G_fe,0.9809027665382201,0.9809027665382201,,,,,,,,,,
2773.85,3,G_fe,0.9809027665382201,0.9809027665382201,,,,,,,,,,
2773.883333333333,3,G_fe,0.9809027665382201,0.9809027665382201,,,,,,,,,,
2773.9166666666665,3,G_fe,0.9809027665382201,0.9809027665382201,,,,,,,,,,
2773.95,3,G_fe,0.9809027665382201,0.9809027665382201,,,,,,,,,,
2773.983333333333,3,G_fe,0.9809027665382201,0.9809027665382201,,,,,,,,,,
2774.016666666667,3,G_fe,0.9809027665382201,0.9809027665382201,,,,,,,,,,
2774.05,3,G_fe,0.9809027665382201,0.9809027665382201,,,,,,,,,,
2774.0833333333335,3,G_fe,0.9809027665382201,0.9809027665382201,,,,,,,,,,
2774.116666666667,3,G_fe,0.9809027665382201,0.9809027665382201,,,,,,,,,,
2774.15,3,G_fe,0.9809027665382201,0.9809027665382201,,,,,,,,,,
2774.1833333333334,3,G_fe,0.9809027665382201,0.9809027665382201,,,,,,,,,,
2774.2166666666667,3,G_fe,0.9809027665382201,0.9809027665382201,,,,,,,,,,
2774.25,3,G_fe,0.9809027665382201,0.9809027665382201,,,,,,,,,,
2774.2833333333333,3,G_fe,0.9809027665382201,0.9809027665382201,,,,,,,,,,
2774.3166666666666,3,G_fe,0.9809027665382201,0.9809027665382201,,,,,,,,,,
2774.35,3,G_fe,0.9809027665382201,0.9809027665382201,,,,,,,,,,
2774.383333333333,3,G_fe,0.9809027665382201,0.9809027665382201,,,,,,,,,,
2774.4166666666665,3,G_fe,0.9809027665382201,0.9809027665382201,,,,,,,,,,
2774.45,3,G_fe,0.9809027665382201,0.9809027665382201,,,,,,,,,,
2774.483333333333,3,G_fe,0.9809027665382201,0.9809027665382201,,,,,,,,,,
2774.516666666667,3,G_fe,0.9809027665382201,0.9809027665382201,,,,,,,,,,
2774.55,3,G_fe,0.9809027665382201,0.9809027665382201,,,,,,,,,,
2774.5833333333335,3,G_fe,0.9809027665382201,0.9809027665382201,,,,,,,,,,
2774.616666666667,3,G_fe,0.9809027665382201,0.9809027665382201,,,,,,,,,,
2774.65,3,G_fe,0.9809027665382201,0.9809027665382201,,,,,,,,,,
2774.6833333333334,3,G_fe,0.9809027665382201,0.9809027665382201,,,,,,,,,,
2774.7166666666667,3,G_fe,0.9809027665382201,0.9809027665382201,,,,,,,,,,
2774.75,3,G_fe,0.9809027665382201,0.9809027665382201,,,,,,,,,,
2774.7833333333333,3,G_fe,0.9809027665382201,0.9809027665382201,,,,,,,,,,
2774.8166666666666,3,G_fe,0.9809027665382201,0.9809027665382201,,,,,,,,,,
2774.85,3,G_fe,0.9809027665382201,0.9809027665382201,,,,,,,,,,
2774.883333333333,3,G_fe,0.9809027665382201,0.9809027665382201,,,,,,,,,,
2774.9166666666665,3,G_fe,0.9809027665382201,0.9809027665382201,,,,,,,,,,
2774.95,3,G_fe,0.9809027665382201,0.9809027665382201,,,,,,,,,,
2774.983333333333,3,G_fe,0.9809027665382201,0.9809027665382201,,,,,,,,,,
2775.016666666667,3,G_fe,0.9809027665382201,0.9809027665382201,,,,,,,,,,
2775.05,3,G_fe,0.9809027665382201,0.9809027665382201,,,,,,,,,,
2775.0833333333335,3,G_fe,0.9809027665382201,0.9809027665382201,,,,,,,,,,
2775.116666666667,3,G_fe,0.9809027665382201,0.9809027665382201,,,,,,,,,,
2775.15,3,G_fe,0.9809027665382201,0.9809027665382201,,,,,,,,,,
2775.1833333333334,3,G_fe,0.9809027665382201,0.9809027665382201,,,,,,,,,,
2775.2166666666667,3,G_fe,0.9809027665382201,0.9809027665382201,,,,,,,,,,
2775.25,3,G_fe,0.9809027665382201,0.9809027665382201,,,,,,,,,,
2775.2833333333333,3,G_fe,0.9809027665382201,0.9809027665382201,,,,,,,,,,
2775.3166666666666,3,G_fe,0.9809027665382201,0.9809027665382201,,,,,,,,,,
2775.35,3,G_fe,0.9809027665382201,0.9809027665382201,,,,,,,,,,
2775.383333333333,3,G_fe,0.9809027665382201,0.9809027665382201,,,,,,,,,,
2775.4166666666665,3,G_fe,0.9809027665382201,0.9809027665382201,,,,,,,,,,
2775.45,3,G_fe,0.9809027665382201,0.9809027665382201,,,,,,,,,,
2775.483333333333,3,G_fe,0.9809027665382201,0.9809027665382201,,,,,,,,,,
2775.516666666667,3,G_fe,0.9809027665382201,0.9809027665382201,,,,,,,,,,
2775.55,3,G_fe,0.9809027665382201,0.9809027665382201,,,,,,,,,,
2775.5833333333335,3,G_fe,0.9809027665382201,0.9809027665382201,,,,,,,,,,
2775.616666666667,3,G_fe,0.9809027665382201,0.9809027665382201,,,,,,,,,,
2775.65,3,G_fe,0.9809027665382201,0.9809027665382201,,,,,,,,,,
2775.6833333333334,3,G_fe,0.9809027665382201,0.9809027665382201,,,,,,,,,,
2775.7166666666667,3,G_fe,0.9809027665382201,0.9809027665382201,,,,,,,,,,
2775.75,3,G_fe,0.9809027665382201,0.9809027665382201,,,,,,,,,,
2775.7833333333333,3,G_fe,0.9809027665382201,0.9809027665382201,,,,,,,,,,
2775.8166666666666,3,G_fe,0.9809027665382201,0.9809027665382201,,,,,,,,,,
2775.85,3,G_fe,0.9809027665382201,0.9809027665382201,,,,,,,,,,
2775.883333333333,3,G_fe,0.9809027665382201,0.9809027665382201,,,,,,,,,,
2775.9166666666665,3,G_fe,0.9809027665382201,0.9809027665382201,,,,,,,,,,
2775.95,3,G_fe,0.9809027665382201,0.9809027665382201,,,,,,,,,,
2775.983333333333,3,G_fe,0.9809027665382201,0.9809027665382201,,,,,,,,,,
2776.016666666667,3,G_fe,0.9809027665382201,0.9809027665382201,,,,,,,,,,
2776.05,3,G_fe,0.9809027665382201,0.9809027665382201,,,,,,,,,,
2776.0833333333335,3,G_fe,0.9809027665382201,0.9809027665382201,,,,,,,,,,
2776.116666666667,3,G_fe,0.9809027665382201,0.9809027665382201,,,,,,,,,,
2776.15,3,G_fe,0.9809027665382201,0.9809027665382201,,,,,,,,,,
2776.1833333333334,3,G_fe,0.9809027665382201,0.9809027665382201,,,,,,,,,,
2776.2166666666667,3,G_fe,0.9809027665382201,0.9809027665382201,,,,,,,,,,
2776.25,3,G_fe,0.9809027665382201,0.9809027665382201,,,,,,,,,,
2776.2833333333333,3,G_fe,0.9809027665382201,0.9809027665382201,,,,,,,,,,
2776.3166666666666,3,G_fe,0.9809027665382201,0.9809027665382201,,,,,,,,,,
2776.35,3,G_fe,0.9809027665382201,0.9809027665382201,,,,,,,,,,
2776.383333333333,3,G_fe,0.9809027665382201,0.9809027665382201,,,,,,,,,,
2776.4166666666665,3,G_fe,0.9809027665382201,0.9809027665382201,,,,,,,,,,
2776.45,3,G_fe,0.9809027665382201,0.9809027665382201,,,,,,,,,,
2776.483333333333,3,G_fe,0.9809027665382201,0.9809027665382201,,,,,,,,,,
2776.516666666667,3,G_fe,0.9809027665382201,0.9809027665382201,,,,,,,,,,
2776.55,3,G_fe,0.9809027665382201,0.9809027665382201,,,,,,,,,,
2776.5833333333335,3,G_fe,0.9809027665382201,0.9809027665382201,,,,,,,,,,
2776.616666666667,3,G_fe,0.9809027665382201,0.9809027665382201,,,,,,,,,,
2776.65,3,G_fe,0.9809027665382201,0.9809027665382201,,,,,,,,,,
2776.6833333333334,3,G_fe,0.9809027665382201,0.9809027665382201,,,,,,,,,,
2776.7166666666667,3,G_fe,0.9809027665382201,0.9809027665382201,,,,,,,,,,
2776.75,3,G_fe,0.9809027665382201,0.9809027665382201,,,,,,,,,,
2776.7833333333333,3,G_fe,0.9809027665382201,0.9809027665382201,,,,,,,,,,
2776.8166666666666,3,G_fe,0.9809027665382201,0.9809027665382201,,,,,,,,,,
2776.85,3,G_fe,0.9809027665382201,0.9809027665382201,,,,,,,,,,
2776.883333333333,3,G_fe,0.9809027665382201,0.9809027665382201,,,,,,,,,,
2776.9166666666665,3,G_fe,0.9809027665382201,0.9809027665382201,,,,,,,,,,
2776.95,3,G_fe,0.9809027665382201,0.9809027665382201,,,,,,,,,,
2776.983333333333,3,G_fe,0.9809027665382201,0.9809027665382201,,,,,,,,,,
2777.016666666667,3,G_fe,0.9809027665382201,0.9809027665382201,,,,,,,,,,
2777.05,3,G_fe,0.9809027665382201,0.9809027665382201,,,,,,,,,,
2777.0833333333335,3,G_fe,0.9809027665382201,0.9809027665382201,,,,,,,,,,
2777.116666666667,3,G_fe,0.9809027665382201,0.9809027665382201,,,,,,,,,,
2777.15,3,G_fe,0.9809027665382201,0.9809027665382201,,,,,,,,,,
2777.1833333333334,3,G_fe,0.9809027665382201,0.9809027665382201,,,,,,,,,,
2777.2166666666667,3,G_fe,0.9809027665382201,0.9809027665382201,,,,,,,,,,
2777.25,3,G_fe,0.9809027665382201,0.9809027665382201,,,,,,,,,,
2777.2833333333333,3,G_fe,0.9809027665382201,0.9809027665382201,,,,,,,,,,
