t_sec,game,p2_state,source,p2_probability,landing_evaluation_sec,reevaluated,p2_observed_chain_count,p2_formula_score,p2_midchain,p2_hidden,p2_hidden_samples,p2_hidden_unknown,p2_visible_unknown,p2_floating,p2_predicted_score,p2_predicted_chain_count,p2_completion_certain,p2_hidden_maximum_score,p2_maximum_extra_counter_ojama,p2_near_future_ojama,p2_resolving_credit_ojama,p1_formula_score,p1_provisional_send_ojama,p2_provisional_counter_ojama,p2_net_incoming_probability_ojama,p2_net_incoming_death_ojama,p2_pending_now_ojama,p2_required_cancel_ojama,p2_hands,p2_safety,p2_death,p2_multi_reason,p2_multi_nodes,p2_multi_rounds,p2_multi_detail,p2_final_non_death_condition
2750.016666666667,3,STABLE,S3_landing,0.2346237139315358,2749.85,False,13,360,GRAVITY_SETTLE以外,GRAVITY_SETTLE以外,0,,,,77910.0,13,True,,,1164.0,0,12880,184,5,179,179,179,168,3,board_unsettled,False,board_unsettled,,null,"{""dead"":false,""reason"":""board_unsettled""}",board_unsettled
2750.05,3,STABLE,S3_landing,0.2346237139315358,2749.85,False,13,360,GRAVITY_SETTLE以外,GRAVITY_SETTLE以外,0,,,,77910.0,13,True,,,1164.0,0,12880,184,5,179,179,179,168,3,board_unsettled,False,board_unsettled,,null,"{""dead"":false,""reason"":""board_unsettled""}",board_unsettled
2750.0833333333335,3,STABLE,S3_landing,0.2346237139315358,2749.85,False,13,360,GRAVITY_SETTLE以外,GRAVITY_SETTLE以外,0,,,,77910.0,13,True,,,1164.0,0,12880,184,5,179,179,179,168,3,board_unsettled,False,board_unsettled,,null,"{""dead"":false,""reason"":""board_unsettled""}",board_unsettled
2750.116666666667,3,OJAMA_FALL,S3_landing,0.2346237139315358,2749.85,False,13,360,GRAVITY_SETTLE以外,GRAVITY_SETTLE以外,0,,,,77910.0,13,True,,,1164.0,0,12880,184,5,179,179,179,168,3,board_unsettled,False,board_unsettled,,null,"{""dead"":false,""reason"":""board_unsettled""}",board_unsettled
2750.15,3,OJAMA_FALL,S3_landing,0.2346237139315358,2749.85,False,13,360,GRAVITY_SETTLE以外,GRAVITY_SETTLE以外,0,,,,77910.0,13,True,,,1164.0,0,12880,184,5,179,179,179,168,3,board_unsettled,False,board_unsettled,,null,"{""dead"":false,""reason"":""board_unsettled""}",board_unsettled
2750.1833333333334,3,STABLE,S3_landing,0.2346237139315358,2750.1833333333334,True,13,360,GRAVITY_SETTLE以外,GRAVITY_SETTLE以外,0,,,,77910.0,13,True,,,1164.0,0,12880,184,5,179,179,179,168,3,,False,optimistic_cancel,0,[],"{""dead"":false,""reason"":""optimistic_cancel"",""rounds"":[],""nodes"":0}",optimistic_cancel
2750.2166666666667,3,STABLE,S3_landing,0.2346237139315358,2750.1833333333334,False,13,360,GRAVITY_SETTLE以外,GRAVITY_SETTLE以外,0,,,,77910.0,13,True,,,1164.0,0,12880,184,5,179,179,179,168,3,,False,optimistic_cancel,0,[],"{""dead"":false,""reason"":""optimistic_cancel"",""rounds"":[],""nodes"":0}",optimistic_cancel
2750.25,3,STABLE,S3_landing,0.2346237139315358,2750.1833333333334,False,13,360,GRAVITY_SETTLE以外,GRAVITY_SETTLE以外,0,,,,77910.0,13,True,,,1164.0,0,12880,184,5,179,179,179,168,3,,False,optimistic_cancel,0,[],"{""dead"":false,""reason"":""optimistic_cancel"",""rounds"":[],""nodes"":0}",optimistic_cancel
2750.2833333333333,3,STABLE,S3_landing,0.2346237139315358,2750.1833333333334,False,13,360,GRAVITY_SETTLE以外,GRAVITY_SETTLE以外,0,,,,77910.0,13,True,,,1164.0,0,12880,184,5,179,179,179,168,3,,False,optimistic_cancel,0,[],"{""dead"":false,""reason"":""optimistic_cancel"",""rounds"":[],""nodes"":0}",optimistic_cancel
2750.3166666666666,3,STABLE,S3_landing,0.24738183722907248,2750.3166666666666,True,13,360,GRAVITY_SETTLE以外,GRAVITY_SETTLE以外,0,,,,77910.0,13,True,,,1084.0,0,12880,184,5,179,179,179,168,3,board_unsettled,False,board_unsettled,,null,"{""dead"":false,""reason"":""board_unsettled""}",board_unsettled
2750.35,3,STABLE,S3_landing,0.31021837558152754,2750.35,True,13,360,GRAVITY_SETTLE以外,GRAVITY_SETTLE以外,0,,,,77910.0,13,True,,,1184.0,0,12880,184,5,179,179,179,168,2,board_unsettled,False,board_unsettled,,null,"{""dead"":false,""reason"":""board_unsettled""}",board_unsettled
2750.383333333333,3,STABLE,S3_landing,0.24216534833950876,2750.383333333333,True,13,360,GRAVITY_SETTLE以外,GRAVITY_SETTLE以外,0,,,,77910.0,13,True,,,1160.0,0,12880,184,5,179,179,179,168,2,board_unsettled,False,board_unsettled,,null,"{""dead"":false,""reason"":""board_unsettled""}",board_unsettled
2750.4166666666665,3,OJAMA_FALL,S3_landing,0.24216534833950876,2750.383333333333,False,13,360,GRAVITY_SETTLE以外,GRAVITY_SETTLE以外,0,,,,77910.0,13,True,,,1160.0,0,12880,184,5,179,179,179,168,2,board_unsettled,False,board_unsettled,,null,"{""dead"":false,""reason"":""board_unsettled""}",board_unsettled
2750.45,3,OJAMA_FALL,S3_landing,0.24216534833950876,2750.383333333333,False,13,360,GRAVITY_SETTLE以外,GRAVITY_SETTLE以外,0,,,,77910.0,13,True,,,1160.0,0,12880,184,5,179,179,179,168,2,board_unsettled,False,board_unsettled,,null,"{""dead"":false,""reason"":""board_unsettled""}",board_unsettled
2750.483333333333,3,OJAMA_FALL,S3_landing,0.24216534833950876,2750.383333333333,False,13,360,GRAVITY_SETTLE以外,GRAVITY_SETTLE以外,0,,,,77910.0,13,True,,,1160.0,0,12880,184,5,179,179,179,168,2,board_unsettled,False,board_unsettled,,null,"{""dead"":false,""reason"":""board_unsettled""}",board_unsettled
2750.516666666667,3,STABLE,S3_landing,0.25851294151991566,2750.516666666667,True,13,360,GRAVITY_SETTLE以外,GRAVITY_SETTLE以外,0,,,,77910.0,13,True,,761.0,7.0,0,12880,184,5,179,179,179,168,2,board_unsettled,False,board_unsettled,,null,"{""dead"":false,""reason"":""board_unsettled""}",board_unsettled
2750.55,3,STABLE,S3_landing,0.25851294151991566,2750.516666666667,False,13,360,GRAVITY_SETTLE以外,GRAVITY_SETTLE以外,0,,,,77910.0,13,True,,761.0,7.0,0,12880,184,5,179,179,179,168,2,board_unsettled,False,board_unsettled,,null,"{""dead"":false,""reason"":""board_unsettled""}",board_unsettled
2750.5833333333335,3,STABLE,S3_landing,0.25851294151991566,2750.516666666667,False,13,360,GRAVITY_SETTLE以外,GRAVITY_SETTLE以外,0,,,,77910.0,13,True,,761.0,7.0,0,12880,184,5,179,179,179,168,2,board_unsettled,False,board_unsettled,,null,"{""dead"":false,""reason"":""board_unsettled""}",board_unsettled
2750.616666666667,3,TSUMO_FALL,S3_landing,0.25851294151991566,2750.516666666667,False,13,360,GRAVITY_SETTLE以外,GRAVITY_SETTLE以外,0,,,,77910.0,13,True,,761.0,7.0,0,12880,184,5,179,179,179,168,2,board_unsettled,False,board_unsettled,,null,"{""dead"":false,""reason"":""board_unsettled""}",board_unsettled
2750.65,3,TSUMO_FALL,S3_landing,0.25346519656278066,2750.65,True,13,360,GRAVITY_SETTLE以外,GRAVITY_SETTLE以外,0,,,,77910.0,13,True,,,761.0,0,16720,238,5,233,233,233,222,4,board_unsettled,False,board_unsettled,,null,"{""dead"":false,""reason"":""board_unsettled""}",board_unsettled
2750.6833333333334,3,STABLE,S3_landing,0.25346519656278066,2750.65,False,13,360,GRAVITY_SETTLE以外,GRAVITY_SETTLE以外,0,,,,77910.0,13,True,,,761.0,0,16720,238,5,233,233,233,222,4,board_unsettled,False,board_unsettled,,null,"{""dead"":false,""reason"":""board_unsettled""}",board_unsettled
2750.7166666666667,3,STABLE,S3_landing,0.25346519656278066,2750.65,False,13,360,GRAVITY_SETTLE以外,GRAVITY_SETTLE以外,0,,,,77910.0,13,True,,,761.0,0,16720,238,5,233,233,233,222,4,board_unsettled,False,board_unsettled,,null,"{""dead"":false,""reason"":""board_unsettled""}",board_unsettled
2750.75,3,TSUMO_FALL,S3_landing,0.25346519656278066,2750.65,False,13,360,GRAVITY_SETTLE以外,GRAVITY_SETTLE以外,0,,,,77910.0,13,True,,,761.0,0,16720,238,5,233,233,233,222,4,board_unsettled,False,board_unsettled,,null,"{""dead"":false,""reason"":""board_unsettled""}",board_unsettled
2750.7833333333333,3,TSUMO_FALL,S3_landing,0.25346519656278066,2750.65,False,13,360,GRAVITY_SETTLE以外,GRAVITY_SETTLE以外,0,,,,77910.0,13,True,,,761.0,0,16720,238,5,233,233,233,222,4,board_unsettled,False,board_unsettled,,null,"{""dead"":false,""reason"":""board_unsettled""}",board_unsettled
2750.8166666666666,3,STABLE,S3_landing,0.25346519656278066,2750.65,False,13,360,GRAVITY_SETTLE以外,GRAVITY_SETTLE以外,0,,,,77910.0,13,True,,,761.0,0,16720,238,5,233,233,233,222,4,board_unsettled,False,board_unsettled,,null,"{""dead"":false,""reason"":""board_unsettled""}",board_unsettled
2750.85,3,STABLE,S3_landing,0.2424803625758596,2750.85,True,13,360,GRAVITY_SETTLE以外,GRAVITY_SETTLE以外,0,,,,77910.0,13,True,,,1084.0,0,16720,238,5,233,233,233,222,4,board_unsettled,False,board_unsettled,,null,"{""dead"":false,""reason"":""board_unsettled""}",board_unsettled
2750.883333333333,3,TSUMO_FALL,S3_landing,0.2424803625758596,2750.85,False,13,360,GRAVITY_SETTLE以外,GRAVITY_SETTLE以外,0,,,,77910.0,13,True,,,1084.0,0,16720,238,5,233,233,233,222,4,board_unsettled,False,board_unsettled,,null,"{""dead"":false,""reason"":""board_unsettled""}",board_unsettled
2750.9166666666665,3,TSUMO_FALL,S3_landing,0.2424803625758596,2750.85,False,13,360,GRAVITY_SETTLE以外,GRAVITY_SETTLE以外,0,,,,77910.0,13,True,,,1084.0,0,16720,238,5,233,233,233,222,4,board_unsettled,False,board_unsettled,,null,"{""dead"":false,""reason"":""board_unsettled""}",board_unsettled
2750.95,3,STABLE,S3_landing,0.223817433298376,2750.95,True,13,360,GRAVITY_SETTLE以外,GRAVITY_SETTLE以外,0,,,,77910.0,13,True,,,745.0,0,16720,238,5,233,233,233,222,4,board_unsettled,False,board_unsettled,,null,"{""dead"":false,""reason"":""board_unsettled""}",board_unsettled
2750.983333333333,3,STABLE,S3_landing,0.223817433298376,2750.95,False,13,360,GRAVITY_SETTLE以外,GRAVITY_SETTLE以外,0,,,,77910.0,13,True,,,745.0,0,16720,238,5,233,233,233,222,4,board_unsettled,False,board_unsettled,,null,"{""dead"":false,""reason"":""board_unsettled""}",board_unsettled
2751.016666666667,3,STABLE,S3_landing,0.223817433298376,2751.016666666667,True,13,360,GRAVITY_SETTLE以外,GRAVITY_SETTLE以外,0,,,,77910.0,13,True,,,714.0,0,16720,238,5,233,233,233,222,3,board_unsettled,False,board_unsettled,,null,"{""dead"":false,""reason"":""board_unsettled""}",board_unsettled
2751.05,3,STABLE,S3_landing,0.223817433298376,2751.016666666667,False,13,360,GRAVITY_SETTLE以外,GRAVITY_SETTLE以外,0,,,,77910.0,13,True,,,714.0,0,16720,238,5,233,233,233,222,3,board_unsettled,False,board_unsettled,,null,"{""dead"":false,""reason"":""board_unsettled""}",board_unsettled
2751.0833333333335,3,STABLE,S3_landing,0.223817433298376,2751.016666666667,False,13,360,GRAVITY_SETTLE以外,GRAVITY_SETTLE以外,0,,,,77910.0,13,True,,,714.0,0,16720,238,5,233,233,233,222,3,board_unsettled,False,board_unsettled,,null,"{""dead"":false,""reason"":""board_unsettled""}",board_unsettled
2751.116666666667,3,STABLE,S3_landing,0.223817433298376,2751.016666666667,False,13,360,GRAVITY_SETTLE以外,GRAVITY_SETTLE以外,0,,,,77910.0,13,True,,,714.0,0,16720,238,5,233,233,233,222,3,board_unsettled,False,board_unsettled,,null,"{""dead"":false,""reason"":""board_unsettled""}",board_unsettled
2751.15,3,STABLE,S3_landing,0.223817433298376,2751.016666666667,False,13,360,GRAVITY_SETTLE以外,GRAVITY_SETTLE以外,0,,,,77910.0,13,True,,,714.0,0,16720,238,5,233,233,233,222,3,board_unsettled,False,board_unsettled,,null,"{""dead"":false,""reason"":""board_unsettled""}",board_unsettled
2751.1833333333334,3,STABLE,S3_landing,0.223817433298376,2751.016666666667,False,13,360,GRAVITY_SETTLE以外,GRAVITY_SETTLE以外,0,,,,77910.0,13,True,,,714.0,0,16720,238,5,233,233,233,222,3,board_unsettled,False,board_unsettled,,null,"{""dead"":false,""reason"":""board_unsettled""}",board_unsettled
2751.2166666666667,3,STABLE,S3_landing,0.223817433298376,2751.016666666667,False,13,360,GRAVITY_SETTLE以外,GRAVITY_SETTLE以外,0,,,,77910.0,13,True,,,714.0,0,16720,238,5,233,233,233,222,3,board_unsettled,False,board_unsettled,,null,"{""dead"":false,""reason"":""board_unsettled""}",board_unsettled
2751.25,3,STABLE,S3_landing,0.223817433298376,2751.016666666667,False,13,360,GRAVITY_SETTLE以外,GRAVITY_SETTLE以外,0,,,,77910.0,13,True,,,714.0,0,16720,238,5,233,233,233,222,3,board_unsettled,False,board_unsettled,,null,"{""dead"":false,""reason"":""board_unsettled""}",board_unsettled
2751.2833333333333,3,STABLE,S3_landing,0.223817433298376,2751.2833333333333,True,13,360,GRAVITY_SETTLE以外,GRAVITY_SETTLE以外,0,,,,77910.0,13,True,,,714.0,0,16720,238,5,233,233,233,222,3,,False,optimistic_cancel,0,[],"{""dead"":false,""reason"":""optimistic_cancel"",""rounds"":[],""nodes"":0}",optimistic_cancel
2751.3166666666666,3,STABLE,S3_landing,0.2424803625758596,2751.3166666666666,True,13,100,GRAVITY_SETTLE以外,GRAVITY_SETTLE以外,0,,,,77910.0,13,True,,,1084.0,0,16720,238,5,233,233,233,222,3,board_unsettled,False,board_unsettled,,null,"{""dead"":false,""reason"":""board_unsettled""}",board_unsettled
2751.35,3,STABLE,S3_landing,0.24261327819168754,2751.35,True,13,100,GRAVITY_SETTLE以外,GRAVITY_SETTLE以外,0,,,,77910.0,13,True,,,1084.0,0,16720,238,5,233,233,233,222,3,board_unsettled,False,board_unsettled,,null,"{""dead"":false,""reason"":""board_unsettled""}",board_unsettled
2751.383333333333,3,CHAIN,S3_landing,0.24261327819168754,2751.383333333333,True,1,100,GRAVITY_SETTLE以外,GRAVITY_SETTLE以外,0,,,,0.0,0,False,,,,0,16720,238,1,232,232,232,,1,completion_prefix_unverified,False,uncertain_completion,,null,"{""dead"":false,""reason"":""uncertain_completion""}",uncertain_completion
2751.4166666666665,3,CHAIN,S3_landing,0.24261327819168754,2751.383333333333,False,1,100,GRAVITY_SETTLE以外,GRAVITY_SETTLE以外,0,,,,0.0,0,False,,,,0,16720,238,1,232,232,232,,1,completion_prefix_unverified,False,uncertain_completion,,null,"{""dead"":false,""reason"":""uncertain_completion""}",uncertain_completion
2751.45,3,CHAIN,S3_landing,0.24261327819168754,2751.383333333333,False,1,100,GRAVITY_SETTLE以外,GRAVITY_SETTLE以外,0,,,,0.0,0,False,,,,0,16720,238,1,232,232,232,,1,completion_prefix_unverified,False,uncertain_completion,,null,"{""dead"":false,""reason"":""uncertain_completion""}",uncertain_completion
2751.483333333333,3,CHAIN,S3_landing,0.24261327819168754,2751.383333333333,False,1,100,GRAVITY_SETTLE以外,GRAVITY_SETTLE以外,0,,,,0.0,0,False,,,,0,16720,238,1,232,232,232,,1,completion_prefix_unverified,False,uncertain_completion,,null,"{""dead"":false,""reason"":""uncertain_completion""}",uncertain_completion
2751.516666666667,3,CHAIN,S3_landing,0.24261327819168754,2751.383333333333,False,1,100,GRAVITY_SETTLE以外,GRAVITY_SETTLE以外,0,,,,0.0,0,False,,,,0,16720,238,1,232,232,232,,1,completion_prefix_unverified,False,uncertain_completion,,null,"{""dead"":false,""reason"":""uncertain_completion""}",uncertain_completion
2751.55,3,CHAIN,S3_landing,0.24261327819168754,2751.383333333333,False,1,100,GRAVITY_SETTLE以外,GRAVITY_SETTLE以外,0,,,,0.0,0,False,,,,0,16720,238,1,232,232,232,,1,completion_prefix_unverified,False,uncertain_completion,,null,"{""dead"":false,""reason"":""uncertain_completion""}",uncertain_completion
2751.5833333333335,3,CHAIN,S3_landing,0.24261327819168754,2751.383333333333,False,1,100,GRAVITY_SETTLE以外,GRAVITY_SETTLE以外,0,,,,0.0,0,False,,,,0,16720,238,1,232,232,232,,1,completion_prefix_unverified,False,uncertain_completion,,null,"{""dead"":false,""reason"":""uncertain_completion""}",uncertain_completion
2751.616666666667,3,CHAIN,S3_landing,0.24261327819168754,2751.383333333333,False,1,100,GRAVITY_SETTLE以外,GRAVITY_SETTLE以外,0,,,,0.0,0,False,,,,0,16720,238,1,232,232,232,,1,completion_prefix_unverified,False,uncertain_completion,,null,"{""dead"":false,""reason"":""uncertain_completion""}",uncertain_completion
2751.65,3,CHAIN,S3_landing,0.24261327819168754,2751.383333333333,False,1,100,GRAVITY_SETTLE以外,GRAVITY_SETTLE以外,0,,,,0.0,0,False,,,,0,16720,238,1,232,232,232,,1,completion_prefix_unverified,False,uncertain_completion,,null,"{""dead"":false,""reason"":""uncertain_completion""}",uncertain_completion
2751.6833333333334,3,CHAIN,S3_landing,0.24261327819168754,2751.383333333333,False,1,100,GRAVITY_SETTLE以外,GRAVITY_SETTLE以外,0,,,,0.0,0,False,,,,0,16720,238,1,232,232,232,,1,completion_prefix_unverified,False,uncertain_completion,,null,"{""dead"":false,""reason"":""uncertain_completion""}",uncertain_completion
2751.7166666666667,3,CHAIN,S3_landing,0.24261327819168754,2751.383333333333,False,1,100,GRAVITY_SETTLE以外,GRAVITY_SETTLE以外,0,,,,0.0,0,False,,,,0,16720,238,1,232,232,232,,1,completion_prefix_unverified,False,uncertain_completion,,null,"{""dead"":false,""reason"":""uncertain_completion""}",uncertain_completion
2751.75,3,CHAIN,S3_landing,0.24261327819168754,2751.383333333333,False,1,100,GRAVITY_SETTLE以外,GRAVITY_SETTLE以外,0,,,,0.0,0,False,,,,0,16720,238,1,232,232,232,,1,completion_prefix_unverified,False,uncertain_completion,,null,"{""dead"":false,""reason"":""uncertain_completion""}",uncertain_completion
2751.7833333333333,3,CHAIN,S3_landing,0.24261327819168754,2751.383333333333,False,1,100,GRAVITY_SETTLE以外,GRAVITY_SETTLE以外,0,,,,0.0,0,False,,,,0,16720,238,1,232,232,232,,1,completion_prefix_unverified,False,uncertain_completion,,null,"{""dead"":false,""reason"":""uncertain_completion""}",uncertain_completion
2751.8166666666666,3,CHAIN,S3_landing,0.24261327819168754,2751.383333333333,False,1,100,GRAVITY_SETTLE以外,GRAVITY_SETTLE以外,0,,,,0.0,0,False,,,,0,16720,238,1,232,232,232,,1,completion_prefix_unverified,False,uncertain_completion,,null,"{""dead"":false,""reason"":""uncertain_completion""}",uncertain_completion
2751.85,3,CHAIN,S3_landing,0.24261327819168754,2751.383333333333,False,1,100,GRAVITY_SETTLE以外,GRAVITY_SETTLE以外,0,,,,0.0,0,False,,,,0,16720,238,1,232,232,232,,1,completion_prefix_unverified,False,uncertain_completion,,null,"{""dead"":false,""reason"":""uncertain_completion""}",uncertain_completion
2751.883333333333,3,CHAIN,S3_landing,0.24261327819168754,2751.383333333333,False,1,100,GRAVITY_SETTLE以外,GRAVITY_SETTLE以外,0,,,,0.0,0,False,,,,0,16720,238,1,232,232,232,,1,completion_prefix_unverified,False,uncertain_completion,,null,"{""dead"":false,""reason"":""uncertain_completion""}",uncertain_completion
2751.9166666666665,3,CHAIN,S3_landing,0.24261327819168754,2751.383333333333,False,1,100,GRAVITY_SETTLE以外,GRAVITY_SETTLE以外,0,,,,0.0,0,False,,,,0,16720,238,1,232,232,232,,1,completion_prefix_unverified,False,uncertain_completion,,null,"{""dead"":false,""reason"":""uncertain_completion""}",uncertain_completion
2751.95,3,CHAIN,S3_landing,0.24261327819168754,2751.383333333333,False,1,100,GRAVITY_SETTLE以外,GRAVITY_SETTLE以外,0,,,,0.0,0,False,,,,0,16720,238,1,232,232,232,,1,completion_prefix_unverified,False,uncertain_completion,,null,"{""dead"":false,""reason"":""uncertain_completion""}",uncertain_completion
2751.983333333333,3,CHAIN,S3_landing,0.24261327819168754,2751.983333333333,True,1,100,GRAVITY_SETTLE以外,GRAVITY_SETTLE以外,0,,,,0.0,0,False,,,,0,21840,312,1,306,306,306,,1,completion_prefix_unverified,False,uncertain_completion,,null,"{""dead"":false,""reason"":""uncertain_completion""}",uncertain_completion
2752.016666666667,3,CHAIN,S3_landing,0.24261327819168754,2751.983333333333,False,1,100,GRAVITY_SETTLE以外,GRAVITY_SETTLE以外,0,,,,0.0,0,False,,,,0,21840,312,1,306,306,306,,1,completion_prefix_unverified,False,uncertain_completion,,null,"{""dead"":false,""reason"":""uncertain_completion""}",uncertain_completion
2752.05,3,CHAIN,S3_landing,0.24261327819168754,2751.983333333333,False,1,100,GRAVITY_SETTLE以外,GRAVITY_SETTLE以外,0,,,,0.0,0,False,,,,0,21840,312,1,306,306,306,,1,completion_prefix_unverified,False,uncertain_completion,,null,"{""dead"":false,""reason"":""uncertain_completion""}",uncertain_completion
2752.0833333333335,3,CHAIN,S3_landing,0.24261327819168754,2751.983333333333,False,1,100,GRAVITY_SETTLE以外,GRAVITY_SETTLE以外,0,,,,0.0,0,False,,,,0,21840,312,1,306,306,306,,1,completion_prefix_unverified,False,uncertain_completion,,null,"{""dead"":false,""reason"":""uncertain_completion""}",uncertain_completion
2752.116666666667,3,CHAIN,S3_landing,0.24261327819168754,2751.983333333333,False,1,100,GRAVITY_SETTLE以外,GRAVITY_SETTLE以外,0,,,,0.0,0,False,,,,0,21840,312,1,306,306,306,,1,completion_prefix_unverified,False,uncertain_completion,,null,"{""dead"":false,""reason"":""uncertain_completion""}",uncertain_completion
2752.15,3,CHAIN,S3_landing,0.24261327819168754,2751.983333333333,False,1,100,GRAVITY_SETTLE以外,GRAVITY_SETTLE以外,0,,,,0.0,0,False,,,,0,21840,312,1,306,306,306,,1,completion_prefix_unverified,False,uncertain_completion,,null,"{""dead"":false,""reason"":""uncertain_completion""}",uncertain_completion
2752.1833333333334,3,CHAIN,S3_landing,0.24261327819168754,2751.983333333333,False,1,100,GRAVITY_SETTLE以外,GRAVITY_SETTLE以外,0,,,,0.0,0,False,,,,0,21840,312,1,306,306,306,,1,completion_prefix_unverified,False,uncertain_completion,,null,"{""dead"":false,""reason"":""uncertain_completion""}",uncertain_completion
2752.2166666666667,3,CHAIN,S3_landing,0.24261327819168754,2751.983333333333,False,1,100,GRAVITY_SETTLE以外,GRAVITY_SETTLE以外,0,,,,0.0,0,False,,,,0,21840,312,1,306,306,306,,1,completion_prefix_unverified,False,uncertain_completion,,null,"{""dead"":false,""reason"":""uncertain_completion""}",uncertain_completion
2752.25,3,CHAIN,S3_landing,0.24261327819168754,2751.983333333333,False,1,100,GRAVITY_SETTLE以外,GRAVITY_SETTLE以外,0,,,,0.0,0,False,,,,0,21840,312,1,306,306,306,,1,completion_prefix_unverified,False,uncertain_completion,,null,"{""dead"":false,""reason"":""uncertain_completion""}",uncertain_completion
2752.2833333333333,3,CHAIN,S3_landing,0.24261327819168754,2751.983333333333,False,1,100,GRAVITY_SETTLE以外,GRAVITY_SETTLE以外,0,,,,0.0,0,False,,,,0,21840,312,1,306,306,306,,1,completion_prefix_unverified,False,uncertain_completion,,null,"{""dead"":false,""reason"":""uncertain_completion""}",uncertain_completion
2752.3166666666666,3,CHAIN,S3_landing,0.24261327819168754,2751.983333333333,False,1,100,GRAVITY_SETTLE以外,GRAVITY_SETTLE以外,0,,,,0.0,0,False,,,,0,21840,312,1,306,306,306,,1,completion_prefix_unverified,False,uncertain_completion,,null,"{""dead"":false,""reason"":""uncertain_completion""}",uncertain_completion
2752.35,3,CHAIN,S3_landing,0.24261327819168754,2751.983333333333,False,1,100,GRAVITY_SETTLE以外,GRAVITY_SETTLE以外,0,,,,0.0,0,False,,,,0,21840,312,1,306,306,306,,1,completion_prefix_unverified,False,uncertain_completion,,null,"{""dead"":false,""reason"":""uncertain_completion""}",uncertain_completion
2752.383333333333,3,CHAIN,S3_landing,0.24261327819168754,2751.983333333333,False,1,100,GRAVITY_SETTLE以外,GRAVITY_SETTLE以外,0,,,,0.0,0,False,,,,0,21840,312,1,306,306,306,,1,completion_prefix_unverified,False,uncertain_completion,,null,"{""dead"":false,""reason"":""uncertain_completion""}",uncertain_completion
2752.4166666666665,3,CHAIN,S3_landing,0.24261327819168754,2751.983333333333,False,1,100,GRAVITY_SETTLE以外,GRAVITY_SETTLE以外,0,,,,0.0,0,False,,,,0,21840,312,1,306,306,306,,1,completion_prefix_unverified,False,uncertain_completion,,null,"{""dead"":false,""reason"":""uncertain_completion""}",uncertain_completion
2752.45,3,CHAIN,S3_landing,0.24261327819168754,2751.983333333333,False,1,100,GRAVITY_SETTLE以外,GRAVITY_SETTLE以外,0,,,,0.0,0,False,,,,0,21840,312,1,306,306,306,,1,completion_prefix_unverified,False,uncertain_completion,,null,"{""dead"":false,""reason"":""uncertain_completion""}",uncertain_completion
2752.483333333333,3,CHAIN,S3_landing,0.24261327819168754,2751.983333333333,False,1,100,GRAVITY_SETTLE以外,GRAVITY_SETTLE以外,0,,,,0.0,0,False,,,,0,21840,312,1,306,306,306,,1,completion_prefix_unverified,False,uncertain_completion,,null,"{""dead"":false,""reason"":""uncertain_completion""}",uncertain_completion
2752.516666666667,3,CHAIN,S3_landing,0.24261327819168754,2751.983333333333,False,1,100,GRAVITY_SETTLE以外,GRAVITY_SETTLE以外,0,,,,0.0,0,False,,,,0,21840,312,1,306,306,306,,1,completion_prefix_unverified,False,uncertain_completion,,null,"{""dead"":false,""reason"":""uncertain_completion""}",uncertain_completion
2752.55,3,CHAIN,S3_landing,0.24261327819168754,2751.983333333333,False,1,100,GRAVITY_SETTLE以外,GRAVITY_SETTLE以外,0,,,,0.0,0,False,,,,0,21840,312,1,306,306,306,,1,completion_prefix_unverified,False,uncertain_completion,,null,"{""dead"":false,""reason"":""uncertain_completion""}",uncertain_completion
2752.5833333333335,3,CHAIN,S3_landing,0.24261327819168754,2751.983333333333,False,1,100,GRAVITY_SETTLE以外,GRAVITY_SETTLE以外,0,,,,0.0,0,False,,,,0,21840,312,1,306,306,306,,1,completion_prefix_unverified,False,uncertain_completion,,null,"{""dead"":false,""reason"":""uncertain_completion""}",uncertain_completion
2752.616666666667,3,CHAIN,S3_landing,0.24261327819168754,2751.983333333333,False,1,100,GRAVITY_SETTLE以外,GRAVITY_SETTLE以外,0,,,,0.0,0,False,,,,0,21840,312,1,306,306,306,,1,completion_prefix_unverified,False,uncertain_completion,,null,"{""dead"":false,""reason"":""uncertain_completion""}",uncertain_completion
2752.65,3,GRAVITY_SETTLE,S3_landing,0.24261327819168754,2751.983333333333,False,1,100,隠し段UNKNOWN,同一落ち切り盤面が1観測のみ（必要2）,1,2,0,False,0.0,0,False,,,,0,21840,312,1,306,306,306,,1,completion_prefix_unverified,False,uncertain_completion,,null,"{""dead"":false,""reason"":""uncertain_completion""}",uncertain_completion
2752.6833333333334,3,CHAIN,S3_landing,0.24261327819168754,2752.6833333333334,True,2,420,GRAVITY_SETTLE以外,GRAVITY_SETTLE以外,0,,,,0.0,0,False,,,,0,21840,312,6,301,301,301,,1,completion_prefix_unverified,False,uncertain_completion,,null,"{""dead"":false,""reason"":""uncertain_completion""}",uncertain_completion
2752.7166666666667,3,CHAIN,S3_landing,0.24261327819168754,2752.6833333333334,False,2,420,GRAVITY_SETTLE以外,GRAVITY_SETTLE以外,0,,,,0.0,0,False,,,,0,21840,312,6,301,301,301,,1,completion_prefix_unverified,False,uncertain_completion,,null,"{""dead"":false,""reason"":""uncertain_completion""}",uncertain_completion
2752.75,3,CHAIN,S3_landing,0.24261327819168754,2752.6833333333334,False,2,420,GRAVITY_SETTLE以外,GRAVITY_SETTLE以外,0,,,,0.0,0,False,,,,0,21840,312,6,301,301,301,,1,completion_prefix_unverified,False,uncertain_completion,,null,"{""dead"":false,""reason"":""uncertain_completion""}",uncertain_completion
2752.7833333333333,3,CHAIN,S3_landing,0.24261327819168754,2752.6833333333334,False,2,420,GRAVITY_SETTLE以外,GRAVITY_SETTLE以外,0,,,,0.0,0,False,,,,0,21840,312,6,301,301,301,,1,completion_prefix_unverified,False,uncertain_completion,,null,"{""dead"":false,""reason"":""uncertain_completion""}",uncertain_completion
2752.8166666666666,3,CHAIN,S3_landing,0.24261327819168754,2752.6833333333334,False,2,420,GRAVITY_SETTLE以外,GRAVITY_SETTLE以外,0,,,,0.0,0,False,,,,0,21840,312,6,301,301,301,,1,completion_prefix_unverified,False,uncertain_completion,,null,"{""dead"":false,""reason"":""uncertain_completion""}",uncertain_completion
2752.85,3,CHAIN,S3_landing,0.24261327819168754,2752.6833333333334,False,2,420,GRAVITY_SETTLE以外,GRAVITY_SETTLE以外,0,,,,0.0,0,False,,,,0,21840,312,6,301,301,301,,1,completion_prefix_unverified,False,uncertain_completion,,null,"{""dead"":false,""reason"":""uncertain_completion""}",uncertain_completion
2752.883333333333,3,CHAIN,S3_landing,0.24261327819168754,2752.6833333333334,False,2,420,GRAVITY_SETTLE以外,GRAVITY_SETTLE以外,0,,,,0.0,0,False,,,,0,21840,312,6,301,301,301,,1,completion_prefix_unverified,False,uncertain_completion,,null,"{""dead"":false,""reason"":""uncertain_completion""}",uncertain_completion
2752.9166666666665,3,CHAIN,S3_landing,0.24261327819168754,2752.6833333333334,False,2,420,GRAVITY_SETTLE以外,GRAVITY_SETTLE以外,0,,,,0.0,0,False,,,,0,21840,312,6,301,301,301,,1,completion_prefix_unverified,False,uncertain_completion,,null,"{""dead"":false,""reason"":""uncertain_completion""}",uncertain_completion
2752.95,3,CHAIN,S3_landing,0.24261327819168754,2752.6833333333334,False,2,420,GRAVITY_SETTLE以外,GRAVITY_SETTLE以外,0,,,,0.0,0,False,,,,0,21840,312,6,301,301,301,,1,completion_prefix_unverified,False,uncertain_completion,,null,"{""dead"":false,""reason"":""uncertain_completion""}",uncertain_completion
2752.983333333333,3,CHAIN,S3_landing,0.24261327819168754,2752.6833333333334,False,2,420,GRAVITY_SETTLE以外,GRAVITY_SETTLE以外,0,,,,0.0,0,False,,,,0,21840,312,6,301,301,301,,1,completion_prefix_unverified,False,uncertain_completion,,null,"{""dead"":false,""reason"":""uncertain_completion""}",uncertain_completion
2753.016666666667,3,CHAIN,S3_landing,0.24261327819168754,2752.6833333333334,False,2,420,GRAVITY_SETTLE以外,GRAVITY_SETTLE以外,0,,,,0.0,0,False,,,,0,21840,312,6,301,301,301,,1,completion_prefix_unverified,False,uncertain_completion,,null,"{""dead"":false,""reason"":""uncertain_completion""}",uncertain_completion
2753.05,3,CHAIN,S3_landing,0.24261327819168754,2752.6833333333334,False,2,420,GRAVITY_SETTLE以外,GRAVITY_SETTLE以外,0,,,,0.0,0,False,,,,0,21840,312,6,301,301,301,,1,completion_prefix_unverified,False,uncertain_completion,,null,"{""dead"":false,""reason"":""uncertain_completion""}",uncertain_completion
2753.0833333333335,3,CHAIN,S3_landing,0.24261327819168754,2752.6833333333334,False,2,420,GRAVITY_SETTLE以外,GRAVITY_SETTLE以外,0,,,,0.0,0,False,,,,0,21840,312,6,301,301,301,,1,completion_prefix_unverified,False,uncertain_completion,,null,"{""dead"":false,""reason"":""uncertain_completion""}",uncertain_completion
2753.116666666667,3,CHAIN,S3_landing,0.24261327819168754,2752.6833333333334,False,2,420,GRAVITY_SETTLE以外,GRAVITY_SETTLE以外,0,,,,0.0,0,False,,,,0,21840,312,6,301,301,301,,1,completion_prefix_unverified,False,uncertain_completion,,null,"{""dead"":false,""reason"":""uncertain_completion""}",uncertain_completion
2753.15,3,CHAIN,S3_landing,0.24261327819168754,2752.6833333333334,False,2,420,GRAVITY_SETTLE以外,GRAVITY_SETTLE以外,0,,,,0.0,0,False,,,,0,21840,312,6,301,301,301,,1,completion_prefix_unverified,False,uncertain_completion,,null,"{""dead"":false,""reason"":""uncertain_completion""}",uncertain_completion
2753.1833333333334,3,CHAIN,S3_landing,0.24261327819168754,2752.6833333333334,False,2,420,GRAVITY_SETTLE以外,GRAVITY_SETTLE以外,0,,,,0.0,0,False,,,,0,21840,312,6,301,301,301,,1,completion_prefix_unverified,False,uncertain_completion,,null,"{""dead"":false,""reason"":""uncertain_completion""}",uncertain_completion
2753.2166666666667,3,CHAIN,S3_landing,0.24261327819168754,2752.6833333333334,False,2,420,GRAVITY_SETTLE以外,GRAVITY_SETTLE以外,0,,,,0.0,0,False,,,,0,21840,312,6,301,301,301,,1,completion_prefix_unverified,False,uncertain_completion,,null,"{""dead"":false,""reason"":""uncertain_completion""}",uncertain_completion
2753.25,3,CHAIN,S3_landing,0.24261327819168754,2752.6833333333334,False,2,420,GRAVITY_SETTLE以外,GRAVITY_SETTLE以外,0,,,,0.0,0,False,,,,0,21840,312,6,301,301,301,,1,completion_prefix_unverified,False,uncertain_completion,,null,"{""dead"":false,""reason"":""uncertain_completion""}",uncertain_completion
2753.2833333333333,3,CHAIN,S3_landing,0.24261327819168754,2752.6833333333334,False,2,420,GRAVITY_SETTLE以外,GRAVITY_SETTLE以外,0,,,,0.0,0,False,,,,0,21840,312,6,301,301,301,,1,completion_prefix_unverified,False,uncertain_completion,,null,"{""dead"":false,""reason"":""uncertain_completion""}",uncertain_completion
2753.3166666666666,3,CHAIN,S3_landing,0.24261327819168754,2753.3166666666666,True,2,420,GRAVITY_SETTLE以外,GRAVITY_SETTLE以外,0,,,,0.0,0,False,,,,0,28240,403,6,392,392,392,,1,completion_prefix_unverified,False,uncertain_completion,,null,"{""dead"":false,""reason"":""uncertain_completion""}",uncertain_completion
2753.35,3,CHAIN,S3_landing,0.24261327819168754,2753.3166666666666,False,2,420,GRAVITY_SETTLE以外,GRAVITY_SETTLE以外,0,,,,0.0,0,False,,,,0,28240,403,6,392,392,392,,1,completion_prefix_unverified,False,uncertain_completion,,null,"{""dead"":false,""reason"":""uncertain_completion""}",uncertain_completion
2753.383333333333,3,CHAIN,S3_landing,0.24261327819168754,2753.3166666666666,False,2,420,GRAVITY_SETTLE以外,GRAVITY_SETTLE以外,0,,,,0.0,0,False,,,,0,28240,403,6,392,392,392,,1,completion_prefix_unverified,False,uncertain_completion,,null,"{""dead"":false,""reason"":""uncertain_completion""}",uncertain_completion
2753.4166666666665,3,CHAIN,S3_landing,0.24261327819168754,2753.3166666666666,False,2,420,GRAVITY_SETTLE以外,GRAVITY_SETTLE以外,0,,,,0.0,0,False,,,,0,28240,403,6,392,392,392,,1,completion_prefix_unverified,False,uncertain_completion,,null,"{""dead"":false,""reason"":""uncertain_completion""}",uncertain_completion
2753.45,3,CHAIN,S3_landing,0.24261327819168754,2753.3166666666666,False,2,420,GRAVITY_SETTLE以外,GRAVITY_SETTLE以外,0,,,,0.0,0,False,,,,0,28240,403,6,392,392,392,,1,completion_prefix_unverified,False,uncertain_completion,,null,"{""dead"":false,""reason"":""uncertain_completion""}",uncertain_completion
2753.483333333333,3,CHAIN,S3_landing,0.24261327819168754,2753.3166666666666,False,2,420,GRAVITY_SETTLE以外,GRAVITY_SETTLE以外,0,,,,0.0,0,False,,,,0,28240,403,6,392,392,392,,1,completion_prefix_unverified,False,uncertain_completion,,null,"{""dead"":false,""reason"":""uncertain_completion""}",uncertain_completion
2753.516666666667,3,CHAIN,S3_landing,0.24261327819168754,2753.3166666666666,False,2,420,GRAVITY_SETTLE以外,GRAVITY_SETTLE以外,0,,,,0.0,0,False,,,,0,28240,403,6,392,392,392,,1,completion_prefix_unverified,False,uncertain_completion,,null,"{""dead"":false,""reason"":""uncertain_completion""}",uncertain_completion
2753.55,3,CHAIN,S3_landing,0.24261327819168754,2753.3166666666666,False,2,420,GRAVITY_SETTLE以外,GRAVITY_SETTLE以外,0,,,,0.0,0,False,,,,0,28240,403,6,392,392,392,,1,completion_prefix_unverified,False,uncertain_completion,,null,"{""dead"":false,""reason"":""uncertain_completion""}",uncertain_completion
2753.5833333333335,3,CHAIN,S3_landing,0.24261327819168754,2753.3166666666666,False,2,420,GRAVITY_SETTLE以外,GRAVITY_SETTLE以外,0,,,,0.0,0,False,,,,0,28240,403,6,392,392,392,,1,completion_prefix_unverified,False,uncertain_completion,,null,"{""dead"":false,""reason"":""uncertain_completion""}",uncertain_completion
2753.616666666667,3,CHAIN,S3_landing,0.24261327819168754,2753.3166666666666,False,2,420,GRAVITY_SETTLE以外,GRAVITY_SETTLE以外,0,,,,0.0,0,False,,,,0,28240,403,6,392,392,392,,1,completion_prefix_unverified,False,uncertain_completion,,null,"{""dead"":false,""reason"":""uncertain_completion""}",uncertain_completion
2753.65,3,CHAIN,S3_landing,0.24261327819168754,2753.3166666666666,False,2,420,GRAVITY_SETTLE以外,GRAVITY_SETTLE以外,0,,,,0.0,0,False,,,,0,28240,403,6,392,392,392,,1,completion_prefix_unverified,False,uncertain_completion,,null,"{""dead"":false,""reason"":""uncertain_completion""}",uncertain_completion
2753.6833333333334,3,CHAIN,S3_landing,0.24261327819168754,2753.3166666666666,False,2,420,GRAVITY_SETTLE以外,GRAVITY_SETTLE以外,0,,,,0.0,0,False,,,,0,28240,403,6,392,392,392,,1,completion_prefix_unverified,False,uncertain_completion,,null,"{""dead"":false,""reason"":""uncertain_completion""}",uncertain_completion
2753.7166666666667,3,CHAIN,S3_landing,0.24261327819168754,2753.3166666666666,False,2,420,GRAVITY_SETTLE以外,GRAVITY_SETTLE以外,0,,,,0.0,0,False,,,,0,28240,403,6,392,392,392,,1,completion_prefix_unverified,False,uncertain_completion,,null,"{""dead"":false,""reason"":""uncertain_completion""}",uncertain_completion
2753.75,3,CHAIN,S3_landing,0.24261327819168754,2753.3166666666666,False,2,420,GRAVITY_SETTLE以外,GRAVITY_SETTLE以外,0,,,,0.0,0,False,,,,0,28240,403,6,392,392,392,,1,completion_prefix_unverified,False,uncertain_completion,,null,"{""dead"":false,""reason"":""uncertain_completion""}",uncertain_completion
2753.7833333333333,3,CHAIN,S3_landing,0.24261327819168754,2753.3166666666666,False,2,420,GRAVITY_SETTLE以外,GRAVITY_SETTLE以外,0,,,,0.0,0,False,,,,0,28240,403,6,392,392,392,,1,completion_prefix_unverified,False,uncertain_completion,,null,"{""dead"":false,""reason"":""uncertain_completion""}",uncertain_completion
2753.8166666666666,3,CHAIN,S3_landing,0.24261327819168754,2753.3166666666666,False,2,420,GRAVITY_SETTLE以外,GRAVITY_SETTLE以外,0,,,,0.0,0,False,,,,0,28240,403,6,392,392,392,,1,completion_prefix_unverified,False,uncertain_completion,,null,"{""dead"":false,""reason"":""uncertain_completion""}",uncertain_completion
2753.85,3,CHAIN,S3_landing,0.24261327819168754,2753.3166666666666,False,2,420,GRAVITY_SETTLE以外,GRAVITY_SETTLE以外,0,,,,0.0,0,False,,,,0,28240,403,6,392,392,392,,1,completion_prefix_unverified,False,uncertain_completion,,null,"{""dead"":false,""reason"":""uncertain_completion""}",uncertain_completion
2753.883333333333,3,CHAIN,S3_landing,0.24261327819168754,2753.3166666666666,False,2,420,GRAVITY_SETTLE以外,GRAVITY_SETTLE以外,0,,,,0.0,0,False,,,,0,28240,403,6,392,392,392,,1,completion_prefix_unverified,False,uncertain_completion,,null,"{""dead"":false,""reason"":""uncertain_completion""}",uncertain_completion
2753.9166666666665,3,CHAIN,S3_landing,0.24261327819168754,2753.3166666666666,False,2,420,GRAVITY_SETTLE以外,GRAVITY_SETTLE以外,0,,,,0.0,0,False,,,,0,28240,403,6,392,392,392,,1,completion_prefix_unverified,False,uncertain_completion,,null,"{""dead"":false,""reason"":""uncertain_completion""}",uncertain_completion
2753.95,3,CHAIN,S3_landing,0.24261327819168754,2753.3166666666666,False,2,420,GRAVITY_SETTLE以外,GRAVITY_SETTLE以外,0,,,,0.0,0,False,,,,0,28240,403,6,392,392,392,,1,completion_prefix_unverified,False,uncertain_completion,,null,"{""dead"":false,""reason"":""uncertain_completion""}",uncertain_completion
2753.983333333333,3,GRAVITY_SETTLE,S3_landing,0.24261327819168754,2753.3166666666666,False,2,420,隠し段UNKNOWN,隠し段UNKNOWNが1〜3個以外,0,4,0,True,0.0,0,False,,,,0,28240,403,6,392,392,392,,1,completion_prefix_unverified,False,uncertain_completion,,null,"{""dead"":false,""reason"":""uncertain_completion""}",uncertain_completion
2754.016666666667,3,GRAVITY_SETTLE,S3_landing,0.24261327819168754,2753.3166666666666,False,2,420,隠し段UNKNOWN,浮遊セルあり,0,2,0,True,0.0,0,False,,,,0,28240,403,6,392,392,392,,1,completion_prefix_unverified,False,uncertain_completion,,null,"{""dead"":false,""reason"":""uncertain_completion""}",uncertain_completion
2754.05,3,GRAVITY_SETTLE,S3_landing,0.24261327819168754,2753.3166666666666,False,2,420,隠し段UNKNOWN,浮遊セルあり,0,2,0,True,0.0,0,False,,,,0,28240,403,6,392,392,392,,1,completion_prefix_unverified,False,uncertain_completion,,null,"{""dead"":false,""reason"":""uncertain_completion""}",uncertain_completion
2754.0833333333335,3,GRAVITY_SETTLE,S3_landing,0.24261327819168754,2753.3166666666666,False,2,420,隠し段UNKNOWN,浮遊セルあり,0,3,0,True,0.0,0,False,,,,0,28240,403,6,392,392,392,,1,completion_prefix_unverified,False,uncertain_completion,,null,"{""dead"":false,""reason"":""uncertain_completion""}",uncertain_completion
2754.116666666667,3,CHAIN,S3_landing,0.24225320273519946,2754.116666666667,True,3,1320,GRAVITY_SETTLE以外,GRAVITY_SETTLE以外,0,,,,0.0,0,False,,,,0,28240,403,18,379,380,380,,1,completion_prefix_unverified,False,uncertain_completion,,null,"{""dead"":false,""reason"":""uncertain_completion""}",uncertain_completion
2754.15,3,CHAIN,S3_landing,0.24225320273519946,2754.116666666667,False,3,1320,GRAVITY_SETTLE以外,GRAVITY_SETTLE以外,0,,,,0.0,0,False,,,,0,28240,403,18,379,380,380,,1,completion_prefix_unverified,False,uncertain_completion,,null,"{""dead"":false,""reason"":""uncertain_completion""}",uncertain_completion
2754.1833333333334,3,CHAIN,S3_landing,0.24225320273519946,2754.116666666667,False,3,1320,GRAVITY_SETTLE以外,GRAVITY_SETTLE以外,0,,,,0.0,0,False,,,,0,28240,403,18,379,380,380,,1,completion_prefix_unverified,False,uncertain_completion,,null,"{""dead"":false,""reason"":""uncertain_completion""}",uncertain_completion
2754.2166666666667,3,CHAIN,S3_landing,0.24225320273519946,2754.116666666667,False,3,1320,GRAVITY_SETTLE以外,GRAVITY_SETTLE以外,0,,,,0.0,0,False,,,,0,28240,403,18,379,380,380,,1,completion_prefix_unverified,False,uncertain_completion,,null,"{""dead"":false,""reason"":""uncertain_completion""}",uncertain_completion
2754.25,3,CHAIN,S3_landing,0.24225320273519946,2754.116666666667,False,3,1320,GRAVITY_SETTLE以外,GRAVITY_SETTLE以外,0,,,,0.0,0,False,,,,0,28240,403,18,379,380,380,,1,completion_prefix_unverified,False,uncertain_completion,,null,"{""dead"":false,""reason"":""uncertain_completion""}",uncertain_completion
2754.2833333333333,3,CHAIN,S3_landing,0.24225320273519946,2754.116666666667,False,3,1320,GRAVITY_SETTLE以外,GRAVITY_SETTLE以外,0,,,,0.0,0,False,,,,0,28240,403,18,379,380,380,,1,completion_prefix_unverified,False,uncertain_completion,,null,"{""dead"":false,""reason"":""uncertain_completion""}",uncertain_completion
2754.3166666666666,3,CHAIN,S3_landing,0.24225320273519946,2754.116666666667,False,3,1320,GRAVITY_SETTLE以外,GRAVITY_SETTLE以外,0,,,,0.0,0,False,,,,0,28240,403,18,379,380,380,,1,completion_prefix_unverified,False,uncertain_completion,,null,"{""dead"":false,""reason"":""uncertain_completion""}",uncertain_completion
2754.35,3,CHAIN,S3_landing,0.24225320273519946,2754.116666666667,False,3,1320,GRAVITY_SETTLE以外,GRAVITY_SETTLE以外,0,,,,0.0,0,False,,,,0,28240,403,18,379,380,380,,1,completion_prefix_unverified,False,uncertain_completion,,null,"{""dead"":false,""reason"":""uncertain_completion""}",uncertain_completion
2754.383333333333,3,CHAIN,S3_landing,0.24225320273519946,2754.116666666667,False,3,1320,GRAVITY_SETTLE以外,GRAVITY_SETTLE以外,0,,,,0.0,0,False,,,,0,28240,403,18,379,380,380,,1,completion_prefix_unverified,False,uncertain_completion,,null,"{""dead"":false,""reason"":""uncertain_completion""}",uncertain_completion
2754.4166666666665,3,CHAIN,S3_landing,0.24225320273519946,2754.116666666667,False,3,1320,GRAVITY_SETTLE以外,GRAVITY_SETTLE以外,0,,,,0.0,0,False,,,,0,28240,403,18,379,380,380,,1,completion_prefix_unverified,False,uncertain_completion,,null,"{""dead"":false,""reason"":""uncertain_completion""}",uncertain_completion
2754.45,3,CHAIN,S3_landing,0.24225320273519946,2754.116666666667,False,3,1320,GRAVITY_SETTLE以外,GRAVITY_SETTLE以外,0,,,,0.0,0,False,,,,0,28240,403,18,379,380,380,,1,completion_prefix_unverified,False,uncertain_completion,,null,"{""dead"":false,""reason"":""uncertain_completion""}",uncertain_completion
2754.483333333333,3,CHAIN,S3_landing,0.24225320273519946,2754.116666666667,False,3,1320,GRAVITY_SETTLE以外,GRAVITY_SETTLE以外,0,,,,0.0,0,False,,,,0,28240,403,18,379,380,380,,1,completion_prefix_unverified,False,uncertain_completion,,null,"{""dead"":false,""reason"":""uncertain_completion""}",uncertain_completion
2754.516666666667,3,CHAIN,S3_landing,0.24225320273519946,2754.116666666667,False,3,1320,GRAVITY_SETTLE以外,GRAVITY_SETTLE以外,0,,,,0.0,0,False,,,,0,28240,403,18,379,380,380,,1,completion_prefix_unverified,False,uncertain_completion,,null,"{""dead"":false,""reason"":""uncertain_completion""}",uncertain_completion
2754.55,3,CHAIN,S3_landing,0.24225320273519946,2754.116666666667,False,3,1320,GRAVITY_SETTLE以外,GRAVITY_SETTLE以外,0,,,,0.0,0,False,,,,0,28240,403,18,379,380,380,,1,completion_prefix_unverified,False,uncertain_completion,,null,"{""dead"":false,""reason"":""uncertain_completion""}",uncertain_completion
2754.5833333333335,3,CHAIN,S3_landing,0.24225320273519946,2754.116666666667,False,3,1320,GRAVITY_SETTLE以外,GRAVITY_SETTLE以外,0,,,,0.0,0,False,,,,0,28240,403,18,379,380,380,,1,completion_prefix_unverified,False,uncertain_completion,,null,"{""dead"":false,""reason"":""uncertain_completion""}",uncertain_completion
2754.616666666667,3,CHAIN,S3_landing,0.24225320273519946,2754.116666666667,False,3,1320,GRAVITY_SETTLE以外,GRAVITY_SETTLE以外,0,,,,0.0,0,False,,,,0,28240,403,18,379,380,380,,1,completion_prefix_unverified,False,uncertain_completion,,null,"{""dead"":false,""reason"":""uncertain_completion""}",uncertain_completion
2754.65,3,CHAIN,S3_landing,0.24225320273519946,2754.116666666667,False,3,1320,GRAVITY_SETTLE以外,GRAVITY_SETTLE以外,0,,,,0.0,0,False,,,,0,28240,403,18,379,380,380,,1,completion_prefix_unverified,False,uncertain_completion,,null,"{""dead"":false,""reason"":""uncertain_completion""}",uncertain_completion
2754.6833333333334,3,CHAIN,S3_landing,0.24225320273519946,2754.116666666667,False,3,1320,GRAVITY_SETTLE以外,GRAVITY_SETTLE以外,0,,,,0.0,0,False,,,,0,28240,403,18,379,380,380,,1,completion_prefix_unverified,False,uncertain_completion,,null,"{""dead"":false,""reason"":""uncertain_completion""}",uncertain_completion
2754.7166666666667,3,CHAIN,S3_landing,0.24225320273519946,2754.7166666666667,True,3,1320,GRAVITY_SETTLE以外,GRAVITY_SETTLE以外,0,,,,0.0,0,False,,,,0,35920,513,18,489,490,490,,1,completion_prefix_unverified,False,uncertain_completion,,null,"{""dead"":false,""reason"":""uncertain_completion""}",uncertain_completion
2754.75,3,CHAIN,S3_landing,0.24225320273519946,2754.7166666666667,False,3,1320,GRAVITY_SETTLE以外,GRAVITY_SETTLE以外,0,,,,0.0,0,False,,,,0,35920,513,18,489,490,490,,1,completion_prefix_unverified,False,uncertain_completion,,null,"{""dead"":false,""reason"":""uncertain_completion""}",uncertain_completion
2754.7833333333333,3,CHAIN,S3_landing,0.24225320273519946,2754.7166666666667,False,3,1320,GRAVITY_SETTLE以外,GRAVITY_SETTLE以外,0,,,,0.0,0,False,,,,0,35920,513,18,489,490,490,,1,completion_prefix_unverified,False,uncertain_completion,,null,"{""dead"":false,""reason"":""uncertain_completion""}",uncertain_completion
2754.8166666666666,3,CHAIN,S3_landing,0.24225320273519946,2754.7166666666667,False,3,1320,GRAVITY_SETTLE以外,GRAVITY_SETTLE以外,0,,,,0.0,0,False,,,,0,35920,513,18,489,490,490,,1,completion_prefix_unverified,False,uncertain_completion,,null,"{""dead"":false,""reason"":""uncertain_completion""}",uncertain_completion
2754.85,3,CHAIN,S3_landing,0.24225320273519946,2754.7166666666667,False,3,1320,GRAVITY_SETTLE以外,GRAVITY_SETTLE以外,0,,,,0.0,0,False,,,,0,35920,513,18,489,490,490,,1,completion_prefix_unverified,False,uncertain_completion,,null,"{""dead"":false,""reason"":""uncertain_completion""}",uncertain_completion
2754.883333333333,3,CHAIN,S3_landing,0.24225320273519946,2754.7166666666667,False,3,1320,GRAVITY_SETTLE以外,GRAVITY_SETTLE以外,0,,,,0.0,0,False,,,,0,35920,513,18,489,490,490,,1,completion_prefix_unverified,False,uncertain_completion,,null,"{""dead"":false,""reason"":""uncertain_completion""}",uncertain_completion
2754.9166666666665,3,CHAIN,S3_landing,0.24225320273519946,2754.7166666666667,False,3,1320,GRAVITY_SETTLE以外,GRAVITY_SETTLE以外,0,,,,0.0,0,False,,,,0,35920,513,18,489,490,490,,1,completion_prefix_unverified,False,uncertain_completion,,null,"{""dead"":false,""reason"":""uncertain_completion""}",uncertain_completion
2754.95,3,CHAIN,S3_landing,0.24225320273519946,2754.7166666666667,False,3,1320,GRAVITY_SETTLE以外,GRAVITY_SETTLE以外,0,,,,0.0,0,False,,,,0,35920,513,18,489,490,490,,1,completion_prefix_unverified,False,uncertain_completion,,null,"{""dead"":false,""reason"":""uncertain_completion""}",uncertain_completion
2754.983333333333,3,CHAIN,S3_landing,0.24225320273519946,2754.7166666666667,False,3,1320,GRAVITY_SETTLE以外,GRAVITY_SETTLE以外,0,,,,0.0,0,False,,,,0,35920,513,18,489,490,490,,1,completion_prefix_unverified,False,uncertain_completion,,null,"{""dead"":false,""reason"":""uncertain_completion""}",uncertain_completion
2755.016666666667,3,CHAIN,S3_landing,0.24225320273519946,2754.7166666666667,False,3,1320,GRAVITY_SETTLE以外,GRAVITY_SETTLE以外,0,,,,0.0,0,False,,,,0,35920,513,18,489,490,490,,1,completion_prefix_unverified,False,uncertain_completion,,null,"{""dead"":false,""reason"":""uncertain_completion""}",uncertain_completion
2755.05,3,CHAIN,S3_landing,0.24225320273519946,2754.7166666666667,False,3,1320,GRAVITY_SETTLE以外,GRAVITY_SETTLE以外,0,,,,0.0,0,False,,,,0,35920,513,18,489,490,490,,1,completion_prefix_unverified,False,uncertain_completion,,null,"{""dead"":false,""reason"":""uncertain_completion""}",uncertain_completion
2755.0833333333335,3,CHAIN,S3_landing,0.24225320273519946,2754.7166666666667,False,3,1320,GRAVITY_SETTLE以外,GRAVITY_SETTLE以外,0,,,,0.0,0,False,,,,0,35920,513,18,489,490,490,,1,completion_prefix_unverified,False,uncertain_completion,,null,"{""dead"":false,""reason"":""uncertain_completion""}",uncertain_completion
2755.116666666667,3,CHAIN,S3_landing,0.24225320273519946,2754.7166666666667,False,3,1320,GRAVITY_SETTLE以外,GRAVITY_SETTLE以外,0,,,,0.0,0,False,,,,0,35920,513,18,489,490,490,,1,completion_prefix_unverified,False,uncertain_completion,,null,"{""dead"":false,""reason"":""uncertain_completion""}",uncertain_completion
2755.15,3,CHAIN,S3_landing,0.24225320273519946,2754.7166666666667,False,3,1320,GRAVITY_SETTLE以外,GRAVITY_SETTLE以外,0,,,,0.0,0,False,,,,0,35920,513,18,489,490,490,,1,completion_prefix_unverified,False,uncertain_completion,,null,"{""dead"":false,""reason"":""uncertain_completion""}",uncertain_completion
2755.1833333333334,3,CHAIN,S3_landing,0.24225320273519946,2754.7166666666667,False,3,1320,GRAVITY_SETTLE以外,GRAVITY_SETTLE以外,0,,,,0.0,0,False,,,,0,35920,513,18,489,490,490,,1,completion_prefix_unverified,False,uncertain_completion,,null,"{""dead"":false,""reason"":""uncertain_completion""}",uncertain_completion
2755.2166666666667,3,CHAIN,S3_landing,0.24225320273519946,2754.7166666666667,False,3,1320,GRAVITY_SETTLE以外,GRAVITY_SETTLE以外,0,,,,0.0,0,False,,,,0,35920,513,18,489,490,490,,1,completion_prefix_unverified,False,uncertain_completion,,null,"{""dead"":false,""reason"":""uncertain_completion""}",uncertain_completion
2755.25,3,CHAIN,S3_landing,0.24225320273519946,2754.7166666666667,False,3,1320,GRAVITY_SETTLE以外,GRAVITY_SETTLE以外,0,,,,0.0,0,False,,,,0,35920,513,18,489,490,490,,1,completion_prefix_unverified,False,uncertain_completion,,null,"{""dead"":false,""reason"":""uncertain_completion""}",uncertain_completion
2755.2833333333333,3,CHAIN,S3_landing,0.24225320273519946,2754.7166666666667,False,3,1320,GRAVITY_SETTLE以外,GRAVITY_SETTLE以外,0,,,,0.0,0,False,,,,0,35920,513,18,489,490,490,,1,completion_prefix_unverified,False,uncertain_completion,,null,"{""dead"":false,""reason"":""uncertain_completion""}",uncertain_completion
2755.3166666666666,3,CHAIN,S3_landing,0.24225320273519946,2754.7166666666667,False,3,1320,GRAVITY_SETTLE以外,GRAVITY_SETTLE以外,0,,,,0.0,0,False,,,,0,35920,513,18,489,490,490,,1,completion_prefix_unverified,False,uncertain_completion,,null,"{""dead"":false,""reason"":""uncertain_completion""}",uncertain_completion
2755.35,3,CHAIN,S3_landing,0.24225320273519946,2754.7166666666667,False,3,1320,GRAVITY_SETTLE以外,GRAVITY_SETTLE以外,0,,,,0.0,0,False,,,,0,35920,513,18,489,490,490,,1,completion_prefix_unverified,False,uncertain_completion,,null,"{""dead"":false,""reason"":""uncertain_completion""}",uncertain_completion
2755.383333333333,3,CHAIN,S3_landing,0.24225320273519946,2754.7166666666667,False,3,1320,GRAVITY_SETTLE以外,GRAVITY_SETTLE以外,0,,,,0.0,0,False,,,,0,35920,513,18,489,490,490,,1,completion_prefix_unverified,False,uncertain_completion,,null,"{""dead"":false,""reason"":""uncertain_completion""}",uncertain_completion
2755.4166666666665,3,GRAVITY_SETTLE,S3_landing,0.2470499332021755,2755.4166666666665,True,3,2600,隠し段UNKNOWN,同一落ち切り盤面が1観測のみ（必要2）,1,2,0,False,0.0,0,False,,,,0,35920,513,37,471,471,471,,1,completion_prefix_unverified,False,uncertain_completion,,null,"{""dead"":false,""reason"":""uncertain_completion""}",uncertain_completion
2755.45,3,CHAIN,S3_landing,0.2470499332021755,2755.45,True,4,2600,GRAVITY_SETTLE以外,GRAVITY_SETTLE以外,0,,,,0.0,0,False,,,,0,35920,513,37,471,471,471,,1,completion_prefix_unverified,False,uncertain_completion,,null,"{""dead"":false,""reason"":""uncertain_completion""}",uncertain_completion
2755.483333333333,3,CHAIN,S3_landing,0.2470499332021755,2755.45,False,4,2600,GRAVITY_SETTLE以外,GRAVITY_SETTLE以外,0,,,,0.0,0,False,,,,0,35920,513,37,471,471,471,,1,completion_prefix_unverified,False,uncertain_completion,,null,"{""dead"":false,""reason"":""uncertain_completion""}",uncertain_completion
2755.516666666667,3,CHAIN,S3_landing,0.2470499332021755,2755.45,False,4,2600,GRAVITY_SETTLE以外,GRAVITY_SETTLE以外,0,,,,0.0,0,False,,,,0,35920,513,37,471,471,471,,1,completion_prefix_unverified,False,uncertain_completion,,null,"{""dead"":false,""reason"":""uncertain_completion""}",uncertain_completion
2755.55,3,CHAIN,S3_landing,0.2470499332021755,2755.45,False,4,2600,GRAVITY_SETTLE以外,GRAVITY_SETTLE以外,0,,,,0.0,0,False,,,,0,35920,513,37,471,471,471,,1,completion_prefix_unverified,False,uncertain_completion,,null,"{""dead"":false,""reason"":""uncertain_completion""}",uncertain_completion
2755.5833333333335,3,CHAIN,S3_landing,0.2470499332021755,2755.45,False,4,2600,GRAVITY_SETTLE以外,GRAVITY_SETTLE以外,0,,,,0.0,0,False,,,,0,35920,513,37,471,471,471,,1,completion_prefix_unverified,False,uncertain_completion,,null,"{""dead"":false,""reason"":""uncertain_completion""}",uncertain_completion
2755.616666666667,3,CHAIN,S3_landing,0.2470499332021755,2755.45,False,4,2600,GRAVITY_SETTLE以外,GRAVITY_SETTLE以外,0,,,,0.0,0,False,,,,0,35920,513,37,471,471,471,,1,completion_prefix_unverified,False,uncertain_completion,,null,"{""dead"":false,""reason"":""uncertain_completion""}",uncertain_completion
2755.65,3,CHAIN,S3_landing,0.2470499332021755,2755.45,False,4,2600,GRAVITY_SETTLE以外,GRAVITY_SETTLE以外,0,,,,0.0,0,False,,,,0,35920,513,37,471,471,471,,1,completion_prefix_unverified,False,uncertain_completion,,null,"{""dead"":false,""reason"":""uncertain_completion""}",uncertain_completion
2755.6833333333334,3,CHAIN,S3_landing,0.2470499332021755,2755.45,False,4,2600,GRAVITY_SETTLE以外,GRAVITY_SETTLE以外,0,,,,0.0,0,False,,,,0,35920,513,37,471,471,471,,1,completion_prefix_unverified,False,uncertain_completion,,null,"{""dead"":false,""reason"":""uncertain_completion""}",uncertain_completion
2755.7166666666667,3,CHAIN,S3_landing,0.2470499332021755,2755.45,False,4,2600,GRAVITY_SETTLE以外,GRAVITY_SETTLE以外,0,,,,0.0,0,False,,,,0,35920,513,37,471,471,471,,1,completion_prefix_unverified,False,uncertain_completion,,null,"{""dead"":false,""reason"":""uncertain_completion""}",uncertain_completion
2755.75,3,CHAIN,S3_landing,0.2470499332021755,2755.45,False,4,2600,GRAVITY_SETTLE以外,GRAVITY_SETTLE以外,0,,,,0.0,0,False,,,,0,35920,513,37,471,471,471,,1,completion_prefix_unverified,False,uncertain_completion,,null,"{""dead"":false,""reason"":""uncertain_completion""}",uncertain_completion
2755.7833333333333,3,CHAIN,S3_landing,0.2470499332021755,2755.45,False,4,2600,GRAVITY_SETTLE以外,GRAVITY_SETTLE以外,0,,,,0.0,0,False,,,,0,35920,513,37,471,471,471,,1,completion_prefix_unverified,False,uncertain_completion,,null,"{""dead"":false,""reason"":""uncertain_completion""}",uncertain_completion
2755.8166666666666,3,CHAIN,S3_landing,0.2470499332021755,2755.45,False,4,2600,GRAVITY_SETTLE以外,GRAVITY_SETTLE以外,0,,,,0.0,0,False,,,,0,35920,513,37,471,471,471,,1,completion_prefix_unverified,False,uncertain_completion,,null,"{""dead"":false,""reason"":""uncertain_completion""}",uncertain_completion
2755.85,3,CHAIN,S3_landing,0.2470499332021755,2755.45,False,4,2600,GRAVITY_SETTLE以外,GRAVITY_SETTLE以外,0,,,,0.0,0,False,,,,0,35920,513,37,471,471,471,,1,completion_prefix_unverified,False,uncertain_completion,,null,"{""dead"":false,""reason"":""uncertain_completion""}",uncertain_completion
2755.883333333333,3,CHAIN,S3_landing,0.2470499332021755,2755.45,False,4,2600,GRAVITY_SETTLE以外,GRAVITY_SETTLE以外,0,,,,0.0,0,False,,,,0,35920,513,37,471,471,471,,1,completion_prefix_unverified,False,uncertain_completion,,null,"{""dead"":false,""reason"":""uncertain_completion""}",uncertain_completion
2755.9166666666665,3,CHAIN,S3_landing,0.2470499332021755,2755.45,False,4,2600,GRAVITY_SETTLE以外,GRAVITY_SETTLE以外,0,,,,0.0,0,False,,,,0,35920,513,37,471,471,471,,1,completion_prefix_unverified,False,uncertain_completion,,null,"{""dead"":false,""reason"":""uncertain_completion""}",uncertain_completion
2755.95,3,CHAIN,S3_landing,0.2470499332021755,2755.45,False,4,2600,GRAVITY_SETTLE以外,GRAVITY_SETTLE以外,0,,,,0.0,0,False,,,,0,35920,513,37,471,471,471,,1,completion_prefix_unverified,False,uncertain_completion,,null,"{""dead"":false,""reason"":""uncertain_completion""}",uncertain_completion
2755.983333333333,3,CHAIN,S3_landing,0.2470499332021755,2755.45,False,4,2600,GRAVITY_SETTLE以外,GRAVITY_SETTLE以外,0,,,,0.0,0,False,,,,0,35920,513,37,471,471,471,,1,completion_prefix_unverified,False,uncertain_completion,,null,"{""dead"":false,""reason"":""uncertain_completion""}",uncertain_completion
2756.016666666667,3,CHAIN,S3_landing,0.2470499332021755,2755.45,False,4,2600,GRAVITY_SETTLE以外,GRAVITY_SETTLE以外,0,,,,0.0,0,False,,,,0,35920,513,37,471,471,471,,1,completion_prefix_unverified,False,uncertain_completion,,null,"{""dead"":false,""reason"":""uncertain_completion""}",uncertain_completion
2756.05,3,CHAIN,S3_landing,0.263381065194494,2756.05,True,4,2600,GRAVITY_SETTLE以外,GRAVITY_SETTLE以外,0,,,,0.0,0,False,,,,0,47220,674,37,632,632,632,,1,completion_prefix_unverified,False,uncertain_completion,,null,"{""dead"":false,""reason"":""uncertain_completion""}",uncertain_completion
2756.0833333333335,3,CHAIN,S3_landing,0.263381065194494,2756.05,False,4,2600,GRAVITY_SETTLE以外,GRAVITY_SETTLE以外,0,,,,0.0,0,False,,,,0,47220,674,37,632,632,632,,1,completion_prefix_unverified,False,uncertain_completion,,null,"{""dead"":false,""reason"":""uncertain_completion""}",uncertain_completion
2756.116666666667,3,CHAIN,S3_landing,0.263381065194494,2756.05,False,4,2600,GRAVITY_SETTLE以外,GRAVITY_SETTLE以外,0,,,,0.0,0,False,,,,0,47220,674,37,632,632,632,,1,completion_prefix_unverified,False,uncertain_completion,,null,"{""dead"":false,""reason"":""uncertain_completion""}",uncertain_completion
2756.15,3,CHAIN,S3_landing,0.263381065194494,2756.05,False,4,2600,GRAVITY_SETTLE以外,GRAVITY_SETTLE以外,0,,,,0.0,0,False,,,,0,47220,674,37,632,632,632,,1,completion_prefix_unverified,False,uncertain_completion,,null,"{""dead"":false,""reason"":""uncertain_completion""}",uncertain_completion
2756.1833333333334,3,CHAIN,S3_landing,0.263381065194494,2756.05,False,4,2600,GRAVITY_SETTLE以外,GRAVITY_SETTLE以外,0,,,,0.0,0,False,,,,0,47220,674,37,632,632,632,,1,completion_prefix_unverified,False,uncertain_completion,,null,"{""dead"":false,""reason"":""uncertain_completion""}",uncertain_completion
2756.2166666666667,3,CHAIN,S3_landing,0.263381065194494,2756.05,False,4,2600,GRAVITY_SETTLE以外,GRAVITY_SETTLE以外,0,,,,0.0,0,False,,,,0,47220,674,37,632,632,632,,1,completion_prefix_unverified,False,uncertain_completion,,null,"{""dead"":false,""reason"":""uncertain_completion""}",uncertain_completion
2756.25,3,CHAIN,S3_landing,0.263381065194494,2756.05,False,4,2600,GRAVITY_SETTLE以外,GRAVITY_SETTLE以外,0,,,,0.0,0,False,,,,0,47220,674,37,632,632,632,,1,completion_prefix_unverified,False,uncertain_completion,,null,"{""dead"":false,""reason"":""uncertain_completion""}",uncertain_completion
2756.2833333333333,3,CHAIN,S3_landing,0.263381065194494,2756.05,False,4,2600,GRAVITY_SETTLE以外,GRAVITY_SETTLE以外,0,,,,0.0,0,False,,,,0,47220,674,37,632,632,632,,1,completion_prefix_unverified,False,uncertain_completion,,null,"{""dead"":false,""reason"":""uncertain_completion""}",uncertain_completion
2756.3166666666666,3,CHAIN,S3_landing,0.263381065194494,2756.05,False,4,2600,GRAVITY_SETTLE以外,GRAVITY_SETTLE以外,0,,,,0.0,0,False,,,,0,47220,674,37,632,632,632,,1,completion_prefix_unverified,False,uncertain_completion,,null,"{""dead"":false,""reason"":""uncertain_completion""}",uncertain_completion
2756.35,3,CHAIN,S3_landing,0.263381065194494,2756.05,False,4,2600,GRAVITY_SETTLE以外,GRAVITY_SETTLE以外,0,,,,0.0,0,False,,,,0,47220,674,37,632,632,632,,1,completion_prefix_unverified,False,uncertain_completion,,null,"{""dead"":false,""reason"":""uncertain_completion""}",uncertain_completion
2756.383333333333,3,CHAIN,S3_landing,0.263381065194494,2756.05,False,4,2600,GRAVITY_SETTLE以外,GRAVITY_SETTLE以外,0,,,,0.0,0,False,,,,0,47220,674,37,632,632,632,,1,completion_prefix_unverified,False,uncertain_completion,,null,"{""dead"":false,""reason"":""uncertain_completion""}",uncertain_completion
2756.4166666666665,3,CHAIN,S3_landing,0.263381065194494,2756.05,False,4,2600,GRAVITY_SETTLE以外,GRAVITY_SETTLE以外,0,,,,0.0,0,False,,,,0,47220,674,37,632,632,632,,1,completion_prefix_unverified,False,uncertain_completion,,null,"{""dead"":false,""reason"":""uncertain_completion""}",uncertain_completion
2756.45,3,CHAIN,S3_landing,0.263381065194494,2756.05,False,4,2600,GRAVITY_SETTLE以外,GRAVITY_SETTLE以外,0,,,,0.0,0,False,,,,0,47220,674,37,632,632,632,,1,completion_prefix_unverified,False,uncertain_completion,,null,"{""dead"":false,""reason"":""uncertain_completion""}",uncertain_completion
2756.483333333333,3,CHAIN,S3_landing,0.263381065194494,2756.05,False,4,2600,GRAVITY_SETTLE以外,GRAVITY_SETTLE以外,0,,,,0.0,0,False,,,,0,47220,674,37,632,632,632,,1,completion_prefix_unverified,False,uncertain_completion,,null,"{""dead"":false,""reason"":""uncertain_completion""}",uncertain_completion
2756.516666666667,3,CHAIN,S3_landing,0.263381065194494,2756.05,False,4,2600,GRAVITY_SETTLE以外,GRAVITY_SETTLE以外,0,,,,0.0,0,False,,,,0,47220,674,37,632,632,632,,1,completion_prefix_unverified,False,uncertain_completion,,null,"{""dead"":false,""reason"":""uncertain_completion""}",uncertain_completion
2756.55,3,CHAIN,S3_landing,0.263381065194494,2756.05,False,4,2600,GRAVITY_SETTLE以外,GRAVITY_SETTLE以外,0,,,,0.0,0,False,,,,0,47220,674,37,632,632,632,,1,completion_prefix_unverified,False,uncertain_completion,,null,"{""dead"":false,""reason"":""uncertain_completion""}",uncertain_completion
2756.5833333333335,3,CHAIN,S3_landing,0.263381065194494,2756.05,False,4,2600,GRAVITY_SETTLE以外,GRAVITY_SETTLE以外,0,,,,0.0,0,False,,,,0,47220,674,37,632,632,632,,1,completion_prefix_unverified,False,uncertain_completion,,null,"{""dead"":false,""reason"":""uncertain_completion""}",uncertain_completion
2756.616666666667,3,CHAIN,S3_landing,0.263381065194494,2756.616666666667,True,4,2600,GRAVITY_SETTLE以外,GRAVITY_SETTLE以外,0,,,,0.0,0,False,,,,0,47220,674,37,632,632,632,,1,completion_prefix_unverified,False,uncertain_completion,,null,"{""dead"":false,""reason"":""uncertain_completion""}",uncertain_completion
2756.65,3,CHAIN,S3_landing,0.263381065194494,2756.616666666667,False,4,2600,GRAVITY_SETTLE以外,GRAVITY_SETTLE以外,0,,,,0.0,0,False,,,,0,47220,674,37,632,632,632,,1,completion_prefix_unverified,False,uncertain_completion,,null,"{""dead"":false,""reason"":""uncertain_completion""}",uncertain_completion
2756.6833333333334,3,CHAIN,S3_landing,0.263381065194494,2756.616666666667,False,4,2600,GRAVITY_SETTLE以外,GRAVITY_SETTLE以外,0,,,,0.0,0,False,,,,0,47220,674,37,632,632,632,,1,completion_prefix_unverified,False,uncertain_completion,,null,"{""dead"":false,""reason"":""uncertain_completion""}",uncertain_completion
2756.7166666666667,3,GRAVITY_SETTLE,S3_landing,0.263381065194494,2756.616666666667,False,4,2600,隠し段UNKNOWN,同一落ち切り盤面が1観測のみ（必要2）,1,1,0,False,0.0,0,False,,,,0,47220,674,37,632,632,632,,1,completion_prefix_unverified,False,uncertain_completion,,null,"{""dead"":false,""reason"":""uncertain_completion""}",uncertain_completion
2756.75,3,CHAIN,S3_landing,0.263381065194494,2756.75,True,5,5160,GRAVITY_SETTLE以外,GRAVITY_SETTLE以外,0,,,,0.0,0,False,,,,0,47220,674,73,596,596,596,,1,completion_prefix_unverified,False,uncertain_completion,,null,"{""dead"":false,""reason"":""uncertain_completion""}",uncertain_completion
2756.7833333333333,3,CHAIN,S3_landing,0.263381065194494,2756.75,False,5,5160,GRAVITY_SETTLE以外,GRAVITY_SETTLE以外,0,,,,0.0,0,False,,,,0,47220,674,73,596,596,596,,1,completion_prefix_unverified,False,uncertain_completion,,null,"{""dead"":false,""reason"":""uncertain_completion""}",uncertain_completion
2756.8166666666666,3,CHAIN,S3_landing,0.263381065194494,2756.75,False,5,5160,GRAVITY_SETTLE以外,GRAVITY_SETTLE以外,0,,,,0.0,0,False,,,,0,47220,674,73,596,596,596,,1,completion_prefix_unverified,False,uncertain_completion,,null,"{""dead"":false,""reason"":""uncertain_completion""}",uncertain_completion
2756.85,3,CHAIN,S3_landing,0.263381065194494,2756.75,False,5,5160,GRAVITY_SETTLE以外,GRAVITY_SETTLE以外,0,,,,0.0,0,False,,,,0,47220,674,73,596,596,596,,1,completion_prefix_unverified,False,uncertain_completion,,null,"{""dead"":false,""reason"":""uncertain_completion""}",uncertain_completion
2756.883333333333,3,CHAIN,S3_landing,0.263381065194494,2756.75,False,5,5160,GRAVITY_SETTLE以外,GRAVITY_SETTLE以外,0,,,,0.0,0,False,,,,0,47220,674,73,596,596,596,,1,completion_prefix_unverified,False,uncertain_completion,,null,"{""dead"":false,""reason"":""uncertain_completion""}",uncertain_completion
2756.9166666666665,3,CHAIN,S3_landing,0.263381065194494,2756.75,False,5,5160,GRAVITY_SETTLE以外,GRAVITY_SETTLE以外,0,,,,0.0,0,False,,,,0,47220,674,73,596,596,596,,1,completion_prefix_unverified,False,uncertain_completion,,null,"{""dead"":false,""reason"":""uncertain_completion""}",uncertain_completion
2756.95,3,CHAIN,S3_landing,0.263381065194494,2756.75,False,5,5160,GRAVITY_SETTLE以外,GRAVITY_SETTLE以外,0,,,,0.0,0,False,,,,0,47220,674,73,596,596,596,,1,completion_prefix_unverified,False,uncertain_completion,,null,"{""dead"":false,""reason"":""uncertain_completion""}",uncertain_completion
2756.983333333333,3,CHAIN,S3_landing,0.263381065194494,2756.75,False,5,5160,GRAVITY_SETTLE以外,GRAVITY_SETTLE以外,0,,,,0.0,0,False,,,,0,47220,674,73,596,596,596,,1,completion_prefix_unverified,False,uncertain_completion,,null,"{""dead"":false,""reason"":""uncertain_completion""}",uncertain_completion
2757.016666666667,3,CHAIN,S3_landing,0.263381065194494,2756.75,False,5,5160,GRAVITY_SETTLE以外,GRAVITY_SETTLE以外,0,,,,0.0,0,False,,,,0,47220,674,73,596,596,596,,1,completion_prefix_unverified,False,uncertain_completion,,null,"{""dead"":false,""reason"":""uncertain_completion""}",uncertain_completion
2757.05,3,CHAIN,S3_landing,0.263381065194494,2756.75,False,5,5160,GRAVITY_SETTLE以外,GRAVITY_SETTLE以外,0,,,,0.0,0,False,,,,0,47220,674,73,596,596,596,,1,completion_prefix_unverified,False,uncertain_completion,,null,"{""dead"":false,""reason"":""uncertain_completion""}",uncertain_completion
2757.0833333333335,3,CHAIN,S3_landing,0.263381065194494,2756.75,False,5,5160,GRAVITY_SETTLE以外,GRAVITY_SETTLE以外,0,,,,0.0,0,False,,,,0,47220,674,73,596,596,596,,1,completion_prefix_unverified,False,uncertain_completion,,null,"{""dead"":false,""reason"":""uncertain_completion""}",uncertain_completion
2757.116666666667,3,CHAIN,S3_landing,0.263381065194494,2756.75,False,5,5160,GRAVITY_SETTLE以外,GRAVITY_SETTLE以外,0,,,,0.0,0,False,,,,0,47220,674,73,596,596,596,,1,completion_prefix_unverified,False,uncertain_completion,,null,"{""dead"":false,""reason"":""uncertain_completion""}",uncertain_completion
2757.15,3,CHAIN,S3_landing,0.263381065194494,2756.75,False,5,5160,GRAVITY_SETTLE以外,GRAVITY_SETTLE以外,0,,,,0.0,0,False,,,,0,47220,674,73,596,596,596,,1,completion_prefix_unverified,False,uncertain_completion,,null,"{""dead"":false,""reason"":""uncertain_completion""}",uncertain_completion
2757.1833333333334,3,CHAIN,S3_landing,0.263381065194494,2756.75,False,5,5160,GRAVITY_SETTLE以外,GRAVITY_SETTLE以外,0,,,,0.0,0,False,,,,0,47220,674,73,596,596,596,,1,completion_prefix_unverified,False,uncertain_completion,,null,"{""dead"":false,""reason"":""uncertain_completion""}",uncertain_completion
2757.2166666666667,3,CHAIN,S3_landing,0.263381065194494,2756.75,False,5,5160,GRAVITY_SETTLE以外,GRAVITY_SETTLE以外,0,,,,0.0,0,False,,,,0,47220,674,73,596,596,596,,1,completion_prefix_unverified,False,uncertain_completion,,null,"{""dead"":false,""reason"":""uncertain_completion""}",uncertain_completion
2757.25,3,CHAIN,S3_landing,0.263381065194494,2756.75,False,5,5160,GRAVITY_SETTLE以外,GRAVITY_SETTLE以外,0,,,,0.0,0,False,,,,0,47220,674,73,596,596,596,,1,completion_prefix_unverified,False,uncertain_completion,,null,"{""dead"":false,""reason"":""uncertain_completion""}",uncertain_completion
2757.2833333333333,3,CHAIN,S3_landing,0.263381065194494,2756.75,False,5,5160,GRAVITY_SETTLE以外,GRAVITY_SETTLE以外,0,,,,0.0,0,False,,,,0,47220,674,73,596,596,596,,1,completion_prefix_unverified,False,uncertain_completion,,null,"{""dead"":false,""reason"":""uncertain_completion""}",uncertain_completion
2757.3166666666666,3,CHAIN,S3_landing,0.263381065194494,2757.3166666666666,True,5,5160,GRAVITY_SETTLE以外,GRAVITY_SETTLE以外,0,,,,0.0,0,False,,,,0,47220,674,73,596,596,596,,1,completion_prefix_unverified,False,uncertain_completion,,null,"{""dead"":false,""reason"":""uncertain_completion""}",uncertain_completion
2757.35,3,CHAIN,S3_landing,0.263381065194494,2757.3166666666666,False,5,5160,GRAVITY_SETTLE以外,GRAVITY_SETTLE以外,0,,,,0.0,0,False,,,,0,47220,674,73,596,596,596,,1,completion_prefix_unverified,False,uncertain_completion,,null,"{""dead"":false,""reason"":""uncertain_completion""}",uncertain_completion
2757.383333333333,3,CHAIN,S3_landing,0.24048336513209057,2757.383333333333,True,5,5160,GRAVITY_SETTLE以外,GRAVITY_SETTLE以外,0,,,,0.0,0,False,,,,0,57460,820,73,742,742,742,,1,completion_prefix_unverified,False,uncertain_completion,,null,"{""dead"":false,""reason"":""uncertain_completion""}",uncertain_completion
2757.4166666666665,3,CHAIN,S3_landing,0.24048336513209057,2757.383333333333,False,5,5160,GRAVITY_SETTLE以外,GRAVITY_SETTLE以外,0,,,,0.0,0,False,,,,0,57460,820,73,742,742,742,,1,completion_prefix_unverified,False,uncertain_completion,,null,"{""dead"":false,""reason"":""uncertain_completion""}",uncertain_completion
2757.45,3,CHAIN,S3_landing,0.24048336513209057,2757.383333333333,False,5,5160,GRAVITY_SETTLE以外,GRAVITY_SETTLE以外,0,,,,0.0,0,False,,,,0,57460,820,73,742,742,742,,1,completion_prefix_unverified,False,uncertain_completion,,null,"{""dead"":false,""reason"":""uncertain_completion""}",uncertain_completion
2757.483333333333,3,CHAIN,S3_landing,0.24048336513209057,2757.383333333333,False,5,5160,GRAVITY_SETTLE以外,GRAVITY_SETTLE以外,0,,,,0.0,0,False,,,,0,57460,820,73,742,742,742,,1,completion_prefix_unverified,False,uncertain_completion,,null,"{""dead"":false,""reason"":""uncertain_completion""}",uncertain_completion
2757.516666666667,3,CHAIN,S3_landing,0.24048336513209057,2757.383333333333,False,5,5160,GRAVITY_SETTLE以外,GRAVITY_SETTLE以外,0,,,,0.0,0,False,,,,0,57460,820,73,742,742,742,,1,completion_prefix_unverified,False,uncertain_completion,,null,"{""dead"":false,""reason"":""uncertain_completion""}",uncertain_completion
2757.55,3,CHAIN,S3_landing,0.24048336513209057,2757.383333333333,False,5,5160,GRAVITY_SETTLE以外,GRAVITY_SETTLE以外,0,,,,0.0,0,False,,,,0,57460,820,73,742,742,742,,1,completion_prefix_unverified,False,uncertain_completion,,null,"{""dead"":false,""reason"":""uncertain_completion""}",uncertain_completion
2757.5833333333335,3,CHAIN,S3_landing,0.24048336513209057,2757.383333333333,False,5,5160,GRAVITY_SETTLE以外,GRAVITY_SETTLE以外,0,,,,0.0,0,False,,,,0,57460,820,73,742,742,742,,1,completion_prefix_unverified,False,uncertain_completion,,null,"{""dead"":false,""reason"":""uncertain_completion""}",uncertain_completion
2757.616666666667,3,CHAIN,S3_landing,0.24048336513209057,2757.383333333333,False,5,5160,GRAVITY_SETTLE以外,GRAVITY_SETTLE以外,0,,,,0.0,0,False,,,,0,57460,820,73,742,742,742,,1,completion_prefix_unverified,False,uncertain_completion,,null,"{""dead"":false,""reason"":""uncertain_completion""}",uncertain_completion
2757.65,3,CHAIN,S3_landing,0.24048336513209057,2757.383333333333,False,5,5160,GRAVITY_SETTLE以外,GRAVITY_SETTLE以外,0,,,,0.0,0,False,,,,0,57460,820,73,742,742,742,,1,completion_prefix_unverified,False,uncertain_completion,,null,"{""dead"":false,""reason"":""uncertain_completion""}",uncertain_completion
2757.6833333333334,3,CHAIN,S3_landing,0.24048336513209057,2757.383333333333,False,5,5160,GRAVITY_SETTLE以外,GRAVITY_SETTLE以外,0,,,,0.0,0,False,,,,0,57460,820,73,742,742,742,,1,completion_prefix_unverified,False,uncertain_completion,,null,"{""dead"":false,""reason"":""uncertain_completion""}",uncertain_completion
2757.7166666666667,3,CHAIN,S3_landing,0.24048336513209057,2757.383333333333,False,5,5160,GRAVITY_SETTLE以外,GRAVITY_SETTLE以外,0,,,,0.0,0,False,,,,0,57460,820,73,742,742,742,,1,completion_prefix_unverified,False,uncertain_completion,,null,"{""dead"":false,""reason"":""uncertain_completion""}",uncertain_completion
2757.75,3,CHAIN,S3_landing,0.24048336513209057,2757.383333333333,False,5,5160,GRAVITY_SETTLE以外,GRAVITY_SETTLE以外,0,,,,0.0,0,False,,,,0,57460,820,73,742,742,742,,1,completion_prefix_unverified,False,uncertain_completion,,null,"{""dead"":false,""reason"":""uncertain_completion""}",uncertain_completion
2757.7833333333333,3,CHAIN,S3_landing,0.24048336513209057,2757.383333333333,False,5,5160,GRAVITY_SETTLE以外,GRAVITY_SETTLE以外,0,,,,0.0,0,False,,,,0,57460,820,73,742,742,742,,1,completion_prefix_unverified,False,uncertain_completion,,null,"{""dead"":false,""reason"":""uncertain_completion""}",uncertain_completion
2757.8166666666666,3,CHAIN,S3_landing,0.24048336513209057,2757.383333333333,False,5,5160,GRAVITY_SETTLE以外,GRAVITY_SETTLE以外,0,,,,0.0,0,False,,,,0,57460,820,73,742,742,742,,1,completion_prefix_unverified,False,uncertain_completion,,null,"{""dead"":false,""reason"":""uncertain_completion""}",uncertain_completion
2757.85,3,CHAIN,S3_landing,0.24048336513209057,2757.383333333333,False,5,5160,GRAVITY_SETTLE以外,GRAVITY_SETTLE以外,0,,,,0.0,0,False,,,,0,57460,820,73,742,742,742,,1,completion_prefix_unverified,False,uncertain_completion,,null,"{""dead"":false,""reason"":""uncertain_completion""}",uncertain_completion
2757.883333333333,3,CHAIN,S3_landing,0.24048336513209057,2757.383333333333,False,5,5160,GRAVITY_SETTLE以外,GRAVITY_SETTLE以外,0,,,,0.0,0,False,,,,0,57460,820,73,742,742,742,,1,completion_prefix_unverified,False,uncertain_completion,,null,"{""dead"":false,""reason"":""uncertain_completion""}",uncertain_completion
2757.9166666666665,3,CHAIN,S3_landing,0.24048336513209057,2757.383333333333,False,5,5160,GRAVITY_SETTLE以外,GRAVITY_SETTLE以外,0,,,,0.0,0,False,,,,0,57460,820,73,742,742,742,,1,completion_prefix_unverified,False,uncertain_completion,,null,"{""dead"":false,""reason"":""uncertain_completion""}",uncertain_completion
2757.95,3,CHAIN,S3_landing,0.24048336513209057,2757.383333333333,False,5,5160,GRAVITY_SETTLE以外,GRAVITY_SETTLE以外,0,,,,0.0,0,False,,,,0,57460,820,73,742,742,742,,1,completion_prefix_unverified,False,uncertain_completion,,null,"{""dead"":false,""reason"":""uncertain_completion""}",uncertain_completion
2757.983333333333,3,CHAIN,S3_landing,0.24048336513209057,2757.383333333333,False,5,5160,GRAVITY_SETTLE以外,GRAVITY_SETTLE以外,0,,,,0.0,0,False,,,,0,57460,820,73,742,742,742,,1,completion_prefix_unverified,False,uncertain_completion,,null,"{""dead"":false,""reason"":""uncertain_completion""}",uncertain_completion
2758.016666666667,3,CHAIN,S3_landing,0.24048336513209057,2757.383333333333,False,5,5160,GRAVITY_SETTLE以外,GRAVITY_SETTLE以外,0,,,,0.0,0,False,,,,0,57460,820,73,742,742,742,,1,completion_prefix_unverified,False,uncertain_completion,,null,"{""dead"":false,""reason"":""uncertain_completion""}",uncertain_completion
2758.05,3,GRAVITY_SETTLE,S3_landing,0.24048336513209057,2758.05,True,5,5160,隠し段UNKNOWN,浮遊セルあり,0,2,0,True,0.0,0,False,,,,0,57460,820,73,742,742,742,,1,completion_prefix_unverified,False,uncertain_completion,,null,"{""dead"":false,""reason"":""uncertain_completion""}",uncertain_completion
2758.0833333333335,3,STABLE,S3_landing,0.2760689830441896,2758.0833333333335,True,5,5160,GRAVITY_SETTLE以外,GRAVITY_SETTLE以外,0,,,,0.0,0,False,,,,230,57460,820,73,742,742,742,,1,completion_prefix_unverified,False,uncertain_completion,,null,"{""dead"":false,""reason"":""uncertain_completion""}",uncertain_completion
2758.116666666667,3,STABLE,S3_landing,0.2760689830441896,2758.0833333333335,False,5,5160,GRAVITY_SETTLE以外,GRAVITY_SETTLE以外,0,,,,0.0,0,False,,,,230,57460,820,73,742,742,742,,1,completion_prefix_unverified,False,uncertain_completion,,null,"{""dead"":false,""reason"":""uncertain_completion""}",uncertain_completion
2758.15,3,CHAIN,S3_landing,0.3010121273823383,2758.15,True,6,9000,GRAVITY_SETTLE以外,GRAVITY_SETTLE以外,0,,,,0.0,0,False,,,,176,57460,820,128,687,687,687,,1,completion_prefix_unverified,False,uncertain_completion,,null,"{""dead"":false,""reason"":""uncertain_completion""}",uncertain_completion
2758.1833333333334,3,CHAIN,S3_landing,0.3010121273823383,2758.15,False,6,9000,GRAVITY_SETTLE以外,GRAVITY_SETTLE以外,0,,,,0.0,0,False,,,,176,57460,820,128,687,687,687,,1,completion_prefix_unverified,False,uncertain_completion,,null,"{""dead"":false,""reason"":""uncertain_completion""}",uncertain_completion
2758.2166666666667,3,CHAIN,S3_landing,0.3010121273823383,2758.15,False,6,9000,GRAVITY_SETTLE以外,GRAVITY_SETTLE以外,0,,,,0.0,0,False,,,,176,57460,820,128,687,687,687,,1,completion_prefix_unverified,False,uncertain_completion,,null,"{""dead"":false,""reason"":""uncertain_completion""}",uncertain_completion
2758.25,3,CHAIN,S3_landing,0.3010121273823383,2758.15,False,6,9000,GRAVITY_SETTLE以外,GRAVITY_SETTLE以外,0,,,,0.0,0,False,,,,176,57460,820,128,687,687,687,,1,completion_prefix_unverified,False,uncertain_completion,,null,"{""dead"":false,""reason"":""uncertain_completion""}",uncertain_completion
2758.2833333333333,3,CHAIN,S3_landing,0.3010121273823383,2758.15,False,6,9000,GRAVITY_SETTLE以外,GRAVITY_SETTLE以外,0,,,,0.0,0,False,,,,176,57460,820,128,687,687,687,,1,completion_prefix_unverified,False,uncertain_completion,,null,"{""dead"":false,""reason"":""uncertain_completion""}",uncertain_completion
2758.3166666666666,3,CHAIN,S3_landing,0.3010121273823383,2758.15,False,6,9000,GRAVITY_SETTLE以外,GRAVITY_SETTLE以外,0,,,,0.0,0,False,,,,176,57460,820,128,687,687,687,,1,completion_prefix_unverified,False,uncertain_completion,,null,"{""dead"":false,""reason"":""uncertain_completion""}",uncertain_completion
2758.35,3,CHAIN,S3_landing,0.3010121273823383,2758.15,False,6,9000,GRAVITY_SETTLE以外,GRAVITY_SETTLE以外,0,,,,0.0,0,False,,,,176,57460,820,128,687,687,687,,1,completion_prefix_unverified,False,uncertain_completion,,null,"{""dead"":false,""reason"":""uncertain_completion""}",uncertain_completion
2758.383333333333,3,CHAIN,S3_landing,0.3010121273823383,2758.15,False,6,9000,GRAVITY_SETTLE以外,GRAVITY_SETTLE以外,0,,,,0.0,0,False,,,,176,57460,820,128,687,687,687,,1,completion_prefix_unverified,False,uncertain_completion,,null,"{""dead"":false,""reason"":""uncertain_completion""}",uncertain_completion
2758.4166666666665,3,CHAIN,S3_landing,0.3010121273823383,2758.15,False,6,9000,GRAVITY_SETTLE以外,GRAVITY_SETTLE以外,0,,,,0.0,0,False,,,,176,57460,820,128,687,687,687,,1,completion_prefix_unverified,False,uncertain_completion,,null,"{""dead"":false,""reason"":""uncertain_completion""}",uncertain_completion
2758.45,3,CHAIN,S3_landing,0.3010121273823383,2758.15,False,6,9000,GRAVITY_SETTLE以外,GRAVITY_SETTLE以外,0,,,,0.0,0,False,,,,176,57460,820,128,687,687,687,,1,completion_prefix_unverified,False,uncertain_completion,,null,"{""dead"":false,""reason"":""uncertain_completion""}",uncertain_completion
2758.483333333333,3,CHAIN,S3_landing,0.3010121273823383,2758.15,False,6,9000,GRAVITY_SETTLE以外,GRAVITY_SETTLE以外,0,,,,0.0,0,False,,,,176,57460,820,128,687,687,687,,1,completion_prefix_unverified,False,uncertain_completion,,null,"{""dead"":false,""reason"":""uncertain_completion""}",uncertain_completion
2758.516666666667,3,CHAIN,S3_landing,0.3010121273823383,2758.15,False,6,9000,GRAVITY_SETTLE以外,GRAVITY_SETTLE以外,0,,,,0.0,0,False,,,,176,57460,820,128,687,687,687,,1,completion_prefix_unverified,False,uncertain_completion,,null,"{""dead"":false,""reason"":""uncertain_completion""}",uncertain_completion
2758.55,3,CHAIN,S3_landing,0.3010121273823383,2758.15,False,6,9000,GRAVITY_SETTLE以外,GRAVITY_SETTLE以外,0,,,,0.0,0,False,,,,176,57460,820,128,687,687,687,,1,completion_prefix_unverified,False,uncertain_completion,,null,"{""dead"":false,""reason"":""uncertain_completion""}",uncertain_completion
2758.5833333333335,3,CHAIN,S3_landing,0.3010121273823383,2758.15,False,6,9000,GRAVITY_SETTLE以外,GRAVITY_SETTLE以外,0,,,,0.0,0,False,,,,176,57460,820,128,687,687,687,,1,completion_prefix_unverified,False,uncertain_completion,,null,"{""dead"":false,""reason"":""uncertain_completion""}",uncertain_completion
2758.616666666667,3,CHAIN,S3_landing,0.3010121273823383,2758.15,False,6,9000,GRAVITY_SETTLE以外,GRAVITY_SETTLE以外,0,,,,0.0,0,False,,,,176,57460,820,128,687,687,687,,1,completion_prefix_unverified,False,uncertain_completion,,null,"{""dead"":false,""reason"":""uncertain_completion""}",uncertain_completion
2758.65,3,CHAIN,S3_landing,0.3010121273823383,2758.15,False,6,9000,GRAVITY_SETTLE以外,GRAVITY_SETTLE以外,0,,,,0.0,0,False,,,,176,57460,820,128,687,687,687,,1,completion_prefix_unverified,False,uncertain_completion,,null,"{""dead"":false,""reason"":""uncertain_completion""}",uncertain_completion
2758.6833333333334,3,CHAIN,S3_landing,0.3010121273823383,2758.15,False,6,9000,GRAVITY_SETTLE以外,GRAVITY_SETTLE以外,0,,,,0.0,0,False,,,,176,57460,820,128,687,687,687,,1,completion_prefix_unverified,False,uncertain_completion,,null,"{""dead"":false,""reason"":""uncertain_completion""}",uncertain_completion
2758.7166666666667,3,CHAIN,S3_landing,0.3010121273823383,2758.7166666666667,True,6,9000,GRAVITY_SETTLE以外,GRAVITY_SETTLE以外,0,,,,0.0,0,False,,,,176,57460,820,128,687,687,687,,1,completion_prefix_unverified,False,uncertain_completion,,null,"{""dead"":false,""reason"":""uncertain_completion""}",uncertain_completion
2758.75,3,CHAIN,S3_landing,0.2760689830441896,2758.75,True,6,9000,GRAVITY_SETTLE以外,GRAVITY_SETTLE以外,0,,,,0.0,0,False,,,,176,74920,1070,128,937,937,937,,1,completion_prefix_unverified,False,uncertain_completion,,null,"{""dead"":false,""reason"":""uncertain_completion""}",uncertain_completion
2758.7833333333333,3,CHAIN,S3_landing,0.2760689830441896,2758.75,False,6,9000,GRAVITY_SETTLE以外,GRAVITY_SETTLE以外,0,,,,0.0,0,False,,,,176,74920,1070,128,937,937,937,,1,completion_prefix_unverified,False,uncertain_completion,,null,"{""dead"":false,""reason"":""uncertain_completion""}",uncertain_completion
2758.8166666666666,3,CHAIN,S3_landing,0.2760689830441896,2758.75,False,6,9000,GRAVITY_SETTLE以外,GRAVITY_SETTLE以外,0,,,,0.0,0,False,,,,176,74920,1070,128,937,937,937,,1,completion_prefix_unverified,False,uncertain_completion,,null,"{""dead"":false,""reason"":""uncertain_completion""}",uncertain_completion
2758.85,3,CHAIN,S3_landing,0.2760689830441896,2758.75,False,6,9000,GRAVITY_SETTLE以外,GRAVITY_SETTLE以外,0,,,,0.0,0,False,,,,176,74920,1070,128,937,937,937,,1,completion_prefix_unverified,False,uncertain_completion,,null,"{""dead"":false,""reason"":""uncertain_completion""}",uncertain_completion
2758.883333333333,3,CHAIN,S3_landing,0.2760689830441896,2758.75,False,6,9000,GRAVITY_SETTLE以外,GRAVITY_SETTLE以外,0,,,,0.0,0,False,,,,176,74920,1070,128,937,937,937,,1,completion_prefix_unverified,False,uncertain_completion,,null,"{""dead"":false,""reason"":""uncertain_completion""}",uncertain_completion
2758.9166666666665,3,CHAIN,S3_landing,0.2760689830441896,2758.75,False,6,9000,GRAVITY_SETTLE以外,GRAVITY_SETTLE以外,0,,,,0.0,0,False,,,,176,74920,1070,128,937,937,937,,1,completion_prefix_unverified,False,uncertain_completion,,null,"{""dead"":false,""reason"":""uncertain_completion""}",uncertain_completion
2758.95,3,CHAIN,S3_landing,0.2760689830441896,2758.75,False,6,9000,GRAVITY_SETTLE以外,GRAVITY_SETTLE以外,0,,,,0.0,0,False,,,,176,74920,1070,128,937,937,937,,1,completion_prefix_unverified,False,uncertain_completion,,null,"{""dead"":false,""reason"":""uncertain_completion""}",uncertain_completion
2758.983333333333,3,CHAIN,S3_landing,0.2760689830441896,2758.75,False,6,9000,GRAVITY_SETTLE以外,GRAVITY_SETTLE以外,0,,,,0.0,0,False,,,,176,74920,1070,128,937,937,937,,1,completion_prefix_unverified,False,uncertain_completion,,null,"{""dead"":false,""reason"":""uncertain_completion""}",uncertain_completion
2759.016666666667,3,CHAIN,S3_landing,0.2760689830441896,2758.75,False,6,9000,GRAVITY_SETTLE以外,GRAVITY_SETTLE以外,0,,,,0.0,0,False,,,,176,74920,1070,128,937,937,937,,1,completion_prefix_unverified,False,uncertain_completion,,null,"{""dead"":false,""reason"":""uncertain_completion""}",uncertain_completion
2759.05,3,CHAIN,S3_landing,0.2760689830441896,2758.75,False,6,9000,GRAVITY_SETTLE以外,GRAVITY_SETTLE以外,0,,,,0.0,0,False,,,,176,74920,1070,128,937,937,937,,1,completion_prefix_unverified,False,uncertain_completion,,null,"{""dead"":false,""reason"":""uncertain_completion""}",uncertain_completion
2759.0833333333335,3,CHAIN,S3_landing,0.2760689830441896,2758.75,False,6,9000,GRAVITY_SETTLE以外,GRAVITY_SETTLE以外,0,,,,0.0,0,False,,,,176,74920,1070,128,937,937,937,,1,completion_prefix_unverified,False,uncertain_completion,,null,"{""dead"":false,""reason"":""uncertain_completion""}",uncertain_completion
2759.116666666667,3,CHAIN,S3_landing,0.2760689830441896,2758.75,False,6,9000,GRAVITY_SETTLE以外,GRAVITY_SETTLE以外,0,,,,0.0,0,False,,,,176,74920,1070,128,937,937,937,,1,completion_prefix_unverified,False,uncertain_completion,,null,"{""dead"":false,""reason"":""uncertain_completion""}",uncertain_completion
2759.15,3,CHAIN,S3_landing,0.2760689830441896,2758.75,False,6,9000,GRAVITY_SETTLE以外,GRAVITY_SETTLE以外,0,,,,0.0,0,False,,,,176,74920,1070,128,937,937,937,,1,completion_prefix_unverified,False,uncertain_completion,,null,"{""dead"":false,""reason"":""uncertain_completion""}",uncertain_completion
2759.1833333333334,3,CHAIN,S3_landing,0.2760689830441896,2758.75,False,6,9000,GRAVITY_SETTLE以外,GRAVITY_SETTLE以外,0,,,,0.0,0,False,,,,176,74920,1070,128,937,937,937,,1,completion_prefix_unverified,False,uncertain_completion,,null,"{""dead"":false,""reason"":""uncertain_completion""}",uncertain_completion
2759.2166666666667,3,CHAIN,S3_landing,0.2760689830441896,2758.75,False,6,9000,GRAVITY_SETTLE以外,GRAVITY_SETTLE以外,0,,,,0.0,0,False,,,,176,74920,1070,128,937,937,937,,1,completion_prefix_unverified,False,uncertain_completion,,null,"{""dead"":false,""reason"":""uncertain_completion""}",uncertain_completion
2759.25,3,CHAIN,S3_landing,0.2760689830441896,2758.75,False,6,9000,GRAVITY_SETTLE以外,GRAVITY_SETTLE以外,0,,,,0.0,0,False,,,,176,74920,1070,128,937,937,937,,1,completion_prefix_unverified,False,uncertain_completion,,null,"{""dead"":false,""reason"":""uncertain_completion""}",uncertain_completion
2759.2833333333333,3,CHAIN,S3_landing,0.2760689830441896,2758.75,False,6,9000,GRAVITY_SETTLE以外,GRAVITY_SETTLE以外,0,,,,0.0,0,False,,,,176,74920,1070,128,937,937,937,,1,completion_prefix_unverified,False,uncertain_completion,,null,"{""dead"":false,""reason"":""uncertain_completion""}",uncertain_completion
2759.3166666666666,3,CHAIN,S3_landing,0.2760689830441896,2758.75,False,6,9000,GRAVITY_SETTLE以外,GRAVITY_SETTLE以外,0,,,,0.0,0,False,,,,176,74920,1070,128,937,937,937,,1,completion_prefix_unverified,False,uncertain_completion,,null,"{""dead"":false,""reason"":""uncertain_completion""}",uncertain_completion
2759.35,3,CHAIN,S3_landing,0.2760689830441896,2758.75,False,6,9000,GRAVITY_SETTLE以外,GRAVITY_SETTLE以外,0,,,,0.0,0,False,,,,176,74920,1070,128,937,937,937,,1,completion_prefix_unverified,False,uncertain_completion,,null,"{""dead"":false,""reason"":""uncertain_completion""}",uncertain_completion
2759.383333333333,3,CHAIN,S3_landing,0.2760689830441896,2758.75,False,6,9000,GRAVITY_SETTLE以外,GRAVITY_SETTLE以外,0,,,,0.0,0,False,,,,176,74920,1070,128,937,937,937,,1,completion_prefix_unverified,False,uncertain_completion,,null,"{""dead"":false,""reason"":""uncertain_completion""}",uncertain_completion
2759.4166666666665,3,GRAVITY_SETTLE,S3_landing,0.2760689830441896,2758.75,False,6,9000,隠し段UNKNOWN,浮遊セルあり,0,3,0,True,0.0,0,False,,,,176,74920,1070,128,937,937,937,,1,completion_prefix_unverified,False,uncertain_completion,,null,"{""dead"":false,""reason"":""uncertain_completion""}",uncertain_completion
2759.45,3,GRAVITY_SETTLE,S3_landing,0.2760689830441896,2759.45,True,6,9000,隠し段UNKNOWN,浮遊セルあり,0,2,0,True,0.0,0,False,,,,176,74920,1070,128,937,937,937,,1,completion_prefix_unverified,False,uncertain_completion,,null,"{""dead"":false,""reason"":""uncertain_completion""}",uncertain_completion
2759.483333333333,3,GRAVITY_SETTLE,S3_landing,0.2760689830441896,2759.45,False,6,9000,隠し段UNKNOWN,浮遊セルあり,0,3,0,True,0.0,0,False,,,,176,74920,1070,128,937,937,937,,1,completion_prefix_unverified,False,uncertain_completion,,null,"{""dead"":false,""reason"":""uncertain_completion""}",uncertain_completion
2759.516666666667,3,CHAIN,S3_landing,0.2760689830441896,2759.516666666667,True,7,15500,GRAVITY_SETTLE以外,GRAVITY_SETTLE以外,0,,,,0.0,0,False,,,,83,74920,1070,221,844,844,844,,1,completion_prefix_unverified,False,uncertain_completion,,null,"{""dead"":false,""reason"":""uncertain_completion""}",uncertain_completion
2759.55,3,CHAIN,S3_landing,0.2760689830441896,2759.516666666667,False,7,15500,GRAVITY_SETTLE以外,GRAVITY_SETTLE以外,0,,,,0.0,0,False,,,,83,74920,1070,221,844,844,844,,1,completion_prefix_unverified,False,uncertain_completion,,null,"{""dead"":false,""reason"":""uncertain_completion""}",uncertain_completion
2759.5833333333335,3,CHAIN,S3_landing,0.2760689830441896,2759.516666666667,False,7,15500,GRAVITY_SETTLE以外,GRAVITY_SETTLE以外,0,,,,0.0,0,False,,,,83,74920,1070,221,844,844,844,,1,completion_prefix_unverified,False,uncertain_completion,,null,"{""dead"":false,""reason"":""uncertain_completion""}",uncertain_completion
2759.616666666667,3,CHAIN,S3_landing,0.2760689830441896,2759.516666666667,False,7,15500,GRAVITY_SETTLE以外,GRAVITY_SETTLE以外,0,,,,0.0,0,False,,,,83,74920,1070,221,844,844,844,,1,completion_prefix_unverified,False,uncertain_completion,,null,"{""dead"":false,""reason"":""uncertain_completion""}",uncertain_completion
2759.65,3,CHAIN,S3_landing,0.2760689830441896,2759.516666666667,False,7,15500,GRAVITY_SETTLE以外,GRAVITY_SETTLE以外,0,,,,0.0,0,False,,,,83,74920,1070,221,844,844,844,,1,completion_prefix_unverified,False,uncertain_completion,,null,"{""dead"":false,""reason"":""uncertain_completion""}",uncertain_completion
2759.6833333333334,3,CHAIN,S3_landing,0.2760689830441896,2759.516666666667,False,7,15500,GRAVITY_SETTLE以外,GRAVITY_SETTLE以外,0,,,,0.0,0,False,,,,83,74920,1070,221,844,844,844,,1,completion_prefix_unverified,False,uncertain_completion,,null,"{""dead"":false,""reason"":""uncertain_completion""}",uncertain_completion
2759.7166666666667,3,CHAIN,S3_landing,0.2760689830441896,2759.516666666667,False,7,15500,GRAVITY_SETTLE以外,GRAVITY_SETTLE以外,0,,,,0.0,0,False,,,,83,74920,1070,221,844,844,844,,1,completion_prefix_unverified,False,uncertain_completion,,null,"{""dead"":false,""reason"":""uncertain_completion""}",uncertain_completion
2759.75,3,CHAIN,S3_landing,0.2760689830441896,2759.516666666667,False,7,15500,GRAVITY_SETTLE以外,GRAVITY_SETTLE以外,0,,,,0.0,0,False,,,,83,74920,1070,221,844,844,844,,1,completion_prefix_unverified,False,uncertain_completion,,null,"{""dead"":false,""reason"":""uncertain_completion""}",uncertain_completion
2759.7833333333333,3,CHAIN,S3_landing,0.2760689830441896,2759.516666666667,False,7,15500,GRAVITY_SETTLE以外,GRAVITY_SETTLE以外,0,,,,0.0,0,False,,,,83,74920,1070,221,844,844,844,,1,completion_prefix_unverified,False,uncertain_completion,,null,"{""dead"":false,""reason"":""uncertain_completion""}",uncertain_completion
2759.8166666666666,3,CHAIN,S3_landing,0.2760689830441896,2759.516666666667,False,7,15500,GRAVITY_SETTLE以外,GRAVITY_SETTLE以外,0,,,,0.0,0,False,,,,83,74920,1070,221,844,844,844,,1,completion_prefix_unverified,False,uncertain_completion,,null,"{""dead"":false,""reason"":""uncertain_completion""}",uncertain_completion
2759.85,3,CHAIN,S3_landing,0.2760689830441896,2759.516666666667,False,7,15500,GRAVITY_SETTLE以外,GRAVITY_SETTLE以外,0,,,,0.0,0,False,,,,83,74920,1070,221,844,844,844,,1,completion_prefix_unverified,False,uncertain_completion,,null,"{""dead"":false,""reason"":""uncertain_completion""}",uncertain_completion
2759.883333333333,3,CHAIN,S3_landing,0.2760689830441896,2759.516666666667,False,7,15500,GRAVITY_SETTLE以外,GRAVITY_SETTLE以外,0,,,,0.0,0,False,,,,83,74920,1070,221,844,844,844,,1,completion_prefix_unverified,False,uncertain_completion,,null,"{""dead"":false,""reason"":""uncertain_completion""}",uncertain_completion
2759.9166666666665,3,CHAIN,S3_landing,0.2760689830441896,2759.9166666666665,True,7,15500,GRAVITY_SETTLE以外,GRAVITY_SETTLE以外,0,,,,0.0,0,False,,,,83,74920,1070,221,844,844,844,,1,completion_prefix_unverified,False,uncertain_completion,,null,"{""dead"":false,""reason"":""uncertain_completion""}",uncertain_completion
2759.95,3,CHAIN,S3_landing,0.2760689830441896,2759.9166666666665,False,7,15500,GRAVITY_SETTLE以外,GRAVITY_SETTLE以外,0,,,,0.0,0,False,,,,83,74920,1070,221,844,844,844,,1,completion_prefix_unverified,False,uncertain_completion,,null,"{""dead"":false,""reason"":""uncertain_completion""}",uncertain_completion
2759.983333333333,3,CHAIN,S3_landing,0.2760689830441896,2759.9166666666665,False,7,15500,GRAVITY_SETTLE以外,GRAVITY_SETTLE以外,0,,,,0.0,0,False,,,,83,74920,1070,221,844,844,844,,1,completion_prefix_unverified,False,uncertain_completion,,null,"{""dead"":false,""reason"":""uncertain_completion""}",uncertain_completion
2760.016666666667,3,CHAIN,S3_landing,0.2760689830441896,2759.9166666666665,False,7,15500,GRAVITY_SETTLE以外,GRAVITY_SETTLE以外,0,,,,0.0,0,False,,,,83,74920,1070,221,844,844,844,,1,completion_prefix_unverified,False,uncertain_completion,,null,"{""dead"":false,""reason"":""uncertain_completion""}",uncertain_completion
2760.05,3,CHAIN,S3_landing,0.2760689830441896,2759.9166666666665,False,7,15500,GRAVITY_SETTLE以外,GRAVITY_SETTLE以外,0,,,,0.0,0,False,,,,83,74920,1070,221,844,844,844,,1,completion_prefix_unverified,False,uncertain_completion,,null,"{""dead"":false,""reason"":""uncertain_completion""}",uncertain_completion
2760.0833333333335,3,CHAIN,S3_landing,0.2760689830441896,2759.9166666666665,False,7,15500,GRAVITY_SETTLE以外,GRAVITY_SETTLE以外,0,,,,0.0,0,False,,,,83,74920,1070,221,844,844,844,,1,completion_prefix_unverified,False,uncertain_completion,,null,"{""dead"":false,""reason"":""uncertain_completion""}",uncertain_completion
2760.116666666667,3,CHAIN,S3_landing,0.2760689830441896,2760.116666666667,True,7,15500,GRAVITY_SETTLE以外,GRAVITY_SETTLE以外,0,,,,0.0,0,False,,,,83,87720,1253,221,1027,1027,1027,,1,completion_prefix_unverified,False,uncertain_completion,,null,"{""dead"":false,""reason"":""uncertain_completion""}",uncertain_completion
2760.15,3,CHAIN,S3_landing,0.2760689830441896,2760.116666666667,False,7,15500,GRAVITY_SETTLE以外,GRAVITY_SETTLE以外,0,,,,0.0,0,False,,,,83,87720,1253,221,1027,1027,1027,,1,completion_prefix_unverified,False,uncertain_completion,,null,"{""dead"":false,""reason"":""uncertain_completion""}",uncertain_completion
2760.1833333333334,3,CHAIN,S3_landing,0.2760689830441896,2760.116666666667,False,7,15500,GRAVITY_SETTLE以外,GRAVITY_SETTLE以外,0,,,,0.0,0,False,,,,83,87720,1253,221,1027,1027,1027,,1,completion_prefix_unverified,False,uncertain_completion,,null,"{""dead"":false,""reason"":""uncertain_completion""}",uncertain_completion
2760.2166666666667,3,CHAIN,S3_landing,0.2760689830441896,2760.116666666667,False,7,15500,GRAVITY_SETTLE以外,GRAVITY_SETTLE以外,0,,,,0.0,0,False,,,,83,87720,1253,221,1027,1027,1027,,1,completion_prefix_unverified,False,uncertain_completion,,null,"{""dead"":false,""reason"":""uncertain_completion""}",uncertain_completion
2760.25,3,CHAIN,S3_landing,0.2760689830441896,2760.116666666667,False,7,15500,GRAVITY_SETTLE以外,GRAVITY_SETTLE以外,0,,,,0.0,0,False,,,,83,87720,1253,221,1027,1027,1027,,1,completion_prefix_unverified,False,uncertain_completion,,null,"{""dead"":false,""reason"":""uncertain_completion""}",uncertain_completion
2760.2833333333333,3,CHAIN,S3_landing,0.2760689830441896,2760.116666666667,False,7,15500,GRAVITY_SETTLE以外,GRAVITY_SETTLE以外,0,,,,0.0,0,False,,,,83,87720,1253,221,1027,1027,1027,,1,completion_prefix_unverified,False,uncertain_completion,,null,"{""dead"":false,""reason"":""uncertain_completion""}",uncertain_completion
2760.3166666666666,3,CHAIN,S3_landing,0.2760689830441896,2760.116666666667,False,7,15500,GRAVITY_SETTLE以外,GRAVITY_SETTLE以外,0,,,,0.0,0,False,,,,83,87720,1253,221,1027,1027,1027,,1,completion_prefix_unverified,False,uncertain_completion,,null,"{""dead"":false,""reason"":""uncertain_completion""}",uncertain_completion
2760.35,3,CHAIN,S3_landing,0.2760689830441896,2760.116666666667,False,7,15500,GRAVITY_SETTLE以外,GRAVITY_SETTLE以外,0,,,,0.0,0,False,,,,83,87720,1253,221,1027,1027,1027,,1,completion_prefix_unverified,False,uncertain_completion,,null,"{""dead"":false,""reason"":""uncertain_completion""}",uncertain_completion
2760.383333333333,3,CHAIN,S3_landing,0.2760689830441896,2760.116666666667,False,7,15500,GRAVITY_SETTLE以外,GRAVITY_SETTLE以外,0,,,,0.0,0,False,,,,83,87720,1253,221,1027,1027,1027,,1,completion_prefix_unverified,False,uncertain_completion,,null,"{""dead"":false,""reason"":""uncertain_completion""}",uncertain_completion
2760.4166666666665,3,CHAIN,S3_landing,0.2760689830441896,2760.116666666667,False,7,15500,GRAVITY_SETTLE以外,GRAVITY_SETTLE以外,0,,,,0.0,0,False,,,,83,87720,1253,221,1027,1027,1027,,1,completion_prefix_unverified,False,uncertain_completion,,null,"{""dead"":false,""reason"":""uncertain_completion""}",uncertain_completion
2760.45,3,CHAIN,S3_landing,0.2760689830441896,2760.116666666667,False,7,15500,GRAVITY_SETTLE以外,GRAVITY_SETTLE以外,0,,,,0.0,0,False,,,,83,87720,1253,221,1027,1027,1027,,1,completion_prefix_unverified,False,uncertain_completion,,null,"{""dead"":false,""reason"":""uncertain_completion""}",uncertain_completion
2760.483333333333,3,CHAIN,S3_landing,0.2760689830441896,2760.116666666667,False,7,15500,GRAVITY_SETTLE以外,GRAVITY_SETTLE以外,0,,,,0.0,0,False,,,,83,87720,1253,221,1027,1027,1027,,1,completion_prefix_unverified,False,uncertain_completion,,null,"{""dead"":false,""reason"":""uncertain_completion""}",uncertain_completion
2760.516666666667,3,CHAIN,S3_landing,0.2760689830441896,2760.116666666667,False,7,15500,GRAVITY_SETTLE以外,GRAVITY_SETTLE以外,0,,,,0.0,0,False,,,,83,87720,1253,221,1027,1027,1027,,1,completion_prefix_unverified,False,uncertain_completion,,null,"{""dead"":false,""reason"":""uncertain_completion""}",uncertain_completion
2760.55,3,CHAIN,S3_landing,0.2760689830441896,2760.116666666667,False,7,15500,GRAVITY_SETTLE以外,GRAVITY_SETTLE以外,0,,,,0.0,0,False,,,,83,87720,1253,221,1027,1027,1027,,1,completion_prefix_unverified,False,uncertain_completion,,null,"{""dead"":false,""reason"":""uncertain_completion""}",uncertain_completion
2760.5833333333335,3,CHAIN,S3_landing,0.2760689830441896,2760.116666666667,False,7,15500,GRAVITY_SETTLE以外,GRAVITY_SETTLE以外,0,,,,0.0,0,False,,,,83,87720,1253,221,1027,1027,1027,,1,completion_prefix_unverified,False,uncertain_completion,,null,"{""dead"":false,""reason"":""uncertain_completion""}",uncertain_completion
2760.616666666667,3,CHAIN,S3_landing,0.2760689830441896,2760.116666666667,False,7,15500,GRAVITY_SETTLE以外,GRAVITY_SETTLE以外,0,,,,0.0,0,False,,,,83,87720,1253,221,1027,1027,1027,,1,completion_prefix_unverified,False,uncertain_completion,,null,"{""dead"":false,""reason"":""uncertain_completion""}",uncertain_completion
2760.65,3,CHAIN,S3_landing,0.2760689830441896,2760.65,True,7,15500,GRAVITY_SETTLE以外,GRAVITY_SETTLE以外,0,,,,0.0,0,False,,,,83,87720,1253,221,1027,1027,1027,,1,completion_prefix_unverified,False,uncertain_completion,,null,"{""dead"":false,""reason"":""uncertain_completion""}",uncertain_completion
2760.6833333333334,3,CHAIN,S3_landing,0.2760689830441896,2760.65,False,7,15500,GRAVITY_SETTLE以外,GRAVITY_SETTLE以外,0,,,,0.0,0,False,,,,83,87720,1253,221,1027,1027,1027,,1,completion_prefix_unverified,False,uncertain_completion,,null,"{""dead"":false,""reason"":""uncertain_completion""}",uncertain_completion
2760.7166666666667,3,CHAIN,S3_landing,0.2760689830441896,2760.65,False,7,15500,GRAVITY_SETTLE以外,GRAVITY_SETTLE以外,0,,,,0.0,0,False,,,,83,87720,1253,221,1027,1027,1027,,1,completion_prefix_unverified,False,uncertain_completion,,null,"{""dead"":false,""reason"":""uncertain_completion""}",uncertain_completion
2760.75,3,CHAIN,S3_landing,0.2760689830441896,2760.65,False,7,15500,GRAVITY_SETTLE以外,GRAVITY_SETTLE以外,0,,,,0.0,0,False,,,,83,87720,1253,221,1027,1027,1027,,1,completion_prefix_unverified,False,uncertain_completion,,null,"{""dead"":false,""reason"":""uncertain_completion""}",uncertain_completion
2760.7833333333333,3,GRAVITY_SETTLE,S3_landing,0.2760689830441896,2760.65,False,7,15500,隠し段UNKNOWN,浮遊セルあり,0,2,0,True,0.0,0,False,,,,83,87720,1253,221,1027,1027,1027,,1,completion_prefix_unverified,False,uncertain_completion,,null,"{""dead"":false,""reason"":""uncertain_completion""}",uncertain_completion
2760.8166666666666,3,GRAVITY_SETTLE,S3_landing,0.2760689830441896,2760.65,False,7,15500,隠し段UNKNOWN,同一落ち切り盤面が1観測のみ（必要2）,1,1,0,False,0.0,0,False,,,,83,87720,1253,221,1027,1027,1027,,1,completion_prefix_unverified,False,uncertain_completion,,null,"{""dead"":false,""reason"":""uncertain_completion""}",uncertain_completion
2760.85,3,GRAVITY_SETTLE,S3_landing,0.2760689830441896,2760.65,False,7,15500,隠し段UNKNOWN,浮遊セルあり,0,2,0,True,0.0,0,False,,,,83,87720,1253,221,1027,1027,1027,,1,completion_prefix_unverified,False,uncertain_completion,,null,"{""dead"":false,""reason"":""uncertain_completion""}",uncertain_completion
2760.883333333333,3,CHAIN,S3_landing,0.2864941463052354,2760.883333333333,True,8,21900,GRAVITY_SETTLE以外,GRAVITY_SETTLE以外,0,,,,0.0,0,False,,,,0,87720,1253,312,935,936,936,,1,completion_prefix_unverified,False,uncertain_completion,,null,"{""dead"":false,""reason"":""uncertain_completion""}",uncertain_completion
2760.9166666666665,3,CHAIN,S3_landing,0.2864941463052354,2760.883333333333,False,8,21900,GRAVITY_SETTLE以外,GRAVITY_SETTLE以外,0,,,,0.0,0,False,,,,0,87720,1253,312,935,936,936,,1,completion_prefix_unverified,False,uncertain_completion,,null,"{""dead"":false,""reason"":""uncertain_completion""}",uncertain_completion
2760.95,3,CHAIN,S3_landing,0.2864941463052354,2760.883333333333,False,8,21900,GRAVITY_SETTLE以外,GRAVITY_SETTLE以外,0,,,,0.0,0,False,,,,0,87720,1253,312,935,936,936,,1,completion_prefix_unverified,False,uncertain_completion,,null,"{""dead"":false,""reason"":""uncertain_completion""}",uncertain_completion
2760.983333333333,3,CHAIN,S3_landing,0.2864941463052354,2760.883333333333,False,8,21900,GRAVITY_SETTLE以外,GRAVITY_SETTLE以外,0,,,,0.0,0,False,,,,0,87720,1253,312,935,936,936,,1,completion_prefix_unverified,False,uncertain_completion,,null,"{""dead"":false,""reason"":""uncertain_completion""}",uncertain_completion
2761.016666666667,3,CHAIN,S3_landing,0.2864941463052354,2760.883333333333,False,8,21900,GRAVITY_SETTLE以外,GRAVITY_SETTLE以外,0,,,,0.0,0,False,,,,0,87720,1253,312,935,936,936,,1,completion_prefix_unverified,False,uncertain_completion,,null,"{""dead"":false,""reason"":""uncertain_completion""}",uncertain_completion
2761.05,3,CHAIN,S3_landing,0.2864941463052354,2760.883333333333,False,8,21900,GRAVITY_SETTLE以外,GRAVITY_SETTLE以外,0,,,,0.0,0,False,,,,0,87720,1253,312,935,936,936,,1,completion_prefix_unverified,False,uncertain_completion,,null,"{""dead"":false,""reason"":""uncertain_completion""}",uncertain_completion
2761.0833333333335,3,CHAIN,S3_landing,0.2864941463052354,2760.883333333333,False,8,21900,GRAVITY_SETTLE以外,GRAVITY_SETTLE以外,0,,,,0.0,0,False,,,,0,87720,1253,312,935,936,936,,1,completion_prefix_unverified,False,uncertain_completion,,null,"{""dead"":false,""reason"":""uncertain_completion""}",uncertain_completion
2761.116666666667,3,CHAIN,S3_landing,0.2864941463052354,2760.883333333333,False,8,21900,GRAVITY_SETTLE以外,GRAVITY_SETTLE以外,0,,,,0.0,0,False,,,,0,87720,1253,312,935,936,936,,1,completion_prefix_unverified,False,uncertain_completion,,null,"{""dead"":false,""reason"":""uncertain_completion""}",uncertain_completion
2761.15,3,CHAIN,S3_landing,0.2864941463052354,2760.883333333333,False,8,21900,GRAVITY_SETTLE以外,GRAVITY_SETTLE以外,0,,,,0.0,0,False,,,,0,87720,1253,312,935,936,936,,1,completion_prefix_unverified,False,uncertain_completion,,null,"{""dead"":false,""reason"":""uncertain_completion""}",uncertain_completion
2761.1833333333334,3,CHAIN,S3_landing,0.2864941463052354,2761.1833333333334,True,8,21900,GRAVITY_SETTLE以外,GRAVITY_SETTLE以外,0,,,,0.0,0,False,,,,0,87720,1253,312,935,936,936,,1,completion_prefix_unverified,False,uncertain_completion,,null,"{""dead"":false,""reason"":""uncertain_completion""}",uncertain_completion
2761.2166666666667,3,CHAIN,S3_landing,0.2864941463052354,2761.1833333333334,False,8,21900,GRAVITY_SETTLE以外,GRAVITY_SETTLE以外,0,,,,0.0,0,False,,,,0,87720,1253,312,935,936,936,,1,completion_prefix_unverified,False,uncertain_completion,,null,"{""dead"":false,""reason"":""uncertain_completion""}",uncertain_completion
2761.25,3,CHAIN,S3_landing,0.2864941463052354,2761.1833333333334,False,8,21900,GRAVITY_SETTLE以外,GRAVITY_SETTLE以外,0,,,,0.0,0,False,,,,0,87720,1253,312,935,936,936,,1,completion_prefix_unverified,False,uncertain_completion,,null,"{""dead"":false,""reason"":""uncertain_completion""}",uncertain_completion
2761.2833333333333,3,CHAIN,S3_landing,0.2864941463052354,2761.1833333333334,False,8,21900,GRAVITY_SETTLE以外,GRAVITY_SETTLE以外,0,,,,0.0,0,False,,,,0,87720,1253,312,935,936,936,,1,completion_prefix_unverified,False,uncertain_completion,,null,"{""dead"":false,""reason"":""uncertain_completion""}",uncertain_completion
2761.3166666666666,3,CHAIN,S3_landing,0.2864941463052354,2761.1833333333334,False,8,21900,GRAVITY_SETTLE以外,GRAVITY_SETTLE以外,0,,,,0.0,0,False,,,,0,87720,1253,312,935,936,936,,1,completion_prefix_unverified,False,uncertain_completion,,null,"{""dead"":false,""reason"":""uncertain_completion""}",uncertain_completion
2761.35,3,CHAIN,S3_landing,0.2864941463052354,2761.1833333333334,False,8,21900,GRAVITY_SETTLE以外,GRAVITY_SETTLE以外,0,,,,0.0,0,False,,,,0,87720,1253,312,935,936,936,,1,completion_prefix_unverified,False,uncertain_completion,,null,"{""dead"":false,""reason"":""uncertain_completion""}",uncertain_completion
2761.383333333333,3,CHAIN,S3_landing,0.2864941463052354,2761.1833333333334,False,8,21900,GRAVITY_SETTLE以外,GRAVITY_SETTLE以外,0,,,,0.0,0,False,,,,0,87720,1253,312,935,936,936,,1,completion_prefix_unverified,False,uncertain_completion,,null,"{""dead"":false,""reason"":""uncertain_completion""}",uncertain_completion
2761.4166666666665,3,CHAIN,S3_landing,0.2864941463052354,2761.1833333333334,False,8,21900,GRAVITY_SETTLE以外,GRAVITY_SETTLE以外,0,,,,0.0,0,False,,,,0,87720,1253,312,935,936,936,,1,completion_prefix_unverified,False,uncertain_completion,,null,"{""dead"":false,""reason"":""uncertain_completion""}",uncertain_completion
2761.45,3,CHAIN,S3_landing,0.2864941463052354,2761.1833333333334,False,8,21900,GRAVITY_SETTLE以外,GRAVITY_SETTLE以外,0,,,,0.0,0,False,,,,0,87720,1253,312,935,936,936,,1,completion_prefix_unverified,False,uncertain_completion,,null,"{""dead"":false,""reason"":""uncertain_completion""}",uncertain_completion
2761.483333333333,3,CHAIN,S3_landing,0.2864941463052354,2761.1833333333334,False,8,21900,GRAVITY_SETTLE以外,GRAVITY_SETTLE以外,0,,,,0.0,0,False,,,,0,87720,1253,312,935,936,936,,1,completion_prefix_unverified,False,uncertain_completion,,null,"{""dead"":false,""reason"":""uncertain_completion""}",uncertain_completion
2761.516666666667,3,CHAIN,S3_landing,0.2864941463052354,2761.1833333333334,False,8,21900,GRAVITY_SETTLE以外,GRAVITY_SETTLE以外,0,,,,0.0,0,False,,,,0,87720,1253,312,935,936,936,,1,completion_prefix_unverified,False,uncertain_completion,,null,"{""dead"":false,""reason"":""uncertain_completion""}",uncertain_completion
2761.55,3,CHAIN,S3_landing,0.2864941463052354,2761.1833333333334,False,8,21900,GRAVITY_SETTLE以外,GRAVITY_SETTLE以外,0,,,,0.0,0,False,,,,0,87720,1253,312,935,936,936,,1,completion_prefix_unverified,False,uncertain_completion,,null,"{""dead"":false,""reason"":""uncertain_completion""}",uncertain_completion
2761.5833333333335,3,CHAIN,S3_landing,0.2864941463052354,2761.1833333333334,False,8,21900,GRAVITY_SETTLE以外,GRAVITY_SETTLE以外,0,,,,0.0,0,False,,,,0,87720,1253,312,935,936,936,,1,completion_prefix_unverified,False,uncertain_completion,,null,"{""dead"":false,""reason"":""uncertain_completion""}",uncertain_completion
2761.616666666667,3,CHAIN,S3_landing,0.2864941463052354,2761.1833333333334,False,8,21900,GRAVITY_SETTLE以外,GRAVITY_SETTLE以外,0,,,,0.0,0,False,,,,0,87720,1253,312,935,936,936,,1,completion_prefix_unverified,False,uncertain_completion,,null,"{""dead"":false,""reason"":""uncertain_completion""}",uncertain_completion
2761.65,3,CHAIN,S3_landing,0.2864941463052354,2761.1833333333334,False,8,21900,GRAVITY_SETTLE以外,GRAVITY_SETTLE以外,0,,,,0.0,0,False,,,,0,87720,1253,312,935,936,936,,1,completion_prefix_unverified,False,uncertain_completion,,null,"{""dead"":false,""reason"":""uncertain_completion""}",uncertain_completion
2761.6833333333334,3,CHAIN,S3_landing,0.2864941463052354,2761.1833333333334,False,8,21900,GRAVITY_SETTLE以外,GRAVITY_SETTLE以外,0,,,,0.0,0,False,,,,0,87720,1253,312,935,936,936,,1,completion_prefix_unverified,False,uncertain_completion,,null,"{""dead"":false,""reason"":""uncertain_completion""}",uncertain_completion
2761.7166666666667,3,CHAIN,S3_landing,0.2864941463052354,2761.1833333333334,False,8,21900,GRAVITY_SETTLE以外,GRAVITY_SETTLE以外,0,,,,0.0,0,False,,,,0,87720,1253,312,935,936,936,,1,completion_prefix_unverified,False,uncertain_completion,,null,"{""dead"":false,""reason"":""uncertain_completion""}",uncertain_completion
2761.75,3,CHAIN,S3_landing,0.2864941463052354,2761.1833333333334,False,8,21900,GRAVITY_SETTLE以外,GRAVITY_SETTLE以外,0,,,,0.0,0,False,,,,0,87720,1253,312,935,936,936,,1,completion_prefix_unverified,False,uncertain_completion,,null,"{""dead"":false,""reason"":""uncertain_completion""}",uncertain_completion
2761.7833333333333,3,CHAIN,S3_landing,0.2864941463052354,2761.1833333333334,False,8,21900,GRAVITY_SETTLE以外,GRAVITY_SETTLE以外,0,,,,0.0,0,False,,,,0,87720,1253,312,935,936,936,,1,completion_prefix_unverified,False,uncertain_completion,,null,"{""dead"":false,""reason"":""uncertain_completion""}",uncertain_completion
2761.8166666666666,3,CHAIN,S3_landing,0.2864941463052354,2761.1833333333334,False,8,21900,GRAVITY_SETTLE以外,GRAVITY_SETTLE以外,0,,,,0.0,0,False,,,,0,87720,1253,312,935,936,936,,1,completion_prefix_unverified,False,uncertain_completion,,null,"{""dead"":false,""reason"":""uncertain_completion""}",uncertain_completion
2761.85,3,CHAIN,S3_landing,0.2864941463052354,2761.1833333333334,False,8,21900,GRAVITY_SETTLE以外,GRAVITY_SETTLE以外,0,,,,0.0,0,False,,,,0,87720,1253,312,935,936,936,,1,completion_prefix_unverified,False,uncertain_completion,,null,"{""dead"":false,""reason"":""uncertain_completion""}",uncertain_completion
2761.883333333333,3,CHAIN,S3_landing,0.2864941463052354,2761.1833333333334,False,8,21900,GRAVITY_SETTLE以外,GRAVITY_SETTLE以外,0,,,,0.0,0,False,,,,0,87720,1253,312,935,936,936,,1,completion_prefix_unverified,False,uncertain_completion,,null,"{""dead"":false,""reason"":""uncertain_completion""}",uncertain_completion
2761.9166666666665,3,CHAIN,S3_landing,0.2864941463052354,2761.9166666666665,True,8,21900,GRAVITY_SETTLE以外,GRAVITY_SETTLE以外,0,,,,0.0,0,False,,,,0,87720,1253,312,935,936,936,,1,completion_prefix_unverified,False,uncertain_completion,,null,"{""dead"":false,""reason"":""uncertain_completion""}",uncertain_completion
2761.95,3,CHAIN,S3_landing,0.2864941463052354,2761.9166666666665,False,8,21900,GRAVITY_SETTLE以外,GRAVITY_SETTLE以外,0,,,,0.0,0,False,,,,0,87720,1253,312,935,936,936,,1,completion_prefix_unverified,False,uncertain_completion,,null,"{""dead"":false,""reason"":""uncertain_completion""}",uncertain_completion
2761.983333333333,3,CHAIN,S3_landing,0.2864941463052354,2761.983333333333,True,8,21900,GRAVITY_SETTLE以外,GRAVITY_SETTLE以外,0,,,,0.0,0,False,,,,0,87720,1253,312,935,936,936,,1,completion_prefix_unverified,False,uncertain_completion,,null,"{""dead"":false,""reason"":""uncertain_completion""}",uncertain_completion
2762.016666666667,3,CHAIN,S3_landing,0.2864941463052354,2761.983333333333,False,8,21900,GRAVITY_SETTLE以外,GRAVITY_SETTLE以外,0,,,,0.0,0,False,,,,0,87720,1253,312,935,936,936,,1,completion_prefix_unverified,False,uncertain_completion,,null,"{""dead"":false,""reason"":""uncertain_completion""}",uncertain_completion
2762.05,3,CHAIN,S3_landing,0.2864941463052354,2761.983333333333,False,8,21900,GRAVITY_SETTLE以外,GRAVITY_SETTLE以外,0,,,,0.0,0,False,,,,0,87720,1253,312,935,936,936,,1,completion_prefix_unverified,False,uncertain_completion,,null,"{""dead"":false,""reason"":""uncertain_completion""}",uncertain_completion
2762.0833333333335,3,CHAIN,S3_landing,0.2864941463052354,2761.983333333333,False,8,21900,GRAVITY_SETTLE以外,GRAVITY_SETTLE以外,0,,,,0.0,0,False,,,,0,87720,1253,312,935,936,936,,1,completion_prefix_unverified,False,uncertain_completion,,null,"{""dead"":false,""reason"":""uncertain_completion""}",uncertain_completion
2762.116666666667,3,CHAIN,S3_landing,0.2815012902510011,2762.116666666667,True,8,21900,GRAVITY_SETTLE以外,GRAVITY_SETTLE以外,0,,,,0.0,0,False,,,,0,87720,1253,312,935,936,936,,1,completion_prefix_unverified,False,uncertain_completion,,null,"{""dead"":false,""reason"":""uncertain_completion""}",uncertain_completion
2762.15,3,CHAIN,S3_landing,0.2815012902510011,2762.116666666667,False,8,21900,GRAVITY_SETTLE以外,GRAVITY_SETTLE以外,0,,,,0.0,0,False,,,,0,87720,1253,312,935,936,936,,1,completion_prefix_unverified,False,uncertain_completion,,null,"{""dead"":false,""reason"":""uncertain_completion""}",uncertain_completion
2762.1833333333334,3,CHAIN,S3_landing,0.2815012902510011,2762.116666666667,False,8,21900,GRAVITY_SETTLE以外,GRAVITY_SETTLE以外,0,,,,0.0,0,False,,,,0,87720,1253,312,935,936,936,,1,completion_prefix_unverified,False,uncertain_completion,,null,"{""dead"":false,""reason"":""uncertain_completion""}",uncertain_completion
2762.2166666666667,3,CHAIN,S3_landing,0.2815012902510011,2762.116666666667,False,8,21900,GRAVITY_SETTLE以外,GRAVITY_SETTLE以外,0,,,,0.0,0,False,,,,0,87720,1253,312,935,936,936,,1,completion_prefix_unverified,False,uncertain_completion,,null,"{""dead"":false,""reason"":""uncertain_completion""}",uncertain_completion
2762.25,3,CHAIN,S3_landing,0.2815012902510011,2762.116666666667,False,8,21900,GRAVITY_SETTLE以外,GRAVITY_SETTLE以外,0,,,,0.0,0,False,,,,0,87720,1253,312,935,936,936,,1,completion_prefix_unverified,False,uncertain_completion,,null,"{""dead"":false,""reason"":""uncertain_completion""}",uncertain_completion
2762.2833333333333,3,CHAIN,S3_landing,0.3043356104865693,2762.2833333333333,True,9,29580,GRAVITY_SETTLE以外,GRAVITY_SETTLE以外,0,,,,0.0,0,False,,,,0,87720,1253,422,826,826,826,,1,completion_prefix_unverified,False,uncertain_completion,,null,"{""dead"":false,""reason"":""uncertain_completion""}",uncertain_completion
2762.3166666666666,3,CHAIN,S3_landing,0.29676880823528695,2762.3166666666666,True,9,29580,GRAVITY_SETTLE以外,GRAVITY_SETTLE以外,0,,,,0.0,0,False,,,,0,87720,1253,422,826,826,826,,1,completion_prefix_unverified,False,uncertain_completion,,null,"{""dead"":false,""reason"":""uncertain_completion""}",uncertain_completion
2762.35,3,CHAIN,S3_landing,0.3083799762806323,2762.35,True,9,29580,GRAVITY_SETTLE以外,GRAVITY_SETTLE以外,0,,,,0.0,0,False,,,,0,87720,1253,422,826,826,826,,1,completion_prefix_unverified,False,uncertain_completion,,null,"{""dead"":false,""reason"":""uncertain_completion""}",uncertain_completion
2762.383333333333,3,CHAIN,S3_landing,0.24679173953325872,2762.383333333333,True,9,29580,GRAVITY_SETTLE以外,GRAVITY_SETTLE以外,0,,,,0.0,0,False,,,,0,87720,1253,422,826,826,826,,1,completion_prefix_unverified,False,uncertain_completion,,null,"{""dead"":false,""reason"":""uncertain_completion""}",uncertain_completion
2762.4166666666665,3,CHAIN,S3_landing,0.24679173953325872,2762.383333333333,False,9,29580,GRAVITY_SETTLE以外,GRAVITY_SETTLE以外,0,,,,0.0,0,False,,,,0,87720,1253,422,826,826,826,,1,completion_prefix_unverified,False,uncertain_completion,,null,"{""dead"":false,""reason"":""uncertain_completion""}",uncertain_completion
2762.45,3,CHAIN,S3_landing,0.24679173953325872,2762.383333333333,False,9,29580,GRAVITY_SETTLE以外,GRAVITY_SETTLE以外,0,,,,0.0,0,False,,,,0,87720,1253,422,826,826,826,,1,completion_prefix_unverified,False,uncertain_completion,,null,"{""dead"":false,""reason"":""uncertain_completion""}",uncertain_completion
2762.483333333333,3,CHAIN,S3_landing,0.24679173953325872,2762.383333333333,False,9,29580,GRAVITY_SETTLE以外,GRAVITY_SETTLE以外,0,,,,0.0,0,False,,,,0,87720,1253,422,826,826,826,,1,completion_prefix_unverified,False,uncertain_completion,,null,"{""dead"":false,""reason"":""uncertain_completion""}",uncertain_completion
2762.516666666667,3,CHAIN,S3_landing,0.2337745521268132,2762.516666666667,True,9,29580,GRAVITY_SETTLE以外,GRAVITY_SETTLE以外,0,,,,0.0,0,False,,,,0,87720,1253,422,826,826,826,,1,completion_prefix_unverified,False,uncertain_completion,,null,"{""dead"":false,""reason"":""uncertain_completion""}",uncertain_completion
2762.55,3,CHAIN,S3_landing,0.2337745521268132,2762.516666666667,False,9,29580,GRAVITY_SETTLE以外,GRAVITY_SETTLE以外,0,,,,0.0,0,False,,,,0,87720,1253,422,826,826,826,,1,completion_prefix_unverified,False,uncertain_completion,,null,"{""dead"":false,""reason"":""uncertain_completion""}",uncertain_completion
2762.5833333333335,3,CHAIN,S3_landing,0.2337745521268132,2762.516666666667,False,9,29580,GRAVITY_SETTLE以外,GRAVITY_SETTLE以外,0,,,,0.0,0,False,,,,0,87720,1253,422,826,826,826,,1,completion_prefix_unverified,False,uncertain_completion,,null,"{""dead"":false,""reason"":""uncertain_completion""}",uncertain_completion
2762.616666666667,3,CHAIN,S3_landing,0.2337745521268132,2762.516666666667,False,9,29580,GRAVITY_SETTLE以外,GRAVITY_SETTLE以外,0,,,,0.0,0,False,,,,0,87720,1253,422,826,826,826,,1,completion_prefix_unverified,False,uncertain_completion,,null,"{""dead"":false,""reason"":""uncertain_completion""}",uncertain_completion
2762.65,3,CHAIN,S3_landing,0.2337745521268132,2762.516666666667,False,9,29580,GRAVITY_SETTLE以外,GRAVITY_SETTLE以外,0,,,,0.0,0,False,,,,0,87720,1253,422,826,826,826,,1,completion_prefix_unverified,False,uncertain_completion,,null,"{""dead"":false,""reason"":""uncertain_completion""}",uncertain_completion
2762.6833333333334,3,CHAIN,S3_landing,0.2337745521268132,2762.516666666667,False,9,29580,GRAVITY_SETTLE以外,GRAVITY_SETTLE以外,0,,,,0.0,0,False,,,,0,87720,1253,422,826,826,826,,1,completion_prefix_unverified,False,uncertain_completion,,null,"{""dead"":false,""reason"":""uncertain_completion""}",uncertain_completion
2762.7166666666667,3,CHAIN,S3_landing,0.2337745521268132,2762.516666666667,False,9,29580,GRAVITY_SETTLE以外,GRAVITY_SETTLE以外,0,,,,0.0,0,False,,,,0,87720,1253,422,826,826,826,,1,completion_prefix_unverified,False,uncertain_completion,,null,"{""dead"":false,""reason"":""uncertain_completion""}",uncertain_completion
2762.75,3,CHAIN,S3_landing,0.2337745521268132,2762.75,True,9,29580,GRAVITY_SETTLE以外,GRAVITY_SETTLE以外,0,,,,0.0,0,False,,,,0,87720,1253,422,826,826,826,,1,completion_prefix_unverified,False,uncertain_completion,,null,"{""dead"":false,""reason"":""uncertain_completion""}",uncertain_completion
2762.7833333333333,3,CHAIN,S3_landing,0.2337745521268132,2762.75,False,9,29580,GRAVITY_SETTLE以外,GRAVITY_SETTLE以外,0,,,,0.0,0,False,,,,0,87720,1253,422,826,826,826,,1,completion_prefix_unverified,False,uncertain_completion,,null,"{""dead"":false,""reason"":""uncertain_completion""}",uncertain_completion
2762.8166666666666,3,CHAIN,S3_landing,0.2337745521268132,2762.75,False,9,29580,GRAVITY_SETTLE以外,GRAVITY_SETTLE以外,0,,,,0.0,0,False,,,,0,87720,1253,422,826,826,826,,1,completion_prefix_unverified,False,uncertain_completion,,null,"{""dead"":false,""reason"":""uncertain_completion""}",uncertain_completion
2762.85,3,CHAIN,S3_landing,0.2337745521268132,2762.75,False,9,29580,GRAVITY_SETTLE以外,GRAVITY_SETTLE以外,0,,,,0.0,0,False,,,,0,87720,1253,422,826,826,826,,1,completion_prefix_unverified,False,uncertain_completion,,null,"{""dead"":false,""reason"":""uncertain_completion""}",uncertain_completion
2762.883333333333,3,CHAIN,S3_landing,0.2337745521268132,2762.75,False,9,29580,GRAVITY_SETTLE以外,GRAVITY_SETTLE以外,0,,,,0.0,0,False,,,,0,87720,1253,422,826,826,826,,1,completion_prefix_unverified,False,uncertain_completion,,null,"{""dead"":false,""reason"":""uncertain_completion""}",uncertain_completion
2762.9166666666665,3,CHAIN,S3_landing,0.2337745521268132,2762.75,False,9,29580,GRAVITY_SETTLE以外,GRAVITY_SETTLE以外,0,,,,0.0,0,False,,,,0,87720,1253,422,826,826,826,,1,completion_prefix_unverified,False,uncertain_completion,,null,"{""dead"":false,""reason"":""uncertain_completion""}",uncertain_completion
2762.95,3,CHAIN,S3_landing,0.2337745521268132,2762.75,False,9,29580,GRAVITY_SETTLE以外,GRAVITY_SETTLE以外,0,,,,0.0,0,False,,,,0,87720,1253,422,826,826,826,,1,completion_prefix_unverified,False,uncertain_completion,,null,"{""dead"":false,""reason"":""uncertain_completion""}",uncertain_completion
2762.983333333333,3,CHAIN,S3_landing,0.2337745521268132,2762.75,False,9,29580,GRAVITY_SETTLE以外,GRAVITY_SETTLE以外,0,,,,0.0,0,False,,,,0,87720,1253,422,826,826,826,,1,completion_prefix_unverified,False,uncertain_completion,,null,"{""dead"":false,""reason"":""uncertain_completion""}",uncertain_completion
2763.016666666667,3,CHAIN,S3_landing,0.2337745521268132,2762.75,False,9,29580,GRAVITY_SETTLE以外,GRAVITY_SETTLE以外,0,,,,0.0,0,False,,,,0,87720,1253,422,826,826,826,,1,completion_prefix_unverified,False,uncertain_completion,,null,"{""dead"":false,""reason"":""uncertain_completion""}",uncertain_completion
2763.05,3,CHAIN,S3_landing,0.2337745521268132,2762.75,False,9,29580,GRAVITY_SETTLE以外,GRAVITY_SETTLE以外,0,,,,0.0,0,False,,,,0,87720,1253,422,826,826,826,,1,completion_prefix_unverified,False,uncertain_completion,,null,"{""dead"":false,""reason"":""uncertain_completion""}",uncertain_completion
2763.0833333333335,3,CHAIN,S3_landing,0.2337745521268132,2762.75,False,9,29580,GRAVITY_SETTLE以外,GRAVITY_SETTLE以外,0,,,,0.0,0,False,,,,0,87720,1253,422,826,826,826,,1,completion_prefix_unverified,False,uncertain_completion,,null,"{""dead"":false,""reason"":""uncertain_completion""}",uncertain_completion
2763.116666666667,3,CHAIN,S3_landing,0.2337745521268132,2762.75,False,9,29580,GRAVITY_SETTLE以外,GRAVITY_SETTLE以外,0,,,,0.0,0,False,,,,0,87720,1253,422,826,826,826,,1,completion_prefix_unverified,False,uncertain_completion,,null,"{""dead"":false,""reason"":""uncertain_completion""}",uncertain_completion
2763.15,3,CHAIN,S3_landing,0.2337745521268132,2762.75,False,9,29580,GRAVITY_SETTLE以外,GRAVITY_SETTLE以外,0,,,,0.0,0,False,,,,0,87720,1253,422,826,826,826,,1,completion_prefix_unverified,False,uncertain_completion,,null,"{""dead"":false,""reason"":""uncertain_completion""}",uncertain_completion
2763.1833333333334,3,CHAIN,S3_landing,0.2337745521268132,2762.75,False,9,29580,GRAVITY_SETTLE以外,GRAVITY_SETTLE以外,0,,,,0.0,0,False,,,,0,87720,1253,422,826,826,826,,1,completion_prefix_unverified,False,uncertain_completion,,null,"{""dead"":false,""reason"":""uncertain_completion""}",uncertain_completion
2763.2166666666667,3,CHAIN,S3_landing,0.2337745521268132,2762.75,False,9,29580,GRAVITY_SETTLE以外,GRAVITY_SETTLE以外,0,,,,0.0,0,False,,,,0,87720,1253,422,826,826,826,,1,completion_prefix_unverified,False,uncertain_completion,,null,"{""dead"":false,""reason"":""uncertain_completion""}",uncertain_completion
2763.25,3,CHAIN,S3_landing,0.2337745521268132,2762.75,False,9,29580,GRAVITY_SETTLE以外,GRAVITY_SETTLE以外,0,,,,0.0,0,False,,,,0,87720,1253,422,826,826,826,,1,completion_prefix_unverified,False,uncertain_completion,,null,"{""dead"":false,""reason"":""uncertain_completion""}",uncertain_completion
2763.2833333333333,3,CHAIN,S3_landing,0.2337745521268132,2762.75,False,9,29580,GRAVITY_SETTLE以外,GRAVITY_SETTLE以外,0,,,,0.0,0,False,,,,0,87720,1253,422,826,826,826,,1,completion_prefix_unverified,False,uncertain_completion,,null,"{""dead"":false,""reason"":""uncertain_completion""}",uncertain_completion
2763.3166666666666,3,CHAIN,S3_landing,0.2337745521268132,2762.75,False,9,29580,GRAVITY_SETTLE以外,GRAVITY_SETTLE以外,0,,,,0.0,0,False,,,,0,87720,1253,422,826,826,826,,1,completion_prefix_unverified,False,uncertain_completion,,null,"{""dead"":false,""reason"":""uncertain_completion""}",uncertain_completion
2763.35,3,CHAIN,S3_landing,0.23656618484148773,2763.35,True,9,29580,GRAVITY_SETTLE以外,GRAVITY_SETTLE以外,0,,,,0.0,0,False,,,,0,87720,1253,422,826,826,826,,1,completion_prefix_unverified,False,uncertain_completion,,null,"{""dead"":false,""reason"":""uncertain_completion""}",uncertain_completion
2763.383333333333,3,CHAIN,S3_landing,0.23656618484148773,2763.35,False,9,29580,GRAVITY_SETTLE以外,GRAVITY_SETTLE以外,0,,,,0.0,0,False,,,,0,87720,1253,422,826,826,826,,1,completion_prefix_unverified,False,uncertain_completion,,null,"{""dead"":false,""reason"":""uncertain_completion""}",uncertain_completion
2763.4166666666665,3,CHAIN,S3_landing,0.23656618484148773,2763.35,False,9,29580,GRAVITY_SETTLE以外,GRAVITY_SETTLE以外,0,,,,0.0,0,False,,,,0,87720,1253,422,826,826,826,,1,completion_prefix_unverified,False,uncertain_completion,,null,"{""dead"":false,""reason"":""uncertain_completion""}",uncertain_completion
2763.45,3,CHAIN,S3_landing,0.23969739382912536,2763.45,True,9,29580,GRAVITY_SETTLE以外,GRAVITY_SETTLE以外,0,,,,0.0,0,False,,,,0,87720,1253,422,826,826,826,,1,completion_prefix_unverified,False,uncertain_completion,,null,"{""dead"":false,""reason"":""uncertain_completion""}",uncertain_completion
2763.483333333333,3,CHAIN,S3_landing,0.23969739382912536,2763.483333333333,True,9,29580,GRAVITY_SETTLE以外,GRAVITY_SETTLE以外,0,,,,0.0,0,False,,,,0,87720,1253,422,826,826,826,,1,completion_prefix_unverified,False,uncertain_completion,,null,"{""dead"":false,""reason"":""uncertain_completion""}",uncertain_completion
2763.516666666667,3,CHAIN,S3_landing,0.23969739382912536,2763.483333333333,False,9,29580,GRAVITY_SETTLE以外,GRAVITY_SETTLE以外,0,,,,0.0,0,False,,,,0,87720,1253,422,826,826,826,,1,completion_prefix_unverified,False,uncertain_completion,,null,"{""dead"":false,""reason"":""uncertain_completion""}",uncertain_completion
2763.55,3,CHAIN,S3_landing,0.23969739382912536,2763.483333333333,False,9,29580,GRAVITY_SETTLE以外,GRAVITY_SETTLE以外,0,,,,0.0,0,False,,,,0,87720,1253,422,826,826,826,,1,completion_prefix_unverified,False,uncertain_completion,,null,"{""dead"":false,""reason"":""uncertain_completion""}",uncertain_completion
2763.5833333333335,3,CHAIN,S3_landing,0.23969739382912536,2763.483333333333,False,9,29580,GRAVITY_SETTLE以外,GRAVITY_SETTLE以外,0,,,,0.0,0,False,,,,0,87720,1253,422,826,826,826,,1,completion_prefix_unverified,False,uncertain_completion,,null,"{""dead"":false,""reason"":""uncertain_completion""}",uncertain_completion
2763.616666666667,3,CHAIN,S3_landing,0.25605274534429856,2763.616666666667,True,10,40880,GRAVITY_SETTLE以外,GRAVITY_SETTLE以外,0,,,,0.0,0,False,,,,0,87720,1253,584,664,664,664,,1,completion_prefix_unverified,False,uncertain_completion,,null,"{""dead"":false,""reason"":""uncertain_completion""}",uncertain_completion
2763.65,3,CHAIN,S3_landing,0.25605274534429856,2763.616666666667,False,10,40880,GRAVITY_SETTLE以外,GRAVITY_SETTLE以外,0,,,,0.0,0,False,,,,0,87720,1253,584,664,664,664,,1,completion_prefix_unverified,False,uncertain_completion,,null,"{""dead"":false,""reason"":""uncertain_completion""}",uncertain_completion
2763.6833333333334,3,CHAIN,S3_landing,0.25605274534429856,2763.616666666667,False,10,40880,GRAVITY_SETTLE以外,GRAVITY_SETTLE以外,0,,,,0.0,0,False,,,,0,87720,1253,584,664,664,664,,1,completion_prefix_unverified,False,uncertain_completion,,null,"{""dead"":false,""reason"":""uncertain_completion""}",uncertain_completion
2763.7166666666667,3,CHAIN,S3_landing,0.25605274534429856,2763.616666666667,False,10,40880,GRAVITY_SETTLE以外,GRAVITY_SETTLE以外,0,,,,0.0,0,False,,,,0,87720,1253,584,664,664,664,,1,completion_prefix_unverified,False,uncertain_completion,,null,"{""dead"":false,""reason"":""uncertain_completion""}",uncertain_completion
2763.75,3,CHAIN,S3_landing,0.2624314255621848,2763.75,True,10,40880,GRAVITY_SETTLE以外,GRAVITY_SETTLE以外,0,,,,0.0,0,False,,,,0,87720,1253,584,664,664,664,,1,completion_prefix_unverified,False,uncertain_completion,,null,"{""dead"":false,""reason"":""uncertain_completion""}",uncertain_completion
2763.7833333333333,3,CHAIN,S3_landing,0.2624314255621848,2763.75,False,10,40880,GRAVITY_SETTLE以外,GRAVITY_SETTLE以外,0,,,,0.0,0,False,,,,0,87720,1253,584,664,664,664,,1,completion_prefix_unverified,False,uncertain_completion,,null,"{""dead"":false,""reason"":""uncertain_completion""}",uncertain_completion
2763.8166666666666,3,CHAIN,S3_landing,0.2624314255621848,2763.75,False,10,40880,GRAVITY_SETTLE以外,GRAVITY_SETTLE以外,0,,,,0.0,0,False,,,,0,87720,1253,584,664,664,664,,1,completion_prefix_unverified,False,uncertain_completion,,null,"{""dead"":false,""reason"":""uncertain_completion""}",uncertain_completion
2763.85,3,CHAIN,S3_landing,0.27160539903629777,2763.85,True,10,40880,GRAVITY_SETTLE以外,GRAVITY_SETTLE以外,0,,,,0.0,0,False,,,,0,87720,1253,584,664,664,664,,1,completion_prefix_unverified,False,uncertain_completion,,null,"{""dead"":false,""reason"":""uncertain_completion""}",uncertain_completion
2763.883333333333,3,CHAIN,S3_landing,0.27160539903629777,2763.85,False,10,40880,GRAVITY_SETTLE以外,GRAVITY_SETTLE以外,0,,,,0.0,0,False,,,,0,87720,1253,584,664,664,664,,1,completion_prefix_unverified,False,uncertain_completion,,null,"{""dead"":false,""reason"":""uncertain_completion""}",uncertain_completion
2763.9166666666665,3,CHAIN,S3_landing,0.27160539903629777,2763.85,False,10,40880,GRAVITY_SETTLE以外,GRAVITY_SETTLE以外,0,,,,0.0,0,False,,,,0,87720,1253,584,664,664,664,,1,completion_prefix_unverified,False,uncertain_completion,,null,"{""dead"":false,""reason"":""uncertain_completion""}",uncertain_completion
2763.95,3,CHAIN,S3_landing,0.27734157657432845,2763.95,True,10,40880,GRAVITY_SETTLE以外,GRAVITY_SETTLE以外,0,,,,0.0,0,False,,,,0,87720,1253,584,664,664,664,,1,completion_prefix_unverified,False,uncertain_completion,,null,"{""dead"":false,""reason"":""uncertain_completion""}",uncertain_completion
2763.983333333333,3,CHAIN,S3_landing,0.2586225925538138,2763.983333333333,True,10,40880,GRAVITY_SETTLE以外,GRAVITY_SETTLE以外,0,,,,0.0,0,False,,,,0,87720,1253,584,664,664,664,,1,completion_prefix_unverified,False,uncertain_completion,,null,"{""dead"":false,""reason"":""uncertain_completion""}",uncertain_completion
2764.016666666667,3,CHAIN,S3_landing,0.2836047213672235,2764.016666666667,True,10,40880,GRAVITY_SETTLE以外,GRAVITY_SETTLE以外,0,,,,0.0,0,False,,,,0,87720,1253,584,664,664,664,,1,completion_prefix_unverified,False,uncertain_completion,,null,"{""dead"":false,""reason"":""uncertain_completion""}",uncertain_completion
2764.05,3,CHAIN,S3_landing,0.2591403510764786,2764.05,True,10,40880,GRAVITY_SETTLE以外,GRAVITY_SETTLE以外,0,,,,0.0,0,False,,,,0,87720,1253,584,664,664,664,,1,completion_prefix_unverified,False,uncertain_completion,,null,"{""dead"":false,""reason"":""uncertain_completion""}",uncertain_completion
2764.0833333333335,3,CHAIN,S3_landing,0.2591403510764786,2764.05,False,10,40880,GRAVITY_SETTLE以外,GRAVITY_SETTLE以外,0,,,,0.0,0,False,,,,0,87720,1253,584,664,664,664,,1,completion_prefix_unverified,False,uncertain_completion,,null,"{""dead"":false,""reason"":""uncertain_completion""}",uncertain_completion
2764.116666666667,3,CHAIN,S3_landing,0.2591403510764786,2764.05,False,10,40880,GRAVITY_SETTLE以外,GRAVITY_SETTLE以外,0,,,,0.0,0,False,,,,0,87720,1253,584,664,664,664,,1,completion_prefix_unverified,False,uncertain_completion,,null,"{""dead"":false,""reason"":""uncertain_completion""}",uncertain_completion
2764.15,3,CHAIN,S3_landing,0.2591403510764786,2764.05,False,10,40880,GRAVITY_SETTLE以外,GRAVITY_SETTLE以外,0,,,,0.0,0,False,,,,0,87720,1253,584,664,664,664,,1,completion_prefix_unverified,False,uncertain_completion,,null,"{""dead"":false,""reason"":""uncertain_completion""}",uncertain_completion
2764.1833333333334,3,CHAIN,S3_landing,0.2691700344253739,2764.1833333333334,True,10,40880,GRAVITY_SETTLE以外,GRAVITY_SETTLE以外,0,,,,0.0,0,False,,,,0,87720,1253,584,664,664,664,,1,completion_prefix_unverified,False,uncertain_completion,,null,"{""dead"":false,""reason"":""uncertain_completion""}",uncertain_completion
2764.2166666666667,3,CHAIN,S3_landing,0.2691700344253739,2764.1833333333334,False,10,40880,GRAVITY_SETTLE以外,GRAVITY_SETTLE以外,0,,,,0.0,0,False,,,,0,87720,1253,584,664,664,664,,1,completion_prefix_unverified,False,uncertain_completion,,null,"{""dead"":false,""reason"":""uncertain_completion""}",uncertain_completion
2764.25,3,CHAIN,S3_landing,0.2691700344253739,2764.1833333333334,False,10,40880,GRAVITY_SETTLE以外,GRAVITY_SETTLE以外,0,,,,0.0,0,False,,,,0,87720,1253,584,664,664,664,,1,completion_prefix_unverified,False,uncertain_completion,,null,"{""dead"":false,""reason"":""uncertain_completion""}",uncertain_completion
2764.2833333333333,3,CHAIN,S3_landing,0.2691700344253739,2764.1833333333334,False,10,40880,GRAVITY_SETTLE以外,GRAVITY_SETTLE以外,0,,,,0.0,0,False,,,,0,87720,1253,584,664,664,664,,1,completion_prefix_unverified,False,uncertain_completion,,null,"{""dead"":false,""reason"":""uncertain_completion""}",uncertain_completion
2764.3166666666666,3,CHAIN,S3_landing,0.2691700344253739,2764.1833333333334,False,10,40880,GRAVITY_SETTLE以外,GRAVITY_SETTLE以外,0,,,,0.0,0,False,,,,0,87720,1253,584,664,664,664,,1,completion_prefix_unverified,False,uncertain_completion,,null,"{""dead"":false,""reason"":""uncertain_completion""}",uncertain_completion
2764.35,3,CHAIN,S3_landing,0.2691700344253739,2764.1833333333334,False,10,40880,GRAVITY_SETTLE以外,GRAVITY_SETTLE以外,0,,,,0.0,0,False,,,,0,87720,1253,584,664,664,664,,1,completion_prefix_unverified,False,uncertain_completion,,null,"{""dead"":false,""reason"":""uncertain_completion""}",uncertain_completion
2764.383333333333,3,CHAIN,S3_landing,0.2691700344253739,2764.1833333333334,False,10,40880,GRAVITY_SETTLE以外,GRAVITY_SETTLE以外,0,,,,0.0,0,False,,,,0,87720,1253,584,664,664,664,,1,completion_prefix_unverified,False,uncertain_completion,,null,"{""dead"":false,""reason"":""uncertain_completion""}",uncertain_completion
2764.4166666666665,3,CHAIN,S3_landing,0.2691700344253739,2764.1833333333334,False,10,40880,GRAVITY_SETTLE以外,GRAVITY_SETTLE以外,0,,,,0.0,0,False,,,,0,87720,1253,584,664,664,664,,1,completion_prefix_unverified,False,uncertain_completion,,null,"{""dead"":false,""reason"":""uncertain_completion""}",uncertain_completion
2764.45,3,CHAIN,S3_landing,0.2634292566242086,2764.45,True,10,40880,GRAVITY_SETTLE以外,GRAVITY_SETTLE以外,0,,,,0.0,0,False,,,,0,87720,1253,584,664,664,664,,1,completion_prefix_unverified,False,uncertain_completion,,null,"{""dead"":false,""reason"":""uncertain_completion""}",uncertain_completion
2764.483333333333,3,CHAIN,S3_landing,0.2634292566242086,2764.45,False,10,40880,GRAVITY_SETTLE以外,GRAVITY_SETTLE以外,0,,,,0.0,0,False,,,,0,87720,1253,584,664,664,664,,1,completion_prefix_unverified,False,uncertain_completion,,null,"{""dead"":false,""reason"":""uncertain_completion""}",uncertain_completion
2764.516666666667,3,CHAIN,S3_landing,0.2634292566242086,2764.45,False,10,40880,GRAVITY_SETTLE以外,GRAVITY_SETTLE以外,0,,,,0.0,0,False,,,,0,87720,1253,584,664,664,664,,1,completion_prefix_unverified,False,uncertain_completion,,null,"{""dead"":false,""reason"":""uncertain_completion""}",uncertain_completion
2764.55,3,CHAIN,S3_landing,0.2634292566242086,2764.45,False,10,40880,GRAVITY_SETTLE以外,GRAVITY_SETTLE以外,0,,,,0.0,0,False,,,,0,87720,1253,584,664,664,664,,1,completion_prefix_unverified,False,uncertain_completion,,null,"{""dead"":false,""reason"":""uncertain_completion""}",uncertain_completion
2764.5833333333335,3,CHAIN,S3_landing,0.2634292566242086,2764.45,False,10,40880,GRAVITY_SETTLE以外,GRAVITY_SETTLE以外,0,,,,0.0,0,False,,,,0,87720,1253,584,664,664,664,,1,completion_prefix_unverified,False,uncertain_completion,,null,"{""dead"":false,""reason"":""uncertain_completion""}",uncertain_completion
2764.616666666667,3,CHAIN,S3_landing,0.2634292566242086,2764.45,False,10,40880,GRAVITY_SETTLE以外,GRAVITY_SETTLE以外,0,,,,0.0,0,False,,,,0,87720,1253,584,664,664,664,,1,completion_prefix_unverified,False,uncertain_completion,,null,"{""dead"":false,""reason"":""uncertain_completion""}",uncertain_completion
2764.65,3,CHAIN,S3_landing,0.2634292566242086,2764.45,False,10,40880,GRAVITY_SETTLE以外,GRAVITY_SETTLE以外,0,,,,0.0,0,False,,,,0,87720,1253,584,664,664,664,,1,completion_prefix_unverified,False,uncertain_completion,,null,"{""dead"":false,""reason"":""uncertain_completion""}",uncertain_completion
2764.6833333333334,3,CHAIN,S3_landing,0.2634292566242086,2764.45,False,10,40880,GRAVITY_SETTLE以外,GRAVITY_SETTLE以外,0,,,,0.0,0,False,,,,0,87720,1253,584,664,664,664,,1,completion_prefix_unverified,False,uncertain_completion,,null,"{""dead"":false,""reason"":""uncertain_completion""}",uncertain_completion
2764.7166666666667,3,CHAIN,S3_landing,0.2634292566242086,2764.45,False,10,40880,GRAVITY_SETTLE以外,GRAVITY_SETTLE以外,0,,,,0.0,0,False,,,,0,87720,1253,584,664,664,664,,1,completion_prefix_unverified,False,uncertain_completion,,null,"{""dead"":false,""reason"":""uncertain_completion""}",uncertain_completion
2764.75,3,CHAIN,S3_landing,0.2541026115024668,2764.75,True,10,40880,GRAVITY_SETTLE以外,GRAVITY_SETTLE以外,0,,,,0.0,0,False,,,,0,87720,1253,584,664,664,664,,1,completion_prefix_unverified,False,uncertain_completion,,null,"{""dead"":false,""reason"":""uncertain_completion""}",uncertain_completion
2764.7833333333333,3,CHAIN,S3_landing,0.2541026115024668,2764.75,False,10,40880,GRAVITY_SETTLE以外,GRAVITY_SETTLE以外,0,,,,0.0,0,False,,,,0,87720,1253,584,664,664,664,,1,completion_prefix_unverified,False,uncertain_completion,,null,"{""dead"":false,""reason"":""uncertain_completion""}",uncertain_completion
2764.8166666666666,3,CHAIN,S3_landing,0.2541026115024668,2764.75,False,10,40880,GRAVITY_SETTLE以外,GRAVITY_SETTLE以外,0,,,,0.0,0,False,,,,0,87720,1253,584,664,664,664,,1,completion_prefix_unverified,False,uncertain_completion,,null,"{""dead"":false,""reason"":""uncertain_completion""}",uncertain_completion
2764.85,3,CHAIN,S3_landing,0.2888391658429912,2764.85,True,10,40880,GRAVITY_SETTLE以外,GRAVITY_SETTLE以外,0,,,,0.0,0,False,,,,0,87720,1253,584,664,664,664,,1,completion_prefix_unverified,False,uncertain_completion,,null,"{""dead"":false,""reason"":""uncertain_completion""}",uncertain_completion
2764.883333333333,3,CHAIN,S3_landing,0.2888391658429912,2764.85,False,10,40880,GRAVITY_SETTLE以外,GRAVITY_SETTLE以外,0,,,,0.0,0,False,,,,0,87720,1253,584,664,664,664,,1,completion_prefix_unverified,False,uncertain_completion,,null,"{""dead"":false,""reason"":""uncertain_completion""}",uncertain_completion
2764.9166666666665,3,CHAIN,S3_landing,0.2888391658429912,2764.85,False,10,40880,GRAVITY_SETTLE以外,GRAVITY_SETTLE以外,0,,,,0.0,0,False,,,,0,87720,1253,584,664,664,664,,1,completion_prefix_unverified,False,uncertain_completion,,null,"{""dead"":false,""reason"":""uncertain_completion""}",uncertain_completion
2764.95,3,CHAIN,S3_landing,0.2888391658429912,2764.95,True,11,51120,GRAVITY_SETTLE以外,GRAVITY_SETTLE以外,0,,,,0.0,0,False,,,,0,87720,1253,730,518,518,518,,1,completion_prefix_unverified,False,uncertain_completion,,null,"{""dead"":false,""reason"":""uncertain_completion""}",uncertain_completion
2764.983333333333,3,CHAIN,S3_landing,0.2839949663065483,2764.983333333333,True,11,51120,GRAVITY_SETTLE以外,GRAVITY_SETTLE以外,0,,,,0.0,0,False,,,,0,87720,1253,730,518,518,518,,1,completion_prefix_unverified,False,uncertain_completion,,null,"{""dead"":false,""reason"":""uncertain_completion""}",uncertain_completion
2765.016666666667,3,CHAIN,S3_landing,0.2839949663065483,2764.983333333333,False,11,51120,GRAVITY_SETTLE以外,GRAVITY_SETTLE以外,0,,,,0.0,0,False,,,,0,87720,1253,730,518,518,518,,1,completion_prefix_unverified,False,uncertain_completion,,null,"{""dead"":false,""reason"":""uncertain_completion""}",uncertain_completion
2765.05,3,CHAIN,S3_landing,0.2839949663065483,2764.983333333333,False,11,51120,GRAVITY_SETTLE以外,GRAVITY_SETTLE以外,0,,,,0.0,0,False,,,,0,87720,1253,730,518,518,518,,1,completion_prefix_unverified,False,uncertain_completion,,null,"{""dead"":false,""reason"":""uncertain_completion""}",uncertain_completion
2765.0833333333335,3,CHAIN,S3_landing,0.2839949663065483,2764.983333333333,False,11,51120,GRAVITY_SETTLE以外,GRAVITY_SETTLE以外,0,,,,0.0,0,False,,,,0,87720,1253,730,518,518,518,,1,completion_prefix_unverified,False,uncertain_completion,,null,"{""dead"":false,""reason"":""uncertain_completion""}",uncertain_completion
2765.116666666667,3,CHAIN,S3_landing,0.2839949663065483,2764.983333333333,False,11,51120,GRAVITY_SETTLE以外,GRAVITY_SETTLE以外,0,,,,0.0,0,False,,,,0,87720,1253,730,518,518,518,,1,completion_prefix_unverified,False,uncertain_completion,,null,"{""dead"":false,""reason"":""uncertain_completion""}",uncertain_completion
2765.15,3,CHAIN,S3_landing,0.2839949663065483,2764.983333333333,False,11,51120,GRAVITY_SETTLE以外,GRAVITY_SETTLE以外,0,,,,0.0,0,False,,,,0,87720,1253,730,518,518,518,,1,completion_prefix_unverified,False,uncertain_completion,,null,"{""dead"":false,""reason"":""uncertain_completion""}",uncertain_completion
2765.1833333333334,3,CHAIN,S3_landing,0.2839949663065483,2764.983333333333,False,11,51120,GRAVITY_SETTLE以外,GRAVITY_SETTLE以外,0,,,,0.0,0,False,,,,0,87720,1253,730,518,518,518,,1,completion_prefix_unverified,False,uncertain_completion,,null,"{""dead"":false,""reason"":""uncertain_completion""}",uncertain_completion
2765.2166666666667,3,CHAIN,S3_landing,0.2919335738199331,2765.2166666666667,True,11,51120,GRAVITY_SETTLE以外,GRAVITY_SETTLE以外,0,,,,0.0,0,False,,,,0,87720,1253,730,518,518,518,,1,completion_prefix_unverified,False,uncertain_completion,,null,"{""dead"":false,""reason"":""uncertain_completion""}",uncertain_completion
2765.25,3,CHAIN,S3_landing,0.2919335738199331,2765.2166666666667,False,11,51120,GRAVITY_SETTLE以外,GRAVITY_SETTLE以外,0,,,,0.0,0,False,,,,0,87720,1253,730,518,518,518,,1,completion_prefix_unverified,False,uncertain_completion,,null,"{""dead"":false,""reason"":""uncertain_completion""}",uncertain_completion
2765.2833333333333,3,CHAIN,S3_landing,0.2919335738199331,2765.2166666666667,False,11,51120,GRAVITY_SETTLE以外,GRAVITY_SETTLE以外,0,,,,0.0,0,False,,,,0,87720,1253,730,518,518,518,,1,completion_prefix_unverified,False,uncertain_completion,,null,"{""dead"":false,""reason"":""uncertain_completion""}",uncertain_completion
2765.3166666666666,3,CHAIN,S3_landing,0.2919335738199331,2765.2166666666667,False,11,51120,GRAVITY_SETTLE以外,GRAVITY_SETTLE以外,0,,,,0.0,0,False,,,,0,87720,1253,730,518,518,518,,1,completion_prefix_unverified,False,uncertain_completion,,null,"{""dead"":false,""reason"":""uncertain_completion""}",uncertain_completion
2765.35,3,CHAIN,S3_landing,0.2919335738199331,2765.2166666666667,False,11,51120,GRAVITY_SETTLE以外,GRAVITY_SETTLE以外,0,,,,0.0,0,False,,,,0,87720,1253,730,518,518,518,,1,completion_prefix_unverified,False,uncertain_completion,,null,"{""dead"":false,""reason"":""uncertain_completion""}",uncertain_completion
2765.383333333333,3,CHAIN,S3_landing,0.28909041609522834,2765.383333333333,True,11,51120,GRAVITY_SETTLE以外,GRAVITY_SETTLE以外,0,,,,0.0,0,False,,,,0,87720,1253,730,518,518,518,,1,completion_prefix_unverified,False,uncertain_completion,,null,"{""dead"":false,""reason"":""uncertain_completion""}",uncertain_completion
2765.4166666666665,3,CHAIN,S3_landing,0.28909041609522834,2765.383333333333,False,11,51120,GRAVITY_SETTLE以外,GRAVITY_SETTLE以外,0,,,,0.0,0,False,,,,0,87720,1253,730,518,518,518,,1,completion_prefix_unverified,False,uncertain_completion,,null,"{""dead"":false,""reason"":""uncertain_completion""}",uncertain_completion
2765.45,3,CHAIN,S3_landing,0.28909041609522834,2765.383333333333,False,11,51120,GRAVITY_SETTLE以外,GRAVITY_SETTLE以外,0,,,,0.0,0,False,,,,0,87720,1253,730,518,518,518,,1,completion_prefix_unverified,False,uncertain_completion,,null,"{""dead"":false,""reason"":""uncertain_completion""}",uncertain_completion
2765.483333333333,3,CHAIN,S3_landing,0.28909041609522834,2765.383333333333,False,11,51120,GRAVITY_SETTLE以外,GRAVITY_SETTLE以外,0,,,,0.0,0,False,,,,0,87720,1253,730,518,518,518,,1,completion_prefix_unverified,False,uncertain_completion,,null,"{""dead"":false,""reason"":""uncertain_completion""}",uncertain_completion
2765.516666666667,3,CHAIN,S3_landing,0.28909041609522834,2765.383333333333,False,11,51120,GRAVITY_SETTLE以外,GRAVITY_SETTLE以外,0,,,,0.0,0,False,,,,0,87720,1253,730,518,518,518,,1,completion_prefix_unverified,False,uncertain_completion,,null,"{""dead"":false,""reason"":""uncertain_completion""}",uncertain_completion
2765.55,3,CHAIN,S3_landing,0.3009209161699402,2765.55,True,11,51120,GRAVITY_SETTLE以外,GRAVITY_SETTLE以外,0,,,,0.0,0,False,,,,0,87720,1253,730,518,518,518,,1,completion_prefix_unverified,False,uncertain_completion,,null,"{""dead"":false,""reason"":""uncertain_completion""}",uncertain_completion
2765.5833333333335,3,CHAIN,S3_landing,0.2992422504583042,2765.5833333333335,True,11,51120,GRAVITY_SETTLE以外,GRAVITY_SETTLE以外,0,,,,0.0,0,False,,,,0,87720,1253,730,518,518,518,,1,completion_prefix_unverified,False,uncertain_completion,,null,"{""dead"":false,""reason"":""uncertain_completion""}",uncertain_completion
2765.616666666667,3,CHAIN,S3_landing,0.29767667229215866,2765.616666666667,True,11,51120,GRAVITY_SETTLE以外,GRAVITY_SETTLE以外,0,,,,0.0,0,False,,,,0,87720,1253,730,518,518,518,,1,completion_prefix_unverified,False,uncertain_completion,,null,"{""dead"":false,""reason"":""uncertain_completion""}",uncertain_completion
2765.65,3,CHAIN,S3_landing,0.28873555095652803,2765.65,True,11,51120,GRAVITY_SETTLE以外,GRAVITY_SETTLE以外,0,,,,0.0,0,False,,,,0,87720,1253,730,518,518,518,,1,completion_prefix_unverified,False,uncertain_completion,,null,"{""dead"":false,""reason"":""uncertain_completion""}",uncertain_completion
2765.6833333333334,3,CHAIN,S3_landing,0.28873555095652803,2765.65,False,11,51120,GRAVITY_SETTLE以外,GRAVITY_SETTLE以外,0,,,,0.0,0,False,,,,0,87720,1253,730,518,518,518,,1,completion_prefix_unverified,False,uncertain_completion,,null,"{""dead"":false,""reason"":""uncertain_completion""}",uncertain_completion
2765.7166666666667,3,CHAIN,S3_landing,0.28873555095652803,2765.65,False,11,51120,GRAVITY_SETTLE以外,GRAVITY_SETTLE以外,0,,,,0.0,0,False,,,,0,87720,1253,730,518,518,518,,1,completion_prefix_unverified,False,uncertain_completion,,null,"{""dead"":false,""reason"":""uncertain_completion""}",uncertain_completion
2765.75,3,CHAIN,S3_landing,0.28873555095652803,2765.65,False,11,51120,GRAVITY_SETTLE以外,GRAVITY_SETTLE以外,0,,,,0.0,0,False,,,,0,87720,1253,730,518,518,518,,1,completion_prefix_unverified,False,uncertain_completion,,null,"{""dead"":false,""reason"":""uncertain_completion""}",uncertain_completion
2765.7833333333333,3,CHAIN,S3_landing,0.2888438351191245,2765.7833333333333,True,11,51120,GRAVITY_SETTLE以外,GRAVITY_SETTLE以外,0,,,,0.0,0,False,,,,0,87720,1253,730,518,518,518,,1,completion_prefix_unverified,False,uncertain_completion,,null,"{""dead"":false,""reason"":""uncertain_completion""}",uncertain_completion
2765.8166666666666,3,CHAIN,S3_landing,0.2888438351191245,2765.7833333333333,False,11,51120,GRAVITY_SETTLE以外,GRAVITY_SETTLE以外,0,,,,0.0,0,False,,,,0,87720,1253,730,518,518,518,,1,completion_prefix_unverified,False,uncertain_completion,,null,"{""dead"":false,""reason"":""uncertain_completion""}",uncertain_completion
2765.85,3,CHAIN,S3_landing,0.2888438351191245,2765.7833333333333,False,11,51120,GRAVITY_SETTLE以外,GRAVITY_SETTLE以外,0,,,,0.0,0,False,,,,0,87720,1253,730,518,518,518,,1,completion_prefix_unverified,False,uncertain_completion,,null,"{""dead"":false,""reason"":""uncertain_completion""}",uncertain_completion
2765.883333333333,3,CHAIN,S3_landing,0.2888438351191245,2765.7833333333333,False,11,51120,GRAVITY_SETTLE以外,GRAVITY_SETTLE以外,0,,,,0.0,0,False,,,,0,87720,1253,730,518,518,518,,1,completion_prefix_unverified,False,uncertain_completion,,null,"{""dead"":false,""reason"":""uncertain_completion""}",uncertain_completion
2765.9166666666665,3,CHAIN,S3_landing,0.2888438351191245,2765.7833333333333,False,11,51120,GRAVITY_SETTLE以外,GRAVITY_SETTLE以外,0,,,,0.0,0,False,,,,0,87720,1253,730,518,518,518,,1,completion_prefix_unverified,False,uncertain_completion,,null,"{""dead"":false,""reason"":""uncertain_completion""}",uncertain_completion
2765.95,3,CHAIN,S3_landing,0.2888438351191245,2765.7833333333333,False,11,51120,GRAVITY_SETTLE以外,GRAVITY_SETTLE以外,0,,,,0.0,0,False,,,,0,87720,1253,730,518,518,518,,1,completion_prefix_unverified,False,uncertain_completion,,null,"{""dead"":false,""reason"":""uncertain_completion""}",uncertain_completion
2765.983333333333,3,CHAIN,S3_landing,0.2888438351191245,2765.7833333333333,False,11,51120,GRAVITY_SETTLE以外,GRAVITY_SETTLE以外,0,,,,0.0,0,False,,,,0,87720,1253,730,518,518,518,,1,completion_prefix_unverified,False,uncertain_completion,,null,"{""dead"":false,""reason"":""uncertain_completion""}",uncertain_completion
2766.016666666667,3,CHAIN,S3_landing,0.2888438351191245,2765.7833333333333,False,11,51120,GRAVITY_SETTLE以外,GRAVITY_SETTLE以外,0,,,,0.0,0,False,,,,0,87720,1253,730,518,518,518,,1,completion_prefix_unverified,False,uncertain_completion,,null,"{""dead"":false,""reason"":""uncertain_completion""}",uncertain_completion
2766.05,3,CHAIN,S3_landing,0.2888438351191245,2765.7833333333333,False,11,51120,GRAVITY_SETTLE以外,GRAVITY_SETTLE以外,0,,,,0.0,0,False,,,,0,87720,1253,730,518,518,518,,1,completion_prefix_unverified,False,uncertain_completion,,null,"{""dead"":false,""reason"":""uncertain_completion""}",uncertain_completion
2766.0833333333335,3,CHAIN,S3_landing,0.2888438351191245,2765.7833333333333,False,11,51120,GRAVITY_SETTLE以外,GRAVITY_SETTLE以外,0,,,,0.0,0,False,,,,0,87720,1253,730,518,518,518,,1,completion_prefix_unverified,False,uncertain_completion,,null,"{""dead"":false,""reason"":""uncertain_completion""}",uncertain_completion
2766.116666666667,3,CHAIN,S3_landing,0.2888438351191245,2765.7833333333333,False,11,51120,GRAVITY_SETTLE以外,GRAVITY_SETTLE以外,0,,,,0.0,0,False,,,,0,87720,1253,730,518,518,518,,1,completion_prefix_unverified,False,uncertain_completion,,null,"{""dead"":false,""reason"":""uncertain_completion""}",uncertain_completion
2766.15,3,CHAIN,S3_landing,0.2888438351191245,2765.7833333333333,False,11,51120,GRAVITY_SETTLE以外,GRAVITY_SETTLE以外,0,,,,0.0,0,False,,,,0,87720,1253,730,518,518,518,,1,completion_prefix_unverified,False,uncertain_completion,,null,"{""dead"":false,""reason"":""uncertain_completion""}",uncertain_completion
2766.1833333333334,3,CHAIN,S3_landing,0.2888438351191245,2765.7833333333333,False,11,51120,GRAVITY_SETTLE以外,GRAVITY_SETTLE以外,0,,,,0.0,0,False,,,,0,87720,1253,730,518,518,518,,1,completion_prefix_unverified,False,uncertain_completion,,null,"{""dead"":false,""reason"":""uncertain_completion""}",uncertain_completion
2766.2166666666667,3,CHAIN,S3_landing,0.30417571953622335,2766.2166666666667,True,11,51120,GRAVITY_SETTLE以外,GRAVITY_SETTLE以外,0,,,,0.0,0,False,,,,0,87720,1253,730,518,518,518,,1,completion_prefix_unverified,False,uncertain_completion,,null,"{""dead"":false,""reason"":""uncertain_completion""}",uncertain_completion
2766.25,3,CHAIN,S3_landing,0.30417571953622335,2766.2166666666667,False,11,51120,GRAVITY_SETTLE以外,GRAVITY_SETTLE以外,0,,,,0.0,0,False,,,,0,87720,1253,730,518,518,518,,1,completion_prefix_unverified,False,uncertain_completion,,null,"{""dead"":false,""reason"":""uncertain_completion""}",uncertain_completion
2766.2833333333333,3,CHAIN,S3_landing,0.3095941323224086,2766.2833333333333,True,11,51120,GRAVITY_SETTLE以外,GRAVITY_SETTLE以外,0,,,,0.0,0,False,,,,0,87720,1253,730,518,518,518,,1,completion_prefix_unverified,False,uncertain_completion,,null,"{""dead"":false,""reason"":""uncertain_completion""}",uncertain_completion
2766.3166666666666,3,CHAIN,S3_landing,0.301418640088027,2766.3166666666666,True,12,62640,GRAVITY_SETTLE以外,GRAVITY_SETTLE以外,0,,,,0.0,0,False,,,,0,87720,1253,894,353,354,354,,1,completion_prefix_unverified,False,uncertain_completion,,null,"{""dead"":false,""reason"":""uncertain_completion""}",uncertain_completion
2766.35,3,CHAIN,S3_landing,0.28576386221503736,2766.35,True,12,62640,GRAVITY_SETTLE以外,GRAVITY_SETTLE以外,0,,,,0.0,0,False,,,,0,87720,1253,894,353,354,354,,1,completion_prefix_unverified,False,uncertain_completion,,null,"{""dead"":false,""reason"":""uncertain_completion""}",uncertain_completion
2766.383333333333,3,CHAIN,S3_landing,0.3021944441459502,2766.383333333333,True,12,62640,GRAVITY_SETTLE以外,GRAVITY_SETTLE以外,0,,,,0.0,0,False,,,,0,87720,1253,894,353,354,354,,1,completion_prefix_unverified,False,uncertain_completion,,null,"{""dead"":false,""reason"":""uncertain_completion""}",uncertain_completion
2766.4166666666665,3,CHAIN,S3_landing,0.3021944441459502,2766.383333333333,False,12,62640,GRAVITY_SETTLE以外,GRAVITY_SETTLE以外,0,,,,0.0,0,False,,,,0,87720,1253,894,353,354,354,,1,completion_prefix_unverified,False,uncertain_completion,,null,"{""dead"":false,""reason"":""uncertain_completion""}",uncertain_completion
2766.45,3,CHAIN,S3_landing,0.3021944441459502,2766.383333333333,False,12,62640,GRAVITY_SETTLE以外,GRAVITY_SETTLE以外,0,,,,0.0,0,False,,,,0,87720,1253,894,353,354,354,,1,completion_prefix_unverified,False,uncertain_completion,,null,"{""dead"":false,""reason"":""uncertain_completion""}",uncertain_completion
2766.483333333333,3,CHAIN,S3_landing,0.3021944441459502,2766.383333333333,False,12,62640,GRAVITY_SETTLE以外,GRAVITY_SETTLE以外,0,,,,0.0,0,False,,,,0,87720,1253,894,353,354,354,,1,completion_prefix_unverified,False,uncertain_completion,,null,"{""dead"":false,""reason"":""uncertain_completion""}",uncertain_completion
2766.516666666667,3,CHAIN,S3_landing,0.3021944441459502,2766.383333333333,False,12,62640,GRAVITY_SETTLE以外,GRAVITY_SETTLE以外,0,,,,0.0,0,False,,,,0,87720,1253,894,353,354,354,,1,completion_prefix_unverified,False,uncertain_completion,,null,"{""dead"":false,""reason"":""uncertain_completion""}",uncertain_completion
2766.55,3,CHAIN,S3_landing,0.3084474541356773,2766.55,True,12,62640,GRAVITY_SETTLE以外,GRAVITY_SETTLE以外,0,,,,0.0,0,False,,,,0,87720,1253,894,353,354,354,,1,completion_prefix_unverified,False,uncertain_completion,,null,"{""dead"":false,""reason"":""uncertain_completion""}",uncertain_completion
2766.5833333333335,3,CHAIN,S3_landing,0.3084474541356773,2766.55,False,12,62640,GRAVITY_SETTLE以外,GRAVITY_SETTLE以外,0,,,,0.0,0,False,,,,0,87720,1253,894,353,354,354,,1,completion_prefix_unverified,False,uncertain_completion,,null,"{""dead"":false,""reason"":""uncertain_completion""}",uncertain_completion
2766.616666666667,3,CHAIN,S3_landing,0.3084474541356773,2766.55,False,12,62640,GRAVITY_SETTLE以外,GRAVITY_SETTLE以外,0,,,,0.0,0,False,,,,0,87720,1253,894,353,354,354,,1,completion_prefix_unverified,False,uncertain_completion,,null,"{""dead"":false,""reason"":""uncertain_completion""}",uncertain_completion
2766.65,3,CHAIN,S3_landing,0.3084474541356773,2766.55,False,12,62640,GRAVITY_SETTLE以外,GRAVITY_SETTLE以外,0,,,,0.0,0,False,,,,0,87720,1253,894,353,354,354,,1,completion_prefix_unverified,False,uncertain_completion,,null,"{""dead"":false,""reason"":""uncertain_completion""}",uncertain_completion
2766.6833333333334,3,CHAIN,S3_landing,0.3084474541356773,2766.55,False,12,62640,GRAVITY_SETTLE以外,GRAVITY_SETTLE以外,0,,,,0.0,0,False,,,,0,87720,1253,894,353,354,354,,1,completion_prefix_unverified,False,uncertain_completion,,null,"{""dead"":false,""reason"":""uncertain_completion""}",uncertain_completion
2766.7166666666667,3,CHAIN,S3_landing,0.3084474541356773,2766.55,False,12,62640,GRAVITY_SETTLE以外,GRAVITY_SETTLE以外,0,,,,0.0,0,False,,,,0,87720,1253,894,353,354,354,,1,completion_prefix_unverified,False,uncertain_completion,,null,"{""dead"":false,""reason"":""uncertain_completion""}",uncertain_completion
2766.75,3,CHAIN,S3_landing,0.3084474541356773,2766.55,False,12,62640,GRAVITY_SETTLE以外,GRAVITY_SETTLE以外,0,,,,0.0,0,False,,,,0,87720,1253,894,353,354,354,,1,completion_prefix_unverified,False,uncertain_completion,,null,"{""dead"":false,""reason"":""uncertain_completion""}",uncertain_completion
2766.7833333333333,3,CHAIN,S3_landing,0.3084474541356773,2766.55,False,12,62640,GRAVITY_SETTLE以外,GRAVITY_SETTLE以外,0,,,,0.0,0,False,,,,0,87720,1253,894,353,354,354,,1,completion_prefix_unverified,False,uncertain_completion,,null,"{""dead"":false,""reason"":""uncertain_completion""}",uncertain_completion
2766.8166666666666,3,CHAIN,S3_landing,0.3084474541356773,2766.55,False,12,62640,GRAVITY_SETTLE以外,GRAVITY_SETTLE以外,0,,,,0.0,0,False,,,,0,87720,1253,894,353,354,354,,1,completion_prefix_unverified,False,uncertain_completion,,null,"{""dead"":false,""reason"":""uncertain_completion""}",uncertain_completion
2766.85,3,CHAIN,S3_landing,0.3084474541356773,2766.55,False,12,62640,GRAVITY_SETTLE以外,GRAVITY_SETTLE以外,0,,,,0.0,0,False,,,,0,87720,1253,894,353,354,354,,1,completion_prefix_unverified,False,uncertain_completion,,null,"{""dead"":false,""reason"":""uncertain_completion""}",uncertain_completion
2766.883333333333,3,CHAIN,S3_landing,0.3084474541356773,2766.55,False,12,62640,GRAVITY_SETTLE以外,GRAVITY_SETTLE以外,0,,,,0.0,0,False,,,,0,87720,1253,894,353,354,354,,1,completion_prefix_unverified,False,uncertain_completion,,null,"{""dead"":false,""reason"":""uncertain_completion""}",uncertain_completion
2766.9166666666665,3,CHAIN,S3_landing,0.3084474541356773,2766.55,False,12,62640,GRAVITY_SETTLE以外,GRAVITY_SETTLE以外,0,,,,0.0,0,False,,,,0,87720,1253,894,353,354,354,,1,completion_prefix_unverified,False,uncertain_completion,,null,"{""dead"":false,""reason"":""uncertain_completion""}",uncertain_completion
2766.95,3,CHAIN,S3_landing,0.3084474541356773,2766.55,False,12,62640,GRAVITY_SETTLE以外,GRAVITY_SETTLE以外,0,,,,0.0,0,False,,,,0,87720,1253,894,353,354,354,,1,completion_prefix_unverified,False,uncertain_completion,,null,"{""dead"":false,""reason"":""uncertain_completion""}",uncertain_completion
2766.983333333333,3,CHAIN,S3_landing,0.3084474541356773,2766.55,False,12,62640,GRAVITY_SETTLE以外,GRAVITY_SETTLE以外,0,,,,0.0,0,False,,,,0,87720,1253,894,353,354,354,,1,completion_prefix_unverified,False,uncertain_completion,,null,"{""dead"":false,""reason"":""uncertain_completion""}",uncertain_completion
2767.016666666667,3,CHAIN,S3_landing,0.3084474541356773,2766.55,False,12,62640,GRAVITY_SETTLE以外,GRAVITY_SETTLE以外,0,,,,0.0,0,False,,,,0,87720,1253,894,353,354,354,,1,completion_prefix_unverified,False,uncertain_completion,,null,"{""dead"":false,""reason"":""uncertain_completion""}",uncertain_completion
2767.05,3,CHAIN,S3_landing,0.3084474541356773,2766.55,False,12,62640,GRAVITY_SETTLE以外,GRAVITY_SETTLE以外,0,,,,0.0,0,False,,,,0,87720,1253,894,353,354,354,,1,completion_prefix_unverified,False,uncertain_completion,,null,"{""dead"":false,""reason"":""uncertain_completion""}",uncertain_completion
2767.0833333333335,3,CHAIN,S3_landing,0.3084474541356773,2766.55,False,12,62640,GRAVITY_SETTLE以外,GRAVITY_SETTLE以外,0,,,,0.0,0,False,,,,0,87720,1253,894,353,354,354,,1,completion_prefix_unverified,False,uncertain_completion,,null,"{""dead"":false,""reason"":""uncertain_completion""}",uncertain_completion
2767.116666666667,3,CHAIN,S3_landing,0.3084474541356773,2766.55,False,12,62640,GRAVITY_SETTLE以外,GRAVITY_SETTLE以外,0,,,,0.0,0,False,,,,0,87720,1253,894,353,354,354,,1,completion_prefix_unverified,False,uncertain_completion,,null,"{""dead"":false,""reason"":""uncertain_completion""}",uncertain_completion
2767.15,3,CHAIN,S3_landing,0.31493213063398806,2767.15,True,12,62640,GRAVITY_SETTLE以外,GRAVITY_SETTLE以外,0,,,,0.0,0,False,,,,0,87720,1253,894,353,354,354,,1,completion_prefix_unverified,False,uncertain_completion,,null,"{""dead"":false,""reason"":""uncertain_completion""}",uncertain_completion
2767.1833333333334,3,CHAIN,S3_landing,0.30112002012212513,2767.1833333333334,True,12,62640,GRAVITY_SETTLE以外,GRAVITY_SETTLE以外,0,,,,0.0,0,False,,,,0,87720,1253,894,353,354,354,,1,completion_prefix_unverified,False,uncertain_completion,,null,"{""dead"":false,""reason"":""uncertain_completion""}",uncertain_completion
2767.2166666666667,3,CHAIN,S3_landing,0.30112002012212513,2767.1833333333334,False,12,62640,GRAVITY_SETTLE以外,GRAVITY_SETTLE以外,0,,,,0.0,0,False,,,,0,87720,1253,894,353,354,354,,1,completion_prefix_unverified,False,uncertain_completion,,null,"{""dead"":false,""reason"":""uncertain_completion""}",uncertain_completion
2767.25,3,CHAIN,S3_landing,0.30112002012212513,2767.1833333333334,False,12,62640,GRAVITY_SETTLE以外,GRAVITY_SETTLE以外,0,,,,0.0,0,False,,,,0,87720,1253,894,353,354,354,,1,completion_prefix_unverified,False,uncertain_completion,,null,"{""dead"":false,""reason"":""uncertain_completion""}",uncertain_completion
2767.2833333333333,3,CHAIN,S3_landing,0.30112002012212513,2767.1833333333334,False,12,62640,GRAVITY_SETTLE以外,GRAVITY_SETTLE以外,0,,,,0.0,0,False,,,,0,87720,1253,894,353,354,354,,1,completion_prefix_unverified,False,uncertain_completion,,null,"{""dead"":false,""reason"":""uncertain_completion""}",uncertain_completion
2767.3166666666666,3,CHAIN,S3_landing,0.30112002012212513,2767.1833333333334,False,12,62640,GRAVITY_SETTLE以外,GRAVITY_SETTLE以外,0,,,,0.0,0,False,,,,0,87720,1253,894,353,354,354,,1,completion_prefix_unverified,False,uncertain_completion,,null,"{""dead"":false,""reason"":""uncertain_completion""}",uncertain_completion
2767.35,3,CHAIN,S3_landing,0.30301438538452163,2767.35,True,12,62640,GRAVITY_SETTLE以外,GRAVITY_SETTLE以外,0,,,,0.0,0,False,,,,0,87720,1253,894,353,354,354,,1,completion_prefix_unverified,False,uncertain_completion,,null,"{""dead"":false,""reason"":""uncertain_completion""}",uncertain_completion
2767.383333333333,3,CHAIN,S3_landing,0.30301438538452163,2767.35,False,12,62640,GRAVITY_SETTLE以外,GRAVITY_SETTLE以外,0,,,,0.0,0,False,,,,0,87720,1253,894,353,354,354,,1,completion_prefix_unverified,False,uncertain_completion,,null,"{""dead"":false,""reason"":""uncertain_completion""}",uncertain_completion
2767.4166666666665,3,CHAIN,S3_landing,0.30301438538452163,2767.35,False,12,62640,GRAVITY_SETTLE以外,GRAVITY_SETTLE以外,0,,,,0.0,0,False,,,,0,87720,1253,894,353,354,354,,1,completion_prefix_unverified,False,uncertain_completion,,null,"{""dead"":false,""reason"":""uncertain_completion""}",uncertain_completion
2767.45,3,CHAIN,S3_landing,0.30301438538452163,2767.35,False,12,62640,GRAVITY_SETTLE以外,GRAVITY_SETTLE以外,0,,,,0.0,0,False,,,,0,87720,1253,894,353,354,354,,1,completion_prefix_unverified,False,uncertain_completion,,null,"{""dead"":false,""reason"":""uncertain_completion""}",uncertain_completion
2767.483333333333,3,CHAIN,S3_landing,0.30301438538452163,2767.35,False,12,62640,GRAVITY_SETTLE以外,GRAVITY_SETTLE以外,0,,,,0.0,0,False,,,,0,87720,1253,894,353,354,354,,1,completion_prefix_unverified,False,uncertain_completion,,null,"{""dead"":false,""reason"":""uncertain_completion""}",uncertain_completion
2767.516666666667,3,CHAIN,S3_landing,0.33573219957418854,2767.516666666667,True,12,62640,GRAVITY_SETTLE以外,GRAVITY_SETTLE以外,0,,,,0.0,0,False,,,,0,87720,1253,894,353,354,354,,1,completion_prefix_unverified,False,uncertain_completion,,null,"{""dead"":false,""reason"":""uncertain_completion""}",uncertain_completion
2767.55,3,CHAIN,S3_landing,0.33573219957418854,2767.516666666667,False,12,62640,GRAVITY_SETTLE以外,GRAVITY_SETTLE以外,0,,,,0.0,0,False,,,,0,87720,1253,894,353,354,354,,1,completion_prefix_unverified,False,uncertain_completion,,null,"{""dead"":false,""reason"":""uncertain_completion""}",uncertain_completion
2767.5833333333335,3,CHAIN,S3_landing,0.33573219957418854,2767.516666666667,False,12,62640,GRAVITY_SETTLE以外,GRAVITY_SETTLE以外,0,,,,0.0,0,False,,,,0,87720,1253,894,353,354,354,,1,completion_prefix_unverified,False,uncertain_completion,,null,"{""dead"":false,""reason"":""uncertain_completion""}",uncertain_completion
2767.616666666667,3,CHAIN,S3_landing,0.33573219957418854,2767.516666666667,False,12,62640,GRAVITY_SETTLE以外,GRAVITY_SETTLE以外,0,,,,0.0,0,False,,,,0,87720,1253,894,353,354,354,,1,completion_prefix_unverified,False,uncertain_completion,,null,"{""dead"":false,""reason"":""uncertain_completion""}",uncertain_completion
2767.65,3,CHAIN,S3_landing,0.33573219957418854,2767.516666666667,False,12,62640,GRAVITY_SETTLE以外,GRAVITY_SETTLE以外,0,,,,0.0,0,False,,,,0,87720,1253,894,353,354,354,,1,completion_prefix_unverified,False,uncertain_completion,,null,"{""dead"":false,""reason"":""uncertain_completion""}",uncertain_completion
2767.6833333333334,3,CHAIN,S3_landing,0.34166846279300933,2767.6833333333334,True,13,75440,GRAVITY_SETTLE以外,GRAVITY_SETTLE以外,0,,,,0.0,0,False,,,,0,87720,1253,1077,171,171,171,,1,completion_prefix_unverified,False,uncertain_completion,,null,"{""dead"":false,""reason"":""uncertain_completion""}",uncertain_completion
2767.7166666666667,3,CHAIN,S3_landing,0.34166846279300933,2767.6833333333334,False,13,75440,GRAVITY_SETTLE以外,GRAVITY_SETTLE以外,0,,,,0.0,0,False,,,,0,87720,1253,1077,171,171,171,,1,completion_prefix_unverified,False,uncertain_completion,,null,"{""dead"":false,""reason"":""uncertain_completion""}",uncertain_completion
2767.75,3,CHAIN,S3_landing,0.34166846279300933,2767.6833333333334,False,13,75440,GRAVITY_SETTLE以外,GRAVITY_SETTLE以外,0,,,,0.0,0,False,,,,0,87720,1253,1077,171,171,171,,1,completion_prefix_unverified,False,uncertain_completion,,null,"{""dead"":false,""reason"":""uncertain_completion""}",uncertain_completion
2767.7833333333333,3,CHAIN,S3_landing,0.34166846279300933,2767.6833333333334,False,13,75440,GRAVITY_SETTLE以外,GRAVITY_SETTLE以外,0,,,,0.0,0,False,,,,0,87720,1253,1077,171,171,171,,1,completion_prefix_unverified,False,uncertain_completion,,null,"{""dead"":false,""reason"":""uncertain_completion""}",uncertain_completion
2767.8166666666666,3,CHAIN,S3_landing,0.34166846279300933,2767.6833333333334,False,13,75440,GRAVITY_SETTLE以外,GRAVITY_SETTLE以外,0,,,,0.0,0,False,,,,0,87720,1253,1077,171,171,171,,1,completion_prefix_unverified,False,uncertain_completion,,null,"{""dead"":false,""reason"":""uncertain_completion""}",uncertain_completion
2767.85,3,CHAIN,S3_landing,0.3292751157302599,2767.85,True,13,75440,GRAVITY_SETTLE以外,GRAVITY_SETTLE以外,0,,,,0.0,0,False,,,,0,87720,1253,1077,171,171,171,,1,completion_prefix_unverified,False,uncertain_completion,,null,"{""dead"":false,""reason"":""uncertain_completion""}",uncertain_completion
2767.883333333333,3,CHAIN,S3_landing,0.31800145070780506,2767.883333333333,True,13,75440,GRAVITY_SETTLE以外,GRAVITY_SETTLE以外,0,,,,0.0,0,False,,,,0,87720,1253,1077,171,171,171,,1,completion_prefix_unverified,False,uncertain_completion,,null,"{""dead"":false,""reason"":""uncertain_completion""}",uncertain_completion
2767.9166666666665,3,CHAIN,S3_landing,0.3408512888038423,2767.9166666666665,True,13,75440,GRAVITY_SETTLE以外,GRAVITY_SETTLE以外,0,,,,0.0,0,False,,,,0,87720,1253,1077,171,171,171,,1,completion_prefix_unverified,False,uncertain_completion,,null,"{""dead"":false,""reason"":""uncertain_completion""}",uncertain_completion
2767.95,3,CHAIN,S3_landing,0.3413735344401704,2767.95,True,13,75440,GRAVITY_SETTLE以外,GRAVITY_SETTLE以外,0,,,,0.0,0,False,,,,0,87720,1253,1077,171,171,171,,1,completion_prefix_unverified,False,uncertain_completion,,null,"{""dead"":false,""reason"":""uncertain_completion""}",uncertain_completion
2767.983333333333,3,CHAIN,S3_landing,0.3413735344401704,2767.95,False,13,75440,GRAVITY_SETTLE以外,GRAVITY_SETTLE以外,0,,,,0.0,0,False,,,,0,87720,1253,1077,171,171,171,,1,completion_prefix_unverified,False,uncertain_completion,,null,"{""dead"":false,""reason"":""uncertain_completion""}",uncertain_completion
2768.016666666667,3,CHAIN,S3_landing,0.3413735344401704,2767.95,False,13,75440,GRAVITY_SETTLE以外,GRAVITY_SETTLE以外,0,,,,0.0,0,False,,,,0,87720,1253,1077,171,171,171,,1,completion_prefix_unverified,False,uncertain_completion,,null,"{""dead"":false,""reason"":""uncertain_completion""}",uncertain_completion
2768.05,3,CHAIN,S3_landing,0.362610044381631,2768.05,True,13,75440,GRAVITY_SETTLE以外,GRAVITY_SETTLE以外,0,,,,0.0,0,False,,,,0,87720,1253,1077,171,171,171,,1,completion_prefix_unverified,False,uncertain_completion,,null,"{""dead"":false,""reason"":""uncertain_completion""}",uncertain_completion
2768.0833333333335,3,CHAIN,S3_landing,0.362610044381631,2768.05,False,13,75440,GRAVITY_SETTLE以外,GRAVITY_SETTLE以外,0,,,,0.0,0,False,,,,0,87720,1253,1077,171,171,171,,1,completion_prefix_unverified,False,uncertain_completion,,null,"{""dead"":false,""reason"":""uncertain_completion""}",uncertain_completion
2768.116666666667,3,CHAIN,S3_landing,0.362610044381631,2768.05,False,13,75440,GRAVITY_SETTLE以外,GRAVITY_SETTLE以外,0,,,,0.0,0,False,,,,0,87720,1253,1077,171,171,171,,1,completion_prefix_unverified,False,uncertain_completion,,null,"{""dead"":false,""reason"":""uncertain_completion""}",uncertain_completion
2768.15,3,CHAIN,S3_landing,0.362610044381631,2768.05,False,13,75440,GRAVITY_SETTLE以外,GRAVITY_SETTLE以外,0,,,,0.0,0,False,,,,0,87720,1253,1077,171,171,171,,1,completion_prefix_unverified,False,uncertain_completion,,null,"{""dead"":false,""reason"":""uncertain_completion""}",uncertain_completion
2768.1833333333334,3,CHAIN,S3_landing,0.362610044381631,2768.05,False,13,75440,GRAVITY_SETTLE以外,GRAVITY_SETTLE以外,0,,,,0.0,0,False,,,,0,87720,1253,1077,171,171,171,,1,completion_prefix_unverified,False,uncertain_completion,,null,"{""dead"":false,""reason"":""uncertain_completion""}",uncertain_completion
2768.2166666666667,3,CHAIN,S3_landing,0.362610044381631,2768.05,False,13,75440,GRAVITY_SETTLE以外,GRAVITY_SETTLE以外,0,,,,0.0,0,False,,,,0,87720,1253,1077,171,171,171,,1,completion_prefix_unverified,False,uncertain_completion,,null,"{""dead"":false,""reason"":""uncertain_completion""}",uncertain_completion
2768.25,3,CHAIN,S3_landing,0.362610044381631,2768.05,False,13,75440,GRAVITY_SETTLE以外,GRAVITY_SETTLE以外,0,,,,0.0,0,False,,,,0,87720,1253,1077,171,171,171,,1,completion_prefix_unverified,False,uncertain_completion,,null,"{""dead"":false,""reason"":""uncertain_completion""}",uncertain_completion
2768.2833333333333,3,CHAIN,S3_landing,0.362610044381631,2768.05,False,13,75440,GRAVITY_SETTLE以外,GRAVITY_SETTLE以外,0,,,,0.0,0,False,,,,0,87720,1253,1077,171,171,171,,1,completion_prefix_unverified,False,uncertain_completion,,null,"{""dead"":false,""reason"":""uncertain_completion""}",uncertain_completion
2768.3166666666666,3,CHAIN,S3_landing,0.362610044381631,2768.05,False,13,75440,GRAVITY_SETTLE以外,GRAVITY_SETTLE以外,0,,,,0.0,0,False,,,,0,87720,1253,1077,171,171,171,,1,completion_prefix_unverified,False,uncertain_completion,,null,"{""dead"":false,""reason"":""uncertain_completion""}",uncertain_completion
2768.35,3,CHAIN,S3_landing,0.35645678749511556,2768.35,True,13,75440,GRAVITY_SETTLE以外,GRAVITY_SETTLE以外,0,,,,0.0,0,False,,,,0,87720,1253,1077,171,171,171,,1,completion_prefix_unverified,False,uncertain_completion,,null,"{""dead"":false,""reason"":""uncertain_completion""}",uncertain_completion
2768.383333333333,3,CHAIN,S3_landing,0.35645678749511556,2768.35,False,13,75440,GRAVITY_SETTLE以外,GRAVITY_SETTLE以外,0,,,,0.0,0,False,,,,0,87720,1253,1077,171,171,171,,1,completion_prefix_unverified,False,uncertain_completion,,null,"{""dead"":false,""reason"":""uncertain_completion""}",uncertain_completion
2768.4166666666665,3,CHAIN,S3_landing,0.35645678749511556,2768.35,False,13,75440,GRAVITY_SETTLE以外,GRAVITY_SETTLE以外,0,,,,0.0,0,False,,,,0,87720,1253,1077,171,171,171,,1,completion_prefix_unverified,False,uncertain_completion,,null,"{""dead"":false,""reason"":""uncertain_completion""}",uncertain_completion
2768.45,3,CHAIN,S3_landing,0.35645678749511556,2768.35,False,13,75440,GRAVITY_SETTLE以外,GRAVITY_SETTLE以外,0,,,,0.0,0,False,,,,0,87720,1253,1077,171,171,171,,1,completion_prefix_unverified,False,uncertain_completion,,null,"{""dead"":false,""reason"":""uncertain_completion""}",uncertain_completion
2768.483333333333,3,CHAIN,S3_landing,0.35645678749511556,2768.35,False,13,75440,GRAVITY_SETTLE以外,GRAVITY_SETTLE以外,0,,,,0.0,0,False,,,,0,87720,1253,1077,171,171,171,,1,completion_prefix_unverified,False,uncertain_completion,,null,"{""dead"":false,""reason"":""uncertain_completion""}",uncertain_completion
2768.516666666667,3,CHAIN,S3_landing,0.35645678749511556,2768.35,False,13,75440,GRAVITY_SETTLE以外,GRAVITY_SETTLE以外,0,,,,0.0,0,False,,,,0,87720,1253,1077,171,171,171,,1,completion_prefix_unverified,False,uncertain_completion,,null,"{""dead"":false,""reason"":""uncertain_completion""}",uncertain_completion
2768.55,3,CHAIN,S3_landing,0.35645678749511556,2768.35,False,13,75440,GRAVITY_SETTLE以外,GRAVITY_SETTLE以外,0,,,,0.0,0,False,,,,0,87720,1253,1077,171,171,171,,1,completion_prefix_unverified,False,uncertain_completion,,null,"{""dead"":false,""reason"":""uncertain_completion""}",uncertain_completion
2768.5833333333335,3,CHAIN,S3_landing,0.35645678749511556,2768.35,False,13,75440,GRAVITY_SETTLE以外,GRAVITY_SETTLE以外,0,,,,0.0,0,False,,,,0,87720,1253,1077,171,171,171,,1,completion_prefix_unverified,False,uncertain_completion,,null,"{""dead"":false,""reason"":""uncertain_completion""}",uncertain_completion
2768.616666666667,3,CHAIN,S3_landing,0.35645678749511556,2768.35,False,13,75440,GRAVITY_SETTLE以外,GRAVITY_SETTLE以外,0,,,,0.0,0,False,,,,0,87720,1253,1077,171,171,171,,1,completion_prefix_unverified,False,uncertain_completion,,null,"{""dead"":false,""reason"":""uncertain_completion""}",uncertain_completion
2768.65,3,CHAIN,S3_landing,0.3366518844239623,2768.65,True,13,75440,GRAVITY_SETTLE以外,GRAVITY_SETTLE以外,0,,,,0.0,0,False,,,,0,87720,1253,1077,171,171,171,,1,completion_prefix_unverified,False,uncertain_completion,,null,"{""dead"":false,""reason"":""uncertain_completion""}",uncertain_completion
2768.6833333333334,3,CHAIN,S3_landing,0.3261885205693442,2768.6833333333334,True,13,75440,GRAVITY_SETTLE以外,GRAVITY_SETTLE以外,0,,,,0.0,0,False,,,,0,87720,1253,1077,171,171,171,,1,completion_prefix_unverified,False,uncertain_completion,,null,"{""dead"":false,""reason"":""uncertain_completion""}",uncertain_completion
2768.7166666666667,3,CHAIN,S3_landing,0.3375821237569798,2768.7166666666667,True,13,75440,GRAVITY_SETTLE以外,GRAVITY_SETTLE以外,0,,,,0.0,0,False,,,,0,87720,1253,1077,171,171,171,,1,completion_prefix_unverified,False,uncertain_completion,,null,"{""dead"":false,""reason"":""uncertain_completion""}",uncertain_completion
2768.75,3,CHAIN,S3_landing,0.33007002468146185,2768.75,True,13,75440,GRAVITY_SETTLE以外,GRAVITY_SETTLE以外,0,,,,0.0,0,False,,,,0,87720,1253,1077,171,171,171,,1,completion_prefix_unverified,False,uncertain_completion,,null,"{""dead"":false,""reason"":""uncertain_completion""}",uncertain_completion
2768.7833333333333,3,CHAIN,S3_landing,0.33007002468146185,2768.75,False,13,75440,GRAVITY_SETTLE以外,GRAVITY_SETTLE以外,0,,,,0.0,0,False,,,,0,87720,1253,1077,171,171,171,,1,completion_prefix_unverified,False,uncertain_completion,,null,"{""dead"":false,""reason"":""uncertain_completion""}",uncertain_completion
2768.8166666666666,3,CHAIN,S3_landing,0.33007002468146185,2768.75,False,13,75440,GRAVITY_SETTLE以外,GRAVITY_SETTLE以外,0,,,,0.0,0,False,,,,0,87720,1253,1077,171,171,171,,1,completion_prefix_unverified,False,uncertain_completion,,null,"{""dead"":false,""reason"":""uncertain_completion""}",uncertain_completion
2768.85,3,CHAIN,S3_landing,0.33007002468146185,2768.75,False,13,75440,GRAVITY_SETTLE以外,GRAVITY_SETTLE以外,0,,,,0.0,0,False,,,,0,87720,1253,1077,171,171,171,,1,completion_prefix_unverified,False,uncertain_completion,,null,"{""dead"":false,""reason"":""uncertain_completion""}",uncertain_completion
2768.883333333333,3,CHAIN,S3_landing,0.3951107727069313,2768.883333333333,True,13,75440,GRAVITY_SETTLE以外,GRAVITY_SETTLE以外,0,,,,0.0,0,False,,,,0,87720,1253,1077,171,171,171,,1,completion_prefix_unverified,False,uncertain_completion,,null,"{""dead"":false,""reason"":""uncertain_completion""}",uncertain_completion
2768.9166666666665,3,CHAIN,S3_landing,0.3951107727069313,2768.883333333333,False,13,75440,GRAVITY_SETTLE以外,GRAVITY_SETTLE以外,0,,,,0.0,0,False,,,,0,87720,1253,1077,171,171,171,,1,completion_prefix_unverified,False,uncertain_completion,,null,"{""dead"":false,""reason"":""uncertain_completion""}",uncertain_completion
2768.95,3,CHAIN,S3_landing,0.3951107727069313,2768.883333333333,False,13,75440,GRAVITY_SETTLE以外,GRAVITY_SETTLE以外,0,,,,0.0,0,False,,,,0,87720,1253,1077,171,171,171,,1,completion_prefix_unverified,False,uncertain_completion,,null,"{""dead"":false,""reason"":""uncertain_completion""}",uncertain_completion
2768.983333333333,3,CHAIN,S3_landing,0.3951107727069313,2768.883333333333,False,13,75440,GRAVITY_SETTLE以外,GRAVITY_SETTLE以外,0,,,,0.0,0,False,,,,0,87720,1253,1077,171,171,171,,1,completion_prefix_unverified,False,uncertain_completion,,null,"{""dead"":false,""reason"":""uncertain_completion""}",uncertain_completion
2769.016666666667,3,CHAIN,S3_landing,0.3951107727069313,2768.883333333333,False,13,75440,GRAVITY_SETTLE以外,GRAVITY_SETTLE以外,0,,,,0.0,0,False,,,,0,87720,1253,1077,171,171,171,,1,completion_prefix_unverified,False,uncertain_completion,,null,"{""dead"":false,""reason"":""uncertain_completion""}",uncertain_completion
2769.05,3,CHAIN,S3_landing,0.3951107727069313,2768.883333333333,False,13,75440,GRAVITY_SETTLE以外,GRAVITY_SETTLE以外,0,,,,0.0,0,False,,,,0,87720,1253,1077,171,171,171,,1,completion_prefix_unverified,False,uncertain_completion,,null,"{""dead"":false,""reason"":""uncertain_completion""}",uncertain_completion
2769.0833333333335,3,CHAIN,S3_landing,0.3951107727069313,2768.883333333333,False,13,75440,GRAVITY_SETTLE以外,GRAVITY_SETTLE以外,0,,,,0.0,0,False,,,,0,87720,1253,1077,171,171,171,,1,completion_prefix_unverified,False,uncertain_completion,,null,"{""dead"":false,""reason"":""uncertain_completion""}",uncertain_completion
2769.116666666667,3,CHAIN,S3_landing,0.3951107727069313,2768.883333333333,False,13,75440,GRAVITY_SETTLE以外,GRAVITY_SETTLE以外,0,,,,0.0,0,False,,,,0,87720,1253,1077,171,171,171,,1,completion_prefix_unverified,False,uncertain_completion,,null,"{""dead"":false,""reason"":""uncertain_completion""}",uncertain_completion
2769.15,3,CHAIN,S3_landing,0.3951107727069313,2768.883333333333,False,13,75440,GRAVITY_SETTLE以外,GRAVITY_SETTLE以外,0,,,,0.0,0,False,,,,0,87720,1253,1077,171,171,171,,1,completion_prefix_unverified,False,uncertain_completion,,null,"{""dead"":false,""reason"":""uncertain_completion""}",uncertain_completion
2769.1833333333334,3,CHAIN,S3_landing,0.3951107727069313,2768.883333333333,False,13,75440,GRAVITY_SETTLE以外,GRAVITY_SETTLE以外,0,,,,0.0,0,False,,,,0,87720,1253,1077,171,171,171,,1,completion_prefix_unverified,False,uncertain_completion,,null,"{""dead"":false,""reason"":""uncertain_completion""}",uncertain_completion
2769.2166666666667,3,CHAIN,S3_landing,0.3951107727069313,2768.883333333333,False,13,75440,GRAVITY_SETTLE以外,GRAVITY_SETTLE以外,0,,,,0.0,0,False,,,,0,87720,1253,1077,171,171,171,,1,completion_prefix_unverified,False,uncertain_completion,,null,"{""dead"":false,""reason"":""uncertain_completion""}",uncertain_completion
2769.25,3,CHAIN,S3_landing,0.3951107727069313,2768.883333333333,False,13,75440,GRAVITY_SETTLE以外,GRAVITY_SETTLE以外,0,,,,0.0,0,False,,,,0,87720,1253,1077,171,171,171,,1,completion_prefix_unverified,False,uncertain_completion,,null,"{""dead"":false,""reason"":""uncertain_completion""}",uncertain_completion
2769.2833333333333,3,CHAIN,S3_landing,0.3951107727069313,2768.883333333333,False,13,75440,GRAVITY_SETTLE以外,GRAVITY_SETTLE以外,0,,,,0.0,0,False,,,,0,87720,1253,1077,171,171,171,,1,completion_prefix_unverified,False,uncertain_completion,,null,"{""dead"":false,""reason"":""uncertain_completion""}",uncertain_completion
2769.3166666666666,3,CHAIN,S3_landing,0.4029543916575631,2769.3166666666666,True,13,75440,GRAVITY_SETTLE以外,GRAVITY_SETTLE以外,0,,,,0.0,0,False,,,,0,87720,1253,1077,171,171,171,,1,completion_prefix_unverified,False,uncertain_completion,,null,"{""dead"":false,""reason"":""uncertain_completion""}",uncertain_completion
2769.35,3,CHAIN,S3_landing,0.4029543916575631,2769.3166666666666,False,13,75440,GRAVITY_SETTLE以外,GRAVITY_SETTLE以外,0,,,,0.0,0,False,,,,0,87720,1253,1077,171,171,171,,1,completion_prefix_unverified,False,uncertain_completion,,null,"{""dead"":false,""reason"":""uncertain_completion""}",uncertain_completion
2769.383333333333,3,CHAIN,S3_landing,0.3935561650466981,2769.383333333333,True,13,75440,GRAVITY_SETTLE以外,GRAVITY_SETTLE以外,0,,,,0.0,0,False,,,,0,87720,1253,1077,171,171,171,,1,completion_prefix_unverified,False,uncertain_completion,,null,"{""dead"":false,""reason"":""uncertain_completion""}",uncertain_completion
2769.4166666666665,3,CHAIN,S3_landing,0.3935561650466981,2769.383333333333,False,13,75440,GRAVITY_SETTLE以外,GRAVITY_SETTLE以外,0,,,,0.0,0,False,,,,0,87720,1253,1077,171,171,171,,1,completion_prefix_unverified,False,uncertain_completion,,null,"{""dead"":false,""reason"":""uncertain_completion""}",uncertain_completion
2769.45,3,CHAIN,S3_landing,0.3935561650466981,2769.383333333333,False,13,75440,GRAVITY_SETTLE以外,GRAVITY_SETTLE以外,0,,,,0.0,0,False,,,,0,87720,1253,1077,171,171,171,,1,completion_prefix_unverified,False,uncertain_completion,,null,"{""dead"":false,""reason"":""uncertain_completion""}",uncertain_completion
2769.483333333333,3,CHAIN,S3_landing,0.3935561650466981,2769.383333333333,False,13,75440,GRAVITY_SETTLE以外,GRAVITY_SETTLE以外,0,,,,0.0,0,False,,,,0,87720,1253,1077,171,171,171,,1,completion_prefix_unverified,False,uncertain_completion,,null,"{""dead"":false,""reason"":""uncertain_completion""}",uncertain_completion
2769.516666666667,3,CHAIN,S3_landing,0.3935561650466981,2769.383333333333,False,13,75440,GRAVITY_SETTLE以外,GRAVITY_SETTLE以外,0,,,,0.0,0,False,,,,0,87720,1253,1077,171,171,171,,1,completion_prefix_unverified,False,uncertain_completion,,null,"{""dead"":false,""reason"":""uncertain_completion""}",uncertain_completion
2769.55,3,CHAIN,S3_landing,0.3935561650466981,2769.383333333333,False,13,75440,GRAVITY_SETTLE以外,GRAVITY_SETTLE以外,0,,,,0.0,0,False,,,,0,87720,1253,1077,171,171,171,,1,completion_prefix_unverified,False,uncertain_completion,,null,"{""dead"":false,""reason"":""uncertain_completion""}",uncertain_completion
2769.5833333333335,3,CHAIN,S3_landing,0.3935561650466981,2769.383333333333,False,13,75440,GRAVITY_SETTLE以外,GRAVITY_SETTLE以外,0,,,,0.0,0,False,,,,0,87720,1253,1077,171,171,171,,1,completion_prefix_unverified,False,uncertain_completion,,null,"{""dead"":false,""reason"":""uncertain_completion""}",uncertain_completion
2769.616666666667,3,CHAIN,S3_landing,0.3935561650466981,2769.383333333333,False,13,75440,GRAVITY_SETTLE以外,GRAVITY_SETTLE以外,0,,,,0.0,0,False,,,,0,87720,1253,1077,171,171,171,,1,completion_prefix_unverified,False,uncertain_completion,,null,"{""dead"":false,""reason"":""uncertain_completion""}",uncertain_completion
2769.65,3,CHAIN,S3_landing,0.3935561650466981,2769.383333333333,False,13,75440,GRAVITY_SETTLE以外,GRAVITY_SETTLE以外,0,,,,0.0,0,False,,,,0,87720,1253,1077,171,171,171,,1,completion_prefix_unverified,False,uncertain_completion,,null,"{""dead"":false,""reason"":""uncertain_completion""}",uncertain_completion
2769.6833333333334,3,CHAIN,S3_landing,0.3935561650466981,2769.383333333333,False,13,75440,GRAVITY_SETTLE以外,GRAVITY_SETTLE以外,0,,,,0.0,0,False,,,,0,87720,1253,1077,171,171,171,,1,completion_prefix_unverified,False,uncertain_completion,,null,"{""dead"":false,""reason"":""uncertain_completion""}",uncertain_completion
2769.7166666666667,3,CHAIN,S3_landing,0.37749207551233555,2769.7166666666667,True,13,75440,GRAVITY_SETTLE以外,GRAVITY_SETTLE以外,0,,,,0.0,0,False,,,,0,87720,1253,1077,171,171,171,,1,completion_prefix_unverified,False,uncertain_completion,,null,"{""dead"":false,""reason"":""uncertain_completion""}",uncertain_completion
2769.75,3,CHAIN,S3_landing,0.3734511748021535,2769.75,True,13,75440,GRAVITY_SETTLE以外,GRAVITY_SETTLE以外,0,,,,0.0,0,False,,,,0,87720,1253,1077,171,171,171,,1,completion_prefix_unverified,False,uncertain_completion,,null,"{""dead"":false,""reason"":""uncertain_completion""}",uncertain_completion
2769.7833333333333,3,CHAIN,S3_landing,0.3837502746211242,2769.7833333333333,True,13,75440,GRAVITY_SETTLE以外,GRAVITY_SETTLE以外,0,,,,0.0,0,False,,,,0,87720,1253,1077,171,171,171,,1,completion_prefix_unverified,False,uncertain_completion,,null,"{""dead"":false,""reason"":""uncertain_completion""}",uncertain_completion
2769.8166666666666,3,CHAIN,S3_landing,0.40959604558068563,2769.8166666666666,True,13,75440,GRAVITY_SETTLE以外,GRAVITY_SETTLE以外,0,,,,0.0,0,False,,,,0,87720,1253,1077,171,171,171,,1,completion_prefix_unverified,False,uncertain_completion,,null,"{""dead"":false,""reason"":""uncertain_completion""}",uncertain_completion
2769.85,3,CHAIN,S3_landing,0.40959604558068563,2769.8166666666666,False,13,75440,GRAVITY_SETTLE以外,GRAVITY_SETTLE以外,0,,,,0.0,0,False,,,,0,87720,1253,1077,171,171,171,,1,completion_prefix_unverified,False,uncertain_completion,,null,"{""dead"":false,""reason"":""uncertain_completion""}",uncertain_completion
2769.883333333333,3,CHAIN,S3_landing,0.40959604558068563,2769.8166666666666,False,13,75440,GRAVITY_SETTLE以外,GRAVITY_SETTLE以外,0,,,,0.0,0,False,,,,0,87720,1253,1077,171,171,171,,1,completion_prefix_unverified,False,uncertain_completion,,null,"{""dead"":false,""reason"":""uncertain_completion""}",uncertain_completion
2769.9166666666665,3,CHAIN,S3_landing,0.40959604558068563,2769.8166666666666,False,13,75440,GRAVITY_SETTLE以外,GRAVITY_SETTLE以外,0,,,,0.0,0,False,,,,0,87720,1253,1077,171,171,171,,1,completion_prefix_unverified,False,uncertain_completion,,null,"{""dead"":false,""reason"":""uncertain_completion""}",uncertain_completion
2769.95,3,CHAIN,S3_landing,0.3885698878958235,2769.95,True,13,75440,GRAVITY_SETTLE以外,GRAVITY_SETTLE以外,0,,,,0.0,0,False,,,,0,87720,1253,1077,171,171,171,,1,completion_prefix_unverified,False,uncertain_completion,,null,"{""dead"":false,""reason"":""uncertain_completion""}",uncertain_completion
2769.983333333333,3,CHAIN,S3_landing,0.3885698878958235,2769.95,False,13,75440,GRAVITY_SETTLE以外,GRAVITY_SETTLE以外,0,,,,0.0,0,False,,,,0,87720,1253,1077,171,171,171,,1,completion_prefix_unverified,False,uncertain_completion,,null,"{""dead"":false,""reason"":""uncertain_completion""}",uncertain_completion
2770.016666666667,3,CHAIN,S3_landing,0.3885698878958235,2769.95,False,13,75440,GRAVITY_SETTLE以外,GRAVITY_SETTLE以外,0,,,,0.0,0,False,,,,0,87720,1253,1077,171,171,171,,1,completion_prefix_unverified,False,uncertain_completion,,null,"{""dead"":false,""reason"":""uncertain_completion""}",uncertain_completion
2770.05,3,CHAIN,S3_landing,0.3885698878958235,2769.95,False,13,75440,GRAVITY_SETTLE以外,GRAVITY_SETTLE以外,0,,,,0.0,0,False,,,,0,87720,1253,1077,171,171,171,,1,completion_prefix_unverified,False,uncertain_completion,,null,"{""dead"":false,""reason"":""uncertain_completion""}",uncertain_completion
2770.0833333333335,3,CHAIN,S3_landing,0.3885698878958235,2769.95,False,13,75440,GRAVITY_SETTLE以外,GRAVITY_SETTLE以外,0,,,,0.0,0,False,,,,0,87720,1253,1077,171,171,171,,1,completion_prefix_unverified,False,uncertain_completion,,null,"{""dead"":false,""reason"":""uncertain_completion""}",uncertain_completion
2770.116666666667,3,CHAIN,S3_landing,0.3885698878958235,2769.95,False,13,75440,GRAVITY_SETTLE以外,GRAVITY_SETTLE以外,0,,,,0.0,0,False,,,,0,87720,1253,1077,171,171,171,,1,completion_prefix_unverified,False,uncertain_completion,,null,"{""dead"":false,""reason"":""uncertain_completion""}",uncertain_completion
2770.15,3,GRAVITY_SETTLE,S3_landing,0.3885698878958235,2769.95,False,13,75440,隠し段UNKNOWN,同一落ち切り盤面が1観測のみ（必要2）,1,1,0,False,0.0,0,False,,,,0,87720,1253,1077,171,171,171,,1,completion_prefix_unverified,False,uncertain_completion,,null,"{""dead"":false,""reason"":""uncertain_completion""}",uncertain_completion
2770.1833333333334,3,STABLE,S3_landing,0.25972956259638125,2770.1833333333334,True,13,75440,GRAVITY_SETTLE以外,GRAVITY_SETTLE以外,0,,,,0.0,0,False,,,,0,87720,1253,1077,171,171,171,,1,completion_prefix_unverified,False,uncertain_completion,,null,"{""dead"":false,""reason"":""uncertain_completion""}",uncertain_completion
2770.2166666666667,3,STABLE,S3_landing,0.25972956259638125,2770.1833333333334,False,8,75440,GRAVITY_SETTLE以外,GRAVITY_SETTLE以外,0,,,,0.0,0,False,,,,0,87720,1253,1077,171,171,171,,1,completion_prefix_unverified,False,uncertain_completion,,null,"{""dead"":false,""reason"":""uncertain_completion""}",uncertain_completion
2770.25,3,OJAMA_FALL,S3_landing,0.25972956259638125,2770.1833333333334,False,8,75440,GRAVITY_SETTLE以外,GRAVITY_SETTLE以外,0,,,,0.0,0,False,,,,0,87720,1253,1077,171,171,171,,1,completion_prefix_unverified,False,uncertain_completion,,null,"{""dead"":false,""reason"":""uncertain_completion""}",uncertain_completion
2770.2833333333333,3,OJAMA_FALL,S3_landing,0.25972956259638125,2770.1833333333334,False,8,75440,GRAVITY_SETTLE以外,GRAVITY_SETTLE以外,0,,,,0.0,0,False,,,,0,87720,1253,1077,171,171,171,,1,completion_prefix_unverified,False,uncertain_completion,,null,"{""dead"":false,""reason"":""uncertain_completion""}",uncertain_completion
2770.3166666666666,3,OJAMA_FALL,S3_landing,0.25972956259638125,2770.1833333333334,False,8,75440,GRAVITY_SETTLE以外,GRAVITY_SETTLE以外,0,,,,0.0,0,False,,,,0,87720,1253,1077,171,171,171,,1,completion_prefix_unverified,False,uncertain_completion,,null,"{""dead"":false,""reason"":""uncertain_completion""}",uncertain_completion
2770.35,3,STABLE,S3_landing,0.34773272448308046,2770.35,True,8,75440,GRAVITY_SETTLE以外,GRAVITY_SETTLE以外,0,,,,0.0,0,False,,,,0,87720,1253,1077,171,171,171,,1,completion_prefix_unverified,False,uncertain_completion,,null,"{""dead"":false,""reason"":""uncertain_completion""}",uncertain_completion
2770.383333333333,3,STABLE,S3_landing,0.297815024520105,2770.383333333333,True,8,75440,GRAVITY_SETTLE以外,GRAVITY_SETTLE以外,0,,,,0.0,0,False,,,,0,87720,1253,1077,171,171,171,,1,completion_prefix_unverified,False,uncertain_completion,,null,"{""dead"":false,""reason"":""uncertain_completion""}",uncertain_completion
2770.4166666666665,3,STABLE,S3_landing,0.08716545119304997,2770.4166666666665,True,8,75440,GRAVITY_SETTLE以外,GRAVITY_SETTLE以外,0,,,,0.0,0,False,,,,0,87720,1253,1077,171,171,171,,1,completion_prefix_unverified,False,uncertain_completion,,null,"{""dead"":false,""reason"":""uncertain_completion""}",uncertain_completion
2770.45,3,STABLE,S3_landing,0.09221114321941226,2770.45,True,8,75440,GRAVITY_SETTLE以外,GRAVITY_SETTLE以外,0,,,,0.0,0,False,,,,0,87720,1253,1077,171,171,171,,1,completion_prefix_unverified,False,uncertain_completion,,null,"{""dead"":false,""reason"":""uncertain_completion""}",uncertain_completion
2770.483333333333,3,STABLE,S3_landing,0.09221114321941226,2770.45,False,8,75440,GRAVITY_SETTLE以外,GRAVITY_SETTLE以外,0,,,,0.0,0,False,,,,0,87720,1253,1077,171,171,171,,1,completion_prefix_unverified,False,uncertain_completion,,null,"{""dead"":false,""reason"":""uncertain_completion""}",uncertain_completion
2770.516666666667,3,STABLE,S3_landing,0.09221114321941226,2770.45,False,8,75440,GRAVITY_SETTLE以外,GRAVITY_SETTLE以外,0,,,,0.0,0,False,,,,0,87720,1253,1077,171,171,171,,1,completion_prefix_unverified,False,uncertain_completion,,null,"{""dead"":false,""reason"":""uncertain_completion""}",uncertain_completion
2770.55,3,STABLE,S3_landing,0.09221114321941226,2770.45,False,8,75440,GRAVITY_SETTLE以外,GRAVITY_SETTLE以外,0,,,,0.0,0,False,,,,0,87720,1253,1077,171,171,171,,1,completion_prefix_unverified,False,uncertain_completion,,null,"{""dead"":false,""reason"":""uncertain_completion""}",uncertain_completion
2770.5833333333335,3,STABLE,S3_landing,0.12291512813406291,2770.5833333333335,True,8,75440,GRAVITY_SETTLE以外,GRAVITY_SETTLE以外,0,,,,0.0,0,False,,,,0,87720,1253,1077,171,171,171,,1,completion_prefix_unverified,False,uncertain_completion,,null,"{""dead"":false,""reason"":""uncertain_completion""}",uncertain_completion
2770.616666666667,3,STABLE,S3_landing,0.08462652239333635,2770.616666666667,True,8,75440,GRAVITY_SETTLE以外,GRAVITY_SETTLE以外,0,,,,0.0,0,True,,,,0,87720,1253,1077,171,171,171,,1,board_unsettled,False,board_unsettled,,null,"{""dead"":false,""reason"":""board_unsettled""}",board_unsettled
2770.65,3,STABLE,S3_landing,0.09963077018395572,2770.65,True,8,75440,GRAVITY_SETTLE以外,GRAVITY_SETTLE以外,0,,,,0.0,0,True,,,,0,87720,1253,1077,171,171,171,,1,board_unsettled,False,board_unsettled,,null,"{""dead"":false,""reason"":""board_unsettled""}",board_unsettled
2770.6833333333334,3,STABLE,S3_landing,0.09409374647500934,2770.6833333333334,True,8,75440,GRAVITY_SETTLE以外,GRAVITY_SETTLE以外,0,,,,0.0,0,True,,,,0,87720,1253,1077,171,171,171,,1,board_unsettled,False,board_unsettled,,null,"{""dead"":false,""reason"":""board_unsettled""}",board_unsettled
2770.7166666666667,3,STABLE,G_fe,0.10072612505183076,2770.6833333333334,False,8,,GRAVITY_SETTLE以外,GRAVITY_SETTLE以外,0,,,,,,True,,,,0,,,,171,171,171,,1,board_unsettled,False,board_unsettled,,null,"{""dead"":false,""reason"":""board_unsettled""}",交換終了・死亡保持なしのため着弾評価を再実行せず通常評価
2770.75,3,STABLE,G_fe,0.10072612505183076,2770.6833333333334,False,8,,GRAVITY_SETTLE以外,GRAVITY_SETTLE以外,0,,,,,,True,,,,0,,,,171,171,171,,1,board_unsettled,False,board_unsettled,,null,"{""dead"":false,""reason"":""board_unsettled""}",交換終了・死亡保持なしのため着弾評価を再実行せず通常評価
2770.7833333333333,3,STABLE,G_fe,0.10072612505183076,2770.6833333333334,False,8,,GRAVITY_SETTLE以外,GRAVITY_SETTLE以外,0,,,,,,True,,,,0,,,,171,171,171,,1,board_unsettled,False,board_unsettled,,null,"{""dead"":false,""reason"":""board_unsettled""}",交換終了・死亡保持なしのため着弾評価を再実行せず通常評価
2770.8166666666666,3,STABLE,G_fe,0.0931777615505961,2770.6833333333334,False,8,,GRAVITY_SETTLE以外,GRAVITY_SETTLE以外,0,,,,,,True,,,,0,,,,171,171,171,,1,board_unsettled,False,board_unsettled,,null,"{""dead"":false,""reason"":""board_unsettled""}",交換終了・死亡保持なしのため着弾評価を再実行せず通常評価
2770.85,3,STABLE,G_fe,0.0743519771079093,2770.6833333333334,False,8,,GRAVITY_SETTLE以外,GRAVITY_SETTLE以外,0,,,,,,True,,,,0,,,,171,171,171,,1,board_unsettled,False,board_unsettled,,null,"{""dead"":false,""reason"":""board_unsettled""}",交換終了・死亡保持なしのため着弾評価を再実行せず通常評価
2770.883333333333,3,STABLE,G_fe,0.0743519771079093,2770.6833333333334,False,8,,GRAVITY_SETTLE以外,GRAVITY_SETTLE以外,0,,,,,,True,,,,0,,,,171,171,171,,1,board_unsettled,False,board_unsettled,,null,"{""dead"":false,""reason"":""board_unsettled""}",交換終了・死亡保持なしのため着弾評価を再実行せず通常評価
2770.9166666666665,3,STABLE,G_fe,0.0743519771079093,2770.6833333333334,False,8,,GRAVITY_SETTLE以外,GRAVITY_SETTLE以外,0,,,,,,True,,,,0,,,,171,171,171,,1,board_unsettled,False,board_unsettled,,null,"{""dead"":false,""reason"":""board_unsettled""}",交換終了・死亡保持なしのため着弾評価を再実行せず通常評価
2770.95,3,STABLE,G_fe,0.0743519771079093,2770.6833333333334,False,8,,GRAVITY_SETTLE以外,GRAVITY_SETTLE以外,0,,,,,,True,,,,0,,,,171,171,171,,1,board_unsettled,False,board_unsettled,,null,"{""dead"":false,""reason"":""board_unsettled""}",交換終了・死亡保持なしのため着弾評価を再実行せず通常評価
2770.983333333333,3,STABLE,G_fe,0.0743519771079093,2770.6833333333334,False,8,,GRAVITY_SETTLE以外,GRAVITY_SETTLE以外,0,,,,,,True,,,,0,,,,171,171,171,,1,board_unsettled,False,board_unsettled,,null,"{""dead"":false,""reason"":""board_unsettled""}",交換終了・死亡保持なしのため着弾評価を再実行せず通常評価
2771.016666666667,3,STABLE,G_fe,0.0743519771079093,2770.6833333333334,False,8,,GRAVITY_SETTLE以外,GRAVITY_SETTLE以外,0,,,,,,True,,,,0,,,,171,171,171,,1,,False,board_unsettled,,null,"{""dead"":false,""reason"":""board_unsettled""}",交換終了・死亡保持なしのため着弾評価を再実行せず通常評価
2771.05,3,STABLE,G_fe,0.0743519771079093,2770.6833333333334,False,8,,GRAVITY_SETTLE以外,GRAVITY_SETTLE以外,0,,,,,,True,,,,0,,,,171,171,171,,1,,False,board_unsettled,,null,"{""dead"":false,""reason"":""board_unsettled""}",交換終了・死亡保持なしのため着弾評価を再実行せず通常評価
2771.0833333333335,3,TSUMO_FALL,G_fe,0.0743519771079093,2770.6833333333334,False,8,,GRAVITY_SETTLE以外,GRAVITY_SETTLE以外,0,,,,,,True,,,,0,,,,171,171,171,,1,,False,board_unsettled,,null,"{""dead"":false,""reason"":""board_unsettled""}",交換終了・死亡保持なしのため着弾評価を再実行せず通常評価
2771.116666666667,3,TSUMO_FALL,G_fe,0.0743519771079093,2770.6833333333334,False,8,,GRAVITY_SETTLE以外,GRAVITY_SETTLE以外,0,,,,,,True,,,,0,,,,171,171,171,,1,,False,board_unsettled,,null,"{""dead"":false,""reason"":""board_unsettled""}",交換終了・死亡保持なしのため着弾評価を再実行せず通常評価
2771.15,3,STABLE,G_fe,0.04080901950076399,2770.6833333333334,False,8,,GRAVITY_SETTLE以外,GRAVITY_SETTLE以外,0,,,,,,True,,,,0,,,,171,171,171,,1,board_unsettled,False,board_unsettled,,null,"{""dead"":false,""reason"":""board_unsettled""}",交換終了・死亡保持なしのため着弾評価を再実行せず通常評価
2771.1833333333334,3,STABLE,G_fe,0.037250184959026544,2770.6833333333334,False,8,,GRAVITY_SETTLE以外,GRAVITY_SETTLE以外,0,,,,,,True,,,,0,,,,171,171,171,,1,board_unsettled,False,board_unsettled,,null,"{""dead"":false,""reason"":""board_unsettled""}",交換終了・死亡保持なしのため着弾評価を再実行せず通常評価
2771.2166666666667,3,STABLE,G_fe,0.033257794268544916,2770.6833333333334,False,8,,GRAVITY_SETTLE以外,GRAVITY_SETTLE以外,0,,,,,,True,,,,0,,,,171,171,171,,1,board_unsettled,False,board_unsettled,,null,"{""dead"":false,""reason"":""board_unsettled""}",交換終了・死亡保持なしのため着弾評価を再実行せず通常評価
2771.25,3,STABLE,G_fe,0.03736394888848371,2770.6833333333334,False,8,,GRAVITY_SETTLE以外,GRAVITY_SETTLE以外,0,,,,,,True,,,,0,,,,171,171,171,,1,board_unsettled,False,board_unsettled,,null,"{""dead"":false,""reason"":""board_unsettled""}",交換終了・死亡保持なしのため着弾評価を再実行せず通常評価
2771.2833333333333,3,STABLE,G_fe,0.03736394888848371,2770.6833333333334,False,8,,GRAVITY_SETTLE以外,GRAVITY_SETTLE以外,0,,,,,,True,,,,0,,,,171,171,171,,1,board_unsettled,False,board_unsettled,,null,"{""dead"":false,""reason"":""board_unsettled""}",交換終了・死亡保持なしのため着弾評価を再実行せず通常評価
2771.3166666666666,3,STABLE,G_fe,0.03736394888848371,2770.6833333333334,False,8,,GRAVITY_SETTLE以外,GRAVITY_SETTLE以外,0,,,,,,True,,,,0,,,,171,171,171,,1,board_unsettled,False,board_unsettled,,null,"{""dead"":false,""reason"":""board_unsettled""}",交換終了・死亡保持なしのため着弾評価を再実行せず通常評価
2771.35,3,STABLE,G_fe,0.03736394888848371,2770.6833333333334,False,8,,GRAVITY_SETTLE以外,GRAVITY_SETTLE以外,0,,,,,,True,,,,0,,,,171,171,171,,1,board_unsettled,False,board_unsettled,,null,"{""dead"":false,""reason"":""board_unsettled""}",交換終了・死亡保持なしのため着弾評価を再実行せず通常評価
2771.383333333333,3,STABLE,G_fe,0.03736394888848371,2770.6833333333334,False,8,,GRAVITY_SETTLE以外,GRAVITY_SETTLE以外,0,,,,,,True,,,,0,,,,171,171,171,,1,board_unsettled,False,board_unsettled,,null,"{""dead"":false,""reason"":""board_unsettled""}",交換終了・死亡保持なしのため着弾評価を再実行せず通常評価
2771.4166666666665,3,STABLE,G_fe,0.03736394888848371,2770.6833333333334,False,8,,GRAVITY_SETTLE以外,GRAVITY_SETTLE以外,0,,,,,,True,,,,0,,,,171,171,171,,1,board_unsettled,False,board_unsettled,,null,"{""dead"":false,""reason"":""board_unsettled""}",交換終了・死亡保持なしのため着弾評価を再実行せず通常評価
2771.45,3,STABLE,G_fe,0.03736394888848371,2770.6833333333334,False,8,,GRAVITY_SETTLE以外,GRAVITY_SETTLE以外,0,,,,,,True,,,,0,,,,171,171,171,,1,board_unsettled,False,board_unsettled,,null,"{""dead"":false,""reason"":""board_unsettled""}",交換終了・死亡保持なしのため着弾評価を再実行せず通常評価
2771.483333333333,3,STABLE,G_fe,0.03736394888848371,2770.6833333333334,False,8,,GRAVITY_SETTLE以外,GRAVITY_SETTLE以外,0,,,,,,True,,,,0,,,,171,171,171,,1,board_unsettled,False,board_unsettled,,null,"{""dead"":false,""reason"":""board_unsettled""}",交換終了・死亡保持なしのため着弾評価を再実行せず通常評価
2771.516666666667,3,STABLE,G_fe,0.03736394888848371,2770.6833333333334,False,8,,GRAVITY_SETTLE以外,GRAVITY_SETTLE以外,0,,,,,,True,,,,0,,,,171,171,171,,1,,False,board_unsettled,,null,"{""dead"":false,""reason"":""board_unsettled""}",交換終了・死亡保持なしのため着弾評価を再実行せず通常評価
2771.55,3,STABLE,G_fe,0.03736394888848371,2770.6833333333334,False,8,,GRAVITY_SETTLE以外,GRAVITY_SETTLE以外,0,,,,,,True,,,,0,,,,171,171,171,,1,,False,board_unsettled,,null,"{""dead"":false,""reason"":""board_unsettled""}",交換終了・死亡保持なしのため着弾評価を再実行せず通常評価
2771.5833333333335,3,STABLE,G_fe,0.03736394888848371,2770.6833333333334,False,8,,GRAVITY_SETTLE以外,GRAVITY_SETTLE以外,0,,,,,,True,,,,0,,,,171,171,171,,1,,False,board_unsettled,,null,"{""dead"":false,""reason"":""board_unsettled""}",交換終了・死亡保持なしのため着弾評価を再実行せず通常評価
2771.616666666667,3,STABLE,G_fe,0.03736394888848371,2770.6833333333334,False,8,,GRAVITY_SETTLE以外,GRAVITY_SETTLE以外,0,,,,,,True,,,,0,,,,171,171,171,,1,,False,board_unsettled,,null,"{""dead"":false,""reason"":""board_unsettled""}",交換終了・死亡保持なしのため着弾評価を再実行せず通常評価
2771.65,3,STABLE,G_fe,0.03736394888848371,2770.6833333333334,False,8,,GRAVITY_SETTLE以外,GRAVITY_SETTLE以外,0,,,,,,True,,,,0,,,,171,171,171,,1,,False,board_unsettled,,null,"{""dead"":false,""reason"":""board_unsettled""}",交換終了・死亡保持なしのため着弾評価を再実行せず通常評価
2771.6833333333334,3,OJAMA_FALL,G_fe,0.03736394888848371,2770.6833333333334,False,8,,GRAVITY_SETTLE以外,GRAVITY_SETTLE以外,0,,,,,,True,,,,0,,,,171,171,171,,1,,False,board_unsettled,,null,"{""dead"":false,""reason"":""board_unsettled""}",交換終了・死亡保持なしのため着弾評価を再実行せず通常評価
2771.7166666666667,3,OJAMA_FALL,G_fe,0.03736394888848371,2770.6833333333334,False,8,,GRAVITY_SETTLE以外,GRAVITY_SETTLE以外,0,,,,,,True,,,,0,,,,171,171,171,,1,,False,board_unsettled,,null,"{""dead"":false,""reason"":""board_unsettled""}",交換終了・死亡保持なしのため着弾評価を再実行せず通常評価
2771.75,3,OJAMA_FALL,G_fe,0.038663444655563706,2770.6833333333334,False,8,,GRAVITY_SETTLE以外,GRAVITY_SETTLE以外,0,,,,,,True,,,,0,,,,171,171,171,,1,,False,board_unsettled,,null,"{""dead"":false,""reason"":""board_unsettled""}",交換終了・死亡保持なしのため着弾評価を再実行せず通常評価
2771.7833333333333,3,OJAMA_FALL,G_fe,0.038663444655563706,2770.6833333333334,False,8,,GRAVITY_SETTLE以外,GRAVITY_SETTLE以外,0,,,,,,True,,,,0,,,,171,171,171,,1,,False,board_unsettled,,null,"{""dead"":false,""reason"":""board_unsettled""}",交換終了・死亡保持なしのため着弾評価を再実行せず通常評価
2771.8166666666666,3,OJAMA_FALL,G_fe,0.038663444655563706,2770.6833333333334,False,8,,GRAVITY_SETTLE以外,GRAVITY_SETTLE以外,0,,,,,,True,,,,0,,,,171,171,171,,1,,False,board_unsettled,,null,"{""dead"":false,""reason"":""board_unsettled""}",交換終了・死亡保持なしのため着弾評価を再実行せず通常評価
2771.85,3,OJAMA_FALL,G_fe,0.038663444655563706,2770.6833333333334,False,8,,GRAVITY_SETTLE以外,GRAVITY_SETTLE以外,0,,,,,,True,,,,0,,,,171,171,171,,1,,False,board_unsettled,,null,"{""dead"":false,""reason"":""board_unsettled""}",交換終了・死亡保持なしのため着弾評価を再実行せず通常評価
2771.883333333333,3,OJAMA_FALL,G_fe,0.03575462698033105,2770.6833333333334,False,8,,GRAVITY_SETTLE以外,GRAVITY_SETTLE以外,0,,,,,,True,,,,0,,,,171,171,171,,1,,False,board_unsettled,,null,"{""dead"":false,""reason"":""board_unsettled""}",交換終了・死亡保持なしのため着弾評価を再実行せず通常評価
2771.9166666666665,3,OJAMA_FALL,G_fe,0.03575462698033105,2770.6833333333334,False,8,,GRAVITY_SETTLE以外,GRAVITY_SETTLE以外,0,,,,,,True,,,,0,,,,171,171,171,,1,,False,board_unsettled,,null,"{""dead"":false,""reason"":""board_unsettled""}",交換終了・死亡保持なしのため着弾評価を再実行せず通常評価
2771.95,3,OJAMA_FALL,G_fe,0.03575462698033105,2770.6833333333334,False,8,,GRAVITY_SETTLE以外,GRAVITY_SETTLE以外,0,,,,,,True,,,,0,,,,171,171,171,,1,,False,board_unsettled,,null,"{""dead"":false,""reason"":""board_unsettled""}",交換終了・死亡保持なしのため着弾評価を再実行せず通常評価
2771.983333333333,3,OJAMA_FALL,G_fe,0.03575462698033105,2770.6833333333334,False,8,,GRAVITY_SETTLE以外,GRAVITY_SETTLE以外,0,,,,,,True,,,,0,,,,171,171,171,,1,,False,board_unsettled,,null,"{""dead"":false,""reason"":""board_unsettled""}",交換終了・死亡保持なしのため着弾評価を再実行せず通常評価
2772.016666666667,3,OJAMA_FALL,G_fe,0.03575462698033105,2770.6833333333334,False,8,,GRAVITY_SETTLE以外,GRAVITY_SETTLE以外,0,,,,,,True,,,,0,,,,171,171,171,,1,,False,board_unsettled,,null,"{""dead"":false,""reason"":""board_unsettled""}",交換終了・死亡保持なしのため着弾評価を再実行せず通常評価
2772.05,3,STABLE,G_fe,0.016951245553162075,2770.6833333333334,False,8,,GRAVITY_SETTLE以外,GRAVITY_SETTLE以外,0,,,,,,True,,,,0,,,,171,171,171,,1,board_unsettled,False,board_unsettled,,null,"{""dead"":false,""reason"":""board_unsettled""}",交換終了・死亡保持なしのため着弾評価を再実行せず通常評価
2772.0833333333335,3,STABLE,G_fe,0.0129161046605889,2770.6833333333334,False,8,,GRAVITY_SETTLE以外,GRAVITY_SETTLE以外,0,,,,,,True,,,,0,,,,171,171,171,,1,board_unsettled,False,board_unsettled,,null,"{""dead"":false,""reason"":""board_unsettled""}",交換終了・死亡保持なしのため着弾評価を再実行せず通常評価
2772.116666666667,3,STABLE,G_fe,0.012025096931628232,2770.6833333333334,False,8,,GRAVITY_SETTLE以外,GRAVITY_SETTLE以外,0,,,,,,True,,,,0,,,,171,171,171,,1,board_unsettled,False,board_unsettled,,null,"{""dead"":false,""reason"":""board_unsettled""}",交換終了・死亡保持なしのため着弾評価を再実行せず通常評価
2772.15,3,STABLE,G_fe,0.0129161046605889,2770.6833333333334,False,8,,GRAVITY_SETTLE以外,GRAVITY_SETTLE以外,0,,,,,,True,,,,0,,,,171,171,171,,1,board_unsettled,False,board_unsettled,,null,"{""dead"":false,""reason"":""board_unsettled""}",交換終了・死亡保持なしのため着弾評価を再実行せず通常評価
2772.1833333333334,3,STABLE,G_fe,0.0129161046605889,2770.6833333333334,False,8,,GRAVITY_SETTLE以外,GRAVITY_SETTLE以外,0,,,,,,True,,,,0,,,,171,171,171,,1,board_unsettled,False,board_unsettled,,null,"{""dead"":false,""reason"":""board_unsettled""}",交換終了・死亡保持なしのため着弾評価を再実行せず通常評価
2772.2166666666667,3,STABLE,G_fe,0.01224653473018833,2770.6833333333334,False,8,,GRAVITY_SETTLE以外,GRAVITY_SETTLE以外,0,,,,,,True,,,,0,,,,171,171,171,,1,board_unsettled,False,board_unsettled,,null,"{""dead"":false,""reason"":""board_unsettled""}",交換終了・死亡保持なしのため着弾評価を再実行せず通常評価
2772.25,3,STABLE,G_fe,0.01371496631762481,2770.6833333333334,False,8,,GRAVITY_SETTLE以外,GRAVITY_SETTLE以外,0,,,,,,True,,,,0,,,,171,171,171,,1,board_unsettled,False,board_unsettled,,null,"{""dead"":false,""reason"":""board_unsettled""}",交換終了・死亡保持なしのため着弾評価を再実行せず通常評価
2772.2833333333333,3,STABLE,G_fe,0.018979196707590518,2770.6833333333334,False,8,,GRAVITY_SETTLE以外,GRAVITY_SETTLE以外,0,,,,,,True,,,,0,,,,171,171,171,,1,board_unsettled,False,board_unsettled,,null,"{""dead"":false,""reason"":""board_unsettled""}",交換終了・死亡保持なしのため着弾評価を再実行せず通常評価
2772.3166666666666,3,STABLE,G_fe,0.013478290660983272,2770.6833333333334,False,8,,GRAVITY_SETTLE以外,GRAVITY_SETTLE以外,0,,,,,,True,,,,0,,,,171,171,171,,1,board_unsettled,False,board_unsettled,,null,"{""dead"":false,""reason"":""board_unsettled""}",交換終了・死亡保持なしのため着弾評価を再実行せず通常評価
2772.35,3,STABLE,G_fe,0.0128000534521443,2770.6833333333334,False,8,,GRAVITY_SETTLE以外,GRAVITY_SETTLE以外,0,,,,,,True,,,,0,,,,171,171,171,,1,board_unsettled,False,board_unsettled,,null,"{""dead"":false,""reason"":""board_unsettled""}",交換終了・死亡保持なしのため着弾評価を再実行せず通常評価
2772.383333333333,3,STABLE,G_fe,0.0128000534521443,2770.6833333333334,False,8,,GRAVITY_SETTLE以外,GRAVITY_SETTLE以外,0,,,,,,True,,,,0,,,,171,171,171,,1,board_unsettled,False,board_unsettled,,null,"{""dead"":false,""reason"":""board_unsettled""}",交換終了・死亡保持なしのため着弾評価を再実行せず通常評価
2772.4166666666665,3,STABLE,G_fe,0.0128000534521443,2770.6833333333334,False,8,,GRAVITY_SETTLE以外,GRAVITY_SETTLE以外,0,,,,,,True,,,,0,,,,171,171,171,,1,board_unsettled,False,board_unsettled,,null,"{""dead"":false,""reason"":""board_unsettled""}",交換終了・死亡保持なしのため着弾評価を再実行せず通常評価
2772.45,3,STABLE,G_fe,0.013715154740746138,2770.6833333333334,False,8,,GRAVITY_SETTLE以外,GRAVITY_SETTLE以外,0,,,,,,True,,,,0,,,,171,171,171,,1,board_unsettled,False,board_unsettled,,null,"{""dead"":false,""reason"":""board_unsettled""}",交換終了・死亡保持なしのため着弾評価を再実行せず通常評価
2772.483333333333,3,STABLE,G_fe,0.013715154740746138,2770.6833333333334,False,8,,GRAVITY_SETTLE以外,GRAVITY_SETTLE以外,0,,,,,,True,,,,0,,,,171,171,171,,1,board_unsettled,False,board_unsettled,,null,"{""dead"":false,""reason"":""board_unsettled""}",交換終了・死亡保持なしのため着弾評価を再実行せず通常評価
2772.516666666667,3,STABLE,G_fe,0.013715154740746138,2770.6833333333334,False,8,,GRAVITY_SETTLE以外,GRAVITY_SETTLE以外,0,,,,,,True,,,,0,,,,171,171,171,,1,board_unsettled,False,board_unsettled,,null,"{""dead"":false,""reason"":""board_unsettled""}",交換終了・死亡保持なしのため着弾評価を再実行せず通常評価
2772.55,3,STABLE,G_fe,0.013715154740746138,2770.6833333333334,False,8,,GRAVITY_SETTLE以外,GRAVITY_SETTLE以外,0,,,,,,True,,,,0,,,,171,171,171,,1,board_unsettled,False,board_unsettled,,null,"{""dead"":false,""reason"":""board_unsettled""}",交換終了・死亡保持なしのため着弾評価を再実行せず通常評価
2772.5833333333335,3,STABLE,G_fe,0.013715154740746138,2770.6833333333334,False,8,,GRAVITY_SETTLE以外,GRAVITY_SETTLE以外,0,,,,,,True,,,,0,,,,171,171,171,,1,board_unsettled,False,board_unsettled,,null,"{""dead"":false,""reason"":""board_unsettled""}",交換終了・死亡保持なしのため着弾評価を再実行せず通常評価
2772.616666666667,3,STABLE,G_fe,0.013715154740746138,2770.6833333333334,False,8,,GRAVITY_SETTLE以外,GRAVITY_SETTLE以外,0,,,,,,True,,,,0,,,,171,171,171,,1,board_unsettled,False,board_unsettled,,null,"{""dead"":false,""reason"":""board_unsettled""}",交換終了・死亡保持なしのため着弾評価を再実行せず通常評価
2772.65,3,STABLE,G_fe,0.013715154740746138,2770.6833333333334,False,8,,GRAVITY_SETTLE以外,GRAVITY_SETTLE以外,0,,,,,,True,,,,0,,,,171,171,171,,1,,False,board_unsettled,,null,"{""dead"":false,""reason"":""board_unsettled""}",交換終了・死亡保持なしのため着弾評価を再実行せず通常評価
2772.6833333333334,3,STABLE,G_fe,0.014451845936623742,2770.6833333333334,False,8,,GRAVITY_SETTLE以外,GRAVITY_SETTLE以外,0,,,,,,True,,,,0,,,,171,171,171,,1,,False,board_unsettled,,null,"{""dead"":false,""reason"":""board_unsettled""}",交換終了・死亡保持なしのため着弾評価を再実行せず通常評価
2772.7166666666667,3,STABLE,G_fe,0.014451845936623742,2770.6833333333334,False,8,,GRAVITY_SETTLE以外,GRAVITY_SETTLE以外,0,,,,,,True,,,,0,,,,171,171,171,,1,,False,board_unsettled,,null,"{""dead"":false,""reason"":""board_unsettled""}",交換終了・死亡保持なしのため着弾評価を再実行せず通常評価
2772.75,3,STABLE,G_fe,0.014451845936623742,2770.6833333333334,False,8,,GRAVITY_SETTLE以外,GRAVITY_SETTLE以外,0,,,,,,True,,,,0,,,,171,171,171,,1,,False,board_unsettled,,null,"{""dead"":false,""reason"":""board_unsettled""}",交換終了・死亡保持なしのため着弾評価を再実行せず通常評価
2772.7833333333333,3,STABLE,G_fe,0.014451845936623742,2770.6833333333334,False,8,,GRAVITY_SETTLE以外,GRAVITY_SETTLE以外,0,,,,,,True,,,,0,,,,171,171,171,,1,,False,board_unsettled,,null,"{""dead"":false,""reason"":""board_unsettled""}",交換終了・死亡保持なしのため着弾評価を再実行せず通常評価
2772.8166666666666,3,OJAMA_FALL,G_fe,0.014843410643398003,2770.6833333333334,False,8,,GRAVITY_SETTLE以外,GRAVITY_SETTLE以外,0,,,,,,True,,,,0,,,,171,171,171,,1,,False,board_unsettled,,null,"{""dead"":false,""reason"":""board_unsettled""}",交換終了・死亡保持なしのため着弾評価を再実行せず通常評価
2772.85,3,OJAMA_FALL,G_fe,0.014843410643398003,2770.6833333333334,False,8,,GRAVITY_SETTLE以外,GRAVITY_SETTLE以外,0,,,,,,True,,,,0,,,,171,171,171,,1,,False,board_unsettled,,null,"{""dead"":false,""reason"":""board_unsettled""}",交換終了・死亡保持なしのため着弾評価を再実行せず通常評価
2772.883333333333,3,OJAMA_FALL,G_fe,0.014843410643398003,2770.6833333333334,False,8,,GRAVITY_SETTLE以外,GRAVITY_SETTLE以外,0,,,,,,True,,,,0,,,,171,171,171,,1,,False,board_unsettled,,null,"{""dead"":false,""reason"":""board_unsettled""}",交換終了・死亡保持なしのため着弾評価を再実行せず通常評価
2772.9166666666665,3,OJAMA_FALL,G_fe,0.014843410643398003,2770.6833333333334,False,8,,GRAVITY_SETTLE以外,GRAVITY_SETTLE以外,0,,,,,,True,,,,0,,,,171,171,171,,1,,False,board_unsettled,,null,"{""dead"":false,""reason"":""board_unsettled""}",交換終了・死亡保持なしのため着弾評価を再実行せず通常評価
2772.95,3,OJAMA_FALL,G_fe,0.014843410643398003,2770.6833333333334,False,8,,GRAVITY_SETTLE以外,GRAVITY_SETTLE以外,0,,,,,,True,,,,0,,,,171,171,171,,1,,False,board_unsettled,,null,"{""dead"":false,""reason"":""board_unsettled""}",交換終了・死亡保持なしのため着弾評価を再実行せず通常評価
2772.983333333333,3,OJAMA_FALL,G_fe,0.014922968462541597,2770.6833333333334,False,8,,GRAVITY_SETTLE以外,GRAVITY_SETTLE以外,0,,,,,,True,,,,0,,,,171,171,171,,1,,False,board_unsettled,,null,"{""dead"":false,""reason"":""board_unsettled""}",交換終了・死亡保持なしのため着弾評価を再実行せず通常評価
