t_sec,game,net_balance_capped,forecast_p1,total_dropped_to_p1,total_dropped_to_p2,finalized_count_p1,finalized_count_p2,chain_total_score_p1,chain_total_score_p2,1P_state,1P_score,1P_next_slide_motion,1P_displayed,1P_formula,1P_visible,1P_trigger,1P_count,1P_mechanism,2P_state,2P_score,2P_next_slide_motion,2P_displayed,2P_formula,2P_visible,2P_trigger,2P_count,2P_mechanism
483.0,5,0,0,21,0,0,1,0,1490,TSUMO_FALL,30791,False,30791,30500,False,,,,CHAIN,2733,False,,2700,True,478.4,4,formula_read
483.03333333333336,5,0,0,21,0,0,1,0,1490,TSUMO_FALL,30791,False,30791,30500,False,,,,CHAIN,2733,False,,2700,True,478.4,4,formula_read
483.06666666666666,5,0,0,21,0,0,1,0,1490,STABLE,30791,False,30791,30500,False,,,,CHAIN,2733,False,,2700,True,478.4,4,formula_read
483.1,5,0,0,21,0,0,1,0,1490,STABLE,30791,False,30791,30500,False,,,,CHAIN,2733,False,,2700,True,478.4,4,formula_read
483.1333333333333,5,0,0,21,0,0,1,0,1490,STABLE,30791,False,30791,30500,False,,,,CHAIN,2733,False,,2700,True,478.4,4,formula_read
483.1666666666667,5,0,0,21,0,0,1,0,1490,STABLE,30791,False,30791,30500,False,,,,CHAIN,2733,False,,2700,True,478.4,4,formula_read
483.2,5,0,0,21,0,0,1,0,1490,STABLE,30791,False,30791,30500,False,,,,CHAIN,2733,False,,2700,True,478.4,4,formula_read
483.23333333333335,5,0,0,21,0,0,1,0,1490,STABLE,30791,True,30791,30500,False,,,,CHAIN,2733,False,,2700,True,478.4,4,formula_read
483.26666666666665,5,0,0,21,0,0,1,0,1490,STABLE,30791,False,30791,30500,False,,,,CHAIN,2733,False,,2700,True,478.4,4,formula_read
483.3,5,0,0,21,0,0,1,0,1490,STABLE,30791,False,30791,30500,False,,,,CHAIN,2733,False,,2700,True,478.4,4,formula_read
483.3333333333333,5,0,0,21,0,0,1,0,1490,STABLE,30791,False,30791,30500,False,,,,CHAIN,2733,False,,2700,True,478.4,4,formula_read
483.3666666666667,5,0,0,21,0,0,1,0,1490,STABLE,30791,False,30791,30500,False,,,,CHAIN,2733,False,,2700,True,478.4,4,formula_read
483.4,5,0,0,21,0,0,1,0,1490,STABLE,30792,False,30792,30500,False,,,,CHAIN,2733,False,,2700,True,478.4,4,formula_read
483.43333333333334,5,0,0,21,0,0,1,0,1490,OJAMA_FALL,30793,False,30793,30500,False,,,,CHAIN,4433,False,4433,2700,False,478.4,4,formula_read
483.46666666666664,5,0,0,21,0,0,1,0,1490,OJAMA_FALL,30793,False,30793,30500,False,,,,CHAIN,4433,False,4433,2700,False,478.4,4,formula_read
483.5,5,0,0,21,0,0,1,0,1490,OJAMA_FALL,30793,False,30793,30500,False,,,,CHAIN,4433,False,4433,2700,False,478.4,4,formula_read
483.53333333333336,5,0,0,21,0,0,1,0,1490,STABLE,30795,False,30795,30500,False,,,,CHAIN,4433,False,4433,2700,False,478.4,4,formula_read
483.56666666666666,5,0,0,21,0,0,1,0,1490,STABLE,30797,False,30797,30500,False,,,,CHAIN,4433,False,4433,2700,False,478.4,4,formula_read
483.6,5,0,0,21,0,0,1,0,1490,STABLE,30798,False,30798,30500,False,,,,CHAIN,4433,False,4433,2700,False,478.4,4,formula_read
483.6333333333333,5,0,0,21,0,0,1,0,1490,STABLE,30799,False,30799,30500,False,,,,CHAIN,4433,False,4433,2700,False,478.4,4,formula_read
483.6666666666667,5,0,0,21,0,0,1,0,1490,STABLE,30800,False,30800,30500,False,,,,CHAIN,4433,False,4433,2700,False,478.4,4,formula_read
483.7,5,0,0,21,0,0,1,0,1490,STABLE,30800,False,30800,30500,False,,,,CHAIN,4433,False,4433,2700,False,478.4,4,formula_read
483.73333333333335,5,0,0,21,0,0,1,0,1490,STABLE,30801,False,30801,30500,False,,,,CHAIN,4433,False,4433,2700,False,478.4,4,formula_read
483.76666666666665,5,0,0,21,0,0,1,0,1490,TSUMO_FALL,30801,False,30801,30500,False,,,,CHAIN,4433,False,4433,2700,False,478.4,4,formula_read
483.8,5,0,0,21,0,0,1,0,1490,STABLE,30801,False,30801,30500,False,,,,CHAIN,4433,False,4433,2700,False,478.4,4,formula_read
483.8333333333333,5,0,0,21,0,0,1,0,1490,STABLE,30801,False,30801,30500,False,,,,CHAIN,4433,False,4433,2700,False,478.4,4,formula_read
483.8666666666667,5,0,0,21,0,0,1,0,1490,STABLE,30801,False,30801,30500,False,,,,CHAIN,4433,False,4433,2700,False,478.4,4,formula_read
483.9,5,0,0,21,0,0,1,0,1490,STABLE,30801,False,30801,30500,False,,,,CHAIN,4433,False,4433,2700,False,478.4,4,formula_read
483.93333333333334,5,0,0,21,0,0,1,0,1490,STABLE,30801,False,30801,30500,False,,,,CHAIN,4433,False,4433,2700,False,478.4,4,formula_read
483.96666666666664,5,0,0,21,0,0,1,0,1490,STABLE,30801,True,30801,30500,False,,,,CHAIN,4433,False,,2700,True,478.4,4,formula_read
484.0,5,0,0,21,0,0,1,0,1490,STABLE,30801,False,30801,30500,False,,,,CHAIN,4433,False,,6000,True,478.4,5,formula_read
484.03333333333336,5,0,0,21,0,0,1,0,1490,STABLE,30801,False,30801,30500,False,,,,CHAIN,4433,False,,6000,True,478.4,5,formula_read
484.06666666666666,5,0,0,21,0,0,1,0,1490,STABLE,30801,False,30801,30500,False,,,,CHAIN,4433,False,,6000,True,478.4,5,formula_read
484.1,5,0,0,21,0,0,1,0,1490,STABLE,30801,False,30801,30500,False,,,,CHAIN,4433,False,,6000,True,478.4,5,formula_read
484.1333333333333,5,0,0,21,0,0,1,0,1490,STABLE,30801,False,30801,30500,False,,,,CHAIN,4433,False,,6000,True,478.4,5,formula_read
484.1666666666667,5,0,0,21,0,0,1,0,1490,STABLE,30801,False,30801,30500,False,,,,CHAIN,4433,False,,6000,True,478.4,5,formula_read
484.2,5,0,0,21,0,0,1,0,1490,STABLE,30801,False,30801,30500,False,,,,CHAIN,4433,False,,6000,True,478.4,5,formula_read
484.23333333333335,5,0,0,21,0,0,1,0,1490,STABLE,30802,False,30802,30500,False,,,,CHAIN,4433,False,,6000,True,478.4,5,formula_read
484.26666666666665,5,0,0,21,0,0,1,0,1490,STABLE,30803,False,30803,30500,False,,,,CHAIN,4433,False,,6000,True,478.4,5,formula_read
484.3,5,0,0,21,0,0,1,0,1490,STABLE,30804,False,30804,30500,False,,,,CHAIN,4433,False,,6000,True,478.4,5,formula_read
484.3333333333333,5,0,0,21,0,0,1,0,1490,STABLE,30805,False,30805,30500,False,,,,CHAIN,4433,False,,6000,True,478.4,5,formula_read
484.3666666666667,5,0,0,21,0,0,1,0,1490,STABLE,30806,True,30806,30500,False,,,,CHAIN,4433,False,,6000,True,478.4,5,formula_read
484.4,5,0,0,21,0,0,1,0,1490,TSUMO_FALL,30807,False,30807,30500,False,,,,CHAIN,4433,False,,6000,True,478.4,5,formula_read
484.43333333333334,5,0,0,21,0,0,1,0,1490,STABLE,30809,False,30809,30500,False,,,,CHAIN,4433,False,,6000,True,478.4,5,formula_read
484.46666666666664,5,0,0,21,0,0,1,0,1490,STABLE,30809,False,30809,30500,False,,,,CHAIN,4433,False,,6000,True,478.4,5,formula_read
484.5,5,0,0,21,0,0,1,0,1490,STABLE,30809,False,30809,30500,False,,,,CHAIN,4433,False,,6000,True,478.4,5,formula_read
484.53333333333336,5,0,0,21,0,0,1,0,1490,STABLE,30809,False,30809,30500,False,,,,CHAIN,4433,False,,6000,True,478.4,5,formula_read
484.56666666666666,5,0,0,21,0,0,1,0,1490,STABLE,30809,False,30809,30500,False,,,,CHAIN,4433,False,,6000,True,478.4,5,formula_read
484.6,5,0,0,21,0,0,1,0,1490,STABLE,30809,False,30809,30500,False,,,,CHAIN,4433,False,,6000,True,478.4,5,formula_read
484.6333333333333,5,0,0,21,0,0,1,0,1490,STABLE,30809,False,30809,30500,False,,,,CHAIN,4433,False,,6000,True,478.4,5,formula_read
484.6666666666667,5,0,0,21,0,0,1,0,1490,STABLE,30809,False,30809,30500,False,,,,CHAIN,4433,False,,6000,True,478.4,5,formula_read
484.7,5,0,0,21,0,0,1,0,1490,STABLE,30809,False,30809,30500,False,,,,CHAIN,4433,False,,6000,True,478.4,5,formula_read
484.73333333333335,5,0,0,21,0,0,1,0,1490,STABLE,30809,True,30809,30500,False,,,,CHAIN,4433,False,,6000,True,478.4,5,formula_read
484.76666666666665,5,0,0,21,0,0,1,0,1490,STABLE,30809,False,30809,30500,False,,,,CHAIN,4433,False,,6000,True,478.4,5,formula_read
484.8,5,0,0,21,0,0,1,0,1490,STABLE,30809,False,30809,30500,False,,,,CHAIN,4433,False,,6000,True,478.4,5,formula_read
484.8333333333333,5,0,0,21,0,0,1,0,1490,STABLE,30809,False,30809,30500,False,,,,CHAIN,4433,False,,6000,True,478.4,5,formula_read
484.8666666666667,5,0,0,21,0,0,1,0,1490,OJAMA_FALL,30809,False,30809,30500,False,,,,CHAIN,7733,False,7733,6000,False,478.4,5,formula_read
484.9,5,0,0,21,0,0,1,0,1490,OJAMA_FALL,30809,False,30809,30500,False,,,,CHAIN,7733,False,7733,6000,False,478.4,5,formula_read
484.93333333333334,5,0,0,21,0,0,1,0,1490,OJAMA_FALL,30809,False,30809,30500,False,,,,CHAIN,7733,False,7733,6000,False,478.4,5,formula_read
484.96666666666664,5,0,0,21,0,0,1,0,1490,OJAMA_FALL,30809,False,30809,30500,False,,,,CHAIN,7733,False,7733,6000,False,478.4,5,formula_read
485.0,5,0,0,21,0,0,1,0,1490,STABLE,30810,False,30810,30500,False,,,,CHAIN,7733,False,7733,6000,False,478.4,5,formula_read
485.03333333333336,5,0,0,21,0,0,1,0,1490,STABLE,30811,False,30811,30500,False,,,,CHAIN,7733,False,7733,6000,False,478.4,5,formula_read
485.06666666666666,5,0,0,21,0,0,1,0,1490,STABLE,30812,False,30812,30500,False,,,,CHAIN,7733,False,7733,6000,False,478.4,5,formula_read
485.1,5,0,0,21,0,0,1,0,1490,STABLE,30813,False,30813,30500,False,,,,CHAIN,7733,False,7733,6000,False,478.4,5,formula_read
485.1333333333333,5,0,0,21,0,0,1,0,1490,TSUMO_FALL,30814,False,30814,30500,False,,,,CHAIN,7733,False,7733,6000,False,478.4,5,formula_read
485.1666666666667,5,0,0,21,0,0,1,0,1490,STABLE,30816,False,30816,30500,False,,,,CHAIN,7733,False,7733,6000,False,478.4,5,formula_read
485.2,5,0,0,21,0,0,1,0,1490,STABLE,30816,False,30816,30500,False,,,,CHAIN,7733,False,7733,6000,False,478.4,5,formula_read
485.23333333333335,5,0,0,21,0,0,1,0,1490,STABLE,30816,False,30816,30500,False,,,,CHAIN,7733,False,7733,6000,False,478.4,5,formula_read
485.26666666666665,5,0,0,21,0,0,1,0,1490,STABLE,30816,False,30816,30500,False,,,,CHAIN,7733,False,7733,6000,False,478.4,5,formula_read
485.3,5,0,0,21,0,0,1,0,1490,STABLE,30816,False,30816,30500,False,,,,CHAIN,7733,False,7733,6000,False,478.4,5,formula_read
485.3333333333333,5,0,0,21,0,0,1,0,1490,STABLE,30816,False,30816,30500,False,,,,CHAIN,7733,False,7733,6000,False,478.4,5,formula_read
485.3666666666667,5,0,0,21,0,0,1,0,1490,STABLE,30816,False,30816,30500,False,,,,CHAIN,7733,False,,6000,True,478.4,5,formula_read
485.4,5,0,0,21,0,0,1,0,1490,STABLE,30816,False,30816,30500,False,,,,CHAIN,7733,False,,10900,True,478.4,6,formula_read
485.43333333333334,5,0,0,21,0,0,1,0,1490,STABLE,30816,False,30816,30500,False,,,,CHAIN,7733,False,,10900,True,478.4,6,formula_read
485.46666666666664,5,0,0,21,0,0,1,0,1490,STABLE,30816,True,30816,30500,False,,,,CHAIN,7733,False,,10900,True,478.4,6,formula_read
485.5,5,0,0,21,0,0,1,0,1490,STABLE,30816,False,30816,30500,False,,,,CHAIN,7733,False,,10900,True,478.4,6,formula_read
485.53333333333336,5,0,0,21,0,0,1,0,1490,STABLE,30816,False,30816,30500,False,,,,CHAIN,7733,False,,10900,True,478.4,6,formula_read
485.56666666666666,5,0,0,21,0,0,1,0,1490,STABLE,30816,False,30816,30500,False,,,,CHAIN,7733,False,,10900,True,478.4,6,formula_read
485.6,5,0,0,21,0,0,1,0,1490,STABLE,30816,False,30816,30500,False,,,,CHAIN,7733,False,,10900,True,478.4,6,formula_read
485.6333333333333,5,0,0,21,0,0,1,0,1490,STABLE,30816,False,30816,30500,False,,,,CHAIN,7733,False,,10900,True,478.4,6,formula_read
485.6666666666667,5,0,0,21,0,0,1,0,1490,STABLE,30816,False,30816,30500,False,,,,CHAIN,7733,False,,10900,True,478.4,6,formula_read
485.7,5,0,0,21,0,0,1,0,1490,STABLE,30817,False,30817,30500,False,,,,CHAIN,7733,False,,10900,True,478.4,6,formula_read
485.73333333333335,5,0,0,21,0,0,1,0,1490,STABLE,30818,False,30818,30500,False,,,,CHAIN,7733,False,,10900,True,478.4,6,formula_read
485.76666666666665,5,0,0,21,0,0,1,0,1490,STABLE,30819,False,30819,30500,False,,,,CHAIN,7733,False,,10900,True,478.4,6,formula_read
485.8,5,0,0,21,0,0,1,0,1490,STABLE,30820,False,30820,30500,False,,,,CHAIN,7733,False,,10900,True,478.4,6,formula_read
485.8333333333333,5,0,0,21,0,0,1,0,1490,STABLE,30821,False,30821,30500,False,,,,CHAIN,7733,False,,10900,True,478.4,6,formula_read
485.8666666666667,5,0,0,21,0,0,1,0,1490,TSUMO_FALL,30823,False,30823,30500,False,,,,CHAIN,7733,False,,10900,True,478.4,6,formula_read
485.9,5,0,0,21,0,0,1,0,1490,TSUMO_FALL,30823,False,30823,30500,False,,,,CHAIN,7733,False,,10900,True,478.4,6,formula_read
485.93333333333334,5,0,0,21,0,0,1,0,1490,STABLE,30823,False,30823,30500,False,,,,CHAIN,7733,False,,10900,True,478.4,6,formula_read
485.96666666666664,5,0,0,21,0,0,1,0,1490,STABLE,30823,False,30823,30500,False,,,,CHAIN,7733,False,,10900,True,478.4,6,formula_read
486.0,5,0,0,21,0,0,1,0,1490,STABLE,30823,False,30823,30500,False,,,,CHAIN,7733,False,,10900,True,478.4,6,formula_read
486.03333333333336,5,0,0,21,0,0,1,0,1490,STABLE,30823,False,30823,30500,False,,,,CHAIN,7733,False,,10900,True,478.4,6,formula_read
486.06666666666666,5,0,0,21,0,0,1,0,1490,STABLE,30823,False,30823,30500,False,,,,CHAIN,7733,False,,10900,True,478.4,6,formula_read
486.1,5,0,0,21,0,0,1,0,1490,STABLE,30823,False,30823,30500,False,,,,CHAIN,7733,False,,10900,True,478.4,6,formula_read
486.1333333333333,5,0,0,21,0,0,1,0,1490,STABLE,30823,False,30823,30500,False,,,,CHAIN,7733,False,,10900,True,478.4,6,formula_read
486.1666666666667,5,0,0,21,0,0,1,0,1490,STABLE,30823,False,30823,30500,False,,,,CHAIN,7733,False,,10900,True,478.4,6,formula_read
486.2,5,0,0,21,0,0,1,0,1490,STABLE,30823,True,30823,30500,False,,,,CHAIN,7733,False,,10900,True,478.4,6,formula_read
486.23333333333335,5,0,0,21,0,0,1,0,1490,STABLE,30823,False,30823,30500,False,,,,CHAIN,7733,False,,10900,True,478.4,6,formula_read
486.26666666666665,5,0,0,21,0,0,1,0,1490,OJAMA_FALL,30823,False,30823,30500,False,,,,CHAIN,12633,False,12633,10900,False,478.4,6,formula_read
486.3,5,0,0,21,0,0,1,0,1490,OJAMA_FALL,30823,False,30823,30500,False,,,,CHAIN,12633,False,12633,10900,False,478.4,6,formula_read
486.3333333333333,5,0,0,21,0,0,1,0,1490,OJAMA_FALL,30823,False,30823,30500,False,,,,CHAIN,12633,False,12633,10900,False,478.4,6,formula_read
486.3666666666667,5,0,0,21,0,0,1,0,1490,OJAMA_FALL,30823,False,30823,30500,False,,,,CHAIN,12633,False,12633,10900,False,478.4,6,formula_read
486.4,5,0,0,21,0,0,1,0,1490,OJAMA_FALL,30823,False,30823,30500,False,,,,CHAIN,12633,False,12633,10900,False,478.4,6,formula_read
486.43333333333334,5,0,0,21,0,0,1,0,1490,STABLE,30824,False,30824,30500,False,,,,CHAIN,12633,False,12633,10900,False,478.4,6,formula_read
486.46666666666664,5,0,0,21,0,0,1,0,1490,STABLE,30825,False,30825,30500,False,,,,CHAIN,12633,False,12633,10900,False,478.4,6,formula_read
486.5,5,0,0,21,0,0,1,0,1490,STABLE,30826,False,30826,30500,False,,,,CHAIN,12633,False,12633,10900,False,478.4,6,formula_read
486.53333333333336,5,0,0,21,0,0,1,0,1490,TSUMO_FALL,30827,False,30827,30500,False,,,,CHAIN,12633,False,12633,10900,False,478.4,6,formula_read
486.56666666666666,5,0,0,21,0,0,1,0,1490,TSUMO_FALL,30827,False,30827,30500,False,,,,CHAIN,12633,False,12633,10900,False,478.4,6,formula_read
486.6,5,0,0,21,0,0,1,0,1490,STABLE,30827,False,30827,30500,False,,,,CHAIN,12633,False,12633,10900,False,478.4,6,formula_read
486.6333333333333,5,0,0,21,0,0,1,0,1490,STABLE,30827,False,30827,30500,False,,,,CHAIN,12633,False,12633,10900,False,478.4,6,formula_read
486.6666666666667,5,0,0,21,0,0,1,0,1490,STABLE,30827,False,30827,30500,False,,,,CHAIN,12633,False,12633,10900,False,478.4,6,formula_read
486.7,5,0,0,21,0,0,1,0,1490,STABLE,30827,False,30827,30500,False,,,,CHAIN,12633,False,,10900,True,478.4,6,formula_read
486.73333333333335,5,0,0,21,0,0,1,0,1490,STABLE,30827,False,30827,30500,False,,,,CHAIN,12633,False,,18760,True,478.4,7,formula_read
486.76666666666665,5,0,0,21,0,0,1,0,1490,STABLE,30827,False,30827,30500,False,,,,CHAIN,12633,False,,18760,True,478.4,7,formula_read
486.8,5,0,0,21,0,0,1,0,1490,STABLE,30827,False,30827,30500,False,,,,CHAIN,12633,False,,18760,True,478.4,7,formula_read
486.8333333333333,5,0,0,21,0,0,1,0,1490,STABLE,30827,True,30827,30500,False,,,,CHAIN,12633,False,,18760,True,478.4,7,formula_read
486.8666666666667,5,0,0,21,0,0,1,0,1490,STABLE,30827,False,30827,30500,False,,,,CHAIN,12633,False,,18760,True,478.4,7,formula_read
486.9,5,0,0,21,0,0,1,0,1490,STABLE,30827,False,30827,30500,False,,,,CHAIN,12633,False,,18760,True,478.4,7,formula_read
486.93333333333334,5,0,0,21,0,0,1,0,1490,STABLE,30827,False,30827,30500,False,,,,CHAIN,12633,False,,18760,True,478.4,7,formula_read
486.96666666666664,5,0,0,21,0,0,1,0,1490,STABLE,30827,False,30827,30500,False,,,,CHAIN,12633,False,,18760,True,478.4,7,formula_read
487.0,5,0,0,21,0,0,1,0,1490,STABLE,30827,False,30827,30500,False,,,,CHAIN,12633,False,,18760,True,478.4,7,formula_read
487.03333333333336,5,0,0,21,0,0,1,0,1490,STABLE,30827,False,30827,30500,False,,,,CHAIN,12633,False,,18760,True,478.4,7,formula_read
487.06666666666666,5,0,0,21,0,0,1,0,1490,OJAMA_FALL,30828,False,30828,30500,False,,,,CHAIN,12633,False,,18760,True,478.4,7,formula_read
487.1,5,0,0,21,0,0,1,0,1490,STABLE,30830,False,30830,30500,False,,,,CHAIN,12633,False,,18760,True,478.4,7,formula_read
487.1333333333333,5,0,0,21,0,0,1,0,1490,TSUMO_FALL,30830,False,30830,30500,False,,,,CHAIN,12633,False,,18760,True,478.4,7,formula_read
487.1666666666667,5,0,0,21,0,0,1,0,1490,STABLE,30830,False,30830,30500,False,,,,CHAIN,12633,False,,18760,True,478.4,7,formula_read
487.2,5,0,0,21,0,0,1,0,1490,STABLE,30830,False,30830,30500,False,,,,CHAIN,12633,False,,18760,True,478.4,7,formula_read
487.23333333333335,5,0,0,21,0,0,1,0,1490,STABLE,30830,False,30830,30500,False,,,,CHAIN,12633,False,,18760,True,478.4,7,formula_read
487.26666666666665,5,0,0,21,0,0,1,0,1490,STABLE,30830,False,30830,30500,False,,,,CHAIN,12633,False,,18760,True,478.4,7,formula_read
487.3,5,0,0,21,0,0,1,0,1490,STABLE,30830,False,30830,30500,False,,,,CHAIN,12633,False,,18760,True,478.4,7,formula_read
487.3333333333333,5,0,0,21,0,0,1,0,1490,STABLE,30830,False,30830,30500,False,,,,CHAIN,12633,False,,18760,True,478.4,7,formula_read
487.3666666666667,5,0,0,21,0,0,1,0,1490,STABLE,30830,False,30830,30500,False,,,,CHAIN,12633,False,,18760,True,478.4,7,formula_read
487.4,5,0,0,21,0,0,1,0,1490,STABLE,30830,False,30830,30500,False,,,,CHAIN,12633,False,,18760,True,478.4,7,formula_read
487.43333333333334,5,0,0,21,0,0,1,0,1490,STABLE,30830,True,30830,30500,False,,,,CHAIN,12633,False,,18760,True,478.4,7,formula_read
487.46666666666664,5,0,0,21,0,0,1,0,1490,STABLE,30830,False,30830,30500,False,,,,CHAIN,12633,False,,18760,True,478.4,7,formula_read
487.5,5,0,0,21,0,0,1,0,1490,STABLE,30830,False,30830,30500,False,,,,CHAIN,12633,False,,18760,True,478.4,7,formula_read
487.53333333333336,5,0,0,21,0,0,1,0,1490,STABLE,30830,False,30830,30500,False,,,,CHAIN,12633,False,,18760,True,478.4,7,formula_read
487.56666666666666,5,0,0,21,0,0,1,0,1490,STABLE,30830,False,30830,30500,False,,,,CHAIN,12633,False,,18760,True,478.4,7,formula_read
487.6,5,0,0,21,0,0,1,0,1490,OJAMA_FALL,30831,False,30831,30500,False,,,,CHAIN,20493,False,20493,18760,False,478.4,7,formula_read
487.6333333333333,5,0,0,21,0,0,1,0,1490,STABLE,30832,False,30832,30500,False,,,,CHAIN,20493,False,20493,18760,False,478.4,7,formula_read
487.6666666666667,5,0,0,21,0,0,1,0,1490,STABLE,30833,False,30833,30500,False,,,,CHAIN,20493,False,20493,18760,False,478.4,7,formula_read
487.7,5,0,0,21,0,0,1,0,1490,STABLE,30834,False,30834,30500,False,,,,CHAIN,20493,False,20493,18760,False,478.4,7,formula_read
487.73333333333335,5,0,0,21,0,0,1,0,1490,STABLE,30835,False,30835,30500,False,,,,CHAIN,20493,False,20493,18760,False,478.4,7,formula_read
487.76666666666665,5,0,0,21,0,0,1,0,1490,STABLE,30836,False,30836,30500,False,,,,CHAIN,20493,False,20493,18760,False,478.4,7,formula_read
487.8,5,0,0,21,0,0,1,0,1490,TSUMO_FALL,30837,False,30837,30500,False,,,,CHAIN,20493,False,20493,18760,False,478.4,7,formula_read
487.8333333333333,5,0,0,21,0,0,1,0,1490,TSUMO_FALL,30837,False,30837,30500,False,,,,CHAIN,20493,False,20493,18760,False,478.4,7,formula_read
487.8666666666667,5,0,0,21,0,0,1,0,1490,STABLE,30837,False,30837,30500,False,,,,CHAIN,20493,False,20493,18760,False,478.4,7,formula_read
487.9,5,0,0,21,0,0,1,0,1490,STABLE,30837,False,30837,30500,False,,,,CHAIN,20493,False,20493,18760,False,478.4,7,formula_read
487.93333333333334,5,0,0,21,0,0,1,0,1490,STABLE,30837,False,30837,30500,False,,,,CHAIN,20493,False,20493,18760,False,478.4,7,formula_read
487.96666666666664,5,0,0,21,0,0,1,0,1490,STABLE,30837,False,30837,30500,False,,,,CHAIN,20493,False,20493,18760,False,478.4,7,formula_read
488.0,5,0,0,21,0,0,1,0,1490,STABLE,30837,False,30837,30500,False,,,,CHAIN,20493,False,20493,18760,False,478.4,7,formula_read
488.03333333333336,5,0,0,21,0,0,1,0,1490,STABLE,30837,False,30837,30500,False,,,,CHAIN,20493,False,20493,18760,False,478.4,7,formula_read
488.06666666666666,5,0,0,21,0,0,1,0,1490,STABLE,30837,False,30837,30500,False,,,,CHAIN,20493,False,,18760,True,478.4,7,formula_read
488.1,5,0,0,21,0,0,1,0,1490,STABLE,30837,True,30837,30500,False,,,,CHAIN,20493,False,,25160,True,478.4,8,formula_read
488.1333333333333,5,0,0,21,0,0,1,0,1490,STABLE,30837,False,30837,30500,False,,,,CHAIN,20493,False,,25160,True,478.4,8,formula_read
488.1666666666667,5,0,0,21,0,0,1,0,1490,STABLE,30837,False,30837,30500,False,,,,CHAIN,20493,False,,25160,True,478.4,8,formula_read
488.2,5,0,0,21,0,0,1,0,1490,STABLE,30837,False,30837,30500,False,,,,CHAIN,20493,False,,25160,True,478.4,8,formula_read
488.23333333333335,5,0,0,21,0,0,1,0,1490,STABLE,30837,False,30837,30500,False,,,,CHAIN,20493,False,,25160,True,478.4,8,formula_read
488.26666666666665,5,0,0,21,0,0,1,0,1490,STABLE,30838,False,30838,30500,False,,,,CHAIN,20493,False,,25160,True,478.4,8,formula_read
488.3,5,0,0,21,0,0,1,0,1490,OJAMA_FALL,30839,False,30839,30500,False,,,,CHAIN,20493,False,,25160,True,478.4,8,formula_read
488.3333333333333,5,0,0,21,0,0,1,0,1490,STABLE,30840,False,30840,30500,False,,,,CHAIN,20493,False,,25160,True,478.4,8,formula_read
488.3666666666667,5,0,0,21,0,0,1,0,1490,STABLE,30841,False,30841,30500,False,,,,CHAIN,20493,False,,25160,True,478.4,8,formula_read
488.4,5,0,0,21,0,0,1,0,1490,STABLE,30842,False,30842,30500,False,,,,CHAIN,20493,False,,25160,True,478.4,8,formula_read
488.43333333333334,5,0,0,21,0,0,1,0,1490,STABLE,30843,False,30843,30500,False,,,,CHAIN,20493,False,,25160,True,478.4,8,formula_read
488.46666666666664,5,0,0,21,0,0,1,0,1490,STABLE,30844,False,30844,30500,False,,,,CHAIN,20493,False,,25160,True,478.4,8,formula_read
488.5,5,0,0,21,0,0,1,0,1490,TSUMO_FALL,30846,False,30846,30500,False,,,,CHAIN,20493,False,,25160,True,478.4,8,formula_read
488.53333333333336,5,0,0,21,0,0,1,0,1490,STABLE,30846,False,30846,30500,False,,,,CHAIN,20493,False,,25160,True,478.4,8,formula_read
488.56666666666666,5,0,0,21,0,0,1,0,1490,STABLE,30846,False,30846,30500,False,,,,CHAIN,20493,False,,25160,True,478.4,8,formula_read
488.6,5,0,0,21,0,0,1,0,1490,STABLE,30846,False,30846,30500,False,,,,CHAIN,20493,False,,25160,True,478.4,8,formula_read
488.6333333333333,5,0,0,21,0,0,1,0,1490,STABLE,30846,False,30846,30500,False,,,,CHAIN,20493,False,,25160,True,478.4,8,formula_read
488.6666666666667,5,0,0,21,0,0,1,0,1490,STABLE,30846,False,30846,30500,False,,,,CHAIN,20493,False,,25160,True,478.4,8,formula_read
488.7,5,0,0,21,0,0,1,0,1490,STABLE,30846,False,30846,30500,False,,,,CHAIN,20493,False,,25160,True,478.4,8,formula_read
488.73333333333335,5,0,0,21,0,0,1,0,1490,STABLE,30846,False,30846,30500,False,,,,CHAIN,20493,False,,25160,True,478.4,8,formula_read
488.76666666666665,5,0,0,21,0,0,1,0,1490,STABLE,30846,False,30846,30500,False,,,,CHAIN,20493,False,,25160,True,478.4,8,formula_read
488.8,5,0,0,21,0,0,1,0,1490,STABLE,30846,False,30846,30500,False,,,,CHAIN,20493,False,,25160,True,478.4,8,formula_read
488.8333333333333,5,0,0,21,0,0,1,0,1490,STABLE,30846,True,30846,30500,False,,,,CHAIN,20493,False,,25160,True,478.4,8,formula_read
488.8666666666667,5,0,0,21,0,0,1,0,1490,STABLE,30846,False,30846,30500,False,,,,CHAIN,20493,False,,25160,True,478.4,8,formula_read
488.9,5,0,0,21,0,0,1,0,1490,STABLE,30846,False,30846,30500,False,,,,CHAIN,20493,False,,25160,True,478.4,8,formula_read
488.93333333333334,5,0,0,21,0,0,1,0,1490,STABLE,30846,False,30846,30500,False,,,,CHAIN,20493,False,,25160,True,478.4,8,formula_read
488.96666666666664,5,0,0,21,0,0,1,0,1490,OJAMA_FALL,30846,False,30846,30500,False,,,,CHAIN,26893,False,26893,25160,False,478.4,8,formula_read
489.0,5,0,0,21,0,0,1,0,1490,OJAMA_FALL,30846,False,30846,30500,False,,,,CHAIN,26893,False,26893,25160,False,478.4,8,formula_read
489.03333333333336,5,0,0,21,0,0,1,0,1490,STABLE,30847,False,30847,30500,False,,,,CHAIN,26893,False,26893,25160,False,478.4,8,formula_read
489.06666666666666,5,0,0,21,0,0,1,0,1490,STABLE,30848,False,30848,30500,False,,,,CHAIN,26893,False,26893,25160,False,478.4,8,formula_read
489.1,5,0,0,21,0,0,1,0,1490,STABLE,30849,False,30849,30500,False,,,,CHAIN,26893,False,26893,25160,False,478.4,8,formula_read
489.1333333333333,5,0,0,21,0,0,1,0,1490,STABLE,30850,False,30850,30500,False,,,,CHAIN,26893,False,26893,25160,False,478.4,8,formula_read
489.1666666666667,5,0,0,21,0,0,1,0,1490,STABLE,30852,False,30852,30500,False,,,,CHAIN,26893,False,26893,25160,False,478.4,8,formula_read
489.2,5,0,0,21,0,0,1,0,1490,TSUMO_FALL,30852,False,30852,30500,False,,,,CHAIN,26893,False,26893,25160,False,478.4,8,formula_read
489.23333333333335,5,0,0,21,0,0,1,0,1490,STABLE,30852,False,30852,30500,False,,,,CHAIN,26893,False,26893,25160,False,478.4,8,formula_read
489.26666666666665,5,0,0,21,0,0,1,0,1490,STABLE,30852,False,30852,30500,False,,,,CHAIN,26893,False,26893,25160,False,478.4,8,formula_read
489.3,5,0,0,21,0,0,1,0,1490,STABLE,30852,False,30852,30500,False,,,,CHAIN,26893,False,26893,25160,False,478.4,8,formula_read
489.3333333333333,5,0,0,21,0,0,1,0,1490,STABLE,30852,False,30852,30500,False,,,,CHAIN,26893,False,26893,25160,False,478.4,8,formula_read
489.3666666666667,5,0,0,21,0,0,1,0,1490,STABLE,30852,False,30852,30500,False,,,,CHAIN,26893,False,26893,25160,False,478.4,8,formula_read
489.4,5,0,0,21,0,0,1,0,1490,STABLE,30852,False,30852,30500,False,,,,CHAIN,26893,False,26893,25160,False,478.4,8,formula_read
489.43333333333334,5,0,0,21,0,0,1,0,1490,STABLE,30852,False,30852,30500,False,,,,CHAIN,26893,False,26893,25160,False,478.4,8,formula_read
489.46666666666664,5,0,0,21,0,0,1,0,1490,STABLE,30852,False,30852,30500,False,,,,CHAIN,26893,False,,25160,True,478.4,8,formula_read
489.5,5,0,0,21,0,0,1,0,1490,STABLE,30852,False,30852,30500,False,,,,CHAIN,26893,False,,32840,True,478.4,9,formula_read
489.53333333333336,5,0,0,21,0,0,1,0,1490,STABLE,30852,False,30852,30500,False,,,,CHAIN,26893,False,,32840,True,478.4,9,formula_read
489.56666666666666,5,0,0,21,0,0,1,0,1490,STABLE,30852,False,30852,30500,False,,,,CHAIN,26893,False,,32840,True,478.4,9,formula_read
489.6,5,0,0,21,0,0,1,0,1490,TSUMO_FALL,30852,False,30852,30500,False,,,,CHAIN,26893,False,,32840,True,478.4,9,formula_read
489.6333333333333,5,0,0,21,0,0,1,0,1490,TSUMO_FALL,30852,False,30852,30500,False,,,,CHAIN,26893,False,,32840,True,478.4,9,formula_read
489.6666666666667,5,0,0,21,0,0,1,0,1490,STABLE,30852,False,30852,30500,False,,,,CHAIN,26893,False,,32840,True,478.4,9,formula_read
489.7,5,0,0,21,0,0,1,0,1490,STABLE,30852,False,30852,30500,False,,,,CHAIN,26893,False,,32840,True,478.4,9,formula_read
489.73333333333335,5,0,0,21,0,0,1,0,1490,STABLE,30852,False,30852,30500,False,,,,CHAIN,26893,False,,32840,True,478.4,9,formula_read
489.76666666666665,5,0,0,21,0,0,1,0,1490,STABLE,30852,False,30852,30500,False,,,,CHAIN,26893,False,,32840,True,478.4,9,formula_read
489.8,5,72,0,21,0,1,1,30644,1490,STABLE,30852,False,30852,30500,False,,,,CHAIN,26893,False,,32840,True,478.4,9,formula_read
489.8333333333333,5,72,0,21,0,1,1,30644,1490,STABLE,30852,False,30852,30500,False,,,,CHAIN,26893,False,,32840,True,478.4,9,formula_read
489.8666666666667,5,72,0,21,0,1,1,30644,1490,STABLE,30852,False,30852,30500,False,,,,CHAIN,26893,False,,32840,True,478.4,9,formula_read
489.9,5,72,0,21,0,1,1,30644,1490,STABLE,30852,False,30852,30500,False,,,,CHAIN,26893,False,,32840,True,478.4,9,formula_read
489.93333333333334,5,72,0,21,0,1,1,30644,1490,STABLE,30852,False,30852,30500,False,,,,CHAIN,26893,False,,32840,True,478.4,9,formula_read
489.96666666666664,5,72,0,21,0,1,1,30644,1490,STABLE,30852,False,30852,30500,False,,,,CHAIN,26893,False,,32840,True,478.4,9,formula_read
490.0,5,72,0,21,0,1,1,30644,1490,STABLE,30852,False,30852,30500,False,,,,CHAIN,26893,False,,32840,True,478.4,9,formula_read
490.03333333333336,5,72,0,21,0,1,1,30644,1490,STABLE,30852,False,30852,30500,False,,,,CHAIN,26893,False,,32840,True,478.4,9,formula_read
490.06666666666666,5,72,0,21,0,1,1,30644,1490,STABLE,30852,False,30852,30500,False,,,,CHAIN,26893,False,,32840,True,478.4,9,formula_read
490.1,5,72,0,21,0,1,1,30644,1490,STABLE,30852,True,30852,30500,False,,,,CHAIN,26893,False,,32840,True,478.4,9,formula_read
490.1333333333333,5,72,0,21,0,1,1,30644,1490,STABLE,30852,False,30852,30500,False,,,,CHAIN,26893,False,,32840,True,478.4,9,formula_read
490.1666666666667,5,72,0,21,0,1,1,30644,1490,STABLE,30852,False,30852,30500,False,,,,CHAIN,26893,False,,32840,True,478.4,9,formula_read
490.2,5,72,0,21,0,1,1,30644,1490,STABLE,30852,False,30852,30500,False,,,,CHAIN,26893,False,,32840,True,478.4,9,formula_read
490.23333333333335,5,72,0,21,0,1,1,30644,1490,STABLE,30852,False,30852,30500,False,,,,CHAIN,26893,False,,32840,True,478.4,9,formula_read
490.26666666666665,5,72,0,21,0,1,1,30644,1490,STABLE,30852,False,30852,30500,False,,,,CHAIN,26893,False,,32840,True,478.4,9,formula_read
490.3,5,72,0,21,0,1,1,30644,1490,STABLE,30852,False,30852,30500,False,,,,CHAIN,26893,False,,32840,True,478.4,9,formula_read
490.3333333333333,5,72,0,21,0,1,1,30644,1490,STABLE,30853,False,30853,30500,False,,,,CHAIN,26893,False,,32840,True,478.4,9,formula_read
490.3666666666667,5,72,0,21,0,1,1,30644,1490,OJAMA_FALL,30854,True,30854,30500,False,,,,GRAVITY_SETTLE,34573,True,34573,32840,False,,,
490.4,5,72,0,21,0,1,1,30644,1490,STABLE,30855,False,30855,30500,False,,,,GRAVITY_SETTLE,34573,False,34573,32840,False,,,
490.43333333333334,5,72,0,21,0,1,1,30644,1490,STABLE,30856,False,30856,30500,False,,,,GRAVITY_SETTLE,34573,False,34573,32840,False,,,
490.46666666666664,5,72,0,21,0,1,1,30644,1490,TSUMO_FALL,30858,False,30858,30500,False,,,,GRAVITY_SETTLE,34573,False,34573,32840,False,,,
490.5,5,72,0,21,0,1,1,30644,1490,TSUMO_FALL,30858,False,30858,30500,False,,,,GRAVITY_SETTLE,34573,False,34573,32840,False,,,
490.53333333333336,5,72,0,21,0,1,1,30644,1490,STABLE,30858,False,30858,30500,False,,,,GRAVITY_SETTLE,34573,False,34573,32840,False,,,
490.56666666666666,5,72,0,21,0,1,1,30644,1490,STABLE,30858,True,30858,30500,False,,,,GRAVITY_SETTLE,34573,True,34573,32840,False,,,
490.6,5,72,0,21,0,1,1,30644,1490,STABLE,30858,False,30858,30500,False,,,,GRAVITY_SETTLE,34573,False,34573,32840,False,,,
490.6333333333333,5,72,0,21,0,1,1,30644,1490,OJAMA_FALL,30858,False,30858,30500,False,,,,GRAVITY_SETTLE,34573,False,34573,32840,False,,,
490.6666666666667,5,72,0,21,0,1,1,30644,1490,OJAMA_FALL,30858,False,30858,30500,False,,,,GRAVITY_SETTLE,34573,False,34573,32840,False,,,
490.7,5,72,0,21,0,1,1,30644,1490,OJAMA_FALL,30858,False,30858,30500,False,,,,GRAVITY_SETTLE,34573,False,34573,32840,False,,,
490.73333333333335,5,72,0,21,0,1,1,30644,1490,OJAMA_FALL,30858,False,30858,30500,False,,,,GRAVITY_SETTLE,34573,False,34573,32840,False,,,
490.76666666666665,5,72,0,21,0,1,1,30644,1490,STABLE,30858,True,30858,30500,False,,,,GRAVITY_SETTLE,34573,False,34573,32840,False,,,
490.8,5,72,0,21,0,1,1,30644,1490,STABLE,30858,False,30858,30500,False,,,,GRAVITY_SETTLE,34573,True,34573,32840,False,,,
490.8333333333333,5,72,0,21,0,1,1,30644,1490,STABLE,30858,False,30858,30500,False,,,,GRAVITY_SETTLE,34573,False,,32840,True,,,
490.8666666666667,5,72,0,21,0,1,1,30644,1490,STABLE,30858,False,30858,30500,False,,,,CHAIN,34573,False,,41800,True,490.8666666666667,10,formula_read
490.9,5,72,0,21,0,1,1,30644,1490,STABLE,30858,False,30858,30500,False,,,,CHAIN,34573,False,,41800,True,490.8666666666667,10,formula_read
490.93333333333334,5,72,0,21,0,1,1,30644,1490,OJAMA_FALL,30858,False,30858,30500,False,,,,CHAIN,34573,False,,41800,True,490.8666666666667,10,formula_read
490.96666666666664,5,72,0,21,0,1,1,30644,1490,OJAMA_FALL,30858,False,30858,30500,False,,,,CHAIN,34573,False,,41800,True,490.8666666666667,10,formula_read
491.0,5,72,0,21,0,1,1,30644,1490,STABLE,30859,False,30859,30500,False,,,,CHAIN,34573,False,,41800,True,490.8666666666667,10,formula_read
491.03333333333336,5,72,0,21,0,1,1,30644,1490,TSUMO_FALL,30860,False,30860,30500,False,,,,CHAIN,34573,False,,41800,True,490.8666666666667,10,formula_read
491.06666666666666,5,72,0,21,0,1,1,30644,1490,TSUMO_FALL,30861,False,30861,30500,False,,,,CHAIN,34573,False,,41800,True,490.8666666666667,10,formula_read
491.1,5,72,0,21,0,1,1,30644,1490,TSUMO_FALL,30862,False,30862,30500,False,,,,CHAIN,34573,False,,41800,True,490.8666666666667,10,formula_read
491.1333333333333,5,72,0,21,0,1,1,30644,1490,TSUMO_FALL,30863,False,30863,30500,False,,,,CHAIN,34573,False,,41800,True,490.8666666666667,10,formula_read
491.1666666666667,5,72,0,21,0,1,1,30644,1490,OJAMA_FALL,30864,False,30864,30500,False,,,,CHAIN,34573,False,,41800,True,490.8666666666667,10,formula_read
491.2,5,72,0,21,0,1,1,30644,1490,STABLE,30865,False,30865,30500,False,,,,CHAIN,34573,False,,41800,True,490.8666666666667,10,formula_read
491.23333333333335,5,72,0,21,0,1,1,30644,1490,STABLE,30866,False,30866,30500,False,,,,CHAIN,34573,False,,41800,True,490.8666666666667,10,formula_read
491.26666666666665,5,72,0,21,0,1,1,30644,1490,STABLE,30867,False,30867,30500,False,,,,CHAIN,34573,False,,41800,True,490.8666666666667,10,formula_read
491.3,5,72,0,21,0,1,1,30644,1490,STABLE,30869,False,30869,30500,False,,,,CHAIN,34573,False,,41800,True,490.8666666666667,10,formula_read
491.3333333333333,5,72,0,21,0,1,1,30644,1490,STABLE,30869,False,30869,30500,False,,,,CHAIN,34573,False,,41800,True,490.8666666666667,10,formula_read
491.3666666666667,5,72,0,21,0,1,1,30644,1490,STABLE,30869,False,30869,30500,False,,,,CHAIN,34573,False,,41800,False,490.8666666666667,10,formula_read
491.4,5,72,0,21,0,1,1,30644,1490,STABLE,30869,False,30869,30500,False,,,,CHAIN,34573,False,,41800,False,490.8666666666667,10,formula_read
491.43333333333334,5,72,0,21,0,1,1,30644,1490,STABLE,30869,False,30869,30500,False,,,,CHAIN,34573,False,,41800,False,490.8666666666667,10,formula_read
491.46666666666664,5,72,0,21,0,1,1,30644,1490,STABLE,30869,False,30869,30500,False,,,,CHAIN,34573,False,,41800,False,490.8666666666667,10,formula_read
491.5,5,72,0,21,0,1,1,30644,1490,STABLE,30869,False,30869,30500,False,,,,CHAIN,34573,False,,41800,False,490.8666666666667,10,formula_read
491.53333333333336,5,72,0,21,0,1,1,30644,1490,STABLE,30869,True,30869,30500,False,,,,CHAIN,34573,False,,41800,False,490.8666666666667,10,formula_read
491.56666666666666,5,72,0,21,0,1,1,30644,1490,STABLE,30869,False,,,True,,,,CHAIN,34573,False,,41800,False,490.8666666666667,10,formula_read
491.6,5,72,0,21,0,1,1,30644,1490,CHAIN,30869,False,,100,True,491.6,1,formula_read,CHAIN,34573,False,,41800,True,490.8666666666667,10,formula_read
491.6333333333333,5,72,0,21,0,1,1,30644,1490,CHAIN,30869,False,,100,True,491.6,1,formula_read,CHAIN,34573,False,,41800,True,490.8666666666667,10,formula_read
491.6666666666667,5,72,0,21,0,1,1,30644,1490,CHAIN,30869,False,,100,True,491.6,1,formula_read,CHAIN,34573,False,,41800,True,490.8666666666667,10,formula_read
491.7,5,72,0,21,0,1,1,30644,1490,CHAIN,30869,False,,100,True,491.6,1,formula_read,CHAIN,34573,False,,41800,True,490.8666666666667,10,formula_read
491.73333333333335,5,72,0,21,0,1,1,30644,1490,CHAIN,30869,False,,100,True,491.6,1,formula_read,CHAIN,43533,False,43533,41800,False,490.8666666666667,10,formula_read
491.76666666666665,5,72,0,21,0,1,1,30644,1490,CHAIN,30869,False,,100,True,491.6,1,formula_read,CHAIN,43533,False,43533,41800,False,490.8666666666667,10,formula_read
491.8,5,72,0,21,0,1,1,30644,1490,CHAIN,30869,False,,100,True,491.6,1,formula_read,CHAIN,43533,False,43533,41800,False,490.8666666666667,10,formula_read
491.8333333333333,5,72,0,21,0,1,1,30644,1490,CHAIN,30869,False,,100,True,491.6,1,formula_read,CHAIN,43533,False,43533,41800,False,490.8666666666667,10,formula_read
491.8666666666667,5,72,0,21,0,1,1,30644,1490,CHAIN,30869,False,,100,True,491.6,1,formula_read,CHAIN,43533,False,43533,41800,False,490.8666666666667,10,formula_read
491.9,5,72,0,21,0,1,1,30644,1490,CHAIN,30869,False,,100,True,491.6,1,formula_read,CHAIN,43533,False,43533,41800,False,490.8666666666667,10,formula_read
491.93333333333334,5,72,0,21,0,1,1,30644,1490,CHAIN,30869,False,,100,True,491.6,1,formula_read,CHAIN,43533,False,43533,41800,False,490.8666666666667,10,formula_read
491.96666666666664,5,72,0,21,0,1,1,30644,1490,CHAIN,30869,False,,100,True,491.6,1,formula_read,CHAIN,43533,False,43533,41800,False,490.8666666666667,10,formula_read
492.0,5,72,0,21,0,1,1,30644,1490,CHAIN,30869,False,,100,True,491.6,1,formula_read,CHAIN,43533,False,43533,41800,False,490.8666666666667,10,formula_read
492.03333333333336,5,72,0,21,0,1,1,30644,1490,CHAIN,30869,False,,100,True,491.6,1,formula_read,CHAIN,43533,False,43533,41800,False,490.8666666666667,10,formula_read
492.06666666666666,5,72,0,21,0,1,1,30644,1490,CHAIN,30869,False,,100,True,491.6,1,formula_read,CHAIN,43533,False,43533,41800,False,490.8666666666667,10,formula_read
492.1,5,72,0,21,0,1,1,30644,1490,CHAIN,30869,False,,100,True,491.6,1,formula_read,CHAIN,43533,False,43533,41800,False,490.8666666666667,10,formula_read
492.1333333333333,5,72,0,21,0,1,1,30644,1490,CHAIN,30869,False,,100,True,491.6,1,formula_read,CHAIN,43533,False,43533,41800,False,490.8666666666667,10,formula_read
492.1666666666667,5,72,0,21,0,1,1,30644,1490,CHAIN,30869,False,,100,True,491.6,1,formula_read,CHAIN,43533,False,43533,41800,False,490.8666666666667,10,formula_read
492.2,5,72,0,21,0,1,1,30644,1490,CHAIN,30869,False,,100,True,491.6,1,formula_read,CHAIN,43533,False,43533,41800,False,490.8666666666667,10,formula_read
492.23333333333335,5,72,0,21,0,1,1,30644,1490,CHAIN,30869,False,,100,True,491.6,1,formula_read,GRAVITY_SETTLE,43533,True,43533,41800,False,,,
492.26666666666665,5,72,0,21,0,1,1,30644,1490,CHAIN,30869,False,,100,True,491.6,1,formula_read,STABLE,43533,False,43533,41800,False,,,
492.3,5,72,0,21,0,1,1,30644,1490,CHAIN,30869,False,,100,True,491.6,1,formula_read,STABLE,43533,False,43533,41800,False,,,
492.3333333333333,5,72,0,21,0,1,1,30644,1490,CHAIN,30869,False,,100,True,491.6,1,formula_read,STABLE,43533,False,43533,41800,False,,,
492.3666666666667,5,72,0,21,0,1,1,30644,1490,CHAIN,30869,False,,100,True,491.6,1,formula_read,STABLE,43533,False,43533,41800,False,,,
492.4,5,72,0,21,0,1,1,30644,1490,CHAIN,30869,False,,100,True,491.6,1,formula_read,STABLE,43533,False,43533,41800,False,,,
492.43333333333334,5,72,0,21,0,1,1,30644,1490,CHAIN,30869,False,,100,True,491.6,1,formula_read,STABLE,43533,False,43533,41800,False,,,
492.46666666666664,5,72,0,21,0,1,1,30644,1490,CHAIN,30969,False,30969,100,False,491.6,1,formula_read,OJAMA_FALL,43533,False,43533,41800,False,,,
492.5,5,72,0,21,0,1,1,30644,1490,CHAIN,30969,False,30969,100,False,491.6,1,formula_read,OJAMA_FALL,43533,False,43533,41800,False,,,
492.53333333333336,5,72,0,21,0,1,1,30644,1490,CHAIN,30969,False,30969,100,False,491.6,1,formula_read,OJAMA_FALL,43534,False,43534,41800,False,,,
492.56666666666666,5,72,0,21,0,1,1,30644,1490,CHAIN,30969,False,30969,100,False,491.6,1,formula_read,OJAMA_FALL,43534,False,43534,41800,False,,,
492.6,5,72,0,21,0,1,1,30644,1490,CHAIN,30969,False,30969,100,False,491.6,1,formula_read,OJAMA_FALL,43536,False,43536,41800,False,,,
492.6333333333333,5,72,0,21,0,1,1,30644,1490,CHAIN,30969,False,30969,100,False,491.6,1,formula_read,OJAMA_FALL,43537,False,43537,41800,False,,,
492.6666666666667,5,72,0,21,0,1,1,30644,1490,CHAIN,30969,False,30969,100,False,491.6,1,formula_read,OJAMA_FALL,43538,False,43538,41800,False,,,
492.7,5,72,0,21,0,1,1,30644,1490,CHAIN,30969,False,30969,100,False,491.6,1,formula_read,OJAMA_FALL,43538,False,43538,41800,False,,,
492.73333333333335,5,72,0,21,0,1,1,30644,1490,CHAIN,30969,False,30969,100,False,491.6,1,formula_read,OJAMA_FALL,43541,False,43541,41800,False,,,
492.76666666666665,5,72,0,21,0,1,1,30644,1490,CHAIN,30969,False,30969,100,False,491.6,1,formula_read,OJAMA_FALL,43541,False,43541,41800,False,,,
492.8,5,72,0,21,0,1,1,30644,1490,CHAIN,30969,False,30969,100,False,491.6,1,formula_read,OJAMA_FALL,43541,False,43541,41800,False,,,
492.8333333333333,5,72,0,21,0,1,1,30644,1490,CHAIN,30969,False,30969,100,False,491.6,1,formula_read,OJAMA_FALL,43541,False,43541,41800,False,,,
492.8666666666667,5,72,0,21,0,1,1,30644,1490,CHAIN,30969,False,30969,100,False,491.6,1,formula_read,OJAMA_FALL,43541,False,43541,41800,False,,,
492.9,5,72,0,21,0,1,1,30644,1490,CHAIN,30969,False,,100,True,491.6,1,formula_read,OJAMA_FALL,43541,False,43541,41800,False,,,
492.93333333333334,5,72,0,21,0,1,1,30644,1490,CHAIN,30969,False,,420,True,491.6,2,formula_read,OJAMA_FALL,43541,False,43541,41800,False,,,
492.96666666666664,5,72,0,21,0,1,1,30644,1490,CHAIN,30969,False,,420,True,491.6,2,formula_read,OJAMA_FALL,43541,False,43541,41800,False,,,
493.0,5,72,0,21,0,1,1,30644,1490,CHAIN,30969,False,,420,True,491.6,2,formula_read,STABLE,43541,True,43541,41800,False,,,
493.03333333333336,5,72,0,21,0,1,1,30644,1490,CHAIN,30969,False,,420,True,491.6,2,formula_read,STABLE,43541,False,43541,41800,False,,,
493.06666666666666,5,72,0,21,0,1,1,30644,1490,CHAIN,30969,False,,420,True,491.6,2,formula_read,TSUMO_FALL,43541,False,43541,41800,False,,,
493.1,5,72,0,21,0,1,1,30644,1490,CHAIN,30969,False,,420,True,491.6,2,formula_read,TSUMO_FALL,43541,False,43541,41800,False,,,
493.1333333333333,5,72,0,21,30,1,1,30644,1490,CHAIN,30969,False,,420,True,491.6,2,formula_read,STABLE,43541,False,43541,41800,False,,,
493.1666666666667,5,72,0,21,30,1,1,30644,1490,CHAIN,30969,False,,420,True,491.6,2,formula_read,STABLE,43541,False,43541,41800,False,,,
493.2,5,72,0,21,30,1,1,30644,1490,CHAIN,30969,False,,420,True,491.6,2,formula_read,STABLE,43541,False,43541,41800,False,,,
493.23333333333335,5,72,0,21,30,1,1,30644,1490,CHAIN,30969,False,,420,True,491.6,2,formula_read,TSUMO_FALL,43541,False,43541,41800,False,,,
493.26666666666665,5,72,0,21,30,1,1,30644,1490,CHAIN,30969,False,,420,True,491.6,2,formula_read,TSUMO_FALL,43541,False,43541,41800,False,,,
493.3,5,72,0,21,60,1,1,30644,1490,CHAIN,30969,False,,420,True,491.6,2,formula_read,STABLE,43541,False,43541,41800,False,,,
493.3333333333333,5,72,0,21,60,1,1,30644,1490,CHAIN,30969,False,,420,True,491.6,2,formula_read,STABLE,43543,False,43543,41800,False,,,
493.3666666666667,5,72,0,21,60,1,1,30644,1490,CHAIN,30969,False,,420,True,491.6,2,formula_read,TSUMO_FALL,43545,False,43545,41800,False,,,
493.4,5,72,0,21,60,1,1,30644,1490,CHAIN,30969,False,,420,True,491.6,2,formula_read,TSUMO_FALL,43546,False,43546,41800,False,,,
493.43333333333334,5,72,0,21,60,1,1,30644,1490,CHAIN,30969,False,,420,True,491.6,2,formula_read,TSUMO_FALL,43547,False,43547,41800,False,,,
493.46666666666664,5,72,0,21,60,1,1,30644,1490,CHAIN,30969,False,,420,True,491.6,2,formula_read,TSUMO_FALL,43548,False,43548,41800,False,,,
493.5,5,72,0,21,60,1,1,30644,1490,CHAIN,30969,False,,420,True,491.6,2,formula_read,TSUMO_FALL,43549,False,43549,41800,False,,,
493.53333333333336,5,72,0,21,60,1,1,30644,1490,CHAIN,30969,False,,420,True,491.6,2,formula_read,TSUMO_FALL,43550,False,43550,41800,False,,,
493.56666666666666,5,72,0,21,60,1,1,30644,1490,CHAIN,30969,False,,420,True,491.6,2,formula_read,TSUMO_FALL,43551,False,43551,41800,False,,,
493.6,5,72,0,21,60,1,1,30644,1490,CHAIN,30969,False,,420,True,491.6,2,formula_read,TSUMO_FALL,43553,False,43553,41800,False,,,
493.6333333333333,5,72,0,21,90,1,1,30644,1490,CHAIN,30969,False,,420,True,491.6,2,formula_read,STABLE,43553,False,43553,41800,False,,,
493.6666666666667,5,72,0,21,90,1,1,30644,1490,CHAIN,30969,False,,420,True,491.6,2,formula_read,STABLE,43553,False,43553,41800,False,,,
493.7,5,72,0,21,90,1,1,30644,1490,CHAIN,30969,False,,420,True,491.6,2,formula_read,STABLE,43553,False,43553,41800,False,,,
493.73333333333335,5,72,0,21,90,1,1,30644,1490,CHAIN,30969,False,,420,True,491.6,2,formula_read,STABLE,43553,False,43553,41800,False,,,
493.76666666666665,5,72,0,21,90,1,1,30644,1490,CHAIN,30969,False,,420,True,491.6,2,formula_read,STABLE,43553,False,43553,41800,False,,,
493.8,5,72,0,21,90,1,1,30644,1490,CHAIN,30969,False,,420,True,491.6,2,formula_read,STABLE,43553,False,43553,41800,False,,,
493.8333333333333,5,72,0,21,90,1,1,30644,1490,CHAIN,30969,False,,420,True,491.6,2,formula_read,STABLE,43553,False,43553,41800,False,,,
493.8666666666667,5,72,0,21,90,1,1,30644,1490,CHAIN,30969,False,,420,True,491.6,2,formula_read,STABLE,43553,False,43553,41800,False,,,
493.9,5,72,0,21,90,1,1,30644,1490,CHAIN,31289,False,31289,420,False,491.6,2,formula_read,OJAMA_FALL,43553,False,43553,41800,False,,,
493.93333333333334,5,72,0,21,90,1,1,30644,1490,CHAIN,31289,False,31289,420,False,491.6,2,formula_read,STABLE,43553,True,43553,41800,False,,,
493.96666666666664,5,72,0,21,90,1,1,30644,1490,CHAIN,31289,False,31289,420,False,491.6,2,formula_read,STABLE,43553,False,43553,41800,False,,,
494.0,5,72,0,21,90,1,1,30644,1490,CHAIN,31289,False,31289,420,False,491.6,2,formula_read,STABLE,43553,False,43553,41800,False,,,
494.03333333333336,5,72,0,21,90,1,1,30644,1490,CHAIN,31289,False,31289,420,False,491.6,2,formula_read,STABLE,43553,False,43553,41800,False,,,
494.06666666666666,5,72,0,21,90,1,1,30644,1490,CHAIN,31289,False,31289,420,False,491.6,2,formula_read,STABLE,43553,False,43553,41800,False,,,
494.1,5,72,0,21,90,1,1,30644,1490,CHAIN,31289,False,31289,420,False,491.6,2,formula_read,STABLE,43553,False,43553,41800,False,,,
494.1333333333333,5,72,0,21,90,1,1,30644,1490,CHAIN,31289,False,31289,420,False,491.6,2,formula_read,STABLE,43553,False,43553,41800,False,,,
494.1666666666667,5,72,0,21,90,1,1,30644,1490,CHAIN,31289,False,31289,420,False,491.6,2,formula_read,STABLE,43554,False,43554,41800,False,,,
494.2,5,72,0,21,90,1,1,30644,1490,CHAIN,31289,False,31289,420,False,491.6,2,formula_read,STABLE,43555,False,43555,41800,False,,,
494.23333333333335,5,72,0,21,90,1,1,30644,1490,CHAIN,31289,False,31289,420,False,491.6,2,formula_read,STABLE,43556,False,43556,41800,False,,,
494.26666666666665,5,72,0,21,90,1,1,30644,1490,CHAIN,31289,False,31289,420,False,491.6,2,formula_read,STABLE,43557,False,43557,41800,False,,,
494.3,5,72,0,21,90,1,1,30644,1490,CHAIN,31289,False,31289,420,False,491.6,2,formula_read,STABLE,43558,False,43558,41800,False,,,
494.3333333333333,5,72,0,21,90,1,1,30644,1490,CHAIN,31289,False,31289,420,False,491.6,2,formula_read,STABLE,43559,False,43559,41800,False,,,
494.3666666666667,5,72,0,21,90,1,1,30644,1490,CHAIN,31289,False,,420,True,491.6,2,formula_read,TSUMO_FALL,43561,False,43561,41800,False,,,
494.4,5,72,0,21,90,1,1,30644,1490,CHAIN,31289,False,,1320,True,491.6,3,formula_read,TSUMO_FALL,43561,False,43561,41800,False,,,
494.43333333333334,5,72,0,21,120,1,1,30644,1490,CHAIN,31289,False,,1320,True,491.6,3,formula_read,STABLE,43561,False,43561,41800,False,,,
494.46666666666664,5,72,0,21,120,1,1,30644,1490,CHAIN,31289,False,,1320,True,491.6,3,formula_read,STABLE,43561,False,43561,41800,False,,,
494.5,5,72,0,21,120,1,1,30644,1490,CHAIN,31289,False,,1320,True,491.6,3,formula_read,STABLE,43561,False,43561,41800,False,,,
494.53333333333336,5,72,0,21,120,1,1,30644,1490,CHAIN,31289,False,,1320,True,491.6,3,formula_read,STABLE,43561,False,43561,41800,False,,,
494.56666666666666,5,72,0,21,120,1,1,30644,1490,CHAIN,31289,False,,1320,True,491.6,3,formula_read,STABLE,43561,False,43561,41800,False,,,
494.6,5,72,0,21,120,1,1,30644,1490,CHAIN,31289,False,,1320,True,491.6,3,formula_read,STABLE,43561,False,43561,41800,False,,,
494.6333333333333,5,72,0,21,120,1,1,30644,1490,CHAIN,31289,False,,1320,True,491.6,3,formula_read,STABLE,43561,False,43561,41800,False,,,
494.6666666666667,5,72,0,21,120,1,1,30644,1490,CHAIN,31289,False,,1320,True,491.6,3,formula_read,STABLE,43561,False,43561,41800,False,,,
494.7,5,72,0,21,120,1,1,30644,1490,CHAIN,31289,False,,1320,True,491.6,3,formula_read,STABLE,43561,True,43561,41800,False,,,
494.73333333333335,5,72,0,21,120,1,1,30644,1490,CHAIN,31289,False,,1320,True,491.6,3,formula_read,STABLE,43561,False,43561,41800,False,,,
494.76666666666665,5,72,0,21,120,1,1,30644,1490,CHAIN,31289,False,,1320,True,491.6,3,formula_read,STABLE,43561,False,43561,41800,False,,,
494.8,5,72,0,21,120,1,1,30644,1490,CHAIN,31289,False,,1320,True,491.6,3,formula_read,STABLE,43561,False,43561,41800,False,,,
494.8333333333333,5,72,0,21,120,1,1,30644,1490,CHAIN,31289,False,,1320,True,491.6,3,formula_read,STABLE,43561,False,43561,41800,False,,,
494.8666666666667,5,72,0,21,120,1,1,30644,1490,CHAIN,31289,False,,1320,True,491.6,3,formula_read,STABLE,43562,False,43562,41800,False,,,
494.9,5,72,0,21,120,1,1,30644,1490,CHAIN,31289,False,,1320,True,491.6,3,formula_read,STABLE,43563,False,43563,41800,False,,,
494.93333333333334,5,72,0,21,120,1,1,30644,1490,CHAIN,31289,False,,1320,True,491.6,3,formula_read,STABLE,43564,False,43564,41800,False,,,
494.96666666666664,5,72,0,21,120,1,1,30644,1490,CHAIN,31289,False,,1320,True,491.6,3,formula_read,STABLE,43565,False,43565,41800,False,,,
495.0,5,72,0,21,120,1,1,30644,1490,CHAIN,31289,False,,1320,True,491.6,3,formula_read,TSUMO_FALL,43566,False,43566,41800,False,,,
495.03333333333336,5,72,0,21,120,1,1,30644,1490,CHAIN,31289,False,,1320,True,491.6,3,formula_read,TSUMO_FALL,43567,False,43567,41800,False,,,
495.06666666666666,5,72,0,21,120,1,1,30644,1490,CHAIN,31289,False,,1320,True,491.6,3,formula_read,TSUMO_FALL,43568,False,43568,41800,False,,,
495.1,5,72,0,21,120,1,1,30644,1490,CHAIN,31289,False,,1320,True,491.6,3,formula_read,TSUMO_FALL,43569,False,43569,41800,False,,,
495.1333333333333,5,72,0,21,120,1,1,30644,1490,CHAIN,31289,False,,1320,True,491.6,3,formula_read,TSUMO_FALL,43570,False,43570,41800,False,,,
495.1666666666667,5,72,0,21,120,1,1,30644,1490,CHAIN,31289,False,,1320,True,491.6,3,formula_read,TSUMO_FALL,43571,False,43571,41800,False,,,
495.2,5,72,0,21,120,1,1,30644,1490,CHAIN,31289,False,,1320,True,491.6,3,formula_read,TSUMO_FALL,43573,False,43573,41800,False,,,
495.23333333333335,5,66,0,21,150,1,1,30644,1490,CHAIN,31289,False,,1320,True,491.6,3,formula_read,STABLE,43573,False,43573,41800,False,,,
495.26666666666665,5,66,0,21,150,1,1,30644,1490,CHAIN,31289,False,,1320,True,491.6,3,formula_read,STABLE,43573,False,43573,41800,False,,,
495.3,5,66,0,21,150,1,1,30644,1490,CHAIN,32189,False,32189,1320,False,491.6,3,formula_read,OJAMA_FALL,43573,False,43573,41800,False,,,
495.3333333333333,5,66,0,21,150,1,1,30644,1490,CHAIN,32189,False,32189,1320,False,491.6,3,formula_read,OJAMA_FALL,43573,False,43573,41800,False,,,
495.3666666666667,5,66,0,21,150,1,1,30644,1490,CHAIN,32189,False,32189,1320,False,491.6,3,formula_read,OJAMA_FALL,43573,False,43573,41800,False,,,
495.4,5,66,0,21,150,1,1,30644,1490,CHAIN,32189,False,32189,1320,False,491.6,3,formula_read,OJAMA_FALL,43573,False,43573,41800,False,,,
495.43333333333334,5,66,0,21,150,1,1,30644,1490,CHAIN,32189,False,32189,1320,False,491.6,3,formula_read,OJAMA_FALL,43573,False,43573,41800,False,,,
495.46666666666664,5,66,0,21,150,1,1,30644,1490,CHAIN,32189,False,32189,1320,False,491.6,3,formula_read,OJAMA_FALL,43573,False,43573,41800,False,,,
495.5,5,66,0,21,150,1,1,30644,1490,CHAIN,32189,False,32189,1320,False,491.6,3,formula_read,OJAMA_FALL,43573,False,43573,41800,False,,,
495.53333333333336,5,66,0,21,150,1,1,30644,1490,CHAIN,32189,False,32189,1320,False,491.6,3,formula_read,STABLE,43573,True,43573,41800,False,,,
495.56666666666666,5,66,0,21,150,1,1,30644,1490,CHAIN,32189,False,32189,1320,False,491.6,3,formula_read,TSUMO_FALL,43573,False,43573,41800,False,,,
495.6,5,66,0,21,150,1,1,30644,1490,CHAIN,32189,False,32189,1320,False,491.6,3,formula_read,TSUMO_FALL,43573,False,43573,41800,False,,,
495.6333333333333,5,36,0,21,180,1,1,30644,1490,CHAIN,32189,False,32189,1320,False,491.6,3,formula_read,STABLE,43573,False,43573,41800,False,,,
495.6666666666667,5,36,0,21,180,1,1,30644,1490,CHAIN,32189,False,32189,1320,False,491.6,3,formula_read,STABLE,43573,False,43573,41800,False,,,
495.7,5,36,0,21,180,1,1,30644,1490,CHAIN,32189,False,32189,1320,False,491.6,3,formula_read,TSUMO_FALL,43573,False,43573,41800,False,,,
495.73333333333335,5,36,0,21,180,1,1,30644,1490,CHAIN,32189,False,,1320,True,491.6,3,formula_read,TSUMO_FALL,43573,False,43573,41800,False,,,
495.76666666666665,5,6,0,21,210,1,1,30644,1490,CHAIN,32189,False,,4650,True,491.6,4,formula_read,STABLE,43574,False,43574,41800,False,,,
495.8,5,6,0,21,210,1,1,30644,1490,CHAIN,32189,False,,4650,True,491.6,4,formula_read,STABLE,43575,False,43575,41800,False,,,
495.8333333333333,5,6,0,21,210,1,1,30644,1490,CHAIN,32189,False,,4650,True,491.6,4,formula_read,STABLE,43576,False,43576,41800,False,,,
495.8666666666667,5,6,0,21,210,1,1,30644,1490,CHAIN,32189,False,,4650,True,491.6,4,formula_read,STABLE,43578,False,43578,41800,False,,,
495.9,5,6,0,21,210,1,1,30644,1490,CHAIN,32189,False,,4650,True,491.6,4,formula_read,STABLE,43578,False,43578,41800,False,,,
495.93333333333334,5,6,0,21,210,1,1,30644,1490,CHAIN,32189,False,,4650,True,491.6,4,formula_read,STABLE,43578,False,43578,41800,False,,,
495.96666666666664,5,6,0,21,210,1,1,30644,1490,CHAIN,32189,False,,4650,True,491.6,4,formula_read,STABLE,43578,False,43578,41800,False,,,
496.0,5,6,0,21,210,1,1,30644,1490,CHAIN,32189,False,,4650,True,491.6,4,formula_read,STABLE,43578,False,43578,41800,False,,,
496.03333333333336,5,6,0,21,210,1,1,30644,1490,CHAIN,32189,False,,4650,True,491.6,4,formula_read,TSUMO_FALL,43578,False,43578,41800,False,,,
496.06666666666666,5,6,0,21,210,1,1,30644,1490,CHAIN,32189,False,,4650,True,491.6,4,formula_read,TSUMO_FALL,43578,False,43578,41800,False,,,
496.1,5,0,0,21,216,1,1,30644,1490,CHAIN,32189,False,,4650,True,491.6,4,formula_read,STABLE,43578,False,43578,41800,False,,,
496.1333333333333,5,0,0,21,216,1,1,30644,1490,CHAIN,32189,False,,4650,True,491.6,4,formula_read,STABLE,43578,False,43578,41800,False,,,
496.1666666666667,5,0,0,21,216,1,1,30644,1490,CHAIN,32189,False,,4650,True,491.6,4,formula_read,STABLE,43578,False,43578,41800,False,,,
496.2,5,0,0,21,216,1,1,30644,1490,CHAIN,32189,False,,4650,True,491.6,4,formula_read,STABLE,43578,True,43578,41800,False,,,
496.23333333333335,5,0,0,21,216,1,1,30644,1490,CHAIN,32189,False,,4650,True,491.6,4,formula_read,STABLE,43578,False,43578,41800,False,,,
496.26666666666665,5,0,0,21,216,1,1,30644,1490,CHAIN,32189,False,,4650,True,491.6,4,formula_read,STABLE,43578,False,43578,41800,False,,,
496.3,5,0,0,21,216,1,1,30644,1490,CHAIN,32189,False,,4650,True,491.6,4,formula_read,STABLE,43578,False,43578,41800,False,,,
496.3333333333333,5,0,0,21,216,1,1,30644,1490,CHAIN,32189,False,,4650,True,491.6,4,formula_read,STABLE,43579,False,43579,41800,False,,,
496.3666666666667,5,0,0,21,216,1,1,30644,1490,CHAIN,32189,False,,4650,True,491.6,4,formula_read,STABLE,43580,False,43580,41800,False,,,
496.4,5,0,0,21,216,1,1,30644,1490,CHAIN,32189,False,,4650,True,491.6,4,formula_read,STABLE,43581,False,43581,41800,False,,,
496.43333333333334,5,0,0,21,216,1,1,30644,1490,CHAIN,32189,False,,4650,True,491.6,4,formula_read,STABLE,43582,False,43582,41800,False,,,
496.46666666666664,5,0,0,21,216,1,1,30644,1490,CHAIN,32189,False,,4650,True,491.6,4,formula_read,STABLE,43583,False,43583,41800,False,,,
496.5,5,0,0,21,216,1,1,30644,1490,CHAIN,32189,False,,4650,True,491.6,4,formula_read,STABLE,43584,False,43584,41800,False,,,
496.53333333333336,5,0,0,21,216,1,1,30644,1490,CHAIN,32189,False,,4650,True,491.6,4,formula_read,STABLE,43585,False,43585,41800,False,,,
496.56666666666666,5,0,0,21,216,1,1,30644,1490,CHAIN,32189,False,,4650,True,491.6,4,formula_read,STABLE,43586,False,43586,41800,False,,,
496.6,5,0,0,21,216,1,1,30644,1490,CHAIN,32189,False,,4650,True,491.6,4,formula_read,TSUMO_FALL,43587,False,43587,41800,False,,,
496.6333333333333,5,0,0,21,216,1,1,30644,1490,CHAIN,32189,False,,4650,True,491.6,4,formula_read,TSUMO_FALL,43589,False,43589,41800,False,,,
496.6666666666667,5,0,0,21,216,1,1,30644,1490,CHAIN,35519,False,35519,4650,False,491.6,4,formula_read,OJAMA_FALL,43589,False,43589,41800,False,,,
496.7,5,0,0,21,216,1,1,30644,1490,CHAIN,35519,False,35519,4650,False,491.6,4,formula_read,OJAMA_FALL,43589,False,43589,41800,False,,,
496.73333333333335,5,0,0,21,216,1,1,30644,1490,CHAIN,35519,False,35519,4650,False,491.6,4,formula_read,OJAMA_FALL,43589,False,43589,41800,False,,,
496.76666666666665,5,0,0,21,216,1,1,30644,1490,CHAIN,35519,False,35519,4650,False,491.6,4,formula_read,OJAMA_FALL,43589,False,43589,41800,False,,,
496.8,5,0,0,21,216,1,1,30644,1490,CHAIN,35519,False,35519,4650,False,491.6,4,formula_read,OJAMA_FALL,43589,False,43589,41800,False,,,
496.8333333333333,5,0,0,21,216,1,1,30644,1490,CHAIN,35519,False,35519,4650,False,491.6,4,formula_read,OJAMA_FALL,43589,False,43589,41800,False,,,
496.8666666666667,5,0,0,21,216,1,1,30644,1490,CHAIN,35519,False,35519,4650,False,491.6,4,formula_read,OJAMA_FALL,43589,False,43589,41800,False,,,
496.9,5,0,0,21,216,1,1,30644,1490,CHAIN,35519,False,35519,4650,False,491.6,4,formula_read,OJAMA_FALL,43589,False,43589,41800,False,,,
496.93333333333334,5,0,0,21,216,1,1,30644,1490,CHAIN,35519,False,35519,4650,False,491.6,4,formula_read,OJAMA_FALL,43589,False,43589,41800,False,,,
496.96666666666664,5,0,0,21,216,1,1,30644,1490,CHAIN,35519,False,35519,4650,False,491.6,4,formula_read,STABLE,43589,True,43589,41800,False,,,
497.0,5,0,0,21,216,1,1,30644,1490,CHAIN,35519,False,35519,4650,False,491.6,4,formula_read,TSUMO_FALL,43589,False,43589,41800,False,,,
497.03333333333336,5,0,0,21,216,1,1,30644,1490,CHAIN,35519,False,35519,4650,False,491.6,4,formula_read,TSUMO_FALL,43589,False,43589,41800,False,,,
497.06666666666666,5,0,0,21,216,1,1,30644,1490,CHAIN,35519,False,35519,4650,False,491.6,4,formula_read,STABLE,43589,False,43589,41800,False,,,
497.1,5,0,0,21,216,1,1,30644,1490,CHAIN,35519,False,35519,4650,False,491.6,4,formula_read,STABLE,43590,False,43590,41800,False,,,
497.1333333333333,5,0,0,21,216,1,1,30644,1490,CHAIN,35519,False,35519,4650,False,491.6,4,formula_read,STABLE,43591,False,43591,41800,False,,,
497.1666666666667,5,0,0,21,216,1,1,30644,1490,CHAIN,35519,False,,4650,True,491.6,4,formula_read,TSUMO_FALL,43592,False,43592,41800,False,,,
497.2,5,0,0,21,216,1,1,30644,1490,CHAIN,35519,False,,11650,True,491.6,5,formula_read,TSUMO_FALL,43593,False,43593,41800,False,,,
497.23333333333335,5,0,0,21,216,1,1,30644,1490,CHAIN,35519,False,,11650,True,491.6,5,formula_read,STABLE,43594,False,43594,41800,False,,,
497.26666666666665,5,0,0,21,216,1,1,30644,1490,CHAIN,35519,False,,11650,True,491.6,5,formula_read,STABLE,43595,False,43595,41800,False,,,
497.3,5,0,0,21,216,1,1,30644,1490,CHAIN,35519,False,,11650,True,491.6,5,formula_read,STABLE,43596,False,43596,41800,False,,,
497.3333333333333,5,0,0,21,216,1,1,30644,1490,CHAIN,35519,False,,11650,True,491.6,5,formula_read,TSUMO_FALL,43596,False,43596,41800,False,,,
497.3666666666667,5,0,0,21,216,1,1,30644,1490,CHAIN,35519,False,,11650,True,491.6,5,formula_read,TSUMO_FALL,43598,False,43598,41800,False,,,
497.4,5,0,0,21,216,1,1,30644,1490,CHAIN,35519,False,,11650,True,491.6,5,formula_read,STABLE,43598,False,43598,41800,False,,,
497.43333333333334,5,0,0,21,216,1,1,30644,1490,CHAIN,35519,False,,11650,True,491.6,5,formula_read,STABLE,43598,False,43598,41800,False,,,
497.46666666666664,5,0,0,21,216,1,1,30644,1490,CHAIN,35519,False,,11650,True,491.6,5,formula_read,STABLE,43598,False,43598,41800,False,,,
497.5,5,0,0,21,216,1,1,30644,1490,CHAIN,35519,False,,11650,True,491.6,5,formula_read,STABLE,43598,False,43598,41800,False,,,
497.53333333333336,5,0,0,21,216,1,1,30644,1490,CHAIN,35519,False,,11650,True,491.6,5,formula_read,STABLE,43598,False,43598,41800,False,,,
497.56666666666666,5,0,0,21,216,1,1,30644,1490,CHAIN,35519,False,,11650,True,491.6,5,formula_read,STABLE,43598,False,43598,41800,False,,,
497.6,5,0,0,21,216,1,1,30644,1490,CHAIN,35519,False,,11650,True,491.6,5,formula_read,STABLE,43598,False,43598,41800,False,,,
497.6333333333333,5,0,0,21,216,1,1,30644,1490,CHAIN,35519,False,,11650,True,491.6,5,formula_read,STABLE,43598,False,43598,41800,False,,,
497.6666666666667,5,0,0,21,216,1,1,30644,1490,CHAIN,35519,False,,11650,True,491.6,5,formula_read,STABLE,43598,True,43598,41800,False,,,
497.7,5,0,0,21,216,1,1,30644,1490,CHAIN,35519,False,,11650,True,491.6,5,formula_read,STABLE,43598,False,43598,41800,False,,,
497.73333333333335,5,0,0,21,216,1,1,30644,1490,CHAIN,35519,False,,11650,True,491.6,5,formula_read,STABLE,43598,False,43598,41800,False,,,
497.76666666666665,5,0,0,21,216,1,1,30644,1490,CHAIN,35519,False,,11650,True,491.6,5,formula_read,STABLE,43598,False,43598,41800,False,,,
497.8,5,0,0,21,216,1,1,30644,1490,CHAIN,35519,False,,11650,True,491.6,5,formula_read,STABLE,43598,False,43598,41800,False,,,
497.8333333333333,5,0,0,21,216,1,1,30644,1490,CHAIN,35519,False,,11650,True,491.6,5,formula_read,STABLE,43598,False,43598,41800,False,,,
497.8666666666667,5,0,0,21,216,1,1,30644,1490,CHAIN,35519,False,,11650,True,491.6,5,formula_read,STABLE,43599,False,43599,41800,False,,,
497.9,5,0,0,21,216,1,1,30644,1490,CHAIN,35519,False,,11650,True,491.6,5,formula_read,OJAMA_FALL,43600,False,43600,41800,False,,,
497.93333333333334,5,0,0,21,216,1,1,30644,1490,CHAIN,35519,False,,11650,True,491.6,5,formula_read,STABLE,43601,False,43601,41800,False,,,
497.96666666666664,5,0,0,21,216,1,1,30644,1490,CHAIN,35519,False,,11650,True,491.6,5,formula_read,STABLE,43601,False,43601,41800,False,,,
498.0,5,0,0,21,216,1,1,30644,1490,CHAIN,35519,False,,11650,True,491.6,5,formula_read,TSUMO_FALL,43601,False,43601,41800,False,,,
498.03333333333336,5,0,0,21,216,1,1,30644,1490,CHAIN,35519,False,,11650,True,491.6,5,formula_read,TSUMO_FALL,43601,False,43601,41800,False,,,
498.06666666666666,5,0,0,21,216,1,1,30644,1490,CHAIN,35519,False,,11650,True,491.6,5,formula_read,TSUMO_FALL,43601,False,43601,41800,False,,,
498.1,5,0,0,21,216,1,1,30644,1490,CHAIN,42519,False,42519,11650,False,491.6,5,formula_read,OJAMA_FALL,43601,False,43601,41800,False,,,
498.1333333333333,5,0,0,21,216,1,1,30644,1490,CHAIN,42519,False,42519,11650,False,491.6,5,formula_read,OJAMA_FALL,43601,False,43601,41800,False,,,
498.1666666666667,5,0,0,21,216,1,1,30644,1490,CHAIN,42519,False,42519,11650,False,491.6,5,formula_read,STABLE,43602,False,43602,41800,False,,,
498.2,5,0,0,21,216,1,1,30644,1490,CHAIN,42519,False,42519,11650,False,491.6,5,formula_read,STABLE,43602,False,43602,41800,False,,,
498.23333333333335,5,0,0,21,216,1,1,30644,1490,CHAIN,42519,False,42519,11650,False,491.6,5,formula_read,TSUMO_FALL,43602,False,43602,41800,False,,,
498.26666666666665,5,0,0,21,216,1,1,30644,1490,CHAIN,42519,False,42519,11650,False,491.6,5,formula_read,TSUMO_FALL,43602,False,43602,41800,False,,,
498.3,5,0,0,21,216,1,1,30644,1490,CHAIN,42519,False,42519,11650,False,491.6,5,formula_read,STABLE,43602,False,43602,41800,False,,,
498.3333333333333,5,0,0,21,216,1,1,30644,1490,CHAIN,42519,False,42519,11650,False,491.6,5,formula_read,STABLE,43602,False,43602,41800,False,,,
498.3666666666667,5,0,0,21,216,1,1,30644,1490,CHAIN,42519,False,42519,11650,False,491.6,5,formula_read,STABLE,43602,False,43602,41800,False,,,
498.4,5,0,0,21,216,1,1,30644,1490,CHAIN,42519,False,42519,11650,False,491.6,5,formula_read,STABLE,43602,False,43602,41800,False,,,
498.43333333333334,5,0,0,21,216,1,1,30644,1490,CHAIN,42519,False,42519,11650,False,491.6,5,formula_read,STABLE,43602,False,43602,41800,False,,,
498.46666666666664,5,0,0,21,216,1,1,30644,1490,CHAIN,42519,False,42519,11650,False,491.6,5,formula_read,STABLE,43602,False,43602,41800,False,,,
498.5,5,0,0,21,216,1,1,30644,1490,CHAIN,42519,False,42519,11650,False,491.6,5,formula_read,STABLE,43602,True,43602,41800,False,,,
498.53333333333336,5,0,0,21,216,1,1,30644,1490,CHAIN,42519,False,42519,11650,False,491.6,5,formula_read,STABLE,43602,False,43602,41800,False,,,
498.56666666666666,5,0,0,21,216,1,1,30644,1490,CHAIN,42519,False,42519,11650,False,491.6,5,formula_read,STABLE,43602,False,43602,41800,False,,,
498.6,5,0,0,21,216,1,1,30644,1490,CHAIN,42519,False,42519,11650,False,491.6,5,formula_read,STABLE,43602,False,43602,41800,False,,,
498.6333333333333,5,0,0,21,216,1,1,30644,1490,CHAIN,42519,False,,11650,True,491.6,5,formula_read,STABLE,43603,False,43603,41800,False,,,
498.6666666666667,5,0,0,21,216,1,1,30644,1490,CHAIN,42519,False,,16550,True,491.6,6,formula_read,STABLE,43604,False,43604,41800,False,,,
498.7,5,0,0,21,216,1,1,30644,1490,CHAIN,42519,False,,16550,True,491.6,6,formula_read,STABLE,43605,False,43605,41800,False,,,
498.73333333333335,5,0,0,21,216,1,1,30644,1490,CHAIN,42519,False,,16550,True,491.6,6,formula_read,STABLE,43606,False,43606,41800,False,,,
498.76666666666665,5,0,0,21,216,1,1,30644,1490,CHAIN,42519,False,,16550,True,491.6,6,formula_read,STABLE,43607,False,43607,41800,False,,,
498.8,5,0,0,21,216,1,1,30644,1490,CHAIN,42519,False,,16550,True,491.6,6,formula_read,STABLE,43608,False,43608,41800,False,,,
498.8333333333333,5,0,0,21,216,1,1,30644,1490,CHAIN,42519,False,,16550,True,491.6,6,formula_read,STABLE,43610,False,43610,41800,False,,,
498.8666666666667,5,0,0,21,216,1,1,30644,1490,CHAIN,42519,False,,16550,True,491.6,6,formula_read,TSUMO_FALL,43610,False,43610,41800,False,,,
498.9,5,0,0,21,216,1,1,30644,1490,CHAIN,42519,False,,16550,True,491.6,6,formula_read,TSUMO_FALL,43610,False,43610,41800,False,,,
498.93333333333334,5,0,0,21,216,1,1,30644,1490,CHAIN,42519,False,,16550,True,491.6,6,formula_read,TSUMO_FALL,43610,False,43610,41800,False,,,
498.96666666666664,5,0,0,21,216,1,1,30644,1490,CHAIN,42519,False,,16550,True,491.6,6,formula_read,TSUMO_FALL,43610,False,43610,41800,False,,,
499.0,5,0,0,21,216,1,1,30644,1490,CHAIN,42519,False,,16550,True,491.6,6,formula_read,STABLE,43610,False,43610,41800,False,,,
499.03333333333336,5,0,0,21,216,1,1,30644,1490,CHAIN,42519,False,,16550,True,491.6,6,formula_read,STABLE,43610,False,43610,41800,False,,,
499.06666666666666,5,0,0,21,216,1,1,30644,1490,CHAIN,42519,False,,16550,True,491.6,6,formula_read,TSUMO_FALL,43610,False,43610,41800,False,,,
499.1,5,0,0,21,216,1,1,30644,1490,CHAIN,42519,False,,16550,True,491.6,6,formula_read,STABLE,43610,False,43610,41800,False,,,
499.1333333333333,5,0,0,21,216,1,1,30644,1490,CHAIN,42519,False,,16550,True,491.6,6,formula_read,STABLE,43610,False,43610,41800,False,,,
499.1666666666667,5,0,0,21,216,1,1,30644,1490,CHAIN,42519,False,,16550,True,491.6,6,formula_read,STABLE,43610,False,43610,41800,False,,,
499.2,5,0,0,21,216,1,1,30644,1490,CHAIN,42519,False,,16550,True,491.6,6,formula_read,STABLE,43610,False,43610,41800,False,,,
499.23333333333335,5,0,0,21,216,1,1,30644,1490,CHAIN,42519,False,,16550,True,491.6,6,formula_read,STABLE,43610,False,43610,41800,False,,,
499.26666666666665,5,0,0,21,216,1,1,30644,1490,CHAIN,42519,False,,16550,True,491.6,6,formula_read,STABLE,43610,False,43610,41800,False,,,
499.3,5,0,0,21,216,1,1,30644,1490,CHAIN,42519,False,,16550,True,491.6,6,formula_read,STABLE,43610,False,43610,41800,False,,,
499.3333333333333,5,0,0,21,216,1,1,30644,1490,CHAIN,42519,False,,16550,True,491.6,6,formula_read,STABLE,43610,False,43610,41800,False,,,
499.3666666666667,5,0,0,21,216,1,1,30644,1490,CHAIN,42519,False,,16550,True,491.6,6,formula_read,STABLE,43610,False,43610,41800,False,,,
499.4,5,0,0,21,216,1,1,30644,1490,CHAIN,42519,False,,16550,True,491.6,6,formula_read,STABLE,43610,False,43610,41800,False,,,
499.43333333333334,5,0,0,21,216,1,1,30644,1490,CHAIN,42519,False,,16550,True,491.6,6,formula_read,STABLE,43610,False,43610,41800,False,,,
499.46666666666664,5,-72,216,21,216,1,2,30644,41877,CHAIN,42519,False,,16550,True,491.6,6,formula_read,STABLE,43610,True,43610,41800,False,,,
499.5,5,-72,216,21,216,1,2,30644,41877,CHAIN,42519,False,,16550,True,491.6,6,formula_read,STABLE,43610,False,43610,41800,False,,,
499.53333333333336,5,-72,216,21,216,1,2,30644,41877,CHAIN,42519,False,,16550,True,491.6,6,formula_read,STABLE,43610,False,43610,41800,False,,,
499.56666666666666,5,-72,216,21,216,1,2,30644,41877,GRAVITY_SETTLE,47419,True,47419,16550,False,,,,OJAMA_FALL,43610,False,43610,41800,False,,,
499.6,5,-72,216,21,216,1,2,30644,41877,GRAVITY_SETTLE,47419,False,47419,16550,False,,,,OJAMA_FALL,43610,False,43610,41800,False,,,
499.6333333333333,5,-72,216,21,216,1,2,30644,41877,GRAVITY_SETTLE,47419,False,47419,16550,False,,,,OJAMA_FALL,43610,False,43610,41800,False,,,
499.6666666666667,5,-72,216,21,216,1,2,30644,41877,GRAVITY_SETTLE,47419,False,47419,16550,False,,,,OJAMA_FALL,43610,False,43610,41800,False,,,
499.7,5,-72,216,21,216,1,2,30644,41877,GRAVITY_SETTLE,47419,False,47419,16550,False,,,,OJAMA_FALL,43610,False,43610,41800,False,,,
499.73333333333335,5,-72,216,21,216,1,2,30644,41877,GRAVITY_SETTLE,47419,False,47419,16550,False,,,,STABLE,43611,True,43611,41800,False,,,
499.76666666666665,5,-72,216,21,216,1,2,30644,41877,GRAVITY_SETTLE,47419,False,47419,16550,False,,,,STABLE,43612,False,43612,41800,False,,,
499.8,5,-72,216,21,216,1,2,30644,41877,GRAVITY_SETTLE,47419,False,47419,16550,False,,,,STABLE,43613,False,43613,41800,False,,,
499.8333333333333,5,-72,216,21,216,1,2,30644,41877,GRAVITY_SETTLE,47419,False,47419,16550,False,,,,STABLE,43613,False,43613,41800,False,,,
499.8666666666667,5,-72,216,21,216,1,2,30644,41877,GRAVITY_SETTLE,47419,False,47419,16550,False,,,,STABLE,43613,False,43613,41800,False,,,
499.9,5,-72,216,21,216,1,2,30644,41877,GRAVITY_SETTLE,47419,False,47419,16550,False,,,,TSUMO_FALL,43613,False,43613,41800,False,,,
499.93333333333334,5,-72,216,21,216,1,2,30644,41877,GRAVITY_SETTLE,47419,False,47419,16550,False,,,,TSUMO_FALL,43614,False,43614,41800,False,,,
499.96666666666664,5,-72,216,21,216,1,2,30644,41877,GRAVITY_SETTLE,47419,True,47419,16550,False,,,,STABLE,43614,False,43614,41800,False,,,
500.0,5,-72,216,21,216,1,2,30644,41877,GRAVITY_SETTLE,47419,False,47419,16550,False,,,,STABLE,43614,False,43614,41800,False,,,
500.03333333333336,5,-72,216,21,216,1,2,30644,41877,GRAVITY_SETTLE,47419,False,47419,16550,False,,,,STABLE,43614,False,43614,41800,False,,,
500.06666666666666,5,-72,216,21,216,1,2,30644,41877,GRAVITY_SETTLE,47419,False,47419,16550,False,,,,STABLE,43614,False,43614,41800,False,,,
500.1,5,-72,216,21,216,1,2,30644,41877,GRAVITY_SETTLE,47419,False,47419,16550,False,,,,OJAMA_FALL,43614,False,43614,41800,False,,,
500.1333333333333,5,-72,216,21,216,1,2,30644,41877,GRAVITY_SETTLE,47419,False,47419,16550,False,,,,OJAMA_FALL,43614,False,,,True,,,
500.1666666666667,5,-72,216,21,216,1,2,30644,41877,GRAVITY_SETTLE,47419,True,47419,16550,False,,,,CHAIN,43614,False,,40,True,500.1666666666667,1,formula_read
500.2,5,-72,216,21,216,1,2,30644,41877,GRAVITY_SETTLE,47419,False,47419,16550,False,,,,CHAIN,43614,False,,40,True,500.1666666666667,1,formula_read
500.23333333333335,5,-72,216,21,216,1,2,30644,41877,GRAVITY_SETTLE,47419,False,47419,16550,False,,,,CHAIN,43614,False,,40,True,500.1666666666667,1,formula_read
500.26666666666665,5,-72,216,21,216,1,2,30644,41877,GRAVITY_SETTLE,47419,False,47419,16550,False,,,,CHAIN,43614,False,,40,True,500.1666666666667,1,formula_read
500.3,5,-72,216,21,216,1,2,30644,41877,GRAVITY_SETTLE,47419,False,47419,16550,False,,,,CHAIN,43614,False,,40,True,500.1666666666667,1,formula_read
500.3333333333333,5,-72,216,21,216,1,2,30644,41877,STABLE,47420,False,47420,16550,False,,,,CHAIN,43614,False,,40,True,500.1666666666667,1,formula_read
500.3666666666667,5,-72,216,21,216,1,2,30644,41877,STABLE,47421,True,47421,16550,False,,,,CHAIN,43614,False,,40,True,500.1666666666667,1,formula_read
500.4,5,-72,216,21,216,1,2,30644,41877,TSUMO_FALL,47422,False,47422,16550,False,,,,CHAIN,43614,False,,40,True,500.1666666666667,1,formula_read
500.43333333333334,5,-72,186,51,216,1,2,30644,41877,STABLE,47423,False,47423,16550,False,,,,CHAIN,43614,False,,40,True,500.1666666666667,1,formula_read
500.46666666666664,5,-72,186,51,216,1,2,30644,41877,STABLE,47424,False,47424,16550,False,,,,CHAIN,43614,False,,40,True,500.1666666666667,1,formula_read
500.5,5,-72,186,51,216,1,2,30644,41877,TSUMO_FALL,47425,False,47425,16550,False,,,,CHAIN,43614,False,,40,True,500.1666666666667,1,formula_read
500.53333333333336,5,-72,156,81,216,1,2,30644,41877,STABLE,47426,False,47426,16550,False,,,,CHAIN,43614,False,,40,True,500.1666666666667,1,formula_read
500.56666666666666,5,-72,156,81,216,1,2,30644,41877,STABLE,47427,False,47427,16550,False,,,,CHAIN,43614,False,,40,True,500.1666666666667,1,formula_read
500.6,5,-72,156,81,216,1,2,30644,41877,TSUMO_FALL,47428,False,47428,16550,False,,,,CHAIN,43614,False,,40,True,500.1666666666667,1,formula_read
500.6333333333333,5,-72,126,111,216,1,2,30644,41877,STABLE,47429,False,47429,16550,False,,,,CHAIN,43614,False,,40,True,500.1666666666667,1,formula_read
500.6666666666667,5,-72,126,111,216,1,2,30644,41877,STABLE,47430,False,47430,16550,False,,,,CHAIN,43614,False,,40,True,500.1666666666667,1,formula_read
500.7,5,-72,126,111,216,1,2,30644,41877,TSUMO_FALL,47432,False,47432,16550,False,,,,CHAIN,43614,False,,40,True,500.1666666666667,1,formula_read
500.73333333333335,5,-72,96,141,216,1,2,30644,41877,STABLE,47432,False,47432,16550,False,,,,CHAIN,43614,False,,40,True,500.1666666666667,1,formula_read
500.76666666666665,5,-72,96,141,216,1,2,30644,41877,STABLE,47432,False,47432,16550,False,,,,CHAIN,43614,False,,40,True,500.1666666666667,1,formula_read
500.8,5,-72,96,141,216,1,2,30644,41877,STABLE,47432,False,47432,16550,False,,,,CHAIN,43614,False,,40,True,500.1666666666667,1,formula_read
500.8333333333333,5,-72,96,141,216,1,2,30644,41877,STABLE,47432,False,47432,16550,False,,,,CHAIN,43614,False,,40,True,500.1666666666667,1,formula_read
500.8666666666667,5,-72,96,141,216,1,2,30644,41877,STABLE,47432,False,47432,16550,False,,,,CHAIN,43614,False,,40,True,500.1666666666667,1,formula_read
500.9,5,-72,96,141,216,1,2,30644,41877,STABLE,47432,False,47432,16550,False,,,,CHAIN,43614,False,,40,True,500.1666666666667,1,formula_read
500.93333333333334,5,-72,96,141,216,1,2,30644,41877,STABLE,47432,False,47432,16550,False,,,,CHAIN,43614,False,,40,True,500.1666666666667,1,formula_read
500.96666666666664,5,-72,96,141,216,1,2,30644,41877,STABLE,47432,False,47432,16550,False,,,,CHAIN,43614,False,,40,True,500.1666666666667,1,formula_read
501.0,5,-72,96,141,216,1,2,30644,41877,STABLE,47432,True,47432,16550,False,,,,CHAIN,43614,False,,40,True,500.1666666666667,1,formula_read
501.03333333333336,5,-72,96,141,216,1,2,30644,41877,STABLE,47432,False,47432,16550,False,,,,CHAIN,43614,False,,40,True,500.1666666666667,1,formula_read
501.06666666666666,5,-72,96,141,216,1,2,30644,41877,STABLE,47432,False,47432,16550,False,,,,CHAIN,43614,False,,40,True,500.1666666666667,1,formula_read
501.1,5,-72,96,141,216,1,2,30644,41877,STABLE,47432,False,47432,16550,False,,,,CHAIN,43614,False,,40,True,500.1666666666667,1,formula_read
501.1333333333333,5,-72,96,141,216,1,2,30644,41877,STABLE,47432,False,47432,16550,False,,,,CHAIN,43654,False,43654,40,False,500.1666666666667,1,formula_read
501.1666666666667,5,-72,96,141,216,1,2,30644,41877,STABLE,47432,False,47432,16550,False,,,,CHAIN,43654,False,43654,40,False,500.1666666666667,1,formula_read
501.2,5,-72,96,141,216,1,2,30644,41877,STABLE,47433,False,47433,16550,False,,,,CHAIN,43654,False,43654,40,False,500.1666666666667,1,formula_read
501.23333333333335,5,-72,96,141,216,1,2,30644,41877,STABLE,47434,False,47434,16550,False,,,,CHAIN,43654,False,43654,40,False,500.1666666666667,1,formula_read
501.26666666666665,5,-72,96,141,216,1,2,30644,41877,STABLE,47435,False,47435,16550,False,,,,CHAIN,43654,False,43654,40,False,500.1666666666667,1,formula_read
501.3,5,-72,96,141,216,1,2,30644,41877,STABLE,47436,False,47436,16550,False,,,,CHAIN,43654,False,43654,40,False,500.1666666666667,1,formula_read
501.3333333333333,5,-72,96,141,216,1,2,30644,41877,STABLE,47437,False,47437,16550,False,,,,CHAIN,43654,False,43654,40,False,500.1666666666667,1,formula_read
501.3666666666667,5,-72,96,141,216,1,2,30644,41877,STABLE,47438,False,47438,16550,False,,,,CHAIN,43654,False,43654,40,False,500.1666666666667,1,formula_read
501.4,5,-72,96,141,216,1,2,30644,41877,STABLE,47439,False,47439,16550,False,,,,CHAIN,43654,False,43654,40,False,500.1666666666667,1,formula_read
501.43333333333334,5,-72,96,141,216,1,2,30644,41877,STABLE,47439,False,47439,16550,False,,,,CHAIN,43654,False,43654,40,False,500.1666666666667,1,formula_read
501.46666666666664,5,-72,96,141,216,1,2,30644,41877,STABLE,47441,False,47441,16550,False,,,,CHAIN,43654,False,43654,40,False,500.1666666666667,1,formula_read
501.5,5,-72,96,141,216,1,2,30644,41877,TSUMO_FALL,47442,False,47442,16550,False,,,,CHAIN,43654,False,43654,40,False,500.1666666666667,1,formula_read
501.53333333333336,5,-66,66,171,216,1,2,30644,41877,STABLE,47444,False,47444,16550,False,,,,CHAIN,43654,False,43654,40,False,500.1666666666667,1,formula_read
501.56666666666666,5,-66,66,171,216,1,2,30644,41877,STABLE,47444,False,47444,16550,False,,,,CHAIN,43654,False,43654,40,False,500.1666666666667,1,formula_read
501.6,5,-66,66,171,216,1,2,30644,41877,STABLE,47444,False,47444,16550,False,,,,CHAIN,43654,False,43654,40,False,500.1666666666667,1,formula_read
501.6333333333333,5,-66,66,171,216,1,2,30644,41877,STABLE,47444,False,47444,16550,False,,,,CHAIN,43654,False,,40,True,500.1666666666667,1,formula_read
501.6666666666667,5,-66,66,171,216,1,2,30644,41877,STABLE,47444,False,47444,16550,False,,,,CHAIN,43654,False,,540,True,500.1666666666667,2,formula_read
501.7,5,-66,66,171,216,1,2,30644,41877,STABLE,47444,False,47444,16550,False,,,,CHAIN,43654,False,,540,True,500.1666666666667,2,formula_read
501.73333333333335,5,-66,66,171,216,1,2,30644,41877,STABLE,47444,False,47444,16550,False,,,,CHAIN,43654,False,,540,True,500.1666666666667,2,formula_read
501.76666666666665,5,-66,66,171,216,1,2,30644,41877,STABLE,47444,False,47444,16550,False,,,,CHAIN,43654,False,,540,True,500.1666666666667,2,formula_read
501.8,5,-66,66,171,216,1,2,30644,41877,STABLE,47444,False,47444,16550,False,,,,CHAIN,43654,False,,540,True,500.1666666666667,2,formula_read
501.8333333333333,5,-66,66,171,216,1,2,30644,41877,STABLE,47444,True,47444,16550,False,,,,CHAIN,43654,False,,540,True,500.1666666666667,2,formula_read
501.8666666666667,5,-66,66,171,216,1,2,30644,41877,STABLE,47444,False,47444,16550,False,,,,CHAIN,43654,False,,540,True,500.1666666666667,2,formula_read
501.9,5,-66,66,171,216,1,2,30644,41877,STABLE,47444,False,47444,16550,False,,,,CHAIN,43654,False,,540,True,500.1666666666667,2,formula_read
501.93333333333334,5,-66,66,171,216,1,2,30644,41877,STABLE,47444,False,47444,16550,False,,,,CHAIN,43654,False,,540,True,500.1666666666667,2,formula_read
501.96666666666664,5,-66,66,171,216,1,2,30644,41877,STABLE,47444,False,47444,16550,False,,,,CHAIN,43654,False,,540,True,500.1666666666667,2,formula_read
502.0,5,-66,66,171,216,1,2,30644,41877,STABLE,47445,False,47445,16550,False,,,,CHAIN,43654,False,,540,True,500.1666666666667,2,formula_read
502.03333333333336,5,-66,66,171,216,1,2,30644,41877,STABLE,47445,False,47445,16550,False,,,,CHAIN,43654,False,,540,True,500.1666666666667,2,formula_read
502.06666666666666,5,-66,66,171,216,1,2,30644,41877,STABLE,47447,False,47447,16550,False,,,,CHAIN,43654,False,,540,True,500.1666666666667,2,formula_read
502.1,5,-66,66,171,216,1,2,30644,41877,STABLE,47448,False,47448,16550,False,,,,CHAIN,43654,False,,540,True,500.1666666666667,2,formula_read
502.1333333333333,5,-66,66,171,216,1,2,30644,41877,STABLE,47449,False,47449,16550,False,,,,CHAIN,43654,False,,540,True,500.1666666666667,2,formula_read
502.1666666666667,5,-66,66,171,216,1,2,30644,41877,STABLE,47450,False,47450,16550,False,,,,CHAIN,43654,False,,540,True,500.1666666666667,2,formula_read
502.2,5,-66,66,171,216,1,2,30644,41877,STABLE,47451,False,47451,16550,False,,,,CHAIN,43654,False,,540,True,500.1666666666667,2,formula_read
502.23333333333335,5,-66,66,171,216,1,2,30644,41877,STABLE,47452,False,47452,16550,False,,,,CHAIN,43654,False,,540,True,500.1666666666667,2,formula_read
502.26666666666665,5,-66,66,171,216,1,2,30644,41877,STABLE,47453,False,47453,16550,False,,,,CHAIN,43654,False,,540,True,500.1666666666667,2,formula_read
502.3,5,-66,66,171,216,1,2,30644,41877,TSUMO_FALL,47454,False,47454,16550,False,,,,CHAIN,43654,False,,540,True,500.1666666666667,2,formula_read
502.3333333333333,5,-66,66,171,216,1,2,30644,41877,TSUMO_FALL,47455,False,47455,16550,False,,,,CHAIN,43654,False,,540,True,500.1666666666667,2,formula_read
502.3666666666667,5,-66,66,171,216,1,2,30644,41877,TSUMO_FALL,47456,False,47456,16550,False,,,,CHAIN,43654,False,,540,True,500.1666666666667,2,formula_read
502.4,5,-36,36,201,216,1,2,30644,41877,STABLE,47456,False,47456,16550,False,,,,CHAIN,43654,False,,540,True,500.1666666666667,2,formula_read
502.43333333333334,5,-36,36,201,216,1,2,30644,41877,STABLE,47456,False,47456,16550,False,,,,CHAIN,43654,False,,540,True,500.1666666666667,2,formula_read
502.46666666666664,5,-36,36,201,216,1,2,30644,41877,STABLE,47456,False,47456,16550,False,,,,CHAIN,43654,False,,540,True,500.1666666666667,2,formula_read
502.5,5,-36,36,201,216,1,2,30644,41877,STABLE,47456,False,47456,16550,False,,,,CHAIN,43654,False,,540,True,500.1666666666667,2,formula_read
502.53333333333336,5,-36,36,201,216,1,2,30644,41877,OJAMA_FALL,47456,False,47456,16550,False,,,,CHAIN,44154,False,44154,540,False,500.1666666666667,2,formula_read
502.56666666666666,5,-36,36,201,216,1,2,30644,41877,OJAMA_FALL,47456,False,47456,16550,False,,,,CHAIN,44154,False,44154,540,False,500.1666666666667,2,formula_read
502.6,5,-36,36,201,216,1,2,30644,41877,OJAMA_FALL,47456,False,47456,16550,False,,,,CHAIN,44154,False,44154,540,False,500.1666666666667,2,formula_read
502.6333333333333,5,-36,36,201,216,1,2,30644,41877,STABLE,47456,True,47456,16550,False,,,,CHAIN,44154,False,44154,540,False,500.1666666666667,2,formula_read
502.6666666666667,5,-36,36,201,216,1,2,30644,41877,STABLE,47456,False,47456,16550,False,,,,CHAIN,44154,False,44154,540,False,500.1666666666667,2,formula_read
502.7,5,-36,36,201,216,1,2,30644,41877,STABLE,47456,False,47456,16550,False,,,,CHAIN,44154,False,44154,540,False,500.1666666666667,2,formula_read
502.73333333333335,5,-36,36,201,216,1,2,30644,41877,STABLE,47456,False,47456,16550,False,,,,CHAIN,44154,False,44154,540,False,500.1666666666667,2,formula_read
502.76666666666665,5,-36,36,201,216,1,2,30644,41877,STABLE,47456,False,47456,16550,False,,,,CHAIN,44154,False,44154,540,False,500.1666666666667,2,formula_read
502.8,5,-36,36,201,216,1,2,30644,41877,STABLE,47457,False,47457,16550,False,,,,CHAIN,44154,False,44154,540,False,500.1666666666667,2,formula_read
502.8333333333333,5,-36,36,201,216,1,2,30644,41877,STABLE,47458,False,47458,16550,False,,,,CHAIN,44154,False,44154,540,False,500.1666666666667,2,formula_read
502.8666666666667,5,-36,36,201,216,1,2,30644,41877,STABLE,47459,False,47459,16550,False,,,,CHAIN,44154,False,44154,540,False,500.1666666666667,2,formula_read
502.9,5,-36,36,201,216,1,2,30644,41877,STABLE,47460,False,47460,16550,False,,,,CHAIN,44154,False,44154,540,False,500.1666666666667,2,formula_read
502.93333333333334,5,-36,36,201,216,1,2,30644,41877,STABLE,47460,False,47460,16550,False,,,,CHAIN,44154,False,44154,540,False,500.1666666666667,2,formula_read
502.96666666666664,5,-36,36,201,216,1,2,30644,41877,STABLE,47461,False,47461,16550,False,,,,CHAIN,44154,False,44154,540,False,500.1666666666667,2,formula_read
503.0,5,-36,36,201,216,1,2,30644,41877,STABLE,47462,False,47462,16550,False,,,,CHAIN,44154,False,44154,540,False,500.1666666666667,2,formula_read
503.03333333333336,5,-36,36,201,216,1,2,30644,41877,STABLE,47463,False,47463,16550,False,,,,CHAIN,44154,False,44154,540,False,500.1666666666667,2,formula_read
503.06666666666666,5,-36,36,201,216,1,2,30644,41877,TSUMO_FALL,47464,False,47464,16550,False,,,,CHAIN,44154,False,,540,True,500.1666666666667,2,formula_read
503.1,5,-36,36,201,216,1,2,30644,41877,TSUMO_FALL,47466,False,47466,16550,False,,,,CHAIN,44154,False,,1440,True,500.1666666666667,3,formula_read
503.1333333333333,5,-36,36,201,216,1,2,30644,41877,TSUMO_FALL,47466,False,47466,16550,False,,,,CHAIN,44154,False,,1440,True,500.1666666666667,3,formula_read
503.1666666666667,5,-36,36,201,216,1,2,30644,41877,TSUMO_FALL,47466,False,47466,16550,False,,,,CHAIN,44154,False,,1440,True,500.1666666666667,3,formula_read
503.2,5,-6,6,231,216,1,2,30644,41877,STABLE,47466,False,47466,16550,False,,,,CHAIN,44154,False,,1440,True,500.1666666666667,3,formula_read
503.23333333333335,5,-6,6,231,216,1,2,30644,41877,STABLE,47466,False,47466,16550,False,,,,CHAIN,44154,False,,1440,True,500.1666666666667,3,formula_read
503.26666666666665,5,-6,6,231,216,1,2,30644,41877,TSUMO_FALL,47466,False,47466,16550,False,,,,CHAIN,44154,False,,1440,True,500.1666666666667,3,formula_read
503.3,5,-6,6,231,216,1,2,30644,41877,TSUMO_FALL,47466,False,47466,16550,False,,,,CHAIN,44154,False,,1440,True,500.1666666666667,3,formula_read
503.3333333333333,5,0,0,237,216,1,2,30644,41877,STABLE,47466,False,47466,16550,False,,,,CHAIN,44154,False,,1440,True,500.1666666666667,3,formula_read
503.3666666666667,5,0,0,237,216,1,2,30644,41877,STABLE,47466,False,47466,16550,False,,,,CHAIN,44154,False,,1440,True,500.1666666666667,3,formula_read
503.4,5,0,0,237,216,1,2,30644,41877,STABLE,47466,False,47466,16550,False,,,,CHAIN,44154,False,,1440,True,500.1666666666667,3,formula_read
503.43333333333334,5,0,0,237,216,1,2,30644,41877,STABLE,47466,False,47466,16550,False,,,,CHAIN,44154,False,,1440,True,500.1666666666667,3,formula_read
503.46666666666664,5,0,0,237,216,1,2,30644,41877,STABLE,47466,False,47466,16550,False,,,,CHAIN,44154,False,,1440,True,500.1666666666667,3,formula_read
503.5,5,0,0,237,216,1,2,30644,41877,STABLE,47466,False,47466,16550,False,,,,CHAIN,44154,False,,1440,True,500.1666666666667,3,formula_read
503.53333333333336,5,0,0,237,216,1,2,30644,41877,STABLE,47466,False,47466,16550,False,,,,CHAIN,44154,False,,1440,True,500.1666666666667,3,formula_read
503.56666666666666,5,0,0,237,216,1,2,30644,41877,STABLE,47466,False,47466,16550,False,,,,CHAIN,44154,False,,1440,True,500.1666666666667,3,formula_read
503.6,5,0,0,237,216,1,2,30644,41877,STABLE,47466,False,47466,16550,False,,,,CHAIN,44154,False,,1440,True,500.1666666666667,3,formula_read
503.6333333333333,5,0,0,237,216,1,2,30644,41877,STABLE,47466,False,47466,16550,False,,,,CHAIN,44154,False,,1440,True,500.1666666666667,3,formula_read
503.6666666666667,5,0,0,237,216,1,2,30644,41877,STABLE,47466,False,47466,16550,False,,,,CHAIN,44154,False,,1440,True,500.1666666666667,3,formula_read
503.7,5,0,0,237,216,1,2,30644,41877,STABLE,47466,False,47466,16550,False,,,,CHAIN,44154,False,,1440,True,500.1666666666667,3,formula_read
503.73333333333335,5,72,0,237,216,2,2,16597,41877,STABLE,47466,True,47466,16550,False,,,,CHAIN,44154,False,,1440,True,500.1666666666667,3,formula_read
503.76666666666665,5,72,0,237,216,2,2,16597,41877,STABLE,47466,False,47466,16550,False,,,,CHAIN,44154,False,,1440,True,500.1666666666667,3,formula_read
503.8,5,72,0,237,216,2,2,16597,41877,STABLE,47466,False,47466,16550,False,,,,CHAIN,44154,False,,1440,True,500.1666666666667,3,formula_read
503.8333333333333,5,72,0,237,216,2,2,16597,41877,STABLE,47466,False,47466,16550,False,,,,CHAIN,44154,False,,1440,True,500.1666666666667,3,formula_read
503.8666666666667,5,72,0,237,216,2,2,16597,41877,STABLE,47467,False,47467,16550,False,,,,CHAIN,44154,False,,1440,True,500.1666666666667,3,formula_read
503.9,5,72,0,237,216,2,2,16597,41877,STABLE,47468,False,47468,16550,False,,,,CHAIN,44154,False,,1440,True,500.1666666666667,3,formula_read
503.93333333333334,5,72,0,237,216,2,2,16597,41877,STABLE,47469,False,47469,16550,False,,,,CHAIN,44154,False,,1440,True,500.1666666666667,3,formula_read
503.96666666666664,5,72,0,237,216,2,2,16597,41877,OJAMA_FALL,47470,False,47470,16550,False,,,,CHAIN,45054,False,45054,1440,False,500.1666666666667,3,formula_read
504.0,5,72,0,237,216,2,2,16597,41877,STABLE,47471,False,47471,16550,False,,,,CHAIN,45054,False,45054,1440,False,500.1666666666667,3,formula_read
504.03333333333336,5,72,0,237,216,2,2,16597,41877,STABLE,47471,False,47471,16550,False,,,,CHAIN,45054,False,45054,1440,False,500.1666666666667,3,formula_read
504.06666666666666,5,72,0,237,216,2,2,16597,41877,STABLE,47472,False,47472,16550,False,,,,CHAIN,45054,False,45054,1440,False,500.1666666666667,3,formula_read
504.1,5,72,0,237,216,2,2,16597,41877,STABLE,47473,False,47473,16550,False,,,,CHAIN,45054,False,45054,1440,False,500.1666666666667,3,formula_read
504.1333333333333,5,72,0,237,216,2,2,16597,41877,STABLE,47474,False,47474,16550,False,,,,CHAIN,45054,False,45054,1440,False,500.1666666666667,3,formula_read
504.1666666666667,5,72,0,237,216,2,2,16597,41877,STABLE,47475,False,47475,16550,False,,,,CHAIN,45054,False,45054,1440,False,500.1666666666667,3,formula_read
504.2,5,72,0,237,216,2,2,16597,41877,STABLE,47475,False,47475,16550,False,,,,CHAIN,45054,False,45054,1440,False,500.1666666666667,3,formula_read
504.23333333333335,5,72,0,237,216,2,2,16597,41877,STABLE,47475,False,47475,16550,False,,,,CHAIN,45054,False,45054,1440,False,500.1666666666667,3,formula_read
504.26666666666665,5,72,0,237,216,2,2,16597,41877,STABLE,47475,False,47475,16550,False,,,,CHAIN,45054,False,45054,1440,False,500.1666666666667,3,formula_read
504.3,5,72,0,237,216,2,2,16597,41877,TSUMO_FALL,47476,False,47476,16550,False,,,,CHAIN,45054,False,45054,1440,False,500.1666666666667,3,formula_read
504.3333333333333,5,72,0,237,216,2,2,16597,41877,TSUMO_FALL,47476,False,47476,16550,False,,,,CHAIN,45054,False,45054,1440,False,500.1666666666667,3,formula_read
504.3666666666667,5,72,0,237,216,2,2,16597,41877,STABLE,47476,False,47476,16550,False,,,,CHAIN,45054,False,45054,1440,False,500.1666666666667,3,formula_read
504.4,5,72,0,237,216,2,2,16597,41877,STABLE,47476,False,47476,16550,False,,,,CHAIN,45054,False,45054,1440,False,500.1666666666667,3,formula_read
504.43333333333334,5,72,0,237,216,2,2,16597,41877,STABLE,47476,False,47476,16550,False,,,,CHAIN,45054,False,45054,1440,False,500.1666666666667,3,formula_read
504.46666666666664,5,72,0,237,216,2,2,16597,41877,STABLE,47476,False,47476,16550,False,,,,CHAIN,45054,False,,1440,True,500.1666666666667,3,formula_read
504.5,5,72,0,237,216,2,2,16597,41877,STABLE,47476,True,47476,16550,False,,,,CHAIN,45054,False,,3140,True,500.1666666666667,4,formula_read
504.53333333333336,5,72,0,237,216,2,2,16597,41877,STABLE,47476,False,47476,16550,False,,,,CHAIN,45054,False,,3140,True,500.1666666666667,4,formula_read
504.56666666666666,5,72,0,237,216,2,2,16597,41877,STABLE,47476,False,47476,16550,False,,,,CHAIN,45054,False,,3140,True,500.1666666666667,4,formula_read
504.6,5,72,0,237,216,2,2,16597,41877,STABLE,47476,False,47476,16550,False,,,,CHAIN,45054,False,,3140,True,500.1666666666667,4,formula_read
504.6333333333333,5,72,0,237,216,2,2,16597,41877,STABLE,47476,False,47476,16550,False,,,,CHAIN,45054,False,,3140,True,500.1666666666667,4,formula_read
504.6666666666667,5,72,0,237,216,2,2,16597,41877,STABLE,47477,False,47477,16550,False,,,,CHAIN,45054,False,,3140,True,500.1666666666667,4,formula_read
504.7,5,72,0,237,216,2,2,16597,41877,STABLE,47478,False,47478,16550,False,,,,CHAIN,45054,False,,3140,True,500.1666666666667,4,formula_read
504.73333333333335,5,72,0,237,216,2,2,16597,41877,STABLE,47479,False,47479,16550,False,,,,CHAIN,45054,False,,3140,True,500.1666666666667,4,formula_read
504.76666666666665,5,72,0,237,216,2,2,16597,41877,STABLE,47480,False,47480,16550,False,,,,CHAIN,45054,False,,3140,True,500.1666666666667,4,formula_read
504.8,5,72,0,237,216,2,2,16597,41877,STABLE,47481,False,47481,16550,False,,,,CHAIN,45054,False,,3140,True,500.1666666666667,4,formula_read
504.8333333333333,5,72,0,237,216,2,2,16597,41877,STABLE,47482,False,47482,16550,False,,,,CHAIN,45054,False,,3140,True,500.1666666666667,4,formula_read
504.8666666666667,5,72,0,237,216,2,2,16597,41877,STABLE,47483,False,47483,16550,False,,,,CHAIN,45054,False,,3140,True,500.1666666666667,4,formula_read
504.9,5,72,0,237,216,2,2,16597,41877,STABLE,47484,False,47484,16550,False,,,,CHAIN,45054,False,,3140,True,500.1666666666667,4,formula_read
504.93333333333334,5,72,0,237,216,2,2,16597,41877,STABLE,47485,False,47485,16550,False,,,,CHAIN,45054,False,,3140,True,500.1666666666667,4,formula_read
504.96666666666664,5,72,0,237,216,2,2,16597,41877,TSUMO_FALL,47485,False,47485,16550,False,,,,CHAIN,45054,False,,3140,True,500.1666666666667,4,formula_read
505.0,5,72,0,237,216,2,2,16597,41877,TSUMO_FALL,47485,False,47485,16550,False,,,,CHAIN,45054,False,,3140,True,500.1666666666667,4,formula_read
505.03333333333336,5,72,0,237,216,2,2,16597,41877,STABLE,47486,False,47486,16550,False,,,,CHAIN,45054,False,,3140,True,500.1666666666667,4,formula_read
505.06666666666666,5,72,0,237,216,2,2,16597,41877,STABLE,47486,False,47486,16550,False,,,,CHAIN,45054,False,,3140,True,500.1666666666667,4,formula_read
505.1,5,72,0,237,216,2,2,16597,41877,STABLE,47486,False,47486,16550,False,,,,CHAIN,45054,False,,3140,True,500.1666666666667,4,formula_read
505.1333333333333,5,72,0,237,216,2,2,16597,41877,STABLE,47486,False,47486,16550,False,,,,CHAIN,45054,False,,3140,True,500.1666666666667,4,formula_read
505.1666666666667,5,72,0,237,216,2,2,16597,41877,STABLE,47486,False,47486,16550,False,,,,CHAIN,45054,False,,3140,True,500.1666666666667,4,formula_read
505.2,5,72,0,237,216,2,2,16597,41877,STABLE,47486,False,47486,16550,False,,,,CHAIN,45054,False,,3140,True,500.1666666666667,4,formula_read
505.23333333333335,5,72,0,237,216,2,2,16597,41877,STABLE,47486,False,47486,16550,False,,,,CHAIN,45054,False,,3140,True,500.1666666666667,4,formula_read
505.26666666666665,5,72,0,237,216,2,2,16597,41877,STABLE,47486,True,47486,16550,False,,,,CHAIN,45054,False,,3140,True,500.1666666666667,4,formula_read
505.3,5,72,0,237,216,2,2,16597,41877,STABLE,47486,False,47486,16550,False,,,,CHAIN,45054,False,,3140,True,500.1666666666667,4,formula_read
505.3333333333333,5,72,0,237,216,2,2,16597,41877,STABLE,47486,False,47486,16550,False,,,,CHAIN,45054,False,,3140,True,500.1666666666667,4,formula_read
505.3666666666667,5,72,0,237,216,2,2,16597,41877,OJAMA_FALL,47486,False,47486,16550,False,,,,CHAIN,46754,False,46754,3140,False,500.1666666666667,4,formula_read
505.4,5,72,0,237,216,2,2,16597,41877,OJAMA_FALL,47486,False,47486,16550,False,,,,CHAIN,46754,False,46754,3140,False,500.1666666666667,4,formula_read
505.43333333333334,5,72,0,237,216,2,2,16597,41877,STABLE,47487,False,47487,16550,False,,,,CHAIN,46754,False,46754,3140,False,500.1666666666667,4,formula_read
505.46666666666664,5,72,0,237,216,2,2,16597,41877,STABLE,47488,False,47488,16550,False,,,,CHAIN,46754,False,46754,3140,False,500.1666666666667,4,formula_read
505.5,5,72,0,237,216,2,2,16597,41877,STABLE,47489,False,47489,16550,False,,,,CHAIN,46754,False,46754,3140,False,500.1666666666667,4,formula_read
505.53333333333336,5,72,0,237,216,2,2,16597,41877,STABLE,47490,False,47490,16550,False,,,,CHAIN,46754,False,46754,3140,False,500.1666666666667,4,formula_read
505.56666666666666,5,72,0,237,216,2,2,16597,41877,STABLE,47491,False,47491,16550,False,,,,CHAIN,46754,False,46754,3140,False,500.1666666666667,4,formula_read
505.6,5,72,0,237,216,2,2,16597,41877,STABLE,47492,False,47492,16550,False,,,,CHAIN,46754,False,46754,3140,False,500.1666666666667,4,formula_read
505.6333333333333,5,72,0,237,216,2,2,16597,41877,STABLE,47493,False,47493,16550,False,,,,CHAIN,46754,False,46754,3140,False,500.1666666666667,4,formula_read
505.6666666666667,5,72,0,237,216,2,2,16597,41877,STABLE,47494,False,47494,16550,False,,,,CHAIN,46754,False,46754,3140,False,500.1666666666667,4,formula_read
505.7,5,72,0,237,216,2,2,16597,41877,TSUMO_FALL,47496,False,47496,16550,False,,,,CHAIN,46754,False,46754,3140,False,500.1666666666667,4,formula_read
505.73333333333335,5,72,0,237,216,2,2,16597,41877,STABLE,47496,False,47496,16550,False,,,,CHAIN,46754,False,46754,3140,False,500.1666666666667,4,formula_read
505.76666666666665,5,72,0,237,216,2,2,16597,41877,STABLE,47496,False,47496,16550,False,,,,CHAIN,46754,False,46754,3140,False,500.1666666666667,4,formula_read
505.8,5,72,0,237,216,2,2,16597,41877,STABLE,47496,False,47496,16550,False,,,,CHAIN,46754,False,46754,3140,False,500.1666666666667,4,formula_read
505.8333333333333,5,72,0,237,216,2,2,16597,41877,STABLE,47496,False,47496,16550,False,,,,CHAIN,46754,False,46754,3140,False,500.1666666666667,4,formula_read
505.8666666666667,5,72,0,237,216,2,2,16597,41877,STABLE,47496,False,47496,16550,False,,,,CHAIN,46754,False,46754,3140,False,500.1666666666667,4,formula_read
505.9,5,72,0,237,216,2,2,16597,41877,STABLE,47496,False,47496,16550,False,,,,CHAIN,46754,False,46754,3140,False,500.1666666666667,4,formula_read
505.93333333333334,5,72,0,237,216,2,2,16597,41877,STABLE,47496,False,47496,16550,False,,,,CHAIN,46754,False,46754,3140,False,500.1666666666667,4,formula_read
505.96666666666664,5,72,0,237,216,2,2,16597,41877,STABLE,47496,False,47496,16550,False,,,,CHAIN,46754,False,46754,3140,False,500.1666666666667,4,formula_read
506.0,5,72,0,237,216,2,2,16597,41877,STABLE,47496,False,47496,16550,False,,,,CHAIN,46754,False,46754,3140,False,500.1666666666667,4,formula_read
506.03333333333336,5,72,0,237,216,2,2,16597,41877,STABLE,47496,True,47496,16550,False,,,,CHAIN,46754,False,46754,3140,False,500.1666666666667,4,formula_read
506.06666666666666,5,72,0,237,216,2,2,16597,41877,STABLE,47496,False,47496,16550,False,,,,CHAIN,46754,False,46754,3140,False,500.1666666666667,4,formula_read
506.1,5,72,0,237,216,2,2,16597,41877,STABLE,47496,False,47496,16550,False,,,,CHAIN,46754,False,46754,3140,False,500.1666666666667,4,formula_read
506.1333333333333,5,72,0,237,216,2,2,16597,41877,STABLE,47496,False,47496,16550,False,,,,CHAIN,46754,False,46754,3140,False,500.1666666666667,4,formula_read
506.1666666666667,5,72,0,237,216,2,2,16597,41877,STABLE,47497,False,47497,16550,False,,,,CHAIN,46754,False,46754,3140,False,500.1666666666667,4,formula_read
506.2,5,72,0,237,216,2,2,16597,41877,STABLE,47498,False,47498,16550,False,,,,CHAIN,46754,False,46754,3140,False,500.1666666666667,4,formula_read
506.23333333333335,5,72,0,237,216,2,2,16597,41877,STABLE,47499,False,47499,16550,False,,,,CHAIN,46754,False,46754,3140,False,500.1666666666667,4,formula_read
506.26666666666665,5,72,0,237,216,2,2,16597,41877,STABLE,47500,False,47500,16550,False,,,,CHAIN,46754,False,46754,3140,False,500.1666666666667,4,formula_read
506.3,5,72,0,237,216,2,2,16597,41877,STABLE,47501,False,47501,16550,False,,,,CHAIN,46754,False,46754,3140,False,500.1666666666667,4,formula_read
506.3333333333333,5,72,0,237,216,2,2,16597,41877,STABLE,47502,False,47502,16550,False,,,,CHAIN,46754,False,46754,3140,False,500.1666666666667,4,formula_read
506.3666666666667,5,72,0,237,216,2,2,16597,41877,TSUMO_FALL,47504,False,47504,16550,False,,,,CHAIN,46754,False,46754,3140,False,500.1666666666667,4,formula_read
506.4,5,72,0,237,216,2,2,16597,41877,TSUMO_FALL,47504,False,47504,16550,False,,,,CHAIN,46754,False,46754,3140,False,500.1666666666667,4,formula_read
506.43333333333334,5,72,0,237,216,2,2,16597,41877,STABLE,47504,False,47504,16550,False,,,,CHAIN,46754,False,46754,3140,False,500.1666666666667,4,formula_read
506.46666666666664,5,72,0,237,216,2,2,16597,41877,STABLE,47504,False,47504,16550,False,,,,CHAIN,46754,False,46754,3140,False,500.1666666666667,4,formula_read
506.5,5,72,0,237,216,2,2,16597,41877,STABLE,47504,False,47504,16550,False,,,,CHAIN,46754,False,46754,3140,False,500.1666666666667,4,formula_read
506.53333333333336,5,72,0,237,216,2,2,16597,41877,STABLE,47504,False,47504,16550,False,,,,CHAIN,46754,False,46754,3140,False,500.1666666666667,4,formula_read
506.56666666666666,5,72,0,237,216,2,2,16597,41877,STABLE,47504,False,47504,16550,False,,,,CHAIN,46754,False,46754,3140,False,500.1666666666667,4,formula_read
506.6,5,72,0,237,216,2,2,16597,41877,STABLE,47504,False,47504,16550,False,,,,CHAIN,46754,False,46754,3140,False,500.1666666666667,4,formula_read
506.6333333333333,5,72,0,237,216,2,2,16597,41877,STABLE,47504,False,47504,16550,False,,,,CHAIN,46754,False,46754,3140,False,500.1666666666667,4,formula_read
506.6666666666667,5,72,0,237,216,2,2,16597,41877,STABLE,47504,False,47504,16550,False,,,,CHAIN,46754,False,46754,3140,False,500.1666666666667,4,formula_read
506.7,5,72,0,237,216,2,2,16597,41877,STABLE,47504,True,47504,16550,False,,,,CHAIN,46754,False,46754,3140,False,500.1666666666667,4,formula_read
506.73333333333335,5,72,0,237,216,2,2,16597,41877,STABLE,47504,False,47504,16550,False,,,,CHAIN,46754,False,46754,3140,False,500.1666666666667,4,formula_read
506.76666666666665,5,72,0,237,216,2,2,16597,41877,STABLE,47504,False,47504,16550,False,,,,CHAIN,46754,False,46754,3140,False,500.1666666666667,4,formula_read
506.8,5,72,0,237,216,2,2,16597,41877,STABLE,47504,False,47504,16550,False,,,,CHAIN,46754,False,46754,3140,False,500.1666666666667,4,formula_read
506.8333333333333,5,72,0,237,216,2,2,16597,41877,STABLE,47504,False,47504,16550,False,,,,CHAIN,46754,False,46754,3140,False,500.1666666666667,4,formula_read
506.8666666666667,5,72,0,237,216,2,2,16597,41877,STABLE,47505,False,47505,16550,False,,,,CHAIN,46754,False,46754,3140,False,500.1666666666667,4,formula_read
506.9,5,72,0,237,216,2,2,16597,41877,STABLE,47506,False,47506,16550,False,,,,CHAIN,46754,False,46754,3140,False,500.1666666666667,4,formula_read
506.93333333333334,5,72,0,237,216,2,2,16597,41877,STABLE,47507,False,47507,16550,False,,,,CHAIN,46754,False,46754,3140,False,500.1666666666667,4,formula_read
506.96666666666664,5,72,0,237,216,2,2,16597,41877,STABLE,47508,False,47508,16550,False,,,,GRAVITY_SETTLE,46754,True,46754,3140,False,,,
507.0,5,72,0,237,216,2,2,16597,41877,STABLE,47509,False,47509,16550,False,,,,GRAVITY_SETTLE,46754,False,46754,3140,False,,,
507.03333333333336,5,72,0,237,216,2,2,16597,41877,STABLE,47509,False,47509,16550,False,,,,GRAVITY_SETTLE,46754,False,46754,3140,False,,,
507.06666666666666,5,72,0,237,216,2,2,16597,41877,STABLE,47509,False,47509,16550,False,,,,GRAVITY_SETTLE,46754,False,46754,3140,False,,,
507.1,5,72,0,237,216,2,2,16597,41877,STABLE,47511,False,47511,16550,False,,,,GRAVITY_SETTLE,46754,False,46754,3140,False,,,
507.1333333333333,5,72,0,237,216,2,2,16597,41877,TSUMO_FALL,47513,False,47513,16550,False,,,,GRAVITY_SETTLE,46754,False,46754,3140,False,,,
507.1666666666667,5,72,0,237,216,2,2,16597,41877,TSUMO_FALL,47513,False,47513,16550,False,,,,GRAVITY_SETTLE,46755,False,46755,3140,False,,,
507.2,5,72,0,237,216,2,2,16597,41877,STABLE,47513,False,47513,16550,False,,,,GRAVITY_SETTLE,46755,False,46755,3140,False,,,
507.23333333333335,5,72,0,237,216,2,2,16597,41877,STABLE,47513,False,47513,16550,False,,,,GRAVITY_SETTLE,46756,False,46756,3140,False,,,
507.26666666666665,5,72,0,237,216,2,2,16597,41877,STABLE,47513,False,47513,16550,False,,,,GRAVITY_SETTLE,46757,False,46757,3140,False,,,
507.3,5,72,0,237,216,2,2,16597,41877,STABLE,47513,False,47513,16550,False,,,,STABLE,46758,False,46758,3140,False,,,
507.3333333333333,5,72,0,237,216,2,2,16597,41877,STABLE,47513,False,47513,16550,False,,,,STABLE,46759,False,46759,3140,False,507.3,4,baseline
507.3666666666667,5,72,0,237,216,2,2,16597,41877,STABLE,47513,False,47513,16550,False,,,,STABLE,46761,False,46761,3140,False,507.3,4,baseline
507.4,5,72,0,237,216,2,2,16597,41877,STABLE,47513,False,47513,16550,False,,,,STABLE,46761,False,46761,3140,False,507.3,4,baseline
507.43333333333334,5,72,0,237,216,2,2,16597,41877,STABLE,47513,True,47513,16550,False,,,,STABLE,46761,False,46761,3140,False,507.3,4,baseline
507.46666666666664,5,72,0,237,216,2,2,16597,41877,STABLE,47513,False,47513,16550,False,,,,STABLE,46761,False,46761,3140,False,507.3,4,baseline
507.5,5,72,0,237,216,2,2,16597,41877,STABLE,47513,False,47513,16550,False,,,,STABLE,46761,False,46761,3140,False,507.3,4,baseline
507.53333333333336,5,72,0,237,216,2,2,16597,41877,STABLE,47513,False,47513,16550,False,,,,STABLE,46761,False,46761,3140,False,507.3,4,baseline
507.56666666666666,5,72,0,237,216,2,2,16597,41877,STABLE,47513,False,47513,16550,False,,,,STABLE,46761,False,46761,3140,False,507.3,4,baseline
507.6,5,72,0,237,216,2,2,16597,41877,STABLE,47513,False,47513,16550,False,,,,STABLE,46761,False,46761,3140,False,507.3,4,baseline
507.6333333333333,5,72,0,237,216,2,2,16597,41877,STABLE,47514,False,47514,16550,False,,,,STABLE,46761,True,46761,3140,False,,,
507.6666666666667,5,72,0,237,216,2,2,16597,41877,STABLE,47515,False,47515,16550,False,,,,STABLE,46761,False,46761,3140,False,,,
507.7,5,72,0,237,216,2,2,16597,41877,STABLE,47516,False,47516,16550,False,,,,STABLE,46761,False,46761,3140,False,,,
507.73333333333335,5,72,0,237,216,2,2,16597,41877,STABLE,47517,False,47517,16550,False,,,,STABLE,46761,False,46761,3140,False,,,
507.76666666666665,5,72,0,237,216,2,2,16597,41877,STABLE,47518,False,47518,16550,False,,,,STABLE,46761,False,46761,3140,False,,,
507.8,5,72,0,237,216,2,2,16597,41877,STABLE,47519,False,47519,16550,False,,,,STABLE,46761,False,46761,3140,False,,,
507.8333333333333,5,72,0,237,216,2,2,16597,41877,STABLE,47520,False,47520,16550,False,,,,STABLE,46761,False,46761,3140,False,,,
507.8666666666667,5,72,0,237,216,2,2,16597,41877,TSUMO_FALL,47521,False,47521,16550,False,,,,STABLE,46762,False,46762,3140,False,,,
507.9,5,72,0,237,216,2,2,16597,41877,TSUMO_FALL,47521,False,47521,16550,False,,,,STABLE,46762,False,46762,3140,False,,,
507.93333333333334,5,72,0,237,216,2,2,16597,41877,STABLE,47521,False,47521,16550,False,,,,STABLE,46764,False,46764,3140,False,,,
507.96666666666664,5,72,0,237,216,2,2,16597,41877,STABLE,47521,False,47521,16550,False,,,,STABLE,46764,False,46764,3140,False,,,
508.0,5,72,0,237,216,2,2,16597,41877,STABLE,47521,False,47521,16550,False,,,,STABLE,46765,False,46765,3140,False,,,
508.03333333333336,5,72,0,237,216,2,2,16597,41877,STABLE,47521,False,47521,16550,False,,,,STABLE,46766,False,46766,3140,False,,,
508.06666666666666,5,72,0,237,216,2,2,16597,41877,STABLE,47521,False,47521,16550,False,,,,STABLE,46767,False,46767,3140,False,,,
508.1,5,72,0,237,216,2,2,16597,41877,STABLE,47521,False,47521,16550,False,,,,STABLE,46768,False,46768,3140,False,,,
508.1333333333333,5,72,0,237,216,2,2,16597,41877,STABLE,47521,False,47521,16550,False,,,,STABLE,46769,False,46769,3140,False,,,
508.1666666666667,5,72,0,237,216,2,2,16597,41877,TSUMO_FALL,47521,False,47521,16550,False,,,,TSUMO_FALL,46770,False,46770,3140,False,,,
508.2,5,72,0,237,216,2,2,16597,41877,TSUMO_FALL,47522,False,47522,16550,False,,,,TSUMO_FALL,46772,False,46772,3140,False,,,
508.23333333333335,5,72,0,237,246,2,2,16597,41877,TSUMO_FALL,47523,False,47523,16550,False,,,,STABLE,46772,False,46772,3140,False,,,
508.26666666666665,5,72,0,237,246,2,2,16597,41877,STABLE,47525,False,47525,16550,False,,,,STABLE,46772,False,46772,3140,False,,,
508.3,5,72,0,237,246,2,2,16597,41877,STABLE,47525,False,47525,16550,False,,,,STABLE,46772,False,46772,3140,False,,,
508.3333333333333,5,72,0,237,246,2,2,16597,41877,STABLE,47525,False,47525,16550,False,,,,STABLE,46772,False,46772,3140,False,,,
508.3666666666667,5,72,0,237,246,2,2,16597,41877,STABLE,47525,False,47525,16550,False,,,,STABLE,46772,False,46772,3140,False,,,
508.4,5,72,0,237,246,2,2,16597,41877,STABLE,47525,False,47525,16550,False,,,,STABLE,46772,False,46772,3140,False,,,
508.43333333333334,5,72,0,237,246,2,2,16597,41877,STABLE,47525,False,47525,16550,False,,,,STABLE,46772,False,46772,3140,False,,,
508.46666666666664,5,72,0,237,246,2,2,16597,41877,STABLE,47525,False,47525,16550,False,,,,STABLE,46772,True,46772,3140,False,,,
508.5,5,72,0,237,246,2,2,16597,41877,STABLE,47525,False,47525,16550,False,,,,STABLE,46772,False,46772,3140,False,,,
508.53333333333336,5,72,0,237,246,2,2,16597,41877,STABLE,47525,False,47525,16550,False,,,,STABLE,46772,False,46772,3140,False,,,
508.56666666666666,5,72,0,237,246,2,2,16597,41877,STABLE,47525,True,47525,16550,False,,,,STABLE,46772,False,46772,3140,False,,,
508.6,5,72,0,237,246,2,2,16597,41877,STABLE,47525,False,47525,16550,False,,,,STABLE,46772,False,46772,3140,False,,,
508.6333333333333,5,72,0,237,246,2,2,16597,41877,STABLE,47525,False,47525,16550,False,,,,STABLE,46772,False,46772,3140,False,,,
508.6666666666667,5,72,0,237,246,2,2,16597,41877,STABLE,47525,False,47525,16550,False,,,,STABLE,46772,False,46772,3140,False,,,
508.7,5,72,0,237,246,2,2,16597,41877,STABLE,47525,False,47525,16550,False,,,,STABLE,46772,False,46772,3140,False,,,
508.73333333333335,5,72,0,237,246,2,2,16597,41877,STABLE,47525,False,47525,16550,False,,,,STABLE,46772,False,46772,3140,False,,,
508.76666666666665,5,72,0,237,246,2,2,16597,41877,STABLE,47525,False,47525,16550,False,,,,STABLE,46773,False,46773,3140,False,,,
508.8,5,72,0,237,246,2,2,16597,41877,STABLE,47526,False,47526,16550,False,,,,STABLE,46774,False,46774,3140,False,,,
508.8333333333333,5,72,0,237,246,2,2,16597,41877,OJAMA_FALL,47527,False,47527,16550,False,,,,STABLE,46775,False,46775,3140,False,,,
508.8666666666667,5,72,0,237,246,2,2,16597,41877,STABLE,47528,False,47528,16550,False,,,,STABLE,46776,False,46776,3140,False,,,
508.9,5,72,0,237,246,2,2,16597,41877,STABLE,47529,False,47529,16550,False,,,,STABLE,46777,False,46777,3140,False,,,
508.93333333333334,5,72,0,237,246,2,2,16597,41877,STABLE,47530,False,47530,16550,False,,,,STABLE,46777,False,46777,3140,False,,,
508.96666666666664,5,72,0,237,246,2,2,16597,41877,STABLE,47531,False,47531,16550,False,,,,STABLE,46779,False,46779,3140,False,,,
509.0,5,72,0,237,246,2,2,16597,41877,STABLE,47532,False,47532,16550,False,,,,TSUMO_FALL,46780,False,46780,3140,False,,,
509.03333333333336,5,72,0,237,276,2,2,16597,41877,STABLE,47533,False,47533,16550,False,,,,STABLE,46780,False,46780,3140,False,,,
509.06666666666666,5,72,0,237,276,2,2,16597,41877,STABLE,47534,False,47534,16550,False,,,,STABLE,46780,False,46780,3140,False,,,
509.1,5,72,0,237,276,2,2,16597,41877,TSUMO_FALL,47536,False,47536,16550,False,,,,STABLE,46780,False,46780,3140,False,,,
509.1333333333333,5,72,0,237,276,2,2,16597,41877,TSUMO_FALL,47536,False,47536,16550,False,,,,STABLE,46780,False,46780,3140,False,,,
509.1666666666667,5,72,0,237,276,2,2,16597,41877,STABLE,47536,False,47536,16550,False,,,,STABLE,46782,False,46782,3140,False,,,
509.2,5,72,0,237,276,2,2,16597,41877,STABLE,47536,False,47536,16550,False,,,,TSUMO_FALL,46782,False,46782,3140,False,,,
509.23333333333335,5,72,0,237,276,2,2,16597,41877,STABLE,47536,False,47536,16550,False,,,,TSUMO_FALL,46782,False,46782,3140,False,,,
509.26666666666665,5,72,0,237,306,2,2,16597,41877,STABLE,47536,False,47536,16550,False,,,,STABLE,46782,False,46782,3140,False,,,
509.3,5,72,0,237,306,2,2,16597,41877,STABLE,47536,False,47536,16550,False,,,,STABLE,46782,False,46782,3140,False,,,
509.3333333333333,5,72,0,237,306,2,2,16597,41877,STABLE,47536,False,47536,16550,False,,,,STABLE,46782,False,46782,3140,False,,,
509.3666666666667,5,72,0,237,306,2,2,16597,41877,STABLE,47536,False,47536,16550,False,,,,STABLE,46782,False,46782,3140,False,,,
509.4,5,72,0,237,306,2,2,16597,41877,STABLE,47536,False,47536,16550,False,,,,STABLE,46782,False,46782,3140,False,,,
509.43333333333334,5,72,0,237,306,2,2,16597,41877,STABLE,47536,True,47536,16550,False,,,,STABLE,46782,True,46782,3140,False,,,
509.46666666666664,5,72,0,237,306,2,2,16597,41877,STABLE,47536,False,47536,16550,False,,,,STABLE,46782,False,46782,3140,False,,,
509.5,5,72,0,237,306,2,2,16597,41877,STABLE,47536,False,47536,16550,False,,,,STABLE,46782,False,46782,3140,False,,,
509.53333333333336,5,72,0,237,306,2,2,16597,41877,STABLE,47536,False,47536,16550,False,,,,STABLE,46782,False,46782,3140,False,,,
509.56666666666666,5,72,0,237,306,2,2,16597,41877,STABLE,47536,False,47536,16550,False,,,,STABLE,46782,False,46782,3140,False,,,
509.6,5,72,0,237,306,2,2,16597,41877,STABLE,47536,False,47536,16550,False,,,,STABLE,46782,False,46782,3140,False,,,
509.6333333333333,5,72,0,237,306,2,2,16597,41877,STABLE,47536,False,47536,16550,False,,,,STABLE,46782,False,46782,3140,False,,,
509.6666666666667,5,72,0,237,306,2,2,16597,41877,STABLE,47537,False,47537,16550,False,,,,STABLE,46783,False,46783,3140,False,,,
509.7,5,72,0,237,306,2,2,16597,41877,STABLE,47538,False,47538,16550,False,,,,OJAMA_FALL,46784,False,46784,3140,False,,,
509.73333333333335,5,72,0,237,306,2,2,16597,41877,STABLE,47539,False,47539,16550,False,,,,STABLE,46785,False,46785,3140,False,,,
509.76666666666665,5,72,0,237,306,2,2,16597,41877,STABLE,47540,False,47540,16550,False,,,,STABLE,46785,False,46785,3140,False,,,
509.8,5,72,0,237,306,2,2,16597,41877,STABLE,47541,False,47541,16550,False,,,,STABLE,46787,False,46787,3140,False,,,
509.8333333333333,5,72,0,237,306,2,2,16597,41877,STABLE,47542,False,47542,16550,False,,,,TSUMO_FALL,46788,False,46788,3140,False,,,
509.8666666666667,5,72,0,237,306,2,2,16597,41877,STABLE,47542,False,47542,16550,False,,,,TSUMO_FALL,46789,False,46789,3140,False,,,
509.9,5,72,0,237,336,2,2,16597,41877,TSUMO_FALL,47543,False,47543,16550,False,,,,STABLE,46789,False,46789,3140,False,,,
509.93333333333334,5,72,0,237,336,2,2,16597,41877,TSUMO_FALL,47545,False,47545,16550,False,,,,STABLE,46789,False,46789,3140,False,,,
509.96666666666664,5,72,0,237,336,2,2,16597,41877,STABLE,47545,False,47545,16550,False,,,,STABLE,46789,False,46789,3140,False,,,
510.0,5,72,0,237,336,2,2,16597,41877,STABLE,47545,False,47545,16550,False,,,,STABLE,46789,False,46789,3140,False,,,
510.03333333333336,5,72,0,237,336,2,2,16597,41877,STABLE,47545,False,47545,16550,False,,,,STABLE,46789,False,46789,3140,False,,,
510.06666666666666,5,72,0,237,336,2,2,16597,41877,STABLE,47545,False,47545,16550,False,,,,STABLE,46789,False,46789,3140,False,,,
510.1,5,72,0,237,336,2,2,16597,41877,STABLE,47545,False,47545,16550,False,,,,STABLE,46789,False,46789,3140,False,,,
510.1333333333333,5,72,0,237,336,2,2,16597,41877,STABLE,47545,False,47545,16550,False,,,,STABLE,46789,False,46789,3140,False,,,
510.1666666666667,5,72,0,237,336,2,2,16597,41877,STABLE,47545,False,47545,16550,False,,,,STABLE,46789,True,46789,3140,False,,,
510.2,5,72,0,237,336,2,2,16597,41877,STABLE,47545,False,47545,16550,False,,,,STABLE,46789,False,46789,3140,False,,,
510.23333333333335,5,72,0,237,336,2,2,16597,41877,STABLE,47545,True,47545,16550,False,,,,STABLE,46789,False,46789,3140,False,,,
510.26666666666665,5,72,0,237,336,2,2,16597,41877,STABLE,47545,False,47545,16550,False,,,,STABLE,46789,False,46789,3140,False,,,
510.3,5,72,0,237,336,2,2,16597,41877,STABLE,47545,False,47545,16550,False,,,,STABLE,46789,False,46789,3140,False,,,
510.3333333333333,5,72,0,237,336,2,2,16597,41877,STABLE,47545,False,47545,16550,False,,,,STABLE,46789,False,46789,3140,False,,,
510.3666666666667,5,72,0,237,336,2,2,16597,41877,STABLE,47545,False,47545,16550,False,,,,STABLE,46789,False,46789,3140,False,,,
510.4,5,72,0,237,336,2,2,16597,41877,STABLE,47546,False,47546,16550,False,,,,STABLE,46790,False,46790,3140,False,,,
510.43333333333334,5,72,0,237,336,2,2,16597,41877,STABLE,47547,False,47547,16550,False,,,,STABLE,46790,False,46790,3140,False,,,
510.46666666666664,5,72,0,237,336,2,2,16597,41877,STABLE,47548,False,47548,16550,False,,,,STABLE,46790,False,46790,3140,False,,,
510.5,5,72,0,237,336,2,2,16597,41877,STABLE,47548,False,47548,16550,False,,,,STABLE,46792,False,46792,3140,False,,,
510.53333333333336,5,72,0,237,336,2,2,16597,41877,STABLE,47549,False,47549,16550,False,,,,STABLE,46794,False,46794,3140,False,,,
510.56666666666666,5,72,0,237,336,2,2,16597,41877,STABLE,47550,False,47550,16550,False,,,,STABLE,46795,False,46795,3140,False,,,
510.6,5,72,0,237,336,2,2,16597,41877,TSUMO_FALL,47551,False,47551,16550,False,,,,STABLE,46796,False,46796,3140,False,,,
510.6333333333333,5,72,0,237,336,2,2,16597,41877,TSUMO_FALL,47551,False,47551,16550,False,,,,TSUMO_FALL,46796,False,46796,3140,False,,,
510.6666666666667,5,72,0,237,336,2,2,16597,41877,TSUMO_FALL,47551,False,47551,16550,False,,,,TSUMO_FALL,46798,False,46798,3140,False,,,
510.7,5,66,0,237,366,2,2,16597,41877,TSUMO_FALL,47552,False,47552,16550,False,,,,STABLE,46798,False,46798,3140,False,,,
510.73333333333335,5,66,0,237,366,2,2,16597,41877,STABLE,47552,False,47552,16550,False,,,,STABLE,46798,False,46798,3140,False,,,
510.76666666666665,5,66,0,237,366,2,2,16597,41877,STABLE,47552,False,47552,16550,False,,,,STABLE,46798,False,46798,3140,False,,,
510.8,5,66,0,237,366,2,2,16597,41877,STABLE,47552,False,47552,16550,False,,,,STABLE,46798,False,46798,3140,False,,,
510.8333333333333,5,66,0,237,366,2,2,16597,41877,STABLE,47552,False,47552,16550,False,,,,STABLE,46798,False,46798,3140,False,,,
510.8666666666667,5,66,0,237,366,2,2,16597,41877,STABLE,47552,False,47552,16550,False,,,,STABLE,46798,False,46798,3140,False,,,
510.9,5,66,0,237,366,2,2,16597,41877,STABLE,47552,True,47552,16550,False,,,,STABLE,46798,False,46798,3140,False,,,
510.93333333333334,5,66,0,237,366,2,2,16597,41877,STABLE,47552,False,47552,16550,False,,,,STABLE,46798,False,46798,3140,False,,,
510.96666666666664,5,66,0,237,366,2,2,16597,41877,STABLE,47552,False,47552,16550,False,,,,STABLE,46798,True,46798,3140,False,,,
511.0,5,66,0,237,366,2,2,16597,41877,STABLE,47552,False,47552,16550,False,,,,STABLE,46798,False,46798,3140,False,,,
511.03333333333336,5,66,0,237,366,2,2,16597,41877,STABLE,47552,False,47552,16550,False,,,,STABLE,46798,False,46798,3140,False,,,
511.06666666666666,5,66,0,237,366,2,2,16597,41877,STABLE,47553,False,47553,16550,False,,,,STABLE,46798,False,46798,3140,False,,,
511.1,5,66,0,237,366,2,2,16597,41877,STABLE,47554,False,47554,16550,False,,,,STABLE,46798,False,46798,3140,False,,,
511.1333333333333,5,66,0,237,366,2,2,16597,41877,STABLE,47555,False,47555,16550,False,,,,STABLE,46798,False,46798,3140,False,,,
511.1666666666667,5,66,0,237,366,2,2,16597,41877,STABLE,47556,False,47556,16550,False,,,,STABLE,46798,False,46798,3140,False,,,
511.2,5,66,0,237,366,2,2,16597,41877,STABLE,47556,False,47556,16550,False,,,,STABLE,46799,False,46799,3140,False,,,
511.23333333333335,5,66,0,237,366,2,2,16597,41877,STABLE,47557,False,47557,16550,False,,,,STABLE,46800,False,46800,3140,False,,,
511.26666666666665,5,66,0,237,366,2,2,16597,41877,TSUMO_FALL,47558,False,47558,16550,False,,,,STABLE,46801,False,46801,3140,False,,,
511.3,5,66,0,237,366,2,2,16597,41877,STABLE,47559,False,47559,16550,False,,,,STABLE,46802,False,46802,3140,False,,,
511.3333333333333,5,66,0,237,366,2,2,16597,41877,STABLE,47559,False,47559,16550,False,,,,STABLE,46802,False,46802,3140,False,,,
511.3666666666667,5,66,0,237,366,2,2,16597,41877,STABLE,47559,False,47559,16550,False,,,,STABLE,46802,False,46802,3140,False,,,
511.4,5,66,0,237,366,2,2,16597,41877,TSUMO_FALL,47560,False,47560,16550,False,,,,STABLE,46805,False,46805,3140,False,,,
511.43333333333334,5,66,0,237,366,2,2,16597,41877,STABLE,47560,False,47560,16550,False,,,,TSUMO_FALL,46805,False,46805,3140,False,,,
511.46666666666664,5,66,0,237,366,2,2,16597,41877,STABLE,47560,False,47560,16550,False,,,,TSUMO_FALL,46805,False,46805,3140,False,,,
511.5,5,36,0,237,396,2,2,16597,41877,STABLE,47560,False,47560,16550,False,,,,STABLE,46805,False,46805,3140,False,,,
511.53333333333336,5,36,0,237,396,2,2,16597,41877,STABLE,47560,False,47560,16550,False,,,,STABLE,46805,False,46805,3140,False,,,
511.56666666666666,5,36,0,237,396,2,2,16597,41877,STABLE,47560,False,47560,16550,False,,,,STABLE,46805,False,46805,3140,False,,,
511.6,5,36,0,237,396,2,2,16597,41877,STABLE,47560,False,47560,16550,False,,,,STABLE,46805,False,46805,3140,False,,,
511.6333333333333,5,36,0,237,396,2,2,16597,41877,STABLE,47560,True,47560,16550,False,,,,STABLE,46805,False,46805,3140,False,,,
511.6666666666667,5,36,0,237,396,2,2,16597,41877,STABLE,47560,False,47560,16550,False,,,,STABLE,46805,False,46805,3140,False,,,
511.7,5,36,0,237,396,2,2,16597,41877,STABLE,47560,False,47560,16550,False,,,,STABLE,46805,True,46805,3140,False,,,
511.73333333333335,5,36,0,237,396,2,2,16597,41877,STABLE,47560,False,47560,16550,False,,,,STABLE,46805,False,46805,3140,False,,,
511.76666666666665,5,36,0,237,396,2,2,16597,41877,STABLE,47560,False,47560,16550,False,,,,STABLE,46805,False,46805,3140,False,,,
511.8,5,36,0,237,396,2,2,16597,41877,STABLE,47561,False,47561,16550,False,,,,STABLE,46805,False,46805,3140,False,,,
511.8333333333333,5,36,0,237,396,2,2,16597,41877,STABLE,47562,False,47562,16550,False,,,,STABLE,46805,False,46805,3140,False,,,
511.8666666666667,5,36,0,237,396,2,2,16597,41877,STABLE,47563,False,47563,16550,False,,,,STABLE,46805,False,46805,3140,False,,,
511.9,5,36,0,237,396,2,2,16597,41877,STABLE,47564,False,47564,16550,False,,,,STABLE,46805,False,46805,3140,False,,,
511.93333333333334,5,36,0,237,396,2,2,16597,41877,STABLE,47565,False,47565,16550,False,,,,STABLE,46805,False,46805,3140,False,,,
511.96666666666664,5,36,0,237,396,2,2,16597,41877,STABLE,47566,False,47566,16550,False,,,,STABLE,46806,False,46806,3140,False,,,
512.0,5,36,0,237,396,2,2,16597,41877,STABLE,47567,False,47567,16550,False,,,,STABLE,46807,False,46807,3140,False,,,
512.0333333333333,5,36,0,237,396,2,2,16597,41877,STABLE,47568,False,47568,16550,False,,,,STABLE,46808,False,46808,3140,False,,,
512.0666666666667,5,36,0,237,396,2,2,16597,41877,TSUMO_FALL,47570,False,47570,16550,False,,,,TSUMO_FALL,46809,False,46809,3140,False,,,
512.1,5,36,0,237,396,2,2,16597,41877,STABLE,47570,False,47570,16550,False,,,,TSUMO_FALL,46809,False,46809,3140,False,,,
512.1333333333333,5,36,0,237,396,2,2,16597,41877,STABLE,47570,False,47570,16550,False,,,,TSUMO_FALL,46810,False,46810,3140,False,,,
512.1666666666666,5,6,0,237,426,2,2,16597,41877,STABLE,47570,False,47570,16550,False,,,,STABLE,46811,False,46811,3140,False,,,
512.2,5,6,0,237,426,2,2,16597,41877,STABLE,47570,False,47570,16550,False,,,,STABLE,46811,False,46811,3140,False,,,
512.2333333333333,5,6,0,237,426,2,2,16597,41877,STABLE,47570,False,47570,16550,False,,,,STABLE,46811,False,46811,3140,False,,,
512.2666666666667,5,6,0,237,426,2,2,16597,41877,STABLE,47570,False,47570,16550,False,,,,STABLE,46811,False,46811,3140,False,,,
512.3,5,6,0,237,426,2,2,16597,41877,STABLE,47570,False,47570,16550,False,,,,STABLE,46811,False,46811,3140,False,,,
512.3333333333334,5,6,0,237,426,2,2,16597,41877,STABLE,47570,False,47570,16550,False,,,,STABLE,46811,False,46811,3140,False,,,
512.3666666666667,5,6,0,237,426,2,2,16597,41877,STABLE,47570,False,47570,16550,False,,,,STABLE,46811,False,46811,3140,False,,,
512.4,5,6,0,237,426,2,2,16597,41877,STABLE,47570,True,47570,16550,False,,,,STABLE,46811,True,46811,3140,False,,,
512.4333333333333,5,6,0,237,426,2,2,16597,41877,STABLE,47570,False,47570,16550,False,,,,STABLE,46811,False,46811,3140,False,,,
512.4666666666667,5,6,0,237,426,2,2,16597,41877,STABLE,47570,False,47570,16550,False,,,,STABLE,46811,False,46811,3140,False,,,
512.5,5,6,0,237,426,2,2,16597,41877,STABLE,47570,False,47570,16550,False,,,,STABLE,46811,False,46811,3140,False,,,
512.5333333333333,5,6,0,237,426,2,2,16597,41877,STABLE,47570,False,47570,16550,False,,,,STABLE,46811,False,46811,3140,False,,,
512.5666666666667,5,6,0,237,426,2,2,16597,41877,STABLE,47570,False,47570,16550,False,,,,STABLE,46811,False,46811,3140,False,,,
512.6,5,6,0,237,426,2,2,16597,41877,STABLE,47570,False,47570,16550,False,,,,STABLE,46811,False,46811,3140,False,,,
512.6333333333333,5,6,0,237,426,2,2,16597,41877,STABLE,47571,False,47571,16550,False,,,,STABLE,46811,False,46811,3140,False,,,
512.6666666666666,5,6,0,237,426,2,2,16597,41877,STABLE,47572,False,47572,16550,False,,,,STABLE,46812,False,46812,3140,False,,,
512.7,5,6,0,237,426,2,2,16597,41877,STABLE,47573,False,47573,16550,False,,,,STABLE,46813,False,46813,3140,False,,,
512.7333333333333,5,6,0,237,426,2,2,16597,41877,STABLE,47574,False,47574,16550,False,,,,STABLE,46814,False,46814,3140,False,,,
512.7666666666667,5,6,0,237,426,2,2,16597,41877,STABLE,47576,False,47576,16550,False,,,,TSUMO_FALL,46816,False,46816,3140,False,,,
512.8,5,6,0,237,426,2,2,16597,41877,TSUMO_FALL,47576,False,47576,16550,False,,,,TSUMO_FALL,46816,False,46816,3140,False,,,
512.8333333333334,5,0,0,237,432,2,2,16597,41877,TSUMO_FALL,47576,False,47576,16550,False,,,,STABLE,46816,False,46816,3140,False,,,
512.8666666666667,5,0,0,237,432,2,2,16597,41877,STABLE,47576,False,47576,16550,False,,,,STABLE,46816,False,46816,3140,False,,,
512.9,5,0,0,237,432,2,2,16597,41877,STABLE,47576,False,47576,16550,False,,,,STABLE,46816,False,46816,3140,False,,,
512.9333333333333,5,0,0,237,432,2,2,16597,41877,STABLE,47576,False,47576,16550,False,,,,STABLE,46816,False,46816,3140,False,,,
512.9666666666667,5,0,0,237,432,2,2,16597,41877,STABLE,47576,False,47576,16550,False,,,,STABLE,46816,False,46816,3140,False,,,
513.0,5,0,0,237,432,2,2,16597,41877,STABLE,47576,False,47576,16550,False,,,,STABLE,46816,False,46816,3140,False,,,
513.0333333333333,5,0,0,237,432,2,2,16597,41877,STABLE,47576,False,47576,16550,False,,,,STABLE,46816,False,46816,3140,False,,,
513.0666666666667,5,0,0,237,432,2,2,16597,41877,STABLE,47576,False,47576,16550,False,,,,STABLE,46816,True,46816,3140,False,,,
513.1,5,0,0,237,432,2,2,16597,41877,STABLE,47576,True,47576,16550,False,,,,STABLE,46816,False,46816,3140,False,,,
513.1333333333333,5,0,0,237,432,2,2,16597,41877,STABLE,47576,False,47576,16550,False,,,,STABLE,46816,False,46816,3140,False,,,
513.1666666666666,5,0,0,237,432,2,2,16597,41877,STABLE,47576,False,47576,16550,False,,,,STABLE,46816,False,46816,3140,False,,,
513.2,5,0,0,237,432,2,2,16597,41877,STABLE,47576,False,47576,16550,False,,,,STABLE,46816,False,46816,3140,False,,,
513.2333333333333,5,0,0,237,432,2,2,16597,41877,STABLE,47576,False,47576,16550,False,,,,STABLE,46817,False,46817,3140,False,,,
513.2666666666667,5,0,0,237,432,2,2,16597,41877,STABLE,47576,False,47576,16550,False,,,,STABLE,46818,False,46818,3140,False,,,
513.3,5,0,0,237,432,2,2,16597,41877,STABLE,47576,False,47576,16550,False,,,,STABLE,46819,False,46819,3140,False,,,
513.3333333333334,5,0,0,237,432,2,2,16597,41877,STABLE,47577,False,47577,16550,False,,,,STABLE,46820,False,46820,3140,False,,,
513.3666666666667,5,0,0,237,432,2,2,16597,41877,OJAMA_FALL,47578,False,47578,16550,False,,,,STABLE,46820,False,46820,3140,False,,,
513.4,5,0,0,237,432,2,2,16597,41877,STABLE,47579,False,47579,16550,False,,,,TSUMO_FALL,46821,False,46821,3140,False,,,
513.4333333333333,5,0,0,237,432,2,2,16597,41877,STABLE,47580,False,47580,16550,False,,,,TSUMO_FALL,46822,False,46822,3140,False,,,
513.4666666666667,5,0,0,237,432,2,2,16597,41877,TSUMO_FALL,47580,False,47580,16550,False,,,,STABLE,46822,False,46822,3140,False,,,
513.5,5,0,0,237,432,2,2,16597,41877,STABLE,47580,False,47580,16550,False,,,,STABLE,46822,False,46822,3140,False,,,
513.5333333333333,5,0,0,237,432,2,2,16597,41877,STABLE,47580,False,47580,16550,False,,,,STABLE,46822,False,46822,3140,False,,,
513.5666666666667,5,0,0,237,432,2,2,16597,41877,STABLE,47580,False,47580,16550,False,,,,STABLE,46822,False,46822,3140,False,,,
513.6,5,0,0,237,432,2,2,16597,41877,STABLE,47580,False,47580,16550,False,,,,STABLE,46822,False,46822,3140,False,,,
513.6333333333333,5,0,0,237,432,2,2,16597,41877,STABLE,47580,False,47580,16550,False,,,,STABLE,46822,False,46822,3140,False,,,
513.6666666666666,5,0,0,237,432,2,2,16597,41877,STABLE,47580,False,47580,16550,False,,,,STABLE,46822,False,46822,3140,False,,,
513.7,5,0,0,237,432,2,2,16597,41877,STABLE,47580,False,47580,16550,False,,,,STABLE,46822,True,46822,3140,False,,,
513.7333333333333,5,0,0,237,432,2,2,16597,41877,STABLE,47580,True,47580,16550,False,,,,STABLE,46822,False,46822,3140,False,,,
513.7666666666667,5,0,0,237,432,2,2,16597,41877,STABLE,47580,False,47580,16550,False,,,,STABLE,46822,False,46822,3140,False,,,
513.8,5,0,0,237,432,2,2,16597,41877,STABLE,47580,False,47580,16550,False,,,,STABLE,46822,False,46822,3140,False,,,
513.8333333333334,5,0,0,237,432,2,2,16597,41877,STABLE,47580,False,47580,16550,False,,,,STABLE,46822,False,46822,3140,False,,,
513.8666666666667,5,0,0,237,432,2,2,16597,41877,STABLE,47580,False,47580,16550,False,,,,STABLE,46823,False,46823,3140,False,,,
513.9,5,0,0,237,432,2,2,16597,41877,STABLE,47580,False,47580,16550,False,,,,STABLE,46824,False,46824,3140,False,,,
513.9333333333333,5,0,0,237,432,2,2,16597,41877,STABLE,47580,False,47580,16550,False,,,,TSUMO_FALL,46825,False,46825,3140,False,,,
513.9666666666667,5,0,0,237,432,2,2,16597,41877,STABLE,47581,False,47581,16550,False,,,,TSUMO_FALL,46826,False,46826,3140,False,,,
514.0,5,0,0,237,432,2,2,16597,41877,TSUMO_FALL,47582,False,47582,16550,False,,,,STABLE,46827,False,46827,3140,False,,,
514.0333333333333,5,0,0,237,432,2,2,16597,41877,TSUMO_FALL,47583,False,47583,16550,False,,,,STABLE,46827,False,46827,3140,False,,,
514.0666666666667,5,0,0,237,432,2,2,16597,41877,STABLE,47585,False,47585,16550,False,,,,STABLE,46827,False,46827,3140,False,,,
514.1,5,0,0,237,432,2,2,16597,41877,STABLE,47585,False,47585,16550,False,,,,STABLE,46827,False,46827,3140,False,,,
514.1333333333333,5,0,0,237,432,2,2,16597,41877,STABLE,47585,False,47585,16550,False,,,,STABLE,46827,False,46827,3140,False,,,
514.1666666666666,5,0,0,237,432,2,2,16597,41877,STABLE,47585,False,47585,16550,False,,,,STABLE,46827,False,46827,3140,False,,,
514.2,5,0,0,237,432,2,2,16597,41877,STABLE,47585,False,47585,16550,False,,,,STABLE,46827,False,46827,3140,False,,,
514.2333333333333,5,0,0,237,432,2,2,16597,41877,STABLE,47585,False,47585,16550,False,,,,STABLE,46827,False,46827,3140,False,,,
514.2666666666667,5,0,0,237,432,2,2,16597,41877,STABLE,47585,False,47585,16550,False,,,,STABLE,46827,True,46827,3140,False,,,
514.3,5,0,0,237,432,2,2,16597,41877,STABLE,47585,False,47585,16550,False,,,,STABLE,46827,False,46827,3140,False,,,
514.3333333333334,5,0,0,237,432,2,2,16597,41877,STABLE,47585,False,47585,16550,False,,,,STABLE,46827,False,46827,3140,False,,,
514.3666666666667,5,0,0,237,432,2,2,16597,41877,STABLE,47585,False,47585,16550,False,,,,STABLE,46827,False,46827,3140,False,,,
514.4,5,0,0,237,432,2,2,16597,41877,STABLE,47585,True,47585,16550,False,,,,STABLE,46827,False,46827,3140,False,,,
514.4333333333333,5,0,0,237,432,2,2,16597,41877,STABLE,47585,False,47585,16550,False,,,,STABLE,46827,False,46827,3140,False,,,
514.4666666666667,5,0,0,237,432,2,2,16597,41877,STABLE,47585,False,47585,16550,False,,,,STABLE,46827,False,46827,3140,False,,,
514.5,5,0,0,237,432,2,2,16597,41877,STABLE,47585,False,47585,16550,False,,,,STABLE,46827,False,46827,3140,False,,,
514.5333333333333,5,0,0,237,432,2,2,16597,41877,STABLE,47585,False,47585,16550,False,,,,STABLE,46828,False,46828,3140,False,,,
514.5666666666667,5,0,0,237,432,2,2,16597,41877,STABLE,47585,False,47585,16550,False,,,,TSUMO_FALL,46829,False,46829,3140,False,,,
514.6,5,0,0,237,432,2,2,16597,41877,STABLE,47586,False,47586,16550,False,,,,TSUMO_FALL,46829,False,46829,3140,False,,,
514.6333333333333,5,0,0,237,432,2,2,16597,41877,STABLE,47587,False,47587,16550,False,,,,TSUMO_FALL,46831,False,46831,3140,False,,,
514.6666666666666,5,0,0,237,432,2,2,16597,41877,STABLE,47588,False,47588,16550,False,,,,STABLE,46831,False,46831,3140,False,,,
514.7,5,0,0,237,432,2,2,16597,41877,STABLE,47589,False,47589,16550,False,,,,STABLE,46831,False,46831,3140,False,,,
514.7333333333333,5,0,0,237,432,2,2,16597,41877,STABLE,47590,False,47590,16550,False,,,,STABLE,46831,False,46831,3140,False,,,
514.7666666666667,5,0,0,237,432,2,2,16597,41877,STABLE,47591,False,47591,16550,False,,,,STABLE,46831,False,46831,3140,False,,,
514.8,5,0,0,237,432,2,2,16597,41877,STABLE,47592,False,47592,16550,False,,,,STABLE,46831,False,46831,3140,False,,,
514.8333333333334,5,0,0,237,432,2,2,16597,41877,TSUMO_FALL,47594,False,47594,16550,False,,,,STABLE,46831,False,46831,3140,False,,,
514.8666666666667,5,0,0,237,432,2,2,16597,41877,TSUMO_FALL,47594,False,47594,16550,False,,,,STABLE,46831,False,46831,3140,False,,,
514.9,5,0,0,237,432,2,2,16597,41877,STABLE,47594,False,47594,16550,False,,,,STABLE,46831,True,46831,3140,False,,,
514.9333333333333,5,0,0,237,432,2,2,16597,41877,STABLE,47594,False,47594,16550,False,,,,STABLE,46831,False,46831,3140,False,,,
514.9666666666667,5,0,0,237,432,2,2,16597,41877,STABLE,47594,False,47594,16550,False,,,,STABLE,46831,False,46831,3140,False,,,
515.0,5,0,0,237,432,2,2,16597,41877,STABLE,47594,False,47594,16550,False,,,,STABLE,46831,False,46831,3140,False,,,
515.0333333333333,5,0,0,237,432,2,2,16597,41877,STABLE,47594,False,47594,16550,False,,,,STABLE,46831,False,46831,3140,False,,,
515.0666666666667,5,0,0,237,432,2,2,16597,41877,STABLE,47594,False,47594,16550,False,,,,STABLE,46831,False,46831,3140,False,,,
515.1,5,0,0,237,432,2,2,16597,41877,STABLE,47594,False,47594,16550,False,,,,STABLE,46832,False,46832,3140,False,,,
515.1333333333333,5,0,0,237,432,2,2,16597,41877,STABLE,47594,False,47594,16550,False,,,,STABLE,46833,False,46833,3140,False,,,
515.1666666666666,5,0,0,237,432,2,2,16597,41877,STABLE,47594,True,47594,16550,False,,,,STABLE,46834,False,46834,3140,False,,,
515.2,5,0,0,237,432,2,2,16597,41877,STABLE,47594,False,47594,16550,False,,,,STABLE,46835,False,46835,3140,False,,,
515.2333333333333,5,0,0,237,432,2,2,16597,41877,STABLE,47594,False,47594,16550,False,,,,TSUMO_FALL,46836,False,46836,3140,False,,,
515.2666666666667,5,0,0,237,432,2,2,16597,41877,STABLE,47594,False,47594,16550,False,,,,TSUMO_FALL,46838,False,46838,3140,False,,,
515.3,5,0,0,237,432,2,2,16597,41877,STABLE,47594,False,47594,16550,False,,,,STABLE,46838,False,46838,3140,False,,,
515.3333333333334,5,0,0,237,432,2,2,16597,41877,STABLE,47594,False,47594,16550,False,,,,STABLE,46838,False,46838,3140,False,,,
515.3666666666667,5,0,0,237,432,2,2,16597,41877,STABLE,47595,False,47595,16550,False,,,,STABLE,46838,False,46838,3140,False,,,
515.4,5,0,0,237,432,2,2,16597,41877,STABLE,47596,False,47596,16550,False,,,,STABLE,46838,False,46838,3140,False,,,
515.4333333333333,5,0,0,237,432,2,2,16597,41877,STABLE,47597,False,47597,16550,False,,,,STABLE,46838,False,46838,3140,False,,,
515.4666666666667,5,0,0,237,432,2,2,16597,41877,STABLE,47598,False,47598,16550,False,,,,STABLE,46838,False,46838,3140,False,,,
515.5,5,0,0,237,432,2,2,16597,41877,STABLE,47599,False,47599,16550,False,,,,STABLE,46838,False,46838,3140,False,,,
515.5333333333333,5,0,0,237,432,2,2,16597,41877,TSUMO_FALL,47601,False,47601,16550,False,,,,STABLE,46838,False,46838,3140,False,,,
515.5666666666667,5,0,0,237,432,2,2,16597,41877,STABLE,47601,False,47601,16550,False,,,,STABLE,46838,True,46838,3140,False,,,
515.6,5,0,0,237,432,2,2,16597,41877,STABLE,47601,False,47601,16550,False,,,,STABLE,46838,False,46838,3140,False,,,
515.6333333333333,5,0,0,237,432,2,2,16597,41877,STABLE,47601,False,47601,16550,False,,,,STABLE,46838,False,46838,3140,False,,,
515.6666666666666,5,0,0,237,432,2,2,16597,41877,STABLE,47601,False,47601,16550,False,,,,STABLE,46838,False,46838,3140,False,,,
515.7,5,0,0,237,432,2,2,16597,41877,STABLE,47601,False,47601,16550,False,,,,STABLE,46838,False,46838,3140,False,,,
515.7333333333333,5,0,0,237,432,2,2,16597,41877,STABLE,47601,False,47601,16550,False,,,,STABLE,46838,False,46838,3140,False,,,
515.7666666666667,5,0,0,237,432,2,2,16597,41877,STABLE,47601,False,47601,16550,False,,,,STABLE,46839,False,46839,3140,False,,,
515.8,5,0,0,237,432,2,2,16597,41877,STABLE,47601,False,47601,16550,False,,,,STABLE,46840,False,46840,3140,False,,,
515.8333333333334,5,0,0,237,432,2,2,16597,41877,STABLE,47601,False,47601,16550,False,,,,STABLE,46841,False,46841,3140,False,,,
515.8666666666667,5,0,0,237,432,2,2,16597,41877,STABLE,47601,True,47601,16550,False,,,,TSUMO_FALL,46842,False,46842,3140,False,,,
515.9,5,0,0,237,432,2,2,16597,41877,STABLE,47601,False,47601,16550,False,,,,TSUMO_FALL,46843,False,46843,3140,False,,,
515.9333333333333,5,0,0,237,432,2,2,16597,41877,STABLE,47601,False,47601,16550,False,,,,STABLE,46843,False,46843,3140,False,,,
515.9666666666667,5,0,0,237,432,2,2,16597,41877,STABLE,47601,False,47601,16550,False,,,,STABLE,46843,False,46843,3140,False,,,
516.0,5,0,0,237,432,2,2,16597,41877,STABLE,47601,False,47601,16550,False,,,,STABLE,46843,False,46843,3140,False,,,
516.0333333333333,5,0,0,237,432,2,2,16597,41877,STABLE,47601,False,47601,16550,False,,,,STABLE,46843,False,46843,3140,False,,,
516.0666666666667,5,0,0,237,432,2,2,16597,41877,STABLE,47601,False,47601,16550,False,,,,STABLE,46843,False,46843,3140,False,,,
516.1,5,0,0,237,432,2,2,16597,41877,STABLE,47602,False,47602,16550,False,,,,STABLE,46843,False,46843,3140,False,,,
516.1333333333333,5,0,0,237,432,2,2,16597,41877,STABLE,47604,False,47604,16550,False,,,,STABLE,46843,False,46843,3140,False,,,
516.1666666666666,5,0,0,237,432,2,2,16597,41877,TSUMO_FALL,47604,False,47604,16550,False,,,,STABLE,46843,True,46843,3140,False,,,
516.2,5,0,0,237,432,2,2,16597,41877,TSUMO_FALL,47604,False,47604,16550,False,,,,STABLE,46843,False,46843,3140,False,,,
516.2333333333333,5,0,0,237,432,2,2,16597,41877,STABLE,47604,False,47604,16550,False,,,,STABLE,46843,False,46843,3140,False,,,
516.2666666666667,5,0,0,237,432,2,2,16597,41877,STABLE,47604,False,47604,16550,False,,,,STABLE,46843,False,46843,3140,False,,,
516.3,5,0,0,237,432,2,2,16597,41877,STABLE,47604,False,47604,16550,False,,,,STABLE,46843,False,46843,3140,False,,,
516.3333333333334,5,0,0,237,432,2,2,16597,41877,STABLE,47604,False,47604,16550,False,,,,STABLE,46843,False,46843,3140,False,,,
516.3666666666667,5,0,0,237,432,2,2,16597,41877,STABLE,47604,False,47604,16550,False,,,,STABLE,46843,False,46843,3140,False,,,
516.4,5,0,0,237,432,2,2,16597,41877,STABLE,47604,False,47604,16550,False,,,,STABLE,46843,False,46843,3140,False,,,
516.4333333333333,5,0,0,237,432,2,2,16597,41877,STABLE,47604,False,47604,16550,False,,,,STABLE,46843,False,46843,3140,False,,,
516.4666666666667,5,0,0,237,432,2,2,16597,41877,STABLE,47604,True,47604,16550,False,,,,STABLE,46843,False,46843,3140,False,,,
516.5,5,0,0,237,432,2,2,16597,41877,STABLE,47604,False,47604,16550,False,,,,STABLE,46843,False,46843,3140,False,,,
516.5333333333333,5,-46,46,237,432,2,3,16597,3229,STABLE,47604,False,47604,16550,False,,,,STABLE,46843,False,46843,3140,False,,,
516.5666666666667,5,-46,46,237,432,2,3,16597,3229,STABLE,47604,False,47604,16550,False,,,,STABLE,46843,False,46843,3140,False,,,
516.6,5,-46,46,237,432,2,3,16597,3229,STABLE,47604,False,47604,16550,False,,,,STABLE,46844,False,46844,3140,False,,,
516.6333333333333,5,-46,46,237,432,2,3,16597,3229,STABLE,47605,False,47605,16550,False,,,,TSUMO_FALL,46845,False,46845,3140,False,,,
516.6666666666666,5,-46,46,237,432,2,3,16597,3229,STABLE,47606,False,47606,16550,False,,,,TSUMO_FALL,46846,False,46846,3140,False,,,
516.7,5,-46,46,237,432,2,3,16597,3229,STABLE,47607,False,47607,16550,False,,,,STABLE,46846,False,46846,3140,False,,,
516.7333333333333,5,-46,46,237,432,2,3,16597,3229,STABLE,47608,False,47608,16550,False,,,,STABLE,46846,False,46846,3140,False,,,
516.7666666666667,5,-46,46,237,432,2,3,16597,3229,STABLE,47609,False,47609,16550,False,,,,STABLE,46846,False,46846,3140,False,,,
516.8,5,-46,46,237,432,2,3,16597,3229,STABLE,47610,False,47610,16550,False,,,,STABLE,46846,False,46846,3140,False,,,
516.8333333333334,5,-46,46,237,432,2,3,16597,3229,TSUMO_FALL,47612,False,47612,16550,False,,,,STABLE,46846,False,46846,3140,False,,,
516.8666666666667,5,-16,16,267,432,2,3,16597,3229,STABLE,47612,False,47612,16550,False,,,,STABLE,46846,False,46846,3140,False,,,
516.9,5,-16,16,267,432,2,3,16597,3229,STABLE,47612,False,47612,16550,False,,,,STABLE,46846,False,46846,3140,False,,,
516.9333333333333,5,-16,16,267,432,2,3,16597,3229,STABLE,47612,False,47612,16550,False,,,,STABLE,46846,True,46846,3140,False,,,
516.9666666666667,5,-16,16,267,432,2,3,16597,3229,STABLE,47612,False,47612,16550,False,,,,STABLE,46846,False,46846,3140,False,,,
517.0,5,-16,16,267,432,2,3,16597,3229,STABLE,47612,False,47612,16550,False,,,,STABLE,46846,False,46846,3140,False,,,
517.0333333333333,5,-16,16,267,432,2,3,16597,3229,STABLE,47612,False,47612,16550,False,,,,STABLE,46846,False,46846,3140,False,,,
517.0666666666667,5,-16,16,267,432,2,3,16597,3229,STABLE,47612,False,47612,16550,False,,,,STABLE,46846,False,46846,3140,False,,,
517.1,5,-16,16,267,432,2,3,16597,3229,STABLE,47612,False,47612,16550,False,,,,STABLE,46846,False,46846,3140,False,,,
517.1333333333333,5,-16,16,267,432,2,3,16597,3229,STABLE,47612,False,47612,16550,False,,,,STABLE,46846,False,46846,3140,False,,,
517.1666666666666,5,-16,16,267,432,2,3,16597,3229,STABLE,47612,True,47612,16550,False,,,,STABLE,46847,False,46847,3140,False,,,
517.2,5,-16,16,267,432,2,3,16597,3229,STABLE,47612,False,47612,16550,False,,,,STABLE,46848,False,46848,3140,False,,,
517.2333333333333,5,-16,16,267,432,2,3,16597,3229,STABLE,47612,False,47612,16550,False,,,,STABLE,46848,False,46848,3140,False,,,
517.2666666666667,5,-16,16,267,432,2,3,16597,3229,STABLE,47612,False,47612,16550,False,,,,STABLE,46851,False,46851,3140,False,,,
517.3,5,-16,16,267,432,2,3,16597,3229,STABLE,47612,False,47612,16550,False,,,,TSUMO_FALL,46851,False,46851,3140,False,,,
517.3333333333334,5,-16,16,267,432,2,3,16597,3229,STABLE,47612,False,47612,16550,False,,,,TSUMO_FALL,46851,False,46851,3140,False,,,
517.3666666666667,5,-16,16,267,432,2,3,16597,3229,STABLE,47612,False,47612,16550,False,,,,STABLE,46851,False,46851,3140,False,,,
517.4,5,-16,16,267,432,2,3,16597,3229,STABLE,47612,False,47612,16550,False,,,,STABLE,46851,False,46851,3140,False,,,
517.4333333333333,5,-16,16,267,432,2,3,16597,3229,STABLE,47612,False,47612,16550,False,,,,STABLE,46851,False,46851,3140,False,,,
517.4666666666667,5,-16,16,267,432,2,3,16597,3229,STABLE,47612,False,47612,16550,False,,,,STABLE,46851,False,46851,3140,False,,,
517.5,5,-16,16,267,432,2,3,16597,3229,STABLE,47612,False,47612,16550,False,,,,STABLE,46851,False,46851,3140,False,,,
517.5333333333333,5,-16,16,267,432,2,3,16597,3229,STABLE,47612,False,47612,16550,False,,,,STABLE,46851,False,46851,3140,False,,,
517.5666666666667,5,-16,16,267,432,2,3,16597,3229,STABLE,47612,False,47612,16550,False,,,,STABLE,46851,True,46851,3140,False,,,
517.6,5,-16,16,267,432,2,3,16597,3229,STABLE,47612,False,47612,16550,False,,,,STABLE,46851,False,46851,3140,False,,,
517.6333333333333,5,-16,16,267,432,2,3,16597,3229,STABLE,47612,False,47612,16550,False,,,,STABLE,46851,False,46851,3140,False,,,
517.6666666666666,5,-16,16,267,432,2,3,16597,3229,STABLE,47612,False,47612,16550,False,,,,STABLE,46851,False,46851,3140,False,,,
517.7,5,-16,16,267,432,2,3,16597,3229,STABLE,47612,False,47612,16550,False,,,,STABLE,46851,False,46851,3140,False,,,
517.7333333333333,5,-16,16,267,432,2,3,16597,3229,STABLE,47612,False,47612,16550,False,,,,STABLE,46851,False,46851,3140,False,,,
517.7666666666667,5,-16,16,267,432,2,3,16597,3229,STABLE,47612,False,47612,16550,False,,,,TSUMO_FALL,46852,False,46852,3140,False,,,
517.8,5,-16,16,267,432,2,3,16597,3229,STABLE,47612,False,47612,16550,False,,,,TSUMO_FALL,46854,False,46854,3140,False,,,
517.8333333333334,5,-16,16,267,432,2,3,16597,3229,STABLE,47612,False,47612,16550,False,,,,STABLE,46854,False,46854,3140,False,,,
517.8666666666667,5,-16,16,267,432,2,3,16597,3229,STABLE,47612,False,47612,16550,False,,,,STABLE,46854,False,46854,3140,False,,,
517.9,5,-16,16,267,432,2,3,16597,3229,OJAMA_FALL,47612,False,47612,16550,False,,,,STABLE,46854,False,46854,3140,False,,,
517.9333333333333,5,-16,16,267,432,2,3,16597,3229,OJAMA_FALL,47612,False,47612,16550,False,,,,STABLE,46854,False,46854,3140,False,,,
517.9666666666667,5,-16,16,267,432,2,3,16597,3229,OJAMA_FALL,47612,False,47612,16550,False,,,,STABLE,46854,False,46854,3140,False,,,
518.0,5,-16,16,267,432,2,3,16597,3229,OJAMA_FALL,47612,False,47612,16550,False,,,,STABLE,46854,False,46854,3140,False,,,
518.0333333333333,5,-16,16,267,432,2,3,16597,3229,OJAMA_FALL,47612,False,47612,16550,False,,,,STABLE,46854,False,46854,3140,False,,,
518.0666666666667,5,-16,16,267,432,2,3,16597,3229,OJAMA_FALL,47612,False,47612,16550,False,,,,STABLE,46854,False,46854,3140,False,,,
518.1,5,-16,16,267,432,2,3,16597,3229,OJAMA_FALL,47612,False,47612,16550,False,,,,STABLE,46854,True,46854,3140,False,,,
518.1333333333333,5,-16,16,267,432,2,3,16597,3229,OJAMA_FALL,47612,False,47612,16550,False,,,,STABLE,46854,False,46854,3140,False,,,
518.1666666666666,5,-16,16,267,432,2,3,16597,3229,OJAMA_FALL,47612,False,47612,16550,False,,,,STABLE,46854,False,46854,3140,False,,,
518.2,5,-16,16,267,432,2,3,16597,3229,OJAMA_FALL,47612,False,47612,16550,False,,,,STABLE,46854,False,46854,3140,False,,,
518.2333333333333,5,-16,16,267,432,2,3,16597,3229,STABLE,47612,False,47612,16550,False,,,,STABLE,46854,False,46854,3140,False,,,
518.2666666666667,5,-16,16,267,432,2,3,16597,3229,STABLE,47612,False,47612,16550,False,,,,STABLE,46854,False,46854,3140,False,,,
518.3,5,-16,16,267,432,2,3,16597,3229,STABLE,47612,False,47612,16550,False,,,,STABLE,46854,False,46854,3140,False,,,
518.3333333333334,5,-16,16,267,432,2,3,16597,3229,STABLE,47612,False,47612,16550,False,,,,STABLE,46854,False,46854,3140,False,,,
518.3666666666667,5,-16,16,267,432,2,3,16597,3229,TSUMO_FALL,47612,False,47612,16550,False,,,,STABLE,46854,False,46854,3140,False,,,
518.4,5,-16,16,267,432,2,3,16597,3229,TSUMO_FALL,47612,False,47612,16550,False,,,,STABLE,46854,False,46854,3140,False,,,
518.4333333333333,5,0,0,283,432,2,3,16597,3229,STABLE,47612,False,47612,16550,False,,,,STABLE,46854,False,46854,3140,False,,,
518.4666666666667,5,0,0,283,432,2,3,16597,3229,STABLE,47612,False,47612,16550,False,,,,STABLE,46854,False,46854,3140,False,,,
518.5,5,0,0,283,432,2,3,16597,3229,TSUMO_FALL,47612,False,47612,16550,False,,,,STABLE,46854,False,46854,3140,False,,,
518.5333333333333,5,0,0,283,432,2,3,16597,3229,TSUMO_FALL,47612,False,47612,16550,False,,,,STABLE,46854,False,46854,3140,False,,,
518.5666666666667,5,0,0,283,432,2,3,16597,3229,TSUMO_FALL,47612,False,47612,16550,False,,,,STABLE,46854,False,46854,3140,False,,,
518.6,5,0,0,283,432,2,3,16597,3229,STABLE,47612,False,47612,16550,False,,,,STABLE,46854,False,46854,3140,False,,,
518.6333333333333,5,0,0,283,432,2,3,16597,3229,STABLE,47612,False,47612,16550,False,,,,STABLE,46854,False,46854,3140,False,,,
518.6666666666666,5,0,0,283,432,2,3,16597,3229,STABLE,47612,False,47612,16550,False,,,,TSUMO_FALL,46855,False,46855,3140,False,,,
518.7,5,0,0,283,432,2,3,16597,3229,STABLE,47612,False,47612,16550,False,,,,TSUMO_FALL,46857,False,46857,3140,False,,,
518.7333333333333,5,0,0,283,432,2,3,16597,3229,STABLE,47612,False,47612,16550,False,,,,STABLE,46857,False,46857,3140,False,,,
518.7666666666667,5,0,0,283,432,2,3,16597,3229,STABLE,47612,False,47612,16550,False,,,,STABLE,46857,False,46857,3140,False,,,
518.8,5,0,0,283,432,2,3,16597,3229,TSUMO_FALL,47612,False,47612,16550,False,,,,STABLE,46857,False,46857,3140,False,,,
518.8333333333334,5,0,0,283,432,2,3,16597,3229,STABLE,47612,False,47612,16550,False,,,,STABLE,46857,False,46857,3140,False,,,
518.8666666666667,5,0,0,283,432,2,3,16597,3229,STABLE,47612,False,47612,16550,False,,,,STABLE,46857,False,46857,3140,False,,,
518.9,5,0,0,283,432,2,3,16597,3229,STABLE,47612,False,47612,16550,False,,,,STABLE,46857,False,46857,3140,False,,,
518.9333333333333,5,0,0,283,432,2,3,16597,3229,STABLE,47612,False,47612,16550,False,,,,STABLE,46857,False,46857,3140,False,,,
518.9666666666667,5,0,0,283,432,2,3,16597,3229,STABLE,47612,False,47612,16550,False,,,,STABLE,46857,False,46857,3140,False,,,
519.0,5,0,0,283,432,2,3,16597,3229,STABLE,47612,False,47612,16550,False,,,,STABLE,46857,True,46857,3140,False,,,
519.0333333333333,5,0,0,283,432,2,3,16597,3229,STABLE,47612,False,47612,16550,False,,,,STABLE,46857,False,46857,3140,False,,,
519.0666666666667,5,0,0,283,432,2,3,16597,3229,STABLE,47612,False,47612,16550,False,,,,STABLE,46857,False,46857,3140,False,,,
519.1,5,0,0,283,432,2,3,16597,3229,STABLE,47612,False,47612,16550,False,,,,STABLE,46857,False,46857,3140,False,,,
519.1333333333333,5,0,0,283,432,2,3,16597,3229,STABLE,47612,False,47612,16550,False,,,,STABLE,46857,False,46857,3140,False,,,
519.1666666666666,5,0,0,283,432,2,3,16597,3229,STABLE,47613,False,47613,16550,False,,,,STABLE,46857,False,46857,3140,False,,,
519.2,5,0,0,283,432,2,3,16597,3229,STABLE,47615,False,47615,16550,False,,,,STABLE,46857,False,46857,3140,False,,,
519.2333333333333,5,0,0,283,432,2,3,16597,3229,TSUMO_FALL,47615,False,47615,16550,False,,,,STABLE,46857,False,46857,3140,False,,,
519.2666666666667,5,0,0,283,432,2,3,16597,3229,TSUMO_FALL,47615,False,47615,16550,False,,,,STABLE,46857,False,46857,3140,False,,,
519.3,5,0,0,283,432,2,3,16597,3229,STABLE,47615,False,47615,16550,False,,,,STABLE,46857,False,46857,3140,False,,,
519.3333333333334,5,0,0,283,432,2,3,16597,3229,STABLE,47615,False,47615,16550,False,,,,STABLE,46857,False,46857,3140,False,,,
519.3666666666667,5,0,0,283,432,2,3,16597,3229,STABLE,47615,False,47615,16550,False,,,,STABLE,46857,False,46857,3140,False,,,
519.4,5,0,0,283,432,2,3,16597,3229,STABLE,47615,False,47615,16550,False,,,,STABLE,46857,False,46857,3140,False,,,
519.4333333333333,5,0,0,283,432,2,3,16597,3229,STABLE,47615,False,47615,16550,False,,,,STABLE,46857,False,46857,3140,False,,,
519.4666666666667,5,0,0,283,432,2,3,16597,3229,STABLE,47615,False,47615,16550,False,,,,STABLE,46857,False,46857,3140,False,,,
519.5,5,0,0,283,432,2,3,16597,3229,STABLE,47615,False,47615,16550,False,,,,STABLE,46857,False,46857,3140,False,,,
519.5333333333333,5,0,0,283,432,2,3,16597,3229,STABLE,47615,True,47615,16550,False,,,,STABLE,46857,False,46857,3140,False,,,
519.5666666666667,5,0,0,283,432,2,3,16597,3229,STABLE,47615,False,47615,16550,False,,,,STABLE,46857,False,46857,3140,False,,,
519.6,5,0,0,283,432,2,3,16597,3229,STABLE,47615,False,47615,16550,False,,,,STABLE,46857,False,46857,3140,False,,,
519.6333333333333,5,0,0,283,432,2,3,16597,3229,STABLE,47615,False,47615,16550,False,,,,STABLE,46858,False,46858,3140,False,,,
519.6666666666666,5,0,0,283,432,2,3,16597,3229,STABLE,47616,False,47616,16550,False,,,,STABLE,46858,False,46858,3140,False,,,
519.7,5,0,0,283,432,2,3,16597,3229,STABLE,47617,False,47617,16550,False,,,,STABLE,46858,False,46858,3140,False,,,
519.7333333333333,5,0,0,283,432,2,3,16597,3229,STABLE,47618,False,47618,16550,False,,,,STABLE,46858,False,46858,3140,False,,,
519.7666666666667,5,0,0,283,432,2,3,16597,3229,STABLE,47618,False,47618,16550,False,,,,STABLE,46858,False,46858,3140,False,,,
519.8,5,0,0,283,432,2,3,16597,3229,STABLE,47618,False,47618,16550,False,,,,STABLE,46858,False,46858,3140,False,,,
519.8333333333334,5,0,0,283,432,2,3,16597,3229,STABLE,47618,False,47618,16550,False,,,,STABLE,46858,False,46858,3140,False,,,
519.8666666666667,5,0,0,283,432,2,3,16597,3229,STABLE,47618,False,47618,16550,False,,,,STABLE,46858,False,46858,3140,False,,,
519.9,5,0,0,283,432,2,3,16597,3229,STABLE,47619,False,47619,16550,False,,,,STABLE,46858,False,46858,3140,False,,,
519.9333333333333,5,0,0,283,432,2,3,16597,3229,TSUMO_FALL,47621,False,47621,16550,False,,,,STABLE,46858,True,46858,3140,False,,,
519.9666666666667,5,0,0,283,432,2,3,16597,3229,TSUMO_FALL,47621,False,47621,16550,False,,,,STABLE,46858,False,46858,3140,False,,,
520.0,5,0,0,283,432,2,3,16597,3229,STABLE,47621,False,47621,16550,False,,,,STABLE,46858,False,46858,3140,False,,,
520.0333333333333,5,0,0,283,432,2,3,16597,3229,STABLE,47621,False,47621,16550,False,,,,STABLE,46858,False,46858,3140,False,,,
520.0666666666667,5,0,0,283,432,2,3,16597,3229,STABLE,47621,False,47621,16550,False,,,,STABLE,46858,False,46858,3140,False,,,
520.1,5,0,0,283,432,2,3,16597,3229,STABLE,47621,False,47621,16550,False,,,,STABLE,46858,False,46858,3140,False,,,
520.1333333333333,5,0,0,283,432,2,3,16597,3229,STABLE,47621,False,47621,16550,False,,,,STABLE,46858,False,46858,3140,False,,,
520.1666666666666,5,0,0,283,432,2,3,16597,3229,STABLE,47621,False,47621,16550,False,,,,STABLE,46858,False,46858,3140,False,,,
520.2,5,0,0,283,432,2,3,16597,3229,STABLE,47621,False,47621,16550,False,,,,STABLE,46858,False,46858,3140,False,,,
520.2333333333333,5,0,0,283,432,2,3,16597,3229,STABLE,47621,False,47621,16550,False,,,,STABLE,46858,False,46858,3140,False,,,
520.2666666666667,5,0,0,283,432,2,3,16597,3229,STABLE,47621,True,47621,16550,False,,,,STABLE,46858,False,46858,3140,False,,,
520.3,5,0,0,283,432,2,3,16597,3229,STABLE,47621,False,47621,16550,False,,,,STABLE,46858,False,46858,3140,False,,,
520.3333333333334,5,0,0,283,432,2,3,16597,3229,STABLE,47621,False,47621,16550,False,,,,TSUMO_FALL,46858,False,46858,3140,False,,,
520.3666666666667,5,0,0,283,432,2,3,16597,3229,STABLE,47621,False,47621,16550,False,,,,STABLE,46858,False,46858,3140,False,,,
520.4,5,0,0,283,432,2,3,16597,3229,STABLE,47621,False,47621,16550,False,,,,STABLE,46858,False,46858,3140,False,,,
520.4333333333333,5,0,0,283,432,2,3,16597,3229,STABLE,47622,False,47622,16550,False,,,,STABLE,46858,False,46858,3140,False,,,
520.4666666666667,5,0,0,283,432,2,3,16597,3229,STABLE,47623,False,47623,16550,False,,,,STABLE,46858,False,46858,3140,False,,,
520.5,5,0,0,283,432,2,3,16597,3229,TSUMO_FALL,47623,False,47623,16550,False,,,,STABLE,46858,False,46858,3140,False,,,
520.5333333333333,5,0,0,283,432,2,3,16597,3229,TSUMO_FALL,47623,False,47623,16550,False,,,,STABLE,46858,False,46858,3140,False,,,
520.5666666666667,5,0,0,283,432,2,3,16597,3229,STABLE,47623,False,47623,16550,False,,,,STABLE,46858,False,46858,3140,False,,,
520.6,5,0,0,283,432,2,3,16597,3229,STABLE,47624,False,47624,16550,False,,,,STABLE,46858,False,46858,3140,False,,,
520.6333333333333,5,0,0,283,432,2,3,16597,3229,STABLE,47624,False,47624,16550,False,,,,STABLE,46858,False,46858,3140,False,,,
520.6666666666666,5,0,0,283,432,2,3,16597,3229,STABLE,47624,False,47624,16550,False,,,,STABLE,46858,False,46858,3140,False,,,
520.7,5,0,0,283,432,2,3,16597,3229,STABLE,47624,False,47624,16550,False,,,,STABLE,46858,False,46858,3140,False,,,
520.7333333333333,5,0,0,283,432,2,3,16597,3229,STABLE,47624,False,47624,16550,False,,,,STABLE,46858,False,46858,3140,False,,,
520.7666666666667,5,0,0,283,432,2,3,16597,3229,STABLE,47624,False,47624,16550,False,,,,STABLE,46858,False,46858,3140,False,,,
520.8,5,0,0,283,432,2,3,16597,3229,STABLE,47624,True,47624,16550,False,,,,STABLE,46858,False,46858,3140,False,,,
520.8333333333334,5,0,0,283,432,2,3,16597,3229,STABLE,47624,False,47624,16550,False,,,,TSUMO_FALL,46858,False,46858,3140,False,,,
520.8666666666667,5,0,0,283,432,2,3,16597,3229,STABLE,47624,False,47624,16550,False,,,,STABLE,46858,False,46858,3140,False,,,
520.9,5,0,0,283,432,2,3,16597,3229,STABLE,47624,False,47624,16550,False,,,,STABLE,46858,False,46858,3140,False,,,
520.9333333333333,5,0,0,283,432,2,3,16597,3229,STABLE,47624,False,47624,16550,False,,,,STABLE,46858,False,46858,3140,False,,,
520.9666666666667,5,0,0,283,432,2,3,16597,3229,STABLE,47625,False,47625,16550,False,,,,STABLE,46858,False,46858,3140,False,,,
521.0,5,0,0,283,432,2,3,16597,3229,STABLE,47626,False,47626,16550,False,,,,STABLE,46858,False,46858,3140,False,,,
521.0333333333333,5,0,0,283,432,2,3,16597,3229,STABLE,47627,False,47627,16550,False,,,,STABLE,46858,False,46858,3140,False,,,
521.0666666666667,5,0,0,283,432,2,3,16597,3229,STABLE,47628,False,47628,16550,False,,,,STABLE,46858,False,46858,3140,False,,,
521.1,5,0,0,283,432,2,3,16597,3229,STABLE,47629,False,47629,16550,False,,,,STABLE,46858,False,46858,3140,False,,,
521.1333333333333,5,0,0,283,432,2,3,16597,3229,TSUMO_FALL,47631,False,47631,16550,False,,,,STABLE,46858,False,46858,3140,False,,,
521.1666666666666,5,0,0,283,432,2,3,16597,3229,STABLE,47631,False,47631,16550,False,,,,STABLE,46858,False,46858,3140,False,,,
521.2,5,0,0,283,432,2,3,16597,3229,STABLE,47631,False,47631,16550,False,,,,STABLE,46858,False,46858,3140,False,,,
521.2333333333333,5,0,0,283,432,2,3,16597,3229,STABLE,47631,False,47631,16550,False,,,,STABLE,46858,False,46858,3140,False,,,
521.2666666666667,5,0,0,283,432,2,3,16597,3229,STABLE,47631,False,47631,16550,False,,,,STABLE,46858,False,46858,3140,False,,,
521.3,5,0,0,283,432,2,3,16597,3229,STABLE,47631,False,47631,16550,False,,,,STABLE,46858,False,46858,3140,False,,,
521.3333333333334,5,0,0,283,432,2,3,16597,3229,STABLE,47631,False,47631,16550,False,,,,STABLE,46858,False,46858,3140,False,,,
521.3666666666667,5,0,0,283,432,2,3,16597,3229,STABLE,47631,False,47631,16550,False,,,,STABLE,46859,False,46859,3140,False,,,
521.4,5,0,0,283,432,2,3,16597,3229,STABLE,47631,False,47631,16550,False,,,,STABLE,46859,False,46859,3140,False,,,
521.4333333333333,5,0,0,283,432,2,3,16597,3229,STABLE,47631,False,47631,16550,False,,,,STABLE,46859,False,46859,3140,False,,,
521.4666666666667,5,0,0,283,432,2,3,16597,3229,STABLE,47631,True,47631,16550,False,,,,STABLE,46859,False,46859,3140,False,,,
521.5,5,0,0,283,432,2,3,16597,3229,STABLE,47631,False,47631,16550,False,,,,STABLE,46859,False,46859,3140,False,,,
521.5333333333333,5,0,0,283,432,2,3,16597,3229,STABLE,47631,False,47631,16550,False,,,,STABLE,46859,False,46859,3140,False,,,
521.5666666666667,5,0,0,283,432,2,3,16597,3229,STABLE,47631,False,47631,16550,False,,,,STABLE,46859,False,46859,3140,False,,,
521.6,5,0,0,283,432,2,3,16597,3229,STABLE,47631,False,47631,16550,False,,,,STABLE,46859,False,46859,3140,False,,,
521.6333333333333,5,0,0,283,432,2,3,16597,3229,STABLE,47632,False,47632,16550,False,,,,STABLE,46859,False,46859,3140,False,,,
521.6666666666666,5,0,0,283,432,2,3,16597,3229,TSUMO_FALL,47633,False,47633,16550,False,,,,STABLE,46859,False,46859,3140,False,,,
521.7,5,0,0,283,432,2,3,16597,3229,TSUMO_FALL,47633,False,47633,16550,False,,,,STABLE,46859,False,46859,3140,False,,,
521.7333333333333,5,0,0,283,432,2,3,16597,3229,STABLE,47633,False,47633,16550,False,,,,STABLE,46859,False,46859,3140,False,,,
521.7666666666667,5,0,0,283,432,2,3,16597,3229,STABLE,47633,False,47633,16550,False,,,,STABLE,46859,False,46859,3140,False,,,
521.8,5,0,0,283,432,2,3,16597,3229,TSUMO_FALL,47634,False,47634,16550,False,,,,STABLE,46859,False,46859,3140,False,,,
521.8333333333334,5,0,0,283,432,2,3,16597,3229,TSUMO_FALL,47634,False,47634,16550,False,,,,STABLE,46859,False,46859,3140,False,,,
521.8666666666667,5,0,0,283,432,2,3,16597,3229,STABLE,47634,False,47634,16550,False,,,,STABLE,46859,False,46859,3140,False,,,
521.9,5,0,0,283,432,2,3,16597,3229,STABLE,47634,False,47634,16550,False,,,,STABLE,46859,False,46859,3140,False,,,
521.9333333333333,5,0,0,283,432,2,3,16597,3229,TSUMO_FALL,47634,False,47634,16550,False,,,,STABLE,46859,False,46859,3140,False,,,
521.9666666666667,5,0,0,283,432,2,3,16597,3229,TSUMO_FALL,47634,False,47634,16550,False,,,,STABLE,46859,False,46859,3140,False,,,
522.0,5,0,0,283,432,2,3,16597,3229,STABLE,47634,True,47634,16550,False,,,,STABLE,46859,False,46859,3140,False,,,
522.0333333333333,5,0,0,283,432,2,3,16597,3229,STABLE,47634,False,47634,16550,False,,,,STABLE,46859,True,46859,3140,False,,,
522.0666666666667,5,0,0,283,432,2,3,16597,3229,STABLE,47634,False,47634,16550,False,,,,STABLE,46859,False,46859,3140,False,,,
522.1,5,0,0,283,432,2,3,16597,3229,STABLE,47634,False,47634,16550,False,,,,STABLE,46859,False,46859,3140,False,,,
522.1333333333333,5,0,0,283,432,2,3,16597,3229,STABLE,47634,False,47634,16550,False,,,,STABLE,46859,False,46859,3140,False,,,
522.1666666666666,5,0,0,283,432,2,3,16597,3229,STABLE,47634,False,47634,16550,False,,,,STABLE,46859,False,46859,3140,False,,,
522.2,5,0,0,283,432,2,3,16597,3229,STABLE,47634,False,47634,16550,False,,,,STABLE,46859,False,46859,3140,False,,,
522.2333333333333,5,0,0,283,432,2,3,16597,3229,STABLE,47634,False,47634,16550,False,,,,STABLE,46859,False,46859,3140,False,,,
522.2666666666667,5,0,0,283,432,2,3,16597,3229,TSUMO_FALL,47636,False,47636,16550,False,,,,STABLE,46859,False,46859,3140,False,,,
522.3,5,0,0,283,432,2,3,16597,3229,TSUMO_FALL,47636,False,47636,16550,False,,,,STABLE,46859,False,46859,3140,False,,,
522.3333333333334,5,0,0,283,432,2,3,16597,3229,STABLE,47636,False,47636,16550,False,,,,STABLE,46859,False,46859,3140,False,,,
522.3666666666667,5,0,0,283,432,2,3,16597,3229,STABLE,47636,False,47636,16550,False,,,,STABLE,46859,False,46859,3140,False,,,
522.4,5,0,0,283,432,2,3,16597,3229,STABLE,47636,False,47636,16550,False,,,,STABLE,46859,False,46859,3140,False,,,
522.4333333333333,5,0,0,283,432,2,3,16597,3229,STABLE,47636,False,47636,16550,False,,,,STABLE,46859,False,46859,3140,False,,,
522.4666666666667,5,0,0,283,432,2,3,16597,3229,STABLE,47636,False,47636,16550,False,,,,STABLE,46859,False,46859,3140,False,,,
522.5,5,0,0,283,432,2,3,16597,3229,STABLE,47636,False,47636,16550,False,,,,STABLE,46859,False,46859,3140,False,,,
522.5333333333333,5,0,0,283,432,2,3,16597,3229,STABLE,47636,False,47636,16550,False,,,,STABLE,46859,False,46859,3140,False,,,
522.5666666666667,5,0,0,283,432,2,3,16597,3229,STABLE,47636,True,47636,16550,False,,,,STABLE,46859,False,46859,3140,False,,,
522.6,5,0,0,283,432,2,3,16597,3229,STABLE,47636,False,47636,16550,False,,,,STABLE,46859,False,46859,3140,False,,,
522.6333333333333,5,0,0,283,432,2,3,16597,3229,STABLE,47636,False,47636,16550,False,,,,STABLE,46859,False,46859,3140,False,,,
522.6666666666666,5,0,0,283,432,2,3,16597,3229,STABLE,47636,False,47636,16550,False,,,,STABLE,46859,False,46859,3140,False,,,
522.7,5,0,0,283,432,2,3,16597,3229,STABLE,47636,False,47636,16550,False,,,,STABLE,46859,False,46859,3140,False,,,
522.7333333333333,5,0,0,283,432,2,3,16597,3229,STABLE,47636,False,47636,16550,False,,,,STABLE,46859,False,46859,3140,False,,,
522.7666666666667,5,0,0,283,432,2,3,16597,3229,STABLE,47636,False,47636,16550,False,,,,STABLE,46859,False,46859,3140,False,,,
522.8,5,0,0,283,432,2,3,16597,3229,STABLE,47638,False,47638,16550,False,,,,STABLE,46859,False,46859,3140,False,,,
522.8333333333334,5,0,0,283,432,2,3,16597,3229,STABLE,47638,False,47638,16550,False,,,,STABLE,46859,False,46859,3140,False,,,
522.8666666666667,5,0,0,283,432,2,3,16597,3229,STABLE,47638,False,47638,16550,False,,,,STABLE,46859,False,46859,3140,False,,,
522.9,5,0,0,283,432,2,3,16597,3229,STABLE,47638,False,47638,16550,False,,,,STABLE,46859,False,46859,3140,False,,,
522.9333333333333,5,0,0,283,432,2,3,16597,3229,STABLE,47638,False,47638,16550,False,,,,STABLE,46859,False,46859,3140,False,,,
522.9666666666667,5,0,0,283,432,2,3,16597,3229,STABLE,47638,False,47638,16550,False,,,,STABLE,46859,False,46859,3140,False,,,
523.0,5,0,0,283,432,2,3,16597,3229,STABLE,47638,False,47638,16550,False,,,,STABLE,46859,False,46859,3140,False,,,
523.0333333333333,5,0,0,283,432,2,3,16597,3229,STABLE,47638,False,47638,16550,False,,,,STABLE,46859,False,46859,3140,False,,,
523.0666666666667,5,0,0,283,432,2,3,16597,3229,STABLE,47638,False,47638,16550,False,,,,STABLE,46859,False,46859,3140,False,,,
523.1,5,0,0,283,432,2,3,16597,3229,STABLE,47638,True,47638,16550,False,,,,STABLE,46859,False,46859,3140,False,,,
523.1333333333333,5,0,0,283,432,2,3,16597,3229,STABLE,47638,False,47638,16550,False,,,,STABLE,46859,False,46859,3140,False,,,
523.1666666666666,5,0,0,283,432,2,3,16597,3229,STABLE,47638,False,47638,16550,False,,,,STABLE,46859,False,46859,3140,False,,,
523.2,5,0,0,283,432,2,3,16597,3229,STABLE,47638,False,47638,16550,False,,,,TSUMO_FALL,46859,False,46859,3140,False,,,
523.2333333333333,5,0,0,283,432,2,3,16597,3229,STABLE,47638,False,47638,16550,False,,,,TSUMO_FALL,46859,False,46859,3140,False,,,
523.2666666666667,5,0,0,283,432,2,3,16597,3229,STABLE,47638,False,47638,16550,False,,,,TSUMO_FALL,46859,False,46859,3140,False,,,
523.3,5,0,0,283,432,2,3,16597,3229,STABLE,47638,False,47638,16550,False,,,,STABLE,46860,False,46860,3140,False,,,
523.3333333333334,5,0,0,283,432,2,3,16597,3229,STABLE,47639,False,47639,16550,False,,,,STABLE,46860,False,46860,3140,False,,,
523.3666666666667,5,0,0,283,432,2,3,16597,3229,TSUMO_FALL,47641,False,47641,16550,False,,,,STABLE,46860,False,46860,3140,False,,,
523.4,5,0,0,283,432,2,3,16597,3229,TSUMO_FALL,47641,False,47641,16550,False,,,,STABLE,46860,False,46860,3140,False,,,
523.4333333333333,5,0,0,283,432,2,3,16597,3229,STABLE,47641,False,47641,16550,False,,,,STABLE,46860,False,46860,3140,False,,,
523.4666666666667,5,0,0,283,432,2,3,16597,3229,STABLE,47641,False,47641,16550,False,,,,STABLE,46860,False,46860,3140,False,,,
523.5,5,0,0,283,432,2,3,16597,3229,STABLE,47641,False,47641,16550,False,,,,STABLE,46860,False,46860,3140,False,,,
523.5333333333333,5,0,0,283,432,2,3,16597,3229,STABLE,47641,False,47641,16550,False,,,,STABLE,46860,False,,,True,,,
523.5666666666667,5,0,0,283,432,2,3,16597,3229,STABLE,47641,False,47641,16550,False,,,,CHAIN,46860,False,,280,True,523.5666666666667,1,formula_read
523.6,5,0,0,283,432,2,3,16597,3229,STABLE,47641,False,47641,16550,False,,,,CHAIN,46860,False,,280,True,523.5666666666667,1,formula_read
523.6333333333333,5,0,0,283,432,2,3,16597,3229,STABLE,47641,False,47641,16550,False,,,,CHAIN,46860,False,,280,True,523.5666666666667,1,formula_read
523.6666666666666,5,0,0,283,432,2,3,16597,3229,STABLE,47641,True,47641,16550,False,,,,CHAIN,46860,False,,280,True,523.5666666666667,1,formula_read
523.7,5,0,0,283,432,2,3,16597,3229,STABLE,47641,False,47641,16550,False,,,,CHAIN,46860,False,,280,True,523.5666666666667,1,formula_read
523.7333333333333,5,0,0,283,432,2,3,16597,3229,STABLE,47641,False,47641,16550,False,,,,CHAIN,46860,False,,280,True,523.5666666666667,1,formula_read
523.7666666666667,5,0,0,283,432,2,3,16597,3229,STABLE,47641,False,47641,16550,False,,,,CHAIN,46860,False,,280,True,523.5666666666667,1,formula_read
523.8,5,0,0,283,432,2,3,16597,3229,STABLE,47641,False,47641,16550,False,,,,CHAIN,46860,False,,280,True,523.5666666666667,1,formula_read
523.8333333333334,5,0,0,283,432,2,3,16597,3229,STABLE,47642,False,47642,16550,False,,,,CHAIN,46860,False,,280,True,523.5666666666667,1,formula_read
523.8666666666667,5,0,0,283,432,2,3,16597,3229,STABLE,47643,False,47643,16550,False,,,,CHAIN,46860,False,,280,True,523.5666666666667,1,formula_read
523.9,5,0,0,283,432,2,3,16597,3229,TSUMO_FALL,47644,False,47644,16550,False,,,,CHAIN,46860,False,,280,True,523.5666666666667,1,formula_read
523.9333333333333,5,0,0,283,432,2,3,16597,3229,STABLE,47646,False,47646,16550,False,,,,CHAIN,46860,False,,280,True,523.5666666666667,1,formula_read
523.9666666666667,5,0,0,283,432,2,3,16597,3229,STABLE,47646,False,47646,16550,False,,,,CHAIN,46860,False,,280,True,523.5666666666667,1,formula_read
524.0,5,0,0,283,432,2,3,16597,3229,TSUMO_FALL,47646,False,47646,16550,False,,,,CHAIN,46860,False,,280,True,523.5666666666667,1,formula_read
524.0333333333333,5,0,0,283,432,2,3,16597,3229,STABLE,47646,False,47646,16550,False,,,,GRAVITY_SETTLE,46860,True,,280,True,,,
524.0666666666667,5,0,0,283,432,2,3,16597,3229,STABLE,47646,False,47646,16550,False,,,,CHAIN,46860,False,,280,True,524.0666666666667,1,formula_read
524.1,5,0,0,283,432,2,3,16597,3229,STABLE,47646,False,47646,16550,False,,,,CHAIN,46860,False,,280,True,524.0666666666667,1,formula_read
524.1333333333333,5,0,0,283,432,2,3,16597,3229,STABLE,47646,False,47646,16550,False,,,,CHAIN,46860,False,,280,True,524.0666666666667,1,formula_read
524.1666666666666,5,0,0,283,432,2,3,16597,3229,STABLE,47646,False,47646,16550,False,,,,CHAIN,46860,False,,280,True,524.0666666666667,1,formula_read
524.2,5,0,0,283,432,2,3,16597,3229,STABLE,47646,True,47646,16550,False,,,,CHAIN,46860,False,,280,True,524.0666666666667,1,formula_read
524.2333333333333,5,0,0,283,432,2,3,16597,3229,STABLE,47646,False,47646,16550,False,,,,CHAIN,46860,False,,280,True,524.0666666666667,1,formula_read
524.2666666666667,5,0,0,283,432,2,3,16597,3229,STABLE,47646,False,47646,16550,False,,,,CHAIN,46860,False,,280,True,524.0666666666667,1,formula_read
524.3,5,0,0,283,432,2,3,16597,3229,OJAMA_FALL,47646,False,47646,16550,False,,,,CHAIN,46860,False,,280,True,524.0666666666667,1,formula_read
524.3333333333334,5,0,0,283,432,2,3,16597,3229,OJAMA_FALL,47646,False,47646,16550,False,,,,GRAVITY_SETTLE,46860,True,,280,True,,,
524.3666666666667,5,0,0,283,432,2,3,16597,3229,OJAMA_FALL,47646,False,47646,16550,False,,,,CHAIN,46860,False,,280,True,524.3666666666667,1,formula_read
524.4,5,0,0,283,432,2,3,16597,3229,OJAMA_FALL,47646,False,47646,16550,False,,,,CHAIN,46860,False,,280,True,524.3666666666667,1,formula_read
524.4333333333333,5,0,0,283,432,2,3,16597,3229,OJAMA_FALL,47646,False,47646,16550,False,,,,GRAVITY_SETTLE,46860,False,,280,True,,,
524.4666666666667,5,0,0,283,432,2,3,16597,3229,OJAMA_FALL,47646,False,47646,16550,False,,,,GRAVITY_SETTLE,47140,False,47140,280,False,,,
524.5,5,0,0,283,432,2,3,16597,3229,OJAMA_FALL,47646,False,47646,16550,False,,,,GRAVITY_SETTLE,47140,False,47140,280,False,,,
524.5333333333333,5,0,0,283,432,2,3,16597,3229,OJAMA_FALL,47646,False,47646,16550,False,,,,GRAVITY_SETTLE,47140,True,47140,280,False,,,
524.5666666666667,5,0,0,283,432,2,3,16597,3229,STABLE,47646,True,47646,16550,False,,,,GRAVITY_SETTLE,47140,False,47140,280,False,,,
524.6,5,0,0,283,432,2,3,16597,3229,STABLE,47646,False,47646,16550,False,,,,GRAVITY_SETTLE,47140,False,47140,280,False,,,
524.6333333333333,5,0,0,283,432,2,3,16597,3229,STABLE,47646,False,47646,16550,False,,,,GRAVITY_SETTLE,47140,False,47140,280,False,,,
524.6666666666666,5,0,0,283,432,2,3,16597,3229,OJAMA_FALL,47646,False,47646,16550,False,,,,GRAVITY_SETTLE,47140,False,47140,280,False,,,
524.7,5,0,0,283,432,2,3,16597,3229,STABLE,47647,False,47647,16550,False,,,,GRAVITY_SETTLE,47140,False,47140,280,False,,,
524.7333333333333,5,0,0,283,432,2,3,16597,3229,STABLE,47648,False,47648,16550,False,,,,GRAVITY_SETTLE,47140,False,47140,280,False,,,
524.7666666666667,5,0,0,283,432,2,3,16597,3229,STABLE,47650,False,47650,16550,False,,,,STABLE,47140,False,47140,280,False,,,
524.8,5,0,0,283,432,2,3,16597,3229,STABLE,47650,False,47650,16550,False,,,,STABLE,47140,False,47140,280,False,,,
524.8333333333334,5,0,0,283,432,2,3,16597,3229,STABLE,47650,False,47650,16550,False,,,,STABLE,47140,False,47140,280,False,,,
524.8666666666667,5,0,0,283,432,2,3,16597,3229,STABLE,47650,False,47650,16550,False,,,,STABLE,47140,False,47140,280,False,,,
524.9,5,0,0,283,432,2,3,16597,3229,STABLE,47650,False,47650,16550,False,,,,STABLE,47140,False,47140,280,False,,,
524.9333333333333,5,0,0,283,432,2,3,16597,3229,TSUMO_FALL,47650,False,47650,16550,False,,,,STABLE,47140,False,,280,True,,,
524.9666666666667,5,0,0,283,432,2,3,16597,3229,STABLE,47650,False,47650,16550,False,,,,CHAIN,47140,False,,2360,True,524.9666666666667,2,formula_read
525.0,5,0,0,283,432,2,3,16597,3229,STABLE,47650,False,47650,16550,False,,,,CHAIN,47140,False,,2360,True,524.9666666666667,2,formula_read
525.0333333333333,5,0,0,283,432,2,3,16597,3229,STABLE,47650,False,,,True,,,,CHAIN,47140,False,,2360,True,524.9666666666667,2,formula_read
525.0666666666667,5,0,0,283,432,2,3,16597,3229,CHAIN,47650,False,,180,True,525.0666666666667,1,formula_read,CHAIN,47140,False,,2360,True,524.9666666666667,2,formula_read
525.1,5,0,0,283,432,2,3,16597,3229,CHAIN,47650,False,,180,True,525.0666666666667,1,formula_read,CHAIN,47140,False,,2360,True,524.9666666666667,2,formula_read
525.1333333333333,5,0,0,283,432,2,3,16597,3229,CHAIN,47650,False,,180,True,525.0666666666667,1,formula_read,CHAIN,47140,False,,2360,True,524.9666666666667,2,formula_read
525.1666666666666,5,0,0,283,432,2,3,16597,3229,CHAIN,47650,False,,180,True,525.0666666666667,1,formula_read,CHAIN,47140,False,,2360,True,524.9666666666667,2,formula_read
525.2,5,0,0,283,432,2,3,16597,3229,CHAIN,47650,False,,180,True,525.0666666666667,1,formula_read,CHAIN,47140,False,,2360,True,524.9666666666667,2,formula_read
525.2333333333333,5,0,0,283,432,2,3,16597,3229,CHAIN,47650,False,,180,True,525.0666666666667,1,formula_read,CHAIN,47140,False,,2360,True,524.9666666666667,2,formula_read
525.2666666666667,5,0,0,283,432,2,3,16597,3229,CHAIN,47650,False,,180,True,525.0666666666667,1,formula_read,CHAIN,47140,False,,2360,True,524.9666666666667,2,formula_read
525.3,5,0,0,283,432,2,3,16597,3229,CHAIN,47650,False,,180,True,525.0666666666667,1,formula_read,CHAIN,47140,False,,2360,True,524.9666666666667,2,formula_read
525.3333333333334,5,0,0,283,432,2,3,16597,3229,CHAIN,47650,False,,180,True,525.0666666666667,1,formula_read,CHAIN,47140,False,,2360,True,524.9666666666667,2,formula_read
525.3666666666667,5,0,0,283,432,2,3,16597,3229,CHAIN,47650,False,,180,True,525.0666666666667,1,formula_read,CHAIN,47140,False,,2360,True,524.9666666666667,2,formula_read
525.4,5,0,0,283,432,2,3,16597,3229,CHAIN,47650,False,,180,True,525.0666666666667,1,formula_read,CHAIN,47140,False,,2360,True,524.9666666666667,2,formula_read
525.4333333333333,5,0,0,283,432,2,3,16597,3229,CHAIN,47650,False,,180,True,525.0666666666667,1,formula_read,GRAVITY_SETTLE,47140,True,,2360,True,,,
525.4666666666667,5,0,0,283,432,2,3,16597,3229,CHAIN,47650,False,,180,True,525.0666666666667,1,formula_read,CHAIN,47140,False,,2360,True,525.4666666666667,2,formula_read
525.5,5,0,0,283,432,2,3,16597,3229,CHAIN,47650,False,,180,True,525.0666666666667,1,formula_read,CHAIN,47140,False,,2360,True,525.4666666666667,2,formula_read
525.5333333333333,5,0,0,283,432,2,3,16597,3229,CHAIN,47650,False,,180,True,525.0666666666667,1,formula_read,CHAIN,47140,False,,2360,True,525.4666666666667,2,formula_read
525.5666666666667,5,0,0,283,432,2,3,16597,3229,CHAIN,47650,False,,180,True,525.0666666666667,1,formula_read,CHAIN,47140,False,,2360,True,525.4666666666667,2,formula_read
525.6,5,0,0,283,432,2,3,16597,3229,GRAVITY_SETTLE,47650,True,,180,True,,,,CHAIN,47140,False,,2360,True,525.4666666666667,2,formula_read
525.6333333333333,5,0,0,283,432,2,3,16597,3229,CHAIN,47650,False,,180,True,525.6333333333333,1,formula_read,GRAVITY_SETTLE,47140,True,,2360,True,,,
525.6666666666666,5,0,0,283,432,2,3,16597,3229,CHAIN,47650,False,,180,True,525.6333333333333,1,formula_read,CHAIN,47140,False,,2360,True,525.6666666666666,2,formula_read
525.7,5,0,0,283,432,2,3,16597,3229,CHAIN,47650,False,,180,True,525.6333333333333,1,formula_read,CHAIN,47140,False,,2360,True,525.6666666666666,2,formula_read
525.7333333333333,5,0,0,283,432,2,3,16597,3229,CHAIN,47650,False,,180,True,525.6333333333333,1,formula_read,CHAIN,47140,False,,2360,True,525.6666666666666,2,formula_read
525.7666666666667,5,0,0,283,432,2,3,16597,3229,CHAIN,47650,False,,180,True,525.6333333333333,1,formula_read,CHAIN,47140,False,,2360,True,525.6666666666666,2,formula_read
525.8,5,0,0,283,432,2,3,16597,3229,CHAIN,47650,False,,180,True,525.6333333333333,1,formula_read,CHAIN,47140,False,,2360,True,525.6666666666666,2,formula_read
525.8333333333334,5,0,0,283,432,2,3,16597,3229,CHAIN,47650,False,,180,True,525.6333333333333,1,formula_read,CHAIN,47140,False,,2360,True,525.6666666666666,2,formula_read
525.8666666666667,5,0,0,283,432,2,3,16597,3229,CHAIN,47650,False,,180,True,525.6333333333333,1,formula_read,CHAIN,49220,False,49220,2360,False,525.6666666666666,2,formula_read
525.9,5,0,0,283,432,2,3,16597,3229,CHAIN,47650,False,,180,True,525.6333333333333,1,formula_read,CHAIN,49220,False,49220,2360,False,525.6666666666666,2,formula_read
525.9333333333333,5,0,0,283,432,2,3,16597,3229,CHAIN,47650,False,,180,True,525.6333333333333,1,formula_read,CHAIN,49220,False,49220,2360,False,525.6666666666666,2,formula_read
525.9666666666667,5,0,0,283,432,2,3,16597,3229,CHAIN,47830,False,47830,180,False,525.6333333333333,1,formula_read,CHAIN,49220,False,49220,2360,False,525.6666666666666,2,formula_read
526.0,5,0,0,283,432,2,3,16597,3229,CHAIN,47830,False,47830,180,False,525.6333333333333,1,formula_read,CHAIN,49220,False,49220,2360,False,525.6666666666666,2,formula_read
526.0333333333333,5,0,0,283,432,2,3,16597,3229,CHAIN,47830,False,47830,180,False,525.6333333333333,1,formula_read,CHAIN,49220,False,49220,2360,False,525.6666666666666,2,formula_read
526.0666666666667,5,0,0,283,432,2,3,16597,3229,CHAIN,47830,False,47830,180,False,525.6333333333333,1,formula_read,CHAIN,49220,False,49220,2360,False,525.6666666666666,2,formula_read
526.1,5,0,0,283,432,2,3,16597,3229,CHAIN,47830,False,47830,180,False,525.6333333333333,1,formula_read,CHAIN,49220,False,49220,2360,False,525.6666666666666,2,formula_read
526.1333333333333,5,0,0,283,432,2,3,16597,3229,CHAIN,47830,False,47830,180,False,525.6333333333333,1,formula_read,CHAIN,49220,False,49220,2360,False,525.6666666666666,2,formula_read
526.1666666666666,5,0,0,283,432,2,3,16597,3229,CHAIN,47830,False,47830,180,False,525.6333333333333,1,formula_read,CHAIN,49220,False,49220,2360,False,525.6666666666666,2,formula_read
526.2,5,0,0,283,432,2,3,16597,3229,CHAIN,47830,False,47830,180,False,525.6333333333333,1,formula_read,CHAIN,49220,False,49220,2360,False,525.6666666666666,2,formula_read
526.2333333333333,5,0,0,283,432,2,3,16597,3229,CHAIN,47830,False,47830,180,False,525.6333333333333,1,formula_read,CHAIN,49220,False,49220,2360,False,525.6666666666666,2,formula_read
526.2666666666667,5,0,0,283,432,2,3,16597,3229,CHAIN,47830,False,47830,180,False,525.6333333333333,1,formula_read,CHAIN,49220,False,49220,2360,False,525.6666666666666,2,formula_read
526.3,5,0,0,283,432,2,3,16597,3229,CHAIN,47830,False,47830,180,False,525.6333333333333,1,formula_read,CHAIN,49220,False,49220,2360,False,525.6666666666666,2,formula_read
526.3333333333334,5,0,0,283,432,2,3,16597,3229,CHAIN,47830,False,47830,180,False,525.6333333333333,1,formula_read,CHAIN,49220,False,49220,2360,False,525.6666666666666,2,formula_read
526.3666666666667,5,0,0,283,432,2,3,16597,3229,CHAIN,47830,False,,180,True,525.6333333333333,1,formula_read,CHAIN,49220,False,49220,2360,False,525.6666666666666,2,formula_read
526.4,5,0,0,283,432,2,3,16597,3229,CHAIN,47830,False,,500,True,525.6333333333333,2,formula_read,CHAIN,49220,False,49220,2360,False,525.6666666666666,2,formula_read
526.4333333333333,5,0,0,283,432,2,3,16597,3229,CHAIN,47830,False,,500,True,525.6333333333333,2,formula_read,GRAVITY_SETTLE,49220,True,49220,2360,False,,,
526.4666666666667,5,0,0,283,432,2,3,16597,3229,CHAIN,47830,False,,500,True,525.6333333333333,2,formula_read,GRAVITY_SETTLE,49220,False,49220,2360,False,,,
526.5,5,0,0,283,432,2,3,16597,3229,CHAIN,47830,False,,500,True,525.6333333333333,2,formula_read,GRAVITY_SETTLE,49220,False,49220,2360,False,,,
526.5333333333333,5,0,0,283,432,2,3,16597,3229,CHAIN,47830,False,,500,True,525.6333333333333,2,formula_read,GRAVITY_SETTLE,49220,False,49220,2360,False,,,
526.5666666666667,5,0,0,283,432,2,3,16597,3229,CHAIN,47830,False,,500,True,525.6333333333333,2,formula_read,GRAVITY_SETTLE,49221,False,49221,2360,False,,,
526.6,5,0,0,283,432,2,3,16597,3229,CHAIN,47830,False,,500,True,525.6333333333333,2,formula_read,GRAVITY_SETTLE,49221,False,49221,2360,False,,,
526.6333333333333,5,0,0,283,432,2,3,16597,3229,CHAIN,47830,False,,500,True,525.6333333333333,2,formula_read,GRAVITY_SETTLE,49223,False,49223,2360,False,,,
526.6666666666666,5,0,0,283,432,2,3,16597,3229,CHAIN,47830,False,,500,True,525.6333333333333,2,formula_read,GRAVITY_SETTLE,49224,False,49224,2360,False,,,
526.7,5,0,0,283,432,2,3,16597,3229,CHAIN,47830,False,,500,True,525.6333333333333,2,formula_read,GRAVITY_SETTLE,49225,False,49225,2360,False,,,
526.7333333333333,5,0,0,283,432,2,3,16597,3229,CHAIN,47830,False,,500,True,525.6333333333333,2,formula_read,GRAVITY_SETTLE,49227,False,49227,2360,False,,,
526.7666666666667,5,0,0,283,432,2,3,16597,3229,CHAIN,47830,False,,500,True,525.6333333333333,2,formula_read,GRAVITY_SETTLE,49227,False,49227,2360,False,,,
526.8,5,0,0,283,432,2,3,16597,3229,CHAIN,47830,False,,500,True,525.6333333333333,2,formula_read,GRAVITY_SETTLE,49227,False,49227,2360,False,,,
526.8333333333334,5,0,0,283,432,2,3,16597,3229,CHAIN,47830,False,,500,True,525.6333333333333,2,formula_read,GRAVITY_SETTLE,49227,False,49227,2360,False,,,
526.8666666666667,5,0,0,283,432,2,3,16597,3229,CHAIN,47830,False,,500,True,525.6333333333333,2,formula_read,GRAVITY_SETTLE,49227,False,49227,2360,False,,,
526.9,5,0,0,283,432,2,3,16597,3229,CHAIN,47830,False,,500,True,525.6333333333333,2,formula_read,GRAVITY_SETTLE,49227,False,49227,2360,False,,,
526.9333333333333,5,0,0,283,432,2,3,16597,3229,CHAIN,47830,False,,500,True,525.6333333333333,2,formula_read,STABLE,49227,False,49227,2360,False,,,
526.9666666666667,5,0,0,283,432,2,3,16597,3229,CHAIN,47830,False,,500,True,525.6333333333333,2,formula_read,STABLE,49227,False,49227,2360,False,526.9333333333333,1,baseline
527.0,5,0,0,283,432,2,3,16597,3229,CHAIN,47830,False,,500,True,525.6333333333333,2,formula_read,STABLE,49227,False,49227,2360,False,526.9333333333333,1,baseline
527.0333333333333,5,0,0,283,432,2,3,16597,3229,CHAIN,47830,False,,500,True,525.6333333333333,2,formula_read,STABLE,49227,False,49227,2360,False,526.9333333333333,1,baseline
527.0666666666667,5,0,0,283,432,2,3,16597,3229,CHAIN,47830,False,,500,True,525.6333333333333,2,formula_read,STABLE,49227,True,49227,2360,False,,,
527.1,5,0,0,283,432,2,3,16597,3229,CHAIN,47830,False,,500,True,525.6333333333333,2,formula_read,STABLE,49227,False,49227,2360,False,,,
527.1333333333333,5,0,0,283,432,2,3,16597,3229,CHAIN,47830,False,,500,True,525.6333333333333,2,formula_read,STABLE,49227,False,49227,2360,False,,,
527.1666666666666,5,0,0,283,432,2,3,16597,3229,CHAIN,47830,False,,500,True,525.6333333333333,2,formula_read,STABLE,49227,False,49227,2360,False,,,
527.2,5,0,0,283,432,2,3,16597,3229,CHAIN,47830,False,,500,True,525.6333333333333,2,formula_read,STABLE,49227,False,49227,2360,False,,,
527.2333333333333,5,0,0,283,432,2,3,16597,3229,CHAIN,47830,False,,500,True,525.6333333333333,2,formula_read,STABLE,49227,False,49227,2360,False,,,
527.2666666666667,5,0,0,283,432,2,3,16597,3229,CHAIN,47830,False,,500,True,525.6333333333333,2,formula_read,STABLE,49227,False,49227,2360,False,,,
527.3,5,0,0,283,432,2,3,16597,3229,CHAIN,48150,False,48150,500,False,525.6333333333333,2,formula_read,OJAMA_FALL,49228,False,49228,2360,False,,,
527.3333333333334,5,0,0,283,432,2,3,16597,3229,CHAIN,48150,False,48150,500,False,525.6333333333333,2,formula_read,OJAMA_FALL,49229,False,49229,2360,False,,,
527.3666666666667,5,0,0,283,432,2,3,16597,3229,CHAIN,48150,False,48150,500,False,525.6333333333333,2,formula_read,OJAMA_FALL,49230,False,49230,2360,False,,,
527.4,5,0,0,283,432,2,3,16597,3229,CHAIN,48150,False,48150,500,False,525.6333333333333,2,formula_read,OJAMA_FALL,49230,False,49230,2360,False,,,
527.4333333333333,5,0,0,283,432,2,3,16597,3229,CHAIN,48150,False,48150,500,False,525.6333333333333,2,formula_read,OJAMA_FALL,49230,False,49230,2360,False,,,
527.4666666666667,5,0,0,283,432,2,3,16597,3229,CHAIN,48150,False,48150,500,False,525.6333333333333,2,formula_read,OJAMA_FALL,49230,False,49230,2360,False,,,
527.5,5,0,0,283,432,2,3,16597,3229,CHAIN,48150,False,48150,500,False,525.6333333333333,2,formula_read,OJAMA_FALL,49230,False,49230,2360,False,,,
527.5333333333333,5,0,0,283,432,2,3,16597,3229,CHAIN,48150,False,48150,500,False,525.6333333333333,2,formula_read,OJAMA_FALL,49230,False,49230,2360,False,,,
527.5666666666667,5,0,0,283,432,2,3,16597,3229,CHAIN,48150,False,48150,500,False,525.6333333333333,2,formula_read,OJAMA_FALL,49230,False,49230,2360,False,,,
527.6,5,0,0,283,432,2,3,16597,3229,CHAIN,48150,False,48150,500,False,525.6333333333333,2,formula_read,OJAMA_FALL,49230,False,49230,2360,False,,,
527.6333333333333,5,0,0,283,432,2,3,16597,3229,CHAIN,48150,False,48150,500,False,525.6333333333333,2,formula_read,STABLE,49230,False,49230,2360,False,,,
527.6666666666666,5,0,0,283,432,2,3,16597,3229,CHAIN,48150,False,48150,500,False,525.6333333333333,2,formula_read,STABLE,49230,True,49230,2360,False,,,
527.7,5,0,0,283,432,2,3,16597,3229,CHAIN,48150,False,,500,True,525.6333333333333,2,formula_read,STABLE,49230,False,49230,2360,False,,,
527.7333333333333,5,0,0,283,432,2,3,16597,3229,CHAIN,48150,False,,1140,True,525.6333333333333,3,formula_read,STABLE,49230,False,49230,2360,False,,,
527.7666666666667,5,0,0,283,432,2,3,16597,3229,CHAIN,48150,False,,1140,True,525.6333333333333,3,formula_read,STABLE,49230,False,49230,2360,False,,,
527.8,5,0,0,283,432,2,3,16597,3229,CHAIN,48150,False,,1140,True,525.6333333333333,3,formula_read,STABLE,49230,False,49230,2360,False,,,
527.8333333333334,5,0,0,283,432,2,3,16597,3229,CHAIN,48150,False,,1140,True,525.6333333333333,3,formula_read,STABLE,49230,False,49230,2360,False,,,
527.8666666666667,5,0,0,283,432,2,3,16597,3229,CHAIN,48150,False,,1140,True,525.6333333333333,3,formula_read,STABLE,49230,False,49230,2360,False,,,
527.9,5,0,0,283,432,2,3,16597,3229,CHAIN,48150,False,,1140,True,525.6333333333333,3,formula_read,STABLE,49233,False,49233,2360,False,,,
527.9333333333333,5,0,0,283,432,2,3,16597,3229,CHAIN,48150,False,,1140,True,525.6333333333333,3,formula_read,STABLE,49235,False,49235,2360,False,,,
527.9666666666667,5,0,0,283,432,2,3,16597,3229,CHAIN,48150,False,,1140,True,525.6333333333333,3,formula_read,TSUMO_FALL,49235,False,49235,2360,False,,,
528.0,5,0,0,283,432,2,3,16597,3229,CHAIN,48150,False,,1140,True,525.6333333333333,3,formula_read,TSUMO_FALL,49235,False,49235,2360,False,,,
528.0333333333333,5,0,0,283,432,2,3,16597,3229,CHAIN,48150,False,,1140,True,525.6333333333333,3,formula_read,TSUMO_FALL,49235,False,49235,2360,False,,,
528.0666666666667,5,0,0,283,432,2,3,16597,3229,CHAIN,48150,False,,1140,True,525.6333333333333,3,formula_read,STABLE,49235,False,49235,2360,False,,,
528.1,5,0,0,283,432,2,3,16597,3229,CHAIN,48150,False,,1140,True,525.6333333333333,3,formula_read,STABLE,49235,False,49235,2360,False,,,
528.1333333333333,5,0,0,283,432,2,3,16597,3229,CHAIN,48150,False,,1140,True,525.6333333333333,3,formula_read,TSUMO_FALL,49235,False,49235,2360,False,,,
528.1666666666666,5,0,0,283,432,2,3,16597,3229,CHAIN,48150,False,,1140,True,525.6333333333333,3,formula_read,TSUMO_FALL,49235,False,49235,2360,False,,,
528.2,5,0,0,283,432,2,3,16597,3229,CHAIN,48150,False,,1140,True,525.6333333333333,3,formula_read,STABLE,49235,False,49235,2360,False,,,
528.2333333333333,5,0,0,283,432,2,3,16597,3229,CHAIN,48150,False,,1140,True,525.6333333333333,3,formula_read,STABLE,49235,False,49235,2360,False,,,
528.2666666666667,5,0,0,283,432,2,3,16597,3229,CHAIN,48150,False,,1140,True,525.6333333333333,3,formula_read,TSUMO_FALL,49235,False,49235,2360,False,,,
528.3,5,0,0,283,432,2,3,16597,3229,CHAIN,48150,False,,1140,True,525.6333333333333,3,formula_read,TSUMO_FALL,49235,False,49235,2360,False,,,
528.3333333333334,5,0,0,283,432,2,3,16597,3229,CHAIN,48150,False,,1140,True,525.6333333333333,3,formula_read,STABLE,49235,False,49235,2360,False,,,
528.3666666666667,5,0,0,283,432,2,3,16597,3229,CHAIN,48150,False,,1140,True,525.6333333333333,3,formula_read,STABLE,49235,False,49235,2360,False,,,
528.4,5,0,0,283,432,2,3,16597,3229,CHAIN,48150,False,,1140,True,525.6333333333333,3,formula_read,TSUMO_FALL,49235,False,49235,2360,False,,,
528.4333333333333,5,0,0,283,432,2,3,16597,3229,CHAIN,48150,False,,1140,True,525.6333333333333,3,formula_read,TSUMO_FALL,49235,False,49235,2360,False,,,
528.4666666666667,5,0,0,283,432,2,3,16597,3229,CHAIN,48150,False,,1140,True,525.6333333333333,3,formula_read,STABLE,49235,False,49235,2360,False,,,
528.5,5,0,0,283,432,2,3,16597,3229,CHAIN,48150,False,,1140,True,525.6333333333333,3,formula_read,STABLE,49235,False,49235,2360,False,,,
528.5333333333333,5,0,0,283,432,2,3,16597,3229,CHAIN,48150,False,,1140,True,525.6333333333333,3,formula_read,TSUMO_FALL,49235,False,49235,2360,False,,,
528.5666666666667,5,-34,34,283,432,2,4,16597,2375,CHAIN,48150,False,,1140,True,525.6333333333333,3,formula_read,STABLE,49235,True,49235,2360,False,,,
528.6,5,-34,34,283,432,2,4,16597,2375,CHAIN,48150,False,,1140,True,525.6333333333333,3,formula_read,STABLE,49235,False,49235,2360,False,,,
528.6333333333333,5,-34,34,283,432,2,4,16597,2375,CHAIN,48790,False,48790,1140,False,525.6333333333333,3,formula_read,OJAMA_FALL,49235,False,49235,2360,False,,,
528.6666666666666,5,-34,34,283,432,2,4,16597,2375,CHAIN,48790,False,48790,1140,False,525.6333333333333,3,formula_read,OJAMA_FALL,49235,False,49235,2360,False,,,
528.7,5,-34,34,283,432,2,4,16597,2375,CHAIN,48790,False,48790,1140,False,525.6333333333333,3,formula_read,OJAMA_FALL,49235,False,49235,2360,False,,,
528.7333333333333,5,-34,34,283,432,2,4,16597,2375,CHAIN,48790,False,48790,1140,False,525.6333333333333,3,formula_read,OJAMA_FALL,49235,False,49235,2360,False,,,
528.7666666666667,5,-34,34,283,432,2,4,16597,2375,CHAIN,48790,False,48790,1140,False,525.6333333333333,3,formula_read,OJAMA_FALL,49235,False,49235,2360,False,,,
528.8,5,-34,34,283,432,2,4,16597,2375,CHAIN,48790,False,48790,1140,False,525.6333333333333,3,formula_read,STABLE,49236,False,49236,2360,False,,,
528.8333333333334,5,-34,34,283,432,2,4,16597,2375,CHAIN,48790,False,48790,1140,False,525.6333333333333,3,formula_read,STABLE,49237,False,49237,2360,False,,,
528.8666666666667,5,-34,34,283,432,2,4,16597,2375,CHAIN,48790,False,48790,1140,False,525.6333333333333,3,formula_read,TSUMO_FALL,49238,False,49238,2360,False,,,
528.9,5,-34,34,283,432,2,4,16597,2375,CHAIN,48790,False,48790,1140,False,525.6333333333333,3,formula_read,TSUMO_FALL,49240,False,49240,2360,False,,,
528.9333333333333,5,-34,34,283,432,2,4,16597,2375,CHAIN,48790,False,48790,1140,False,525.6333333333333,3,formula_read,STABLE,49240,False,49240,2360,False,,,
528.9666666666667,5,-34,34,283,432,2,4,16597,2375,CHAIN,48790,False,48790,1140,False,525.6333333333333,3,formula_read,STABLE,49240,False,49240,2360,False,,,
529.0,5,-34,34,283,432,2,4,16597,2375,CHAIN,48790,False,48790,1140,False,525.6333333333333,3,formula_read,STABLE,49240,False,49240,2360,False,,,
529.0333333333333,5,-34,34,283,432,2,4,16597,2375,CHAIN,48790,False,48790,1140,False,525.6333333333333,3,formula_read,STABLE,49240,False,49240,2360,False,,,
529.0666666666667,5,-34,34,283,432,2,4,16597,2375,CHAIN,48790,False,48790,1140,False,525.6333333333333,3,formula_read,STABLE,49240,False,49240,2360,False,,,
529.1,5,-34,34,283,432,2,4,16597,2375,CHAIN,48790,False,,1140,True,525.6333333333333,3,formula_read,STABLE,49240,False,49240,2360,False,,,
529.1333333333333,5,-34,34,283,432,2,4,16597,2375,CHAIN,48790,False,,2420,True,525.6333333333333,4,formula_read,STABLE,49240,False,49240,2360,False,,,
529.1666666666666,5,-34,34,283,432,2,4,16597,2375,CHAIN,48790,False,,2420,True,525.6333333333333,4,formula_read,STABLE,49240,False,49240,2360,False,,,
529.2,5,-34,34,283,432,2,4,16597,2375,CHAIN,48790,False,,2420,True,525.6333333333333,4,formula_read,STABLE,49240,True,49240,2360,False,,,
529.2333333333333,5,-34,34,283,432,2,4,16597,2375,CHAIN,48790,False,,2420,True,525.6333333333333,4,formula_read,STABLE,49240,False,49240,2360,False,,,
529.2666666666667,5,-34,34,283,432,2,4,16597,2375,CHAIN,48790,False,,2420,True,525.6333333333333,4,formula_read,STABLE,49240,False,49240,2360,False,,,
529.3,5,-34,34,283,432,2,4,16597,2375,CHAIN,48790,False,,2420,True,525.6333333333333,4,formula_read,STABLE,49240,False,49240,2360,False,,,
529.3333333333334,5,-34,34,283,432,2,4,16597,2375,CHAIN,48790,False,,2420,True,525.6333333333333,4,formula_read,STABLE,49240,False,49240,2360,False,,,
529.3666666666667,5,-34,34,283,432,2,4,16597,2375,CHAIN,48790,False,,2420,True,525.6333333333333,4,formula_read,STABLE,49240,False,49240,2360,False,,,
529.4,5,-34,34,283,432,2,4,16597,2375,CHAIN,48790,False,,2420,True,525.6333333333333,4,formula_read,STABLE,49240,False,49240,2360,False,,,
529.4333333333333,5,-34,34,283,432,2,4,16597,2375,CHAIN,48790,False,,2420,True,525.6333333333333,4,formula_read,STABLE,49240,False,49240,2360,False,,,
529.4666666666667,5,-34,34,283,432,2,4,16597,2375,CHAIN,48790,False,,2420,True,525.6333333333333,4,formula_read,STABLE,49240,False,49240,2360,False,,,
529.5,5,-34,34,283,432,2,4,16597,2375,CHAIN,48790,False,,2420,True,525.6333333333333,4,formula_read,STABLE,49240,False,49240,2360,False,,,
529.5333333333333,5,-34,34,283,432,2,4,16597,2375,CHAIN,48790,False,,2420,True,525.6333333333333,4,formula_read,STABLE,49240,False,49240,2360,False,,,
529.5666666666667,5,-34,34,283,432,2,4,16597,2375,CHAIN,48790,False,,2420,True,525.6333333333333,4,formula_read,STABLE,49240,False,49240,2360,False,,,
529.6,5,-34,34,283,432,2,4,16597,2375,CHAIN,48790,False,,2420,True,525.6333333333333,4,formula_read,STABLE,49240,False,49240,2360,False,,,
529.6333333333333,5,-34,34,283,432,2,4,16597,2375,CHAIN,48790,False,,2420,True,525.6333333333333,4,formula_read,STABLE,49240,False,49240,2360,False,,,
529.6666666666666,5,-34,34,283,432,2,4,16597,2375,CHAIN,48790,False,,2420,True,525.6333333333333,4,formula_read,STABLE,49240,False,49240,2360,False,,,
529.7,5,-34,34,283,432,2,4,16597,2375,CHAIN,48790,False,,2420,True,525.6333333333333,4,formula_read,STABLE,49241,False,49241,2360,False,,,
529.7333333333333,5,-34,34,283,432,2,4,16597,2375,CHAIN,48790,False,,2420,True,525.6333333333333,4,formula_read,STABLE,49242,False,49242,2360,False,,,
529.7666666666667,5,-34,34,283,432,2,4,16597,2375,CHAIN,48790,False,,2420,True,525.6333333333333,4,formula_read,STABLE,49243,False,49243,2360,False,,,
529.8,5,-34,34,283,432,2,4,16597,2375,CHAIN,48790,False,,2420,True,525.6333333333333,4,formula_read,TSUMO_FALL,49244,False,49244,2360,False,,,
529.8333333333334,5,-34,34,283,432,2,4,16597,2375,CHAIN,48790,False,,2420,True,525.6333333333333,4,formula_read,TSUMO_FALL,49244,False,49244,2360,False,,,
529.8666666666667,5,-34,34,283,432,2,4,16597,2375,CHAIN,48790,False,,2420,True,525.6333333333333,4,formula_read,STABLE,49244,False,49244,2360,False,,,
529.9,5,-34,34,283,432,2,4,16597,2375,CHAIN,48790,False,,2420,True,525.6333333333333,4,formula_read,STABLE,49244,False,49244,2360,False,,,
529.9333333333333,5,-34,34,283,432,2,4,16597,2375,CHAIN,48790,False,,2420,True,525.6333333333333,4,formula_read,STABLE,49244,False,49244,2360,False,,,
529.9666666666667,5,-34,34,283,432,2,4,16597,2375,CHAIN,48790,False,,2420,True,525.6333333333333,4,formula_read,STABLE,49244,False,49244,2360,False,,,
530.0,5,-34,34,283,432,2,4,16597,2375,CHAIN,48790,False,,2420,True,525.6333333333333,4,formula_read,STABLE,49244,False,49244,2360,False,,,
530.0333333333333,5,-34,34,283,432,2,4,16597,2375,GRAVITY_SETTLE,50070,True,50070,2420,False,,,,OJAMA_FALL,49244,False,49244,2360,False,,,
530.0666666666667,5,-34,34,283,432,2,4,16597,2375,GRAVITY_SETTLE,50070,False,50070,2420,False,,,,STABLE,49244,True,49244,2360,False,,,
530.1,5,-34,34,283,432,2,4,16597,2375,GRAVITY_SETTLE,50070,False,50070,2420,False,,,,STABLE,49244,False,49244,2360,False,,,
530.1333333333333,5,-34,34,283,432,2,4,16597,2375,GRAVITY_SETTLE,50070,False,50070,2420,False,,,,STABLE,49244,False,49244,2360,False,,,
530.1666666666666,5,-34,34,283,432,2,4,16597,2375,GRAVITY_SETTLE,50070,False,50070,2420,False,,,,STABLE,49244,False,49244,2360,False,,,
530.2,5,-34,34,283,432,2,4,16597,2375,GRAVITY_SETTLE,50070,False,50070,2420,False,,,,STABLE,49244,False,49244,2360,False,,,
530.2333333333333,5,-34,34,283,432,2,4,16597,2375,GRAVITY_SETTLE,50070,False,50070,2420,False,,,,STABLE,49244,False,49244,2360,False,,,
530.2666666666667,5,-34,34,283,432,2,4,16597,2375,GRAVITY_SETTLE,50070,False,50070,2420,False,,,,TSUMO_FALL,49244,True,49244,2360,False,,,
530.3,5,-34,34,283,432,2,4,16597,2375,GRAVITY_SETTLE,50070,False,50070,2420,False,,,,STABLE,49245,False,49245,2360,False,,,
530.3333333333334,5,-34,34,283,432,2,4,16597,2375,GRAVITY_SETTLE,50070,False,50070,2420,False,,,,STABLE,49245,False,49245,2360,False,,,
530.3666666666667,5,-34,34,283,432,2,4,16597,2375,STABLE,50070,False,50070,2420,False,,,,STABLE,49245,False,49245,2360,False,,,
530.4,5,-34,34,283,432,2,4,16597,2375,STABLE,50070,False,50070,2420,False,530.3666666666667,10,baseline,STABLE,49246,False,49246,2360,False,,,
530.4333333333333,5,-34,34,283,432,2,4,16597,2375,STABLE,50070,True,50070,2420,False,,,,STABLE,49246,False,49246,2360,False,,,
530.4666666666667,5,-34,34,283,432,2,4,16597,2375,OJAMA_FALL,50070,False,,2420,True,,,,STABLE,49246,False,49246,2360,False,,,
530.5,5,-34,34,283,432,2,4,16597,2375,OJAMA_FALL,50070,False,,4980,True,,,,STABLE,49246,False,49246,2360,False,,,
530.5333333333333,5,-34,34,283,432,2,4,16597,2375,OJAMA_FALL,50070,False,,4980,True,,,,STABLE,49246,False,49246,2360,False,,,
530.5666666666667,5,-34,34,283,432,2,4,16597,2375,CHAIN,50070,False,,4980,True,530.5666666666667,5,formula_read,STABLE,49246,False,49246,2360,False,,,
530.6,5,-34,34,283,432,2,4,16597,2375,CHAIN,50070,False,,4980,True,530.5666666666667,5,formula_read,STABLE,49246,True,49246,2360,False,,,
530.6333333333333,5,-34,34,283,432,2,4,16597,2375,CHAIN,50070,False,,4980,True,530.5666666666667,5,formula_read,STABLE,49246,False,49246,2360,False,,,
530.6666666666666,5,-34,34,283,432,2,4,16597,2375,CHAIN,50070,False,,4980,True,530.5666666666667,5,formula_read,STABLE,49246,False,49246,2360,False,,,
530.7,5,-34,34,283,432,2,4,16597,2375,CHAIN,50070,False,,4980,True,530.5666666666667,5,formula_read,STABLE,49246,False,49246,2360,False,,,
530.7333333333333,5,-34,34,283,432,2,4,16597,2375,CHAIN,50070,False,,4980,True,530.5666666666667,5,formula_read,STABLE,49246,False,49246,2360,False,,,
530.7666666666667,5,-34,34,283,432,2,4,16597,2375,CHAIN,50070,False,,4980,True,530.5666666666667,5,formula_read,STABLE,49247,False,49247,2360,False,,,
530.8,5,-34,34,283,432,2,4,16597,2375,CHAIN,50070,False,,4980,True,530.5666666666667,5,formula_read,OJAMA_FALL,49248,False,49248,2360,False,,,
530.8333333333334,5,-34,34,283,432,2,4,16597,2375,CHAIN,50070,False,,4980,True,530.5666666666667,5,formula_read,OJAMA_FALL,49248,False,49248,2360,False,,,
530.8666666666667,5,-34,34,283,432,2,4,16597,2375,CHAIN,50070,False,,4980,True,530.5666666666667,5,formula_read,OJAMA_FALL,49248,False,49248,2360,False,,,
530.9,5,-34,34,283,432,2,4,16597,2375,CHAIN,50070,False,,4980,True,530.5666666666667,5,formula_read,STABLE,49249,False,49249,2360,False,,,
530.9333333333333,5,-34,34,283,432,2,4,16597,2375,CHAIN,50070,False,,4980,True,530.5666666666667,5,formula_read,STABLE,49249,False,49249,2360,False,,,
530.9666666666667,5,-34,34,283,432,2,4,16597,2375,CHAIN,50070,False,,4980,True,530.5666666666667,5,formula_read,TSUMO_FALL,49249,False,49249,2360,False,,,
531.0,5,-34,34,283,432,2,4,16597,2375,CHAIN,50070,False,,4980,True,530.5666666666667,5,formula_read,TSUMO_FALL,49249,False,49249,2360,False,,,
531.0333333333333,5,-34,34,283,432,2,4,16597,2375,CHAIN,50070,False,,4980,True,530.5666666666667,5,formula_read,STABLE,49249,False,49249,2360,False,,,
531.0666666666667,5,-34,34,283,432,2,4,16597,2375,CHAIN,50070,False,,4980,True,530.5666666666667,5,formula_read,STABLE,49249,False,49249,2360,False,,,
531.1,5,-34,34,283,432,2,4,16597,2375,CHAIN,50070,False,,4980,True,530.5666666666667,5,formula_read,STABLE,49249,False,49249,2360,False,,,
531.1333333333333,5,-34,34,283,432,2,4,16597,2375,GRAVITY_SETTLE,50070,True,,4980,True,,,,STABLE,49249,True,49249,2360,False,,,
531.1666666666666,5,-34,34,283,432,2,4,16597,2375,CHAIN,50070,False,,4980,True,531.1666666666666,5,formula_read,STABLE,49249,False,49249,2360,False,,,
531.2,5,-34,34,283,432,2,4,16597,2375,CHAIN,50070,False,,4980,True,531.1666666666666,5,formula_read,STABLE,49249,False,49249,2360,False,,,
531.2333333333333,5,-34,34,283,432,2,4,16597,2375,CHAIN,50070,False,,4980,True,531.1666666666666,5,formula_read,STABLE,49249,False,49249,2360,False,,,
531.2666666666667,5,-34,34,283,432,2,4,16597,2375,CHAIN,50070,False,,4980,True,531.1666666666666,5,formula_read,STABLE,49249,False,49249,2360,False,,,
531.3,5,-34,34,283,432,2,4,16597,2375,CHAIN,50070,False,,4980,True,531.1666666666666,5,formula_read,STABLE,49249,False,49249,2360,False,,,
531.3333333333334,5,-34,34,283,432,2,4,16597,2375,CHAIN,50070,False,,4980,True,531.1666666666666,5,formula_read,STABLE,49249,True,49249,2360,False,,,
531.3666666666667,5,-34,34,283,432,2,4,16597,2375,CHAIN,50070,False,,4980,True,531.1666666666666,5,formula_read,STABLE,49249,False,49249,2360,False,,,
531.4,5,-34,34,283,432,2,4,16597,2375,CHAIN,52630,False,52630,4980,False,531.1666666666666,5,formula_read,OJAMA_FALL,49249,False,49249,2360,False,,,
531.4333333333333,5,-34,34,283,432,2,4,16597,2375,CHAIN,52630,False,52630,4980,False,531.1666666666666,5,formula_read,OJAMA_FALL,49249,False,49249,2360,False,,,
531.4666666666667,5,-34,34,283,432,2,4,16597,2375,CHAIN,52630,False,52630,4980,False,531.1666666666666,5,formula_read,STABLE,49250,False,49250,2360,False,,,
531.5,5,-34,34,283,432,2,4,16597,2375,CHAIN,52630,False,52630,4980,False,531.1666666666666,5,formula_read,STABLE,49250,False,49250,2360,False,,,
531.5333333333333,5,-34,34,283,432,2,4,16597,2375,CHAIN,52630,False,52630,4980,False,531.1666666666666,5,formula_read,STABLE,49251,False,49251,2360,False,,,
531.5666666666667,5,-34,34,283,432,2,4,16597,2375,CHAIN,52630,False,52630,4980,False,531.1666666666666,5,formula_read,STABLE,49251,False,49251,2360,False,,,
531.6,5,-34,34,283,432,2,4,16597,2375,CHAIN,52630,False,52630,4980,False,531.1666666666666,5,formula_read,STABLE,49251,False,49251,2360,False,,,
531.6333333333333,5,-34,34,283,432,2,4,16597,2375,CHAIN,52630,False,52630,4980,False,531.1666666666666,5,formula_read,STABLE,49251,False,49251,2360,False,,,
531.6666666666666,5,-34,34,283,432,2,4,16597,2375,CHAIN,52630,False,52630,4980,False,531.1666666666666,5,formula_read,STABLE,49251,False,49251,2360,False,,,
531.7,5,-34,34,283,432,2,4,16597,2375,CHAIN,52630,False,52630,4980,False,531.1666666666666,5,formula_read,STABLE,49251,False,49251,2360,False,,,
531.7333333333333,5,-34,34,283,432,2,4,16597,2375,CHAIN,52630,False,52630,4980,False,531.1666666666666,5,formula_read,STABLE,49251,False,49251,2360,False,,,
531.7666666666667,5,-34,34,283,432,2,4,16597,2375,CHAIN,52630,False,52630,4980,False,531.1666666666666,5,formula_read,STABLE,49251,False,49251,2360,False,,,
531.8,5,-34,34,283,432,2,4,16597,2375,CHAIN,52630,False,52630,4980,False,531.1666666666666,5,formula_read,STABLE,49251,False,49251,2360,False,,,
531.8333333333334,5,-34,34,283,432,2,4,16597,2375,CHAIN,52630,False,,4980,True,531.1666666666666,5,formula_read,OJAMA_FALL,49251,False,49251,2360,False,,,
531.8666666666667,5,-34,34,283,432,2,4,16597,2375,CHAIN,52630,False,,8820,True,531.1666666666666,6,formula_read,OJAMA_FALL,49251,False,49251,2360,False,,,
531.9,5,-34,34,283,432,2,4,16597,2375,CHAIN,52630,False,,8820,True,531.1666666666666,6,formula_read,OJAMA_FALL,49251,False,49251,2360,False,,,
531.9333333333333,5,-34,34,283,432,2,4,16597,2375,CHAIN,52630,False,,8820,True,531.1666666666666,6,formula_read,OJAMA_FALL,49251,False,49251,2360,False,,,
531.9666666666667,5,-34,34,283,432,2,4,16597,2375,CHAIN,52630,False,,8820,True,531.1666666666666,6,formula_read,OJAMA_FALL,49251,False,49251,2360,False,,,
532.0,5,-34,34,283,432,2,4,16597,2375,CHAIN,52630,False,,8820,True,531.1666666666666,6,formula_read,OJAMA_FALL,49251,False,49251,2360,False,,,
532.0333333333333,5,-34,34,283,432,2,4,16597,2375,CHAIN,52630,False,,8820,True,531.1666666666666,6,formula_read,OJAMA_FALL,49251,False,49251,2360,False,,,
532.0666666666667,5,-34,34,283,432,2,4,16597,2375,CHAIN,52630,False,,8820,True,531.1666666666666,6,formula_read,OJAMA_FALL,49251,False,49251,2360,False,,,
532.1,5,-34,34,283,432,2,4,16597,2375,CHAIN,52630,False,,8820,True,531.1666666666666,6,formula_read,OJAMA_FALL,49251,False,49251,2360,False,,,
532.1333333333333,5,-34,34,283,432,2,4,16597,2375,CHAIN,52630,False,,8820,True,531.1666666666666,6,formula_read,OJAMA_FALL,49251,False,49251,2360,False,,,
532.1666666666666,5,-34,34,283,432,2,4,16597,2375,CHAIN,52630,False,,8820,True,531.1666666666666,6,formula_read,STABLE,49251,True,49251,2360,False,,,
532.2,5,-34,34,283,432,2,4,16597,2375,CHAIN,52630,False,,8820,True,531.1666666666666,6,formula_read,STABLE,49251,False,49251,2360,False,,,
532.2333333333333,5,-34,34,283,432,2,4,16597,2375,CHAIN,52630,False,,8820,True,531.1666666666666,6,formula_read,TSUMO_FALL,49251,False,49251,2360,False,,,
532.2666666666667,5,-34,34,283,432,2,4,16597,2375,CHAIN,52630,False,,8820,True,531.1666666666666,6,formula_read,STABLE,49251,False,49251,2360,False,,,
532.3,5,-34,34,283,432,2,4,16597,2375,CHAIN,52630,False,,8820,True,531.1666666666666,6,formula_read,STABLE,49251,False,49251,2360,False,,,
532.3333333333334,5,-34,34,283,432,2,4,16597,2375,CHAIN,52630,False,,8820,True,531.1666666666666,6,formula_read,STABLE,49251,False,49251,2360,False,,,
532.3666666666667,5,-34,34,283,432,2,4,16597,2375,CHAIN,52630,False,,8820,True,531.1666666666666,6,formula_read,STABLE,49252,False,49252,2360,False,,,
532.4,5,-34,34,283,432,2,4,16597,2375,CHAIN,52630,False,,8820,True,531.1666666666666,6,formula_read,STABLE,49253,False,49253,2360,False,,,
532.4333333333333,5,-34,34,283,432,2,4,16597,2375,CHAIN,52630,False,,8820,True,531.1666666666666,6,formula_read,STABLE,49254,False,49254,2360,False,,,
532.4666666666667,5,-34,34,283,432,2,4,16597,2375,CHAIN,52630,False,,8820,True,531.1666666666666,6,formula_read,OJAMA_FALL,49254,False,49254,2360,False,,,
532.5,5,-34,34,283,432,2,4,16597,2375,CHAIN,52630,False,,8820,True,531.1666666666666,6,formula_read,OJAMA_FALL,49254,False,49254,2360,False,,,
532.5333333333333,5,-34,34,283,432,2,4,16597,2375,CHAIN,52630,False,,8820,True,531.1666666666666,6,formula_read,STABLE,49254,True,49254,2360,False,,,
532.5666666666667,5,-34,34,283,432,2,4,16597,2375,CHAIN,52630,False,,8820,True,531.1666666666666,6,formula_read,TSUMO_FALL,49254,False,49254,2360,False,,,
532.6,5,-34,34,283,432,2,4,16597,2375,CHAIN,52630,False,,8820,True,531.1666666666666,6,formula_read,OJAMA_FALL,49254,False,49254,2360,False,,,
532.6333333333333,5,-34,34,283,432,2,4,16597,2375,CHAIN,52630,False,,8820,True,531.1666666666666,6,formula_read,OJAMA_FALL,49254,False,49254,2360,False,,,
532.6666666666666,5,-34,34,283,432,2,4,16597,2375,CHAIN,52630,False,,8820,True,531.1666666666666,6,formula_read,OJAMA_FALL,49254,False,49254,2360,False,,,
532.7,5,-34,34,283,432,2,4,16597,2375,CHAIN,52630,False,,8820,True,531.1666666666666,6,formula_read,OJAMA_FALL,49254,False,49254,2360,False,,,
532.7333333333333,5,-34,34,283,432,2,4,16597,2375,CHAIN,56470,False,56470,8820,False,531.1666666666666,6,formula_read,OJAMA_FALL,49254,False,49254,2360,False,,,
532.7666666666667,5,-34,34,283,432,2,4,16597,2375,CHAIN,56470,False,56470,8820,False,531.1666666666666,6,formula_read,OJAMA_FALL,49254,False,49254,2360,False,,,
532.8,5,-34,34,283,432,2,4,16597,2375,CHAIN,56470,False,56470,8820,False,531.1666666666666,6,formula_read,OJAMA_FALL,49254,False,49254,2360,False,,,
532.8333333333334,5,-34,34,283,432,2,4,16597,2375,CHAIN,56470,False,56470,8820,False,531.1666666666666,6,formula_read,OJAMA_FALL,49254,False,49254,2360,False,,,
532.8666666666667,5,-34,34,283,432,2,4,16597,2375,CHAIN,56470,False,56470,8820,False,531.1666666666666,6,formula_read,OJAMA_FALL,49254,False,49254,2360,False,,,
532.9,5,-34,34,283,432,2,4,16597,2375,CHAIN,56470,False,56470,8820,False,531.1666666666666,6,formula_read,OJAMA_FALL,49254,False,49254,2360,False,,,
532.9333333333333,5,-34,34,283,432,2,4,16597,2375,CHAIN,56470,False,56470,8820,False,531.1666666666666,6,formula_read,OJAMA_FALL,49254,False,49254,2360,False,,,
532.9666666666667,5,-34,34,283,432,2,4,16597,2375,CHAIN,56470,False,56470,8820,False,531.1666666666666,6,formula_read,OJAMA_FALL,49254,False,49254,2360,False,,,
533.0,5,-34,34,283,432,2,4,16597,2375,CHAIN,56470,False,56470,8820,False,531.1666666666666,6,formula_read,OJAMA_FALL,49254,False,49254,2360,False,,,
533.0333333333333,5,-34,34,283,432,2,4,16597,2375,CHAIN,56470,False,56470,8820,False,531.1666666666666,6,formula_read,OJAMA_FALL,49254,False,49254,2360,False,,,
533.0666666666667,5,-34,34,283,432,2,4,16597,2375,CHAIN,56470,False,56470,8820,False,531.1666666666666,6,formula_read,STABLE,49254,True,49254,2360,False,,,
533.1,5,-34,34,283,432,2,4,16597,2375,CHAIN,56470,False,56470,8820,False,531.1666666666666,6,formula_read,STABLE,49254,False,49254,2360,False,,,
533.1333333333333,5,-34,34,283,432,2,4,16597,2375,CHAIN,56470,False,56470,8820,False,531.1666666666666,6,formula_read,STABLE,49254,False,49254,2360,False,,,
533.1666666666666,5,-34,34,283,432,2,4,16597,2375,CHAIN,56470,False,56470,8820,False,531.1666666666666,6,formula_read,STABLE,49254,False,49254,2360,False,,,
533.2,5,-34,34,283,432,2,4,16597,2375,CHAIN,56470,False,,8820,True,531.1666666666666,6,formula_read,STABLE,49254,False,49254,2360,False,,,
533.2333333333333,5,-34,34,283,432,2,4,16597,2375,CHAIN,56470,False,,16680,True,531.1666666666666,7,formula_read,OJAMA_FALL,49254,False,49254,2360,False,,,
533.2666666666667,5,-34,34,283,432,2,4,16597,2375,CHAIN,56470,False,,16680,True,531.1666666666666,7,formula_read,OJAMA_FALL,49254,False,49254,2360,False,,,
533.3,5,-34,34,283,432,2,4,16597,2375,CHAIN,56470,False,,16680,True,531.1666666666666,7,formula_read,OJAMA_FALL,49254,False,49254,2360,False,,,
533.3333333333334,5,-34,34,283,432,2,4,16597,2375,CHAIN,56470,False,,16680,True,531.1666666666666,7,formula_read,OJAMA_FALL,49254,False,49254,2360,False,,,
533.3666666666667,5,-34,34,283,432,2,4,16597,2375,CHAIN,56470,False,,16680,True,531.1666666666666,7,formula_read,OJAMA_FALL,49254,False,49254,2360,False,,,
533.4,5,-34,34,283,432,2,4,16597,2375,CHAIN,56470,False,,16680,True,531.1666666666666,7,formula_read,OJAMA_FALL,49254,False,49254,2360,False,,,
533.4333333333333,5,-34,34,283,432,2,4,16597,2375,CHAIN,56470,False,,16680,True,531.1666666666666,7,formula_read,STABLE,49255,False,49255,2360,False,,,
533.4666666666667,5,-34,34,283,432,2,4,16597,2375,CHAIN,56470,False,,16680,True,531.1666666666666,7,formula_read,STABLE,49255,False,49255,2360,False,,,
533.5,5,-34,34,283,432,2,4,16597,2375,CHAIN,56470,False,,16680,True,531.1666666666666,7,formula_read,TSUMO_FALL,49255,False,49255,2360,False,,,
533.5333333333333,5,-34,34,283,432,2,4,16597,2375,CHAIN,56470,False,,16680,True,531.1666666666666,7,formula_read,TSUMO_FALL,49255,False,49255,2360,False,,,
533.5666666666667,5,-34,34,283,432,2,4,16597,2375,CHAIN,56470,False,,16680,True,531.1666666666666,7,formula_read,STABLE,49255,False,49255,2360,False,,,
533.6,5,-34,34,283,432,2,4,16597,2375,CHAIN,56470,False,,16680,True,531.1666666666666,7,formula_read,STABLE,49255,False,49255,2360,False,,,
533.6333333333333,5,-34,34,283,432,2,4,16597,2375,CHAIN,56470,False,,16680,True,531.1666666666666,7,formula_read,TSUMO_FALL,49255,False,49255,2360,False,,,
533.6666666666666,5,-34,34,283,432,2,4,16597,2375,CHAIN,56470,False,,16680,True,531.1666666666666,7,formula_read,TSUMO_FALL,49255,False,49255,2360,False,,,
533.7,5,-34,34,283,432,2,4,16597,2375,CHAIN,56470,False,,16680,True,531.1666666666666,7,formula_read,STABLE,49255,False,49255,2360,False,,,
533.7333333333333,5,-34,34,283,432,2,4,16597,2375,CHAIN,56470,False,,16680,True,531.1666666666666,7,formula_read,STABLE,49255,True,49255,2360,False,,,
533.7666666666667,5,-34,34,283,432,2,4,16597,2375,CHAIN,56470,False,,16680,True,531.1666666666666,7,formula_read,TSUMO_FALL,49255,False,49255,2360,False,,,
533.8,5,-34,34,283,432,2,4,16597,2375,CHAIN,56470,False,,16680,True,531.1666666666666,7,formula_read,TSUMO_FALL,49255,False,49255,2360,False,,,
533.8333333333334,5,-34,34,283,432,2,4,16597,2375,CHAIN,56470,False,,16680,True,531.1666666666666,7,formula_read,STABLE,49255,False,49255,2360,False,,,
533.8666666666667,5,-34,34,283,432,2,4,16597,2375,CHAIN,56470,False,,16680,True,531.1666666666666,7,formula_read,STABLE,49255,False,49255,2360,False,,,
533.9,5,-34,34,283,432,2,4,16597,2375,CHAIN,56470,False,,16680,True,531.1666666666666,7,formula_read,TSUMO_FALL,49255,False,49255,2360,False,,,
533.9333333333333,5,-34,34,283,432,2,4,16597,2375,CHAIN,56470,False,,16680,True,531.1666666666666,7,formula_read,STABLE,49255,True,49255,2360,False,,,
533.9666666666667,5,-34,34,283,432,2,4,16597,2375,CHAIN,56470,False,,16680,True,531.1666666666666,7,formula_read,STABLE,49255,False,49255,2360,False,,,
534.0,5,-34,34,283,432,2,4,16597,2375,CHAIN,56470,False,,16680,True,531.1666666666666,7,formula_read,OJAMA_FALL,49255,False,49255,2360,False,,,
534.0333333333333,5,-34,34,283,432,2,4,16597,2375,CHAIN,56470,False,,16680,True,531.1666666666666,7,formula_read,OJAMA_FALL,49255,False,49255,2360,False,,,
534.0666666666667,5,-34,34,283,432,2,4,16597,2375,CHAIN,56470,False,,16680,True,531.1666666666666,7,formula_read,OJAMA_FALL,49255,False,49255,2360,False,,,
534.1,5,-34,34,283,432,2,4,16597,2375,CHAIN,64330,False,64330,16680,False,531.1666666666666,7,formula_read,OJAMA_FALL,49255,False,49255,2360,False,,,
534.1333333333333,5,-34,34,283,432,2,4,16597,2375,CHAIN,64330,False,64330,16680,False,531.1666666666666,7,formula_read,OJAMA_FALL,49255,False,49255,2360,False,,,
534.1666666666666,5,-34,34,283,432,2,4,16597,2375,CHAIN,64330,False,64330,16680,False,531.1666666666666,7,formula_read,OJAMA_FALL,49255,False,49255,2360,False,,,
534.2,5,-34,34,283,432,2,4,16597,2375,CHAIN,64330,False,64330,16680,False,531.1666666666666,7,formula_read,OJAMA_FALL,49255,False,49255,2360,False,,,
534.2333333333333,5,-34,34,283,432,2,4,16597,2375,CHAIN,64330,False,64330,16680,False,531.1666666666666,7,formula_read,OJAMA_FALL,49255,False,49255,2360,False,,,
534.2666666666667,5,-34,34,283,432,2,4,16597,2375,CHAIN,64330,False,64330,16680,False,531.1666666666666,7,formula_read,OJAMA_FALL,49255,False,49255,2360,False,,,
534.3,5,-34,34,283,432,2,4,16597,2375,CHAIN,64330,False,64330,16680,False,531.1666666666666,7,formula_read,OJAMA_FALL,49255,False,49255,2360,False,,,
534.3333333333334,5,-34,34,283,432,2,4,16597,2375,CHAIN,64330,False,64330,16680,False,531.1666666666666,7,formula_read,OJAMA_FALL,49255,False,49255,2360,False,,,
534.3666666666667,5,-34,34,283,432,2,4,16597,2375,CHAIN,64330,False,64330,16680,False,531.1666666666666,7,formula_read,OJAMA_FALL,49255,False,49255,2360,False,,,
534.4,5,-34,34,283,432,2,4,16597,2375,CHAIN,64330,False,64330,16680,False,531.1666666666666,7,formula_read,OJAMA_FALL,49255,False,49255,2360,False,,,
534.4333333333333,5,-34,34,283,432,2,4,16597,2375,CHAIN,64330,False,64330,16680,False,531.1666666666666,7,formula_read,OJAMA_FALL,49255,False,49255,2360,False,,,
534.4666666666667,5,-34,34,283,432,2,4,16597,2375,CHAIN,64330,False,64330,16680,False,531.1666666666666,7,formula_read,OJAMA_FALL,49255,False,49255,2360,False,,,
534.5,5,-34,34,283,432,2,4,16597,2375,CHAIN,64330,False,64330,16680,False,531.1666666666666,7,formula_read,OJAMA_FALL,49255,False,49255,2360,False,,,
534.5333333333333,5,-34,34,283,432,2,4,16597,2375,CHAIN,64330,False,,16680,True,531.1666666666666,7,formula_read,OJAMA_FALL,49255,False,49255,2360,False,,,
534.5666666666667,5,-34,34,283,432,2,4,16597,2375,CHAIN,64330,False,,38520,True,531.1666666666666,8,formula_read,OJAMA_FALL,49255,False,49255,2360,False,,,
534.6,5,-34,34,283,432,2,4,16597,2375,CHAIN,64330,False,,38520,True,531.1666666666666,8,formula_read,OJAMA_FALL,49255,False,49255,2360,False,,,
534.6333333333333,5,-34,34,283,432,2,4,16597,2375,CHAIN,64330,False,,38520,True,531.1666666666666,8,formula_read,OJAMA_FALL,49255,False,49255,2360,False,,,
534.6666666666666,5,-34,34,283,432,2,4,16597,2375,CHAIN,64330,False,,38520,True,531.1666666666666,8,formula_read,OJAMA_FALL,49255,False,49255,2360,False,,,
534.7,5,-34,34,283,432,2,4,16597,2375,CHAIN,64330,False,,38520,True,531.1666666666666,8,formula_read,OJAMA_FALL,49255,False,49255,2360,False,,,
534.7333333333333,5,-34,34,283,432,2,4,16597,2375,CHAIN,64330,False,,38520,True,531.1666666666666,8,formula_read,STABLE,49256,False,49256,2360,False,,,
534.7666666666667,5,-34,34,283,432,2,4,16597,2375,CHAIN,64330,False,,38520,True,531.1666666666666,8,formula_read,STABLE,49258,False,49258,2360,False,,,
534.8,5,-34,34,283,432,2,4,16597,2375,CHAIN,64330,False,,38520,True,531.1666666666666,8,formula_read,STABLE,49258,False,49258,2360,False,,,
534.8333333333334,5,-34,34,283,432,2,4,16597,2375,CHAIN,64330,False,,38520,True,531.1666666666666,8,formula_read,STABLE,49258,False,49258,2360,False,,,
534.8666666666667,5,-34,34,283,432,2,4,16597,2375,CHAIN,64330,False,,38520,True,531.1666666666666,8,formula_read,STABLE,49258,False,49258,2360,False,,,
534.9,5,-34,34,283,432,2,4,16597,2375,CHAIN,64330,False,,38520,True,531.1666666666666,8,formula_read,STABLE,49258,False,49258,2360,False,,,
534.9333333333333,5,-34,34,283,432,2,4,16597,2375,CHAIN,64330,False,,38520,True,531.1666666666666,8,formula_read,STABLE,49258,False,49258,2360,False,,,
534.9666666666667,5,-34,34,283,432,2,4,16597,2375,CHAIN,64330,False,,38520,True,531.1666666666666,8,formula_read,STABLE,49258,False,49258,2360,False,,,
535.0,5,-34,34,283,432,2,4,16597,2375,CHAIN,64330,False,,38520,True,531.1666666666666,8,formula_read,STABLE,49258,False,49258,2360,False,,,
535.0333333333333,5,-34,34,283,432,2,4,16597,2375,CHAIN,64330,False,,38520,True,531.1666666666666,8,formula_read,STABLE,49258,False,49258,2360,False,,,
535.0666666666667,5,-34,34,283,432,2,4,16597,2375,GRAVITY_SETTLE,64330,True,,38520,True,,,,STABLE,49258,False,49258,2360,False,,,
535.1,5,-34,34,283,432,2,4,16597,2375,CHAIN,64330,False,,38520,True,535.1,8,formula_read,STABLE,49258,True,49258,2360,False,,,
535.1333333333333,5,-34,34,283,432,2,4,16597,2375,CHAIN,64330,False,,38520,True,535.1,8,formula_read,STABLE,49258,False,49258,2360,False,,,
535.1666666666666,5,-34,34,283,432,2,4,16597,2375,CHAIN,64330,False,,38520,True,535.1,8,formula_read,STABLE,49258,False,49258,2360,False,,,
535.2,5,-34,34,283,432,2,4,16597,2375,CHAIN,64330,False,,38520,True,535.1,8,formula_read,STABLE,49258,False,49258,2360,False,,,
535.2333333333333,5,-34,34,283,432,2,4,16597,2375,CHAIN,64330,False,,38520,True,535.1,8,formula_read,STABLE,49258,False,49258,2360,False,,,
535.2666666666667,5,-34,34,283,432,2,4,16597,2375,CHAIN,64330,False,,38520,True,535.1,8,formula_read,STABLE,49258,False,49258,2360,False,,,
535.3,5,-34,34,283,432,2,4,16597,2375,CHAIN,64330,False,,38520,True,535.1,8,formula_read,OJAMA_FALL,49258,True,49258,2360,False,,,
535.3333333333334,5,-34,34,283,432,2,4,16597,2375,CHAIN,64330,False,,38520,True,535.1,8,formula_read,OJAMA_FALL,49258,False,49258,2360,False,,,
535.3666666666667,5,-34,34,283,432,2,4,16597,2375,CHAIN,64330,False,,38520,True,535.1,8,formula_read,OJAMA_FALL,49258,False,49258,2360,False,,,
535.4,5,-34,34,283,432,2,4,16597,2375,CHAIN,64330,False,,38520,True,535.1,8,formula_read,OJAMA_FALL,49258,False,49258,2360,False,,,
535.4333333333333,5,-34,34,283,432,2,4,16597,2375,CHAIN,86170,False,86170,38520,False,535.1,8,formula_read,OJAMA_FALL,49258,False,49258,2360,False,,,
535.4666666666667,5,-34,34,283,432,2,4,16597,2375,CHAIN,86170,False,86170,38520,False,535.1,8,formula_read,OJAMA_FALL,49258,False,49258,2360,False,,,
535.5,5,-34,34,283,432,2,4,16597,2375,GRAVITY_SETTLE,86170,True,86170,38520,False,,,,OJAMA_FALL,49258,False,49258,2360,False,,,
535.5333333333333,5,-34,34,283,432,2,4,16597,2375,GRAVITY_SETTLE,86170,False,86170,38520,False,,,,OJAMA_FALL,49258,False,49258,2360,False,,,
535.5666666666667,5,-34,34,283,432,2,4,16597,2375,GRAVITY_SETTLE,86170,False,86170,38520,False,,,,OJAMA_FALL,49258,False,49258,2360,False,,,
535.6,5,-34,34,283,432,2,4,16597,2375,GRAVITY_SETTLE,86170,False,86170,38520,False,,,,OJAMA_FALL,49258,False,49258,2360,False,,,
535.6333333333333,5,-34,34,283,432,2,4,16597,2375,GRAVITY_SETTLE,86170,False,86170,38520,False,,,,OJAMA_FALL,49258,False,49258,2360,False,,,
535.6666666666666,5,-34,34,283,432,2,4,16597,2375,GRAVITY_SETTLE,86170,False,86170,38520,False,,,,OJAMA_FALL,49258,False,49258,2360,False,,,
535.7,5,-34,34,283,432,2,4,16597,2375,GRAVITY_SETTLE,86170,False,86170,38520,False,,,,STABLE,49258,False,49258,2360,False,,,
535.7333333333333,5,-34,34,283,432,2,4,16597,2375,GRAVITY_SETTLE,86170,False,86170,38520,False,,,,STABLE,49258,False,49258,2360,False,,,
535.7666666666667,5,-34,34,283,432,2,4,16597,2375,GRAVITY_SETTLE,86170,False,86170,38520,False,,,,STABLE,49258,False,49258,2360,False,,,
535.8,5,-34,34,283,432,2,4,16597,2375,GRAVITY_SETTLE,86170,False,86170,38520,False,,,,STABLE,49258,False,49258,2360,False,,,
535.8333333333334,5,-34,34,283,432,2,4,16597,2375,STABLE,86170,False,86170,38520,False,,,,STABLE,49258,False,49258,2360,False,,,
535.8666666666667,5,-34,34,283,432,2,4,16597,2375,STABLE,86170,False,86170,38520,False,,,,STABLE,49258,False,49258,2360,False,,,
535.9,5,-34,34,283,432,2,4,16597,2375,STABLE,86170,False,86170,38520,False,,,,STABLE,49258,False,49258,2360,False,,,
535.9333333333333,5,-34,34,283,432,2,4,16597,2375,STABLE,86170,False,86170,38520,False,,,,STABLE,49258,False,49258,2360,False,,,
535.9666666666667,5,-34,34,283,432,2,4,16597,2375,STABLE,86170,False,86170,38520,False,,,,STABLE,49258,False,49258,2360,False,,,
536.0,5,-34,34,283,432,2,4,16597,2375,STABLE,86170,False,,38520,True,,,,STABLE,49258,False,49258,2360,False,,,
536.0333333333333,5,-34,34,283,432,2,4,16597,2375,CHAIN,86170,False,,56250,True,536.0333333333333,9,formula_read,STABLE,49258,False,49258,2360,False,,,
536.0666666666667,5,-34,34,283,432,2,4,16597,2375,CHAIN,86170,False,,56250,True,536.0333333333333,9,formula_read,STABLE,49258,False,49258,2360,False,,,
536.1,5,-34,34,283,432,2,4,16597,2375,CHAIN,86170,False,,56250,True,536.0333333333333,9,formula_read,STABLE,49258,False,49258,2360,False,,,
536.1333333333333,5,-34,34,283,432,2,4,16597,2375,CHAIN,86170,False,,56250,True,536.0333333333333,9,formula_read,STABLE,49258,False,49258,2360,False,,,
536.1666666666666,5,-34,34,283,432,2,4,16597,2375,CHAIN,86170,False,,56250,True,536.0333333333333,9,formula_read,STABLE,49258,False,49258,2360,False,,,
536.2,5,-34,34,283,432,2,4,16597,2375,CHAIN,86170,False,,56250,True,536.0333333333333,9,formula_read,STABLE,49258,False,49258,2360,False,,,
536.2333333333333,5,-34,34,283,432,2,4,16597,2375,CHAIN,86170,False,,56250,True,536.0333333333333,9,formula_read,STABLE,49258,False,49258,2360,False,,,
536.2666666666667,5,-34,34,283,432,2,4,16597,2375,CHAIN,86170,False,,56250,True,536.0333333333333,9,formula_read,STABLE,49258,False,49258,2360,False,,,
536.3,5,-34,34,283,432,2,4,16597,2375,CHAIN,86170,False,,56250,True,536.0333333333333,9,formula_read,STABLE,49258,False,49258,2360,False,,,
536.3333333333334,5,-34,34,283,432,2,4,16597,2375,CHAIN,86170,False,,56250,True,536.0333333333333,9,formula_read,STABLE,49258,False,49258,2360,False,,,
536.3666666666667,5,-34,34,283,432,2,4,16597,2375,CHAIN,86170,False,,56250,True,536.0333333333333,9,formula_read,STABLE,49258,False,49258,2360,False,,,
536.4,5,-34,34,283,432,2,4,16597,2375,CHAIN,86170,False,,56250,True,536.0333333333333,9,formula_read,STABLE,49258,False,49258,2360,False,,,
536.4333333333333,5,-34,34,283,432,2,4,16597,2375,CHAIN,86170,False,,56250,True,536.0333333333333,9,formula_read,STABLE,49259,False,49259,2360,False,,,
536.4666666666667,5,-34,34,283,432,2,4,16597,2375,CHAIN,86170,False,,56250,True,536.0333333333333,9,formula_read,STABLE,49259,False,49259,2360,False,,,
536.5,5,-34,34,283,432,2,4,16597,2375,CHAIN,86170,False,,56250,True,536.0333333333333,9,formula_read,STABLE,49259,False,49259,2360,False,,,
536.5333333333333,5,-34,34,283,432,2,4,16597,2375,CHAIN,86170,False,,56250,True,536.0333333333333,9,formula_read,STABLE,49259,False,49259,2360,False,,,
536.5666666666667,5,-34,34,283,432,2,4,16597,2375,GRAVITY_SETTLE,86170,True,,56250,True,,,,STABLE,49259,False,49259,2360,False,,,
536.6,5,-34,34,283,432,2,4,16597,2375,CHAIN,86170,False,,56250,True,536.6,9,formula_read,STABLE,49259,False,49259,2360,False,,,
536.6333333333333,5,-34,34,283,432,2,4,16597,2375,CHAIN,86170,False,,56250,True,536.6,9,formula_read,STABLE,49259,False,49259,2360,False,,,
536.6666666666666,5,-34,34,283,432,2,4,16597,2375,CHAIN,86170,False,,56250,True,536.6,9,formula_read,STABLE,49259,True,49259,2360,False,,,
536.7,5,-34,34,283,432,2,4,16597,2375,CHAIN,86170,False,,56250,True,536.6,9,formula_read,STABLE,49259,False,49259,2360,False,,,
536.7333333333333,5,-34,34,283,432,2,4,16597,2375,CHAIN,86170,False,,56250,True,536.6,9,formula_read,STABLE,49259,False,49259,2360,False,,,
536.7666666666667,5,-34,34,283,432,2,4,16597,2375,CHAIN,86170,False,,56250,True,536.6,9,formula_read,OJAMA_FALL,49259,False,49259,2360,False,,,
536.8,5,-34,34,283,432,2,4,16597,2375,CHAIN,86170,False,,56250,True,536.6,9,formula_read,OJAMA_FALL,49259,False,49259,2360,False,,,
536.8333333333334,5,-34,34,283,432,2,4,16597,2375,CHAIN,86170,False,,56250,True,536.6,9,formula_read,OJAMA_FALL,49259,False,49259,2360,False,,,
536.8666666666667,5,-34,34,283,432,2,4,16597,2375,CHAIN,86170,False,,56250,True,536.6,9,formula_read,STABLE,49259,True,49259,2360,False,,,
536.9,5,-34,34,283,432,2,4,16597,2375,CHAIN,86170,False,,56250,True,536.6,9,formula_read,STABLE,49259,False,49259,2360,False,,,
536.9333333333333,5,-34,34,283,432,2,4,16597,2375,CHAIN,103900,False,103900,56250,False,536.6,9,formula_read,OJAMA_FALL,49259,False,49259,2360,False,,,
536.9666666666667,5,-34,34,283,432,2,4,16597,2375,CHAIN,103900,False,103900,56250,False,536.6,9,formula_read,OJAMA_FALL,49259,False,49259,2360,False,,,
537.0,5,-34,34,283,432,2,4,16597,2375,CHAIN,103900,False,103900,56250,False,536.6,9,formula_read,OJAMA_FALL,49259,False,49259,2360,False,,,
537.0333333333333,5,-34,34,283,432,2,4,16597,2375,CHAIN,103900,False,103900,56250,False,536.6,9,formula_read,OJAMA_FALL,49259,False,49259,2360,False,,,
537.0666666666667,5,-34,34,283,432,2,4,16597,2375,CHAIN,103900,False,103900,56250,False,536.6,9,formula_read,OJAMA_FALL,49259,False,49259,2360,False,,,
537.1,5,-34,34,283,432,2,4,16597,2375,CHAIN,103900,False,103900,56250,False,536.6,9,formula_read,OJAMA_FALL,49259,False,49259,2360,False,,,
537.1333333333333,5,-34,34,283,432,2,4,16597,2375,CHAIN,103900,False,103900,56250,False,536.6,9,formula_read,OJAMA_FALL,49259,False,49259,2360,False,,,
537.1666666666666,5,-34,34,283,432,2,4,16597,2375,CHAIN,103900,False,103900,56250,False,536.6,9,formula_read,OJAMA_FALL,49259,False,49259,2360,False,,,
537.2,5,-34,34,283,432,2,4,16597,2375,CHAIN,103900,False,103900,56250,False,536.6,9,formula_read,STABLE,49259,True,49259,2360,False,,,
537.2333333333333,5,-34,34,283,432,2,4,16597,2375,CHAIN,103900,False,103900,56250,False,536.6,9,formula_read,STABLE,49259,False,49259,2360,False,,,
537.2666666666667,5,-34,34,283,432,2,4,16597,2375,CHAIN,103900,False,103900,56250,False,536.6,9,formula_read,STABLE,49259,False,49259,2360,False,,,
537.3,5,-34,34,283,432,2,4,16597,2375,CHAIN,103900,False,103900,56250,False,536.6,9,formula_read,OJAMA_FALL,49259,False,49259,2360,False,,,
537.3333333333334,5,-34,34,283,432,2,4,16597,2375,CHAIN,103900,False,103900,56250,False,536.6,9,formula_read,OJAMA_FALL,49259,False,49259,2360,False,,,
537.3666666666667,5,-34,34,283,432,2,4,16597,2375,CHAIN,103900,False,103900,56250,False,536.6,9,formula_read,OJAMA_FALL,49259,False,49259,2360,False,,,
537.4,5,-34,34,283,432,2,4,16597,2375,CHAIN,103900,False,103900,56250,False,536.6,9,formula_read,OJAMA_FALL,49259,False,49259,2360,False,,,
537.4333333333333,5,-34,34,283,432,2,4,16597,2375,CHAIN,103900,False,103900,56250,False,536.6,9,formula_read,OJAMA_FALL,49259,False,49259,2360,False,,,
537.4666666666667,5,-34,34,283,432,2,4,16597,2375,CHAIN,103900,False,103900,56250,False,536.6,9,formula_read,OJAMA_FALL,49259,False,49259,2360,False,,,
537.5,5,-34,34,283,432,2,4,16597,2375,CHAIN,103900,False,103900,56250,False,536.6,9,formula_read,OJAMA_FALL,49259,False,49259,2360,False,,,
537.5333333333333,5,-34,34,283,432,2,4,16597,2375,CHAIN,103900,False,103900,56250,False,536.6,9,formula_read,OJAMA_FALL,49259,False,49259,2360,False,,,
537.5666666666667,5,-34,34,283,432,2,4,16597,2375,CHAIN,103900,False,103900,56250,False,536.6,9,formula_read,STABLE,49259,True,49259,2360,False,,,
537.6,5,-34,34,283,432,2,4,16597,2375,CHAIN,103900,False,103900,56250,False,536.6,9,formula_read,STABLE,49259,False,49259,2360,False,,,
537.6333333333333,5,-34,34,283,432,2,4,16597,2375,CHAIN,103900,False,103900,56250,False,536.6,9,formula_read,STABLE,49259,False,49259,2360,False,,,
537.6666666666666,5,-34,34,283,432,2,4,16597,2375,CHAIN,103900,False,103900,56250,False,536.6,9,formula_read,STABLE,49259,False,49259,2360,False,,,
537.7,5,-34,34,283,432,2,4,16597,2375,CHAIN,103900,False,103900,56250,False,536.6,9,formula_read,STABLE,49259,False,49259,2360,False,,,
537.7333333333333,5,-34,34,283,432,2,4,16597,2375,CHAIN,103900,False,103900,56250,False,536.6,9,formula_read,STABLE,49259,False,49259,2360,False,,,
537.7666666666667,5,-34,34,283,432,2,4,16597,2375,CHAIN,103900,False,103900,56250,False,536.6,9,formula_read,STABLE,49259,False,49259,2360,False,,,
537.8,5,-34,34,283,432,2,4,16597,2375,CHAIN,103900,False,103900,56250,False,536.6,9,formula_read,STABLE,49259,True,49259,2360,False,,,
537.8333333333334,5,-34,34,283,432,2,4,16597,2375,CHAIN,103900,False,103900,56250,False,536.6,9,formula_read,STABLE,49259,False,49259,2360,False,,,
537.8666666666667,5,-34,34,283,432,2,4,16597,2375,CHAIN,103900,False,103900,56250,False,536.6,9,formula_read,STABLE,49259,False,49259,2360,False,,,
537.9,5,-34,34,283,432,2,4,16597,2375,CHAIN,103900,False,103900,56250,False,536.6,9,formula_read,STABLE,49259,False,49259,2360,False,,,
537.9333333333333,5,-34,34,283,432,2,4,16597,2375,CHAIN,103900,False,103900,56250,False,536.6,9,formula_read,EFFECT,49259,False,49259,2360,False,,,
537.9666666666667,5,-34,34,283,432,2,4,16597,2375,CHAIN,103900,False,103900,56250,False,536.6,9,formula_read,EFFECT,49259,False,49259,2360,False,,,
538.0,5,-34,34,283,432,2,4,16597,2375,CHAIN,103900,False,103900,56250,False,536.6,9,formula_read,EFFECT,49259,False,49259,2360,False,,,
538.0333333333333,5,-34,34,283,432,2,4,16597,2375,CHAIN,103900,False,103900,56250,False,536.6,9,formula_read,EFFECT,49259,False,49259,2360,False,,,
538.0666666666667,5,-34,34,283,432,2,4,16597,2375,CHAIN,103900,False,103900,56250,False,536.6,9,formula_read,EFFECT,49259,False,49259,2360,False,,,
538.1,5,-34,34,283,432,2,4,16597,2375,CHAIN,103900,False,103900,56250,False,536.6,9,formula_read,EFFECT,49259,False,49259,2360,False,,,
538.1333333333333,5,-34,34,283,432,2,4,16597,2375,CHAIN,103900,False,103900,56250,False,536.6,9,formula_read,EFFECT,49259,False,49259,2360,False,,,
538.1666666666666,5,-34,34,283,432,2,4,16597,2375,CHAIN,103900,False,103900,56250,False,536.6,9,formula_read,EFFECT,49259,False,49259,2360,False,,,
538.2,5,-34,34,283,432,2,4,16597,2375,CHAIN,103900,False,103900,56250,False,536.6,9,formula_read,EFFECT,49259,False,49259,2360,False,,,
538.2333333333333,5,-34,34,283,432,2,4,16597,2375,CHAIN,103900,False,103900,56250,False,536.6,9,formula_read,EFFECT,49259,False,49259,2360,False,,,
538.2666666666667,5,-34,34,283,432,2,4,16597,2375,CHAIN,103900,False,103900,56250,False,536.6,9,formula_read,EFFECT,49259,False,49259,2360,False,,,
538.3,5,-34,34,283,432,2,4,16597,2375,CHAIN,103900,False,103900,56250,False,536.6,9,formula_read,EFFECT,49259,False,49259,2360,False,,,
538.3333333333334,5,-34,34,283,432,2,4,16597,2375,CHAIN,103900,False,103900,56250,False,536.6,9,formula_read,EFFECT,49259,False,49259,2360,False,,,
538.3666666666667,5,-34,34,283,432,2,4,16597,2375,CHAIN,103900,False,103900,56250,False,536.6,9,formula_read,EFFECT,49259,False,49259,2360,False,,,
538.4,5,-34,34,283,432,2,4,16597,2375,CHAIN,103900,False,103900,56250,False,536.6,9,formula_read,EFFECT,49259,False,49259,2360,False,,,
538.4333333333333,5,-34,34,283,432,2,4,16597,2375,CHAIN,103900,False,103900,56250,False,536.6,9,formula_read,EFFECT,49259,False,49259,2360,False,,,
538.4666666666667,5,-34,34,283,432,2,4,16597,2375,CHAIN,103900,False,103900,56250,False,536.6,9,formula_read,EFFECT,49259,False,49259,2360,False,,,
538.5,5,-34,34,283,432,2,4,16597,2375,CHAIN,103900,False,103900,56250,False,536.6,9,formula_read,EFFECT,49259,False,49259,2360,False,,,
538.5333333333333,5,-34,34,283,432,2,4,16597,2375,CHAIN,103900,False,103900,56250,False,536.6,9,formula_read,EFFECT,49259,False,49259,2360,False,,,
538.5666666666667,5,-34,34,283,432,2,4,16597,2375,CHAIN,103900,False,103900,56250,False,536.6,9,formula_read,EFFECT,49259,False,49259,2360,False,,,
538.6,5,0,0,283,432,2,4,16597,2375,MENU,103900,False,103900,,False,536.6,9,formula_read,MENU,49259,False,49259,,False,,,
538.6333333333333,5,0,0,283,432,2,4,16597,2375,MENU,103900,False,103900,,False,536.6,9,formula_read,MENU,49259,False,49259,,False,,,
538.6666666666666,5,0,0,283,432,2,4,16597,2375,MENU,103900,False,103900,,False,536.6,9,formula_read,MENU,49259,False,49259,,False,,,
538.7,5,0,0,283,432,2,4,16597,2375,MENU,103900,False,103900,,False,536.6,9,formula_read,MENU,49259,False,49259,,False,,,
538.7333333333333,5,0,0,283,432,2,4,16597,2375,MENU,103900,False,103900,,False,536.6,9,formula_read,MENU,49259,False,49259,,False,,,
538.7666666666667,5,0,0,283,432,2,4,16597,2375,MENU,103900,False,103900,,False,536.6,9,formula_read,MENU,49259,False,49259,,False,,,
538.8,5,0,0,283,432,2,4,16597,2375,MENU,103900,False,103900,,False,536.6,9,formula_read,MENU,49259,False,49259,,False,,,
538.8333333333334,5,0,0,283,432,2,4,16597,2375,MENU,103900,False,103900,,False,536.6,9,formula_read,MENU,49259,False,49259,,False,,,
538.8666666666667,5,0,0,283,432,2,4,16597,2375,MENU,103900,False,103900,,False,536.6,9,formula_read,MENU,49259,False,49259,,False,,,
538.9,5,0,0,283,432,2,4,16597,2375,MENU,103900,False,103900,,False,536.6,9,formula_read,MENU,49259,False,49259,,False,,,
538.9333333333333,5,0,0,283,432,2,4,16597,2375,MENU,103900,False,103900,,False,536.6,9,formula_read,MENU,49259,False,49259,,False,,,
538.9666666666667,5,0,0,283,432,2,4,16597,2375,MENU,103900,False,103900,,False,536.6,9,formula_read,MENU,49259,False,49259,,False,,,
539.0,5,0,0,283,432,2,4,16597,2375,MENU,103900,False,103900,,False,536.6,9,formula_read,MENU,49259,False,49259,,False,,,
539.0333333333333,5,0,0,283,432,2,4,16597,2375,MENU,103900,False,103900,,False,536.6,9,formula_read,MENU,49259,False,49259,,False,,,
539.0666666666667,5,0,0,283,432,2,4,16597,2375,MENU,103900,False,103900,,False,536.6,9,formula_read,MENU,49259,False,49259,,False,,,
539.1,5,0,0,283,432,2,4,16597,2375,MENU,103900,False,103900,,False,536.6,9,formula_read,MENU,49259,False,49259,,False,,,
539.1333333333333,5,0,0,283,432,2,4,16597,2375,MENU,103900,False,103900,,False,536.6,9,formula_read,MENU,49259,False,49259,,False,,,
539.1666666666666,5,0,0,283,432,2,4,16597,2375,MENU,103900,False,103900,,False,536.6,9,formula_read,MENU,49259,False,49259,,False,,,
539.2,5,0,0,283,432,2,4,16597,2375,MENU,103900,False,103900,,False,536.6,9,formula_read,MENU,49259,False,49259,,False,,,
539.2333333333333,5,0,0,283,432,2,4,16597,2375,MENU,103900,False,103900,,False,536.6,9,formula_read,MENU,49259,False,49259,,False,,,
539.2666666666667,5,0,0,283,432,2,4,16597,2375,MENU,103900,False,103900,,False,536.6,9,formula_read,MENU,49259,False,49259,,False,,,
539.3,5,0,0,283,432,2,4,16597,2375,MENU,103900,False,103900,,False,536.6,9,formula_read,MENU,49259,False,49259,,False,,,
539.3333333333334,5,0,0,283,432,2,4,16597,2375,MENU,103900,False,103900,,False,536.6,9,formula_read,MENU,49259,False,49259,,False,,,
539.3666666666667,5,0,0,283,432,2,4,16597,2375,MENU,103900,False,103900,,False,536.6,9,formula_read,MENU,49259,False,49259,,False,,,
539.4,5,0,0,283,432,2,4,16597,2375,MENU,103900,False,103900,,False,536.6,9,formula_read,MENU,49259,False,49259,,False,,,
539.4333333333333,5,0,0,283,432,2,4,16597,2375,MENU,103900,False,103900,,False,536.6,9,formula_read,MENU,49259,False,49259,,False,,,
539.4666666666667,5,0,0,283,432,2,4,16597,2375,MENU,103900,False,103900,,False,536.6,9,formula_read,MENU,49259,False,49259,,False,,,
539.5,5,0,0,283,432,2,4,16597,2375,MENU,103900,False,103900,,False,536.6,9,formula_read,MENU,49259,False,49259,,False,,,
539.5333333333333,5,0,0,283,432,2,4,16597,2375,MENU,103900,False,103900,,False,536.6,9,formula_read,MENU,49259,False,49259,,False,,,
539.5666666666667,5,0,0,283,432,2,4,16597,2375,MENU,103900,False,103900,,False,536.6,9,formula_read,MENU,49259,False,49259,,False,,,
539.6,5,0,0,283,432,2,4,16597,2375,MENU,103900,False,103900,,False,536.6,9,formula_read,MENU,49259,False,49259,,False,,,
539.6333333333333,5,0,0,283,432,2,4,16597,2375,MENU,103900,False,103900,,False,536.6,9,formula_read,MENU,49259,False,49259,,False,,,
539.6666666666666,5,0,0,283,432,2,4,16597,2375,MENU,103900,False,103900,,False,536.6,9,formula_read,MENU,49259,False,49259,,False,,,
539.7,5,0,0,283,432,2,4,16597,2375,MENU,103900,False,103900,,False,536.6,9,formula_read,MENU,49259,False,49259,,False,,,
539.7333333333333,5,0,0,283,432,2,4,16597,2375,MENU,103900,False,103900,,False,536.6,9,formula_read,MENU,49259,False,49259,,False,,,
539.7666666666667,5,0,0,283,432,2,4,16597,2375,MENU,103900,False,103900,,False,536.6,9,formula_read,MENU,49259,False,49259,,False,,,
539.8,5,0,0,283,432,2,4,16597,2375,MENU,103900,False,103900,,False,536.6,9,formula_read,MENU,49259,False,49259,,False,,,
539.8333333333334,5,0,0,283,432,2,4,16597,2375,MENU,103900,False,103900,,False,536.6,9,formula_read,MENU,49259,False,49259,,False,,,
539.8666666666667,5,0,0,283,432,2,4,16597,2375,MENU,103900,False,103900,,False,536.6,9,formula_read,MENU,49259,False,49259,,False,,,
539.9,5,0,0,283,432,2,4,16597,2375,MENU,103900,False,103900,,False,536.6,9,formula_read,MENU,49259,False,49259,,False,,,
539.9333333333333,5,0,0,283,432,2,4,16597,2375,MENU,103900,False,103900,,False,536.6,9,formula_read,MENU,49259,False,49259,,False,,,
539.9666666666667,5,0,0,283,432,2,4,16597,2375,MENU,103900,False,103900,,False,536.6,9,formula_read,MENU,49259,False,49259,,False,,,
540.0,5,0,0,283,432,2,4,16597,2375,MENU,103900,False,103900,,False,536.6,9,formula_read,MENU,49259,False,49259,,False,,,
