t_sec,game,net_balance_capped,forecast_p1,total_dropped_to_p1,total_dropped_to_p2,finalized_count_p1,finalized_count_p2,chain_total_score_p1,chain_total_score_p2,1P_state,1P_score,1P_next_slide_motion,1P_displayed,1P_formula,1P_visible,1P_trigger,1P_count,1P_mechanism,2P_state,2P_score,2P_next_slide_motion,2P_displayed,2P_formula,2P_visible,2P_trigger,2P_count,2P_mechanism
825.0,13,0,0,0,0,0,0,0,0,STABLE,2948,False,2948,2670,False,,,,CHAIN,3113,False,,5440,True,824.8333333333334,5,formula_read
825.0333333333333,13,0,0,0,0,0,0,0,0,STABLE,2948,False,2948,2670,False,,,,CHAIN,3113,False,,5440,True,824.8333333333334,5,formula_read
825.0666666666667,13,0,0,0,0,0,0,0,0,STABLE,2948,False,2948,2670,False,,,,CHAIN,3113,False,,5440,True,824.8333333333334,5,formula_read
825.1,13,0,0,0,0,0,0,0,0,STABLE,2948,False,2948,2670,False,,,,CHAIN,3113,False,,5440,True,824.8333333333334,5,formula_read
825.1333333333333,13,0,0,0,0,0,0,0,0,STABLE,2948,False,2948,2670,False,,,,CHAIN,3113,False,,5440,True,824.8333333333334,5,formula_read
825.1666666666666,13,0,0,0,0,0,0,0,0,STABLE,2948,False,2948,2670,False,,,,CHAIN,3113,False,,5440,True,824.8333333333334,5,formula_read
825.2,13,0,0,0,0,0,0,0,0,STABLE,2948,False,2948,2670,False,,,,CHAIN,3113,False,,5440,True,824.8333333333334,5,formula_read
825.2333333333333,13,0,0,0,0,0,0,0,0,STABLE,2948,False,2948,2670,False,,,,CHAIN,3113,False,,5440,True,824.8333333333334,5,formula_read
825.2666666666667,13,0,0,0,0,0,0,0,0,STABLE,2948,False,2948,2670,False,,,,CHAIN,3113,False,,5440,True,824.8333333333334,5,formula_read
825.3,13,0,0,0,0,0,0,0,0,STABLE,2948,True,2948,2670,False,,,,CHAIN,3113,False,,5440,True,824.8333333333334,5,formula_read
825.3333333333334,13,0,0,0,0,0,0,0,0,STABLE,2948,False,2948,2670,False,,,,CHAIN,3113,False,,5440,True,824.8333333333334,5,formula_read
825.3666666666667,13,0,0,0,0,0,0,0,0,STABLE,2948,False,2948,2670,False,,,,CHAIN,3113,False,,5440,True,824.8333333333334,5,formula_read
825.4,13,0,0,0,0,0,0,0,0,STABLE,2948,False,2948,2670,False,,,,CHAIN,3113,False,,5440,True,824.8333333333334,5,formula_read
825.4333333333333,13,0,0,0,0,0,0,0,0,STABLE,2948,False,2948,2670,False,,,,CHAIN,3113,False,,5440,True,824.8333333333334,5,formula_read
825.4666666666667,13,0,0,0,0,0,0,0,0,STABLE,2949,False,2949,2670,False,,,,CHAIN,3113,False,,5440,True,824.8333333333334,5,formula_read
825.5,13,0,0,0,0,0,0,0,0,STABLE,2950,True,2950,2670,False,,,,CHAIN,3113,False,,5440,True,824.8333333333334,5,formula_read
825.5333333333333,13,0,0,0,0,0,0,0,0,STABLE,2951,False,2951,2670,False,,,,CHAIN,3113,False,,5440,True,824.8333333333334,5,formula_read
825.5666666666667,13,0,0,0,0,0,0,0,0,OJAMA_FALL,2952,False,2952,2670,False,,,,CHAIN,3113,False,,5440,True,824.8333333333334,5,formula_read
825.6,13,0,0,0,0,0,0,0,0,STABLE,2954,False,2954,2670,False,,,,CHAIN,3113,False,,5440,True,824.8333333333334,5,formula_read
825.6333333333333,13,0,0,0,0,0,0,0,0,STABLE,2954,False,2954,2670,False,,,,CHAIN,3113,False,,5440,True,824.8333333333334,5,formula_read
825.6666666666666,13,0,0,0,0,0,0,0,0,TSUMO_FALL,2954,False,2954,2670,False,,,,CHAIN,3113,False,,5440,True,824.8333333333334,5,formula_read
825.7,13,0,0,0,0,0,0,0,0,OJAMA_FALL,2954,False,2954,2670,False,,,,CHAIN,5673,False,5673,5440,False,824.8333333333334,5,formula_read
825.7333333333333,13,0,0,0,0,0,0,0,0,OJAMA_FALL,2954,False,2954,2670,False,,,,CHAIN,5673,False,5673,5440,False,824.8333333333334,5,formula_read
825.7666666666667,13,0,0,0,0,0,0,0,0,OJAMA_FALL,2954,False,2954,2670,False,,,,CHAIN,5673,False,5673,5440,False,824.8333333333334,5,formula_read
825.8,13,0,0,0,0,0,0,0,0,OJAMA_FALL,2954,False,2954,2670,False,,,,CHAIN,5673,False,5673,5440,False,824.8333333333334,5,formula_read
825.8333333333334,13,0,0,0,0,0,0,0,0,OJAMA_FALL,2954,False,2954,2670,False,,,,CHAIN,5673,False,5673,5440,False,824.8333333333334,5,formula_read
825.8666666666667,13,0,0,0,0,0,0,0,0,OJAMA_FALL,2954,False,,,True,,,,CHAIN,5673,False,5673,5440,False,824.8333333333334,5,formula_read
825.9,13,0,0,0,0,0,0,0,0,CHAIN,2954,False,,40,True,825.9,1,formula_read,CHAIN,5673,False,5673,5440,False,824.8333333333334,5,formula_read
825.9333333333333,13,0,0,0,0,0,0,0,0,CHAIN,2954,False,,40,True,825.9,1,formula_read,CHAIN,5673,False,5673,5440,False,824.8333333333334,5,formula_read
825.9666666666667,13,0,0,0,0,0,0,0,0,CHAIN,2954,False,,40,True,825.9,1,formula_read,CHAIN,5673,False,5673,5440,False,824.8333333333334,5,formula_read
826.0,13,0,0,0,0,0,0,0,0,CHAIN,2954,False,,40,True,825.9,1,formula_read,CHAIN,5673,False,5673,5440,False,824.8333333333334,5,formula_read
826.0333333333333,13,0,0,0,0,0,0,0,0,CHAIN,2954,False,,40,True,825.9,1,formula_read,CHAIN,5673,False,5673,5440,False,824.8333333333334,5,formula_read
826.0666666666667,13,0,0,0,0,0,0,0,0,CHAIN,2954,False,,40,True,825.9,1,formula_read,CHAIN,5673,False,5673,5440,False,824.8333333333334,5,formula_read
826.1,13,0,0,0,0,0,0,0,0,CHAIN,2954,False,,40,True,825.9,1,formula_read,CHAIN,5673,False,5673,5440,False,824.8333333333334,5,formula_read
826.1333333333333,13,0,0,0,0,0,0,0,0,CHAIN,2954,False,,40,True,825.9,1,formula_read,CHAIN,5673,False,5673,5440,False,824.8333333333334,5,formula_read
826.1666666666666,13,0,0,0,0,0,0,0,0,CHAIN,2954,False,,40,True,825.9,1,formula_read,CHAIN,5673,False,5673,5440,False,824.8333333333334,5,formula_read
826.2,13,0,0,0,0,0,0,0,0,CHAIN,2954,False,,40,True,825.9,1,formula_read,GRAVITY_SETTLE,5673,True,5673,5440,False,,,
826.2333333333333,13,0,0,0,0,0,0,0,0,CHAIN,2954,False,,40,True,825.9,1,formula_read,STABLE,5673,False,5673,5440,False,,,
826.2666666666667,13,0,0,0,0,0,0,0,0,CHAIN,2954,False,,40,True,825.9,1,formula_read,STABLE,5673,False,5673,5440,False,,,
826.3,13,0,0,0,0,0,0,0,0,CHAIN,2954,False,,40,True,825.9,1,formula_read,STABLE,5673,False,5673,5440,False,,,
826.3333333333334,13,0,0,0,0,0,0,0,0,CHAIN,2954,False,,40,True,825.9,1,formula_read,STABLE,5673,False,5673,5440,False,,,
826.3666666666667,13,0,0,0,0,0,0,0,0,CHAIN,2954,False,,40,True,825.9,1,formula_read,STABLE,5673,False,5673,5440,False,,,
826.4,13,0,0,0,0,0,0,0,0,CHAIN,2954,False,,40,True,825.9,1,formula_read,STABLE,5673,False,5673,5440,False,,,
826.4333333333333,13,0,0,0,0,0,0,0,0,CHAIN,2954,False,,40,True,825.9,1,formula_read,STABLE,5673,False,5673,5440,False,,,
826.4666666666667,13,0,0,0,0,0,0,0,0,CHAIN,2954,False,,40,True,825.9,1,formula_read,STABLE,5674,False,5674,5440,False,,,
826.5,13,0,0,0,0,0,0,0,0,CHAIN,2954,False,,40,True,825.9,1,formula_read,STABLE,5675,False,5675,5440,False,,,
826.5333333333333,13,0,0,0,0,0,0,0,0,CHAIN,2954,False,,40,True,825.9,1,formula_read,STABLE,5676,False,5676,5440,False,,,
826.5666666666667,13,0,0,0,0,0,0,0,0,CHAIN,2954,False,,40,True,825.9,1,formula_read,STABLE,5677,False,5677,5440,False,,,
826.6,13,0,0,0,0,0,0,0,0,CHAIN,2954,False,,40,True,825.9,1,formula_read,STABLE,5678,False,5678,5440,False,,,
826.6333333333333,13,0,0,0,0,0,0,0,0,CHAIN,2954,False,,40,True,825.9,1,formula_read,STABLE,5679,False,5679,5440,False,,,
826.6666666666666,13,0,0,0,0,0,0,0,0,CHAIN,2954,False,,40,True,825.9,1,formula_read,STABLE,5681,False,5681,5440,False,,,
826.7,13,0,0,0,0,0,0,0,0,CHAIN,2954,False,,40,True,825.9,1,formula_read,TSUMO_FALL,5683,False,5683,5440,False,,,
826.7333333333333,13,0,0,0,0,0,0,0,0,CHAIN,2954,False,,40,True,825.9,1,formula_read,TSUMO_FALL,5683,False,5683,5440,False,,,
826.7666666666667,13,0,0,0,0,0,0,0,0,CHAIN,2954,False,,40,True,825.9,1,formula_read,STABLE,5683,False,5683,5440,False,,,
826.8,13,0,0,0,0,0,0,0,0,CHAIN,2954,False,,40,True,825.9,1,formula_read,STABLE,5683,False,5683,5440,False,,,
826.8333333333334,13,0,0,0,0,0,0,0,0,CHAIN,2994,False,2994,40,False,825.9,1,formula_read,STABLE,5683,False,5683,5440,False,,,
826.8666666666667,13,0,0,0,0,0,0,0,0,CHAIN,2994,False,2994,40,False,825.9,1,formula_read,STABLE,5683,False,5683,5440,False,,,
826.9,13,0,0,0,0,0,0,0,0,CHAIN,2994,False,2994,40,False,825.9,1,formula_read,STABLE,5683,False,5683,5440,False,,,
826.9333333333333,13,0,0,0,0,0,0,0,0,CHAIN,2994,False,2994,40,False,825.9,1,formula_read,STABLE,5683,False,5683,5440,False,,,
826.9666666666667,13,0,0,0,0,0,0,0,0,CHAIN,2994,False,2994,40,False,825.9,1,formula_read,STABLE,5683,False,5683,5440,False,,,
827.0,13,0,0,0,0,0,0,0,0,CHAIN,2994,False,2994,40,False,825.9,1,formula_read,STABLE,5683,True,5683,5440,False,,,
827.0333333333333,13,0,0,0,0,0,0,0,0,CHAIN,2994,False,2994,40,False,825.9,1,formula_read,STABLE,5683,False,5683,5440,False,,,
827.0666666666667,13,0,0,0,0,0,0,0,0,CHAIN,2994,False,2994,40,False,825.9,1,formula_read,STABLE,5683,False,5683,5440,False,,,
827.1,13,0,0,0,0,0,0,0,0,CHAIN,2994,False,2994,40,False,825.9,1,formula_read,STABLE,5683,False,5683,5440,False,,,
827.1333333333333,13,0,0,0,0,0,0,0,0,CHAIN,2994,False,2994,40,False,825.9,1,formula_read,STABLE,5683,False,5683,5440,False,,,
827.1666666666666,13,0,0,0,0,0,0,0,0,CHAIN,2994,False,2994,40,False,825.9,1,formula_read,STABLE,5683,False,5683,5440,False,,,
827.2,13,0,0,0,0,0,0,0,0,CHAIN,2994,False,2994,40,False,825.9,1,formula_read,STABLE,5683,False,5683,5440,False,,,
827.2333333333333,13,0,0,0,0,0,0,0,0,CHAIN,2994,False,2994,40,False,825.9,1,formula_read,STABLE,5685,False,5685,5440,False,,,
827.2666666666667,13,0,0,0,0,0,0,0,0,CHAIN,2994,False,2994,40,False,825.9,1,formula_read,STABLE,5686,False,5686,5440,False,,,
827.3,13,0,0,0,0,0,0,0,0,CHAIN,2994,False,,40,True,825.9,1,formula_read,STABLE,5687,False,5687,5440,False,,,
827.3333333333334,13,0,0,0,0,0,0,0,0,CHAIN,2994,False,,540,True,825.9,2,formula_read,STABLE,5688,False,5688,5440,False,,,
827.3666666666667,13,0,0,0,0,0,0,0,0,CHAIN,2994,False,,540,True,825.9,2,formula_read,STABLE,5688,False,5688,5440,False,,,
827.4,13,0,0,0,0,0,0,0,0,CHAIN,2994,False,,540,True,825.9,2,formula_read,STABLE,5688,False,5688,5440,False,,,
827.4333333333333,13,0,0,0,0,0,0,0,0,CHAIN,2994,False,,540,True,825.9,2,formula_read,STABLE,5690,False,5690,5440,False,,,
827.4666666666667,13,0,0,0,0,0,0,0,0,CHAIN,2994,False,,540,True,825.9,2,formula_read,TSUMO_FALL,5691,False,5691,5440,False,,,
827.5,13,0,0,0,0,0,0,0,0,CHAIN,2994,False,,540,True,825.9,2,formula_read,TSUMO_FALL,5691,False,5691,5440,False,,,
827.5333333333333,13,0,0,0,0,0,0,0,0,CHAIN,2994,False,,540,True,825.9,2,formula_read,STABLE,5691,False,5691,5440,False,,,
827.5666666666667,13,0,0,0,0,0,0,0,0,CHAIN,2994,False,,540,True,825.9,2,formula_read,STABLE,5691,False,5691,5440,False,,,
827.6,13,0,0,0,0,0,0,0,0,CHAIN,2994,False,,540,True,825.9,2,formula_read,STABLE,5691,False,5691,5440,False,,,
827.6333333333333,13,0,0,0,0,0,0,0,0,CHAIN,2994,False,,540,True,825.9,2,formula_read,STABLE,5691,False,5691,5440,False,,,
827.6666666666666,13,0,0,0,0,0,0,0,0,CHAIN,2994,False,,540,True,825.9,2,formula_read,STABLE,5691,False,5691,5440,False,,,
827.7,13,0,0,0,0,0,0,0,0,CHAIN,2994,False,,540,True,825.9,2,formula_read,STABLE,5691,False,5691,5440,False,,,
827.7333333333333,13,0,0,0,0,0,0,0,0,CHAIN,2994,False,,540,True,825.9,2,formula_read,STABLE,5691,False,5691,5440,False,,,
827.7666666666667,13,0,0,0,0,0,0,0,0,CHAIN,2994,False,,540,True,825.9,2,formula_read,STABLE,5691,True,5691,5440,False,,,
827.8,13,0,0,0,0,0,0,0,0,CHAIN,2994,False,,540,True,825.9,2,formula_read,STABLE,5691,False,5691,5440,False,,,
827.8333333333334,13,0,0,0,0,0,0,0,0,CHAIN,2994,False,,540,True,825.9,2,formula_read,STABLE,5691,False,5691,5440,False,,,
827.8666666666667,13,0,0,0,0,0,0,0,0,CHAIN,2994,False,,540,True,825.9,2,formula_read,STABLE,5691,False,5691,5440,False,,,
827.9,13,0,0,0,0,0,0,0,0,CHAIN,2994,False,,540,True,825.9,2,formula_read,STABLE,5691,False,5691,5440,False,,,
827.9333333333333,13,0,0,0,0,0,0,0,0,CHAIN,2994,False,,540,True,825.9,2,formula_read,STABLE,5692,False,5692,5440,False,,,
827.9666666666667,13,0,0,0,0,0,0,0,0,CHAIN,2994,False,,540,True,825.9,2,formula_read,STABLE,5693,False,5693,5440,False,,,
828.0,13,0,0,0,0,0,0,0,0,CHAIN,2994,False,,540,True,825.9,2,formula_read,STABLE,5694,False,5694,5440,False,,,
828.0333333333333,13,0,0,0,0,0,0,0,0,CHAIN,2994,False,,540,True,825.9,2,formula_read,STABLE,5695,False,5695,5440,False,,,
828.0666666666667,13,0,0,0,0,0,0,0,0,CHAIN,2994,False,,540,True,825.9,2,formula_read,STABLE,5696,False,5696,5440,False,,,
828.1,13,0,0,0,0,0,0,0,0,CHAIN,2994,False,,540,True,825.9,2,formula_read,STABLE,5697,False,5697,5440,False,,,
828.1333333333333,13,0,0,0,0,0,0,0,0,CHAIN,2994,False,,540,True,825.9,2,formula_read,TSUMO_FALL,5698,False,5698,5440,False,,,
828.1666666666666,13,0,0,0,0,0,0,0,0,CHAIN,2994,False,,540,True,825.9,2,formula_read,TSUMO_FALL,5699,False,5699,5440,False,,,
828.2,13,0,0,0,0,0,0,0,0,CHAIN,2994,False,,540,True,825.9,2,formula_read,TSUMO_FALL,5699,False,5699,5440,False,,,
828.2333333333333,13,0,0,0,0,0,0,0,0,CHAIN,3494,False,3494,540,False,825.9,2,formula_read,OJAMA_FALL,5700,False,5700,5440,False,,,
828.2666666666667,13,0,0,0,0,0,0,0,0,CHAIN,3494,False,3494,540,False,825.9,2,formula_read,OJAMA_FALL,5700,False,5700,5440,False,,,
828.3,13,0,0,0,0,0,0,0,0,CHAIN,3494,False,3494,540,False,825.9,2,formula_read,OJAMA_FALL,5700,False,5700,5440,False,,,
828.3333333333334,13,0,0,0,0,0,0,0,0,CHAIN,3494,False,3494,540,False,825.9,2,formula_read,OJAMA_FALL,5700,False,5700,5440,False,,,
828.3666666666667,13,0,0,0,0,0,0,0,0,CHAIN,3494,False,3494,540,False,825.9,2,formula_read,OJAMA_FALL,5700,False,5700,5440,False,,,
828.4,13,0,0,0,0,0,0,0,0,CHAIN,3494,False,3494,540,False,825.9,2,formula_read,OJAMA_FALL,5700,False,5700,5440,False,,,
828.4333333333333,13,0,0,0,0,0,0,0,0,CHAIN,3494,False,3494,540,False,825.9,2,formula_read,OJAMA_FALL,5700,False,5700,5440,False,,,
828.4666666666667,13,0,0,0,0,0,0,0,0,CHAIN,3494,False,3494,540,False,825.9,2,formula_read,STABLE,5700,True,5700,5440,False,,,
828.5,13,0,0,0,0,0,0,0,0,CHAIN,3494,False,3494,540,False,825.9,2,formula_read,TSUMO_FALL,5700,False,5700,5440,False,,,
828.5333333333333,13,0,0,0,0,0,0,0,0,CHAIN,3494,False,3494,540,False,825.9,2,formula_read,TSUMO_FALL,5700,False,5700,5440,False,,,
828.5666666666667,13,0,0,0,0,0,0,0,0,CHAIN,3494,False,3494,540,False,825.9,2,formula_read,STABLE,5700,False,5700,5440,False,,,
828.6,13,0,0,0,0,0,0,0,0,CHAIN,3494,False,3494,540,False,825.9,2,formula_read,STABLE,5700,False,5700,5440,False,,,
828.6333333333333,13,0,0,0,0,0,0,0,0,CHAIN,3494,False,3494,540,False,825.9,2,formula_read,STABLE,5700,False,5700,5440,False,,,
828.6666666666666,13,0,0,0,0,0,0,0,0,CHAIN,3494,False,,540,True,825.9,2,formula_read,STABLE,5701,False,5701,5440,False,,,
828.7,13,0,0,0,0,0,0,0,0,CHAIN,3494,False,,1680,True,825.9,3,formula_read,STABLE,5702,False,5702,5440,False,,,
828.7333333333333,13,0,0,0,0,0,0,0,0,CHAIN,3494,False,,1680,True,825.9,3,formula_read,STABLE,5703,False,5703,5440,False,,,
828.7666666666667,13,0,0,0,0,0,0,0,0,CHAIN,3494,False,,1680,True,825.9,3,formula_read,STABLE,5704,False,5704,5440,False,,,
828.8,13,0,0,0,0,0,0,0,0,CHAIN,3494,False,,1680,True,825.9,3,formula_read,TSUMO_FALL,5705,False,5705,5440,False,,,
828.8333333333334,13,0,0,0,0,0,0,0,0,CHAIN,3494,False,,1680,True,825.9,3,formula_read,TSUMO_FALL,5707,False,5707,5440,False,,,
828.8666666666667,13,0,0,0,0,0,0,0,0,CHAIN,3494,False,,1680,True,825.9,3,formula_read,STABLE,5707,False,5707,5440,False,,,
828.9,13,0,0,0,0,0,0,0,0,CHAIN,3494,False,,1680,True,825.9,3,formula_read,STABLE,5707,False,5707,5440,False,,,
828.9333333333333,13,0,0,0,0,0,0,0,0,CHAIN,3494,False,,1680,True,825.9,3,formula_read,STABLE,5707,False,5707,5440,False,,,
828.9666666666667,13,0,0,0,0,0,0,0,0,CHAIN,3494,False,,1680,True,825.9,3,formula_read,STABLE,5707,False,5707,5440,False,,,
829.0,13,0,0,0,0,0,0,0,0,CHAIN,3494,False,,1680,True,825.9,3,formula_read,STABLE,5707,False,5707,5440,False,,,
829.0333333333333,13,0,0,0,0,0,0,0,0,CHAIN,3494,False,,1680,True,825.9,3,formula_read,STABLE,5707,False,5707,5440,False,,,
829.0666666666667,13,0,0,0,0,0,0,0,0,CHAIN,3494,False,,1680,True,825.9,3,formula_read,STABLE,5707,False,5707,5440,False,,,
829.1,13,0,0,0,0,0,0,0,0,CHAIN,3494,False,,1680,True,825.9,3,formula_read,STABLE,5707,False,5707,5440,False,,,
829.1333333333333,13,0,0,0,0,0,0,0,0,CHAIN,3494,False,,1680,True,825.9,3,formula_read,STABLE,5707,True,5707,5440,False,,,
829.1666666666666,13,0,0,0,0,0,0,0,0,CHAIN,3494,False,,1680,True,825.9,3,formula_read,STABLE,5707,False,5707,5440,False,,,
829.2,13,0,0,0,0,0,0,0,0,CHAIN,3494,False,,1680,True,825.9,3,formula_read,STABLE,5707,False,5707,5440,False,,,
829.2333333333333,13,0,0,0,0,0,0,0,0,CHAIN,3494,False,,1680,True,825.9,3,formula_read,STABLE,5707,False,5707,5440,False,,,
829.2666666666667,13,0,0,0,0,0,0,0,0,CHAIN,3494,False,,1680,True,825.9,3,formula_read,STABLE,5707,False,5707,5440,False,,,
829.3,13,0,0,0,0,0,0,0,0,CHAIN,3494,False,,1680,True,825.9,3,formula_read,STABLE,5707,False,5707,5440,False,,,
829.3333333333334,13,0,0,0,0,0,0,0,0,CHAIN,3494,False,,1680,True,825.9,3,formula_read,STABLE,5708,False,5708,5440,False,,,
829.3666666666667,13,0,0,0,0,0,0,0,0,CHAIN,3494,False,,1680,True,825.9,3,formula_read,STABLE,5709,False,5709,5440,False,,,
829.4,13,0,0,0,0,0,0,0,0,CHAIN,3494,False,,1680,True,825.9,3,formula_read,STABLE,5710,False,5710,5440,False,,,
829.4333333333333,13,0,0,0,0,0,0,0,0,CHAIN,3494,False,,1680,True,825.9,3,formula_read,TSUMO_FALL,5711,False,5711,5440,False,,,
829.4666666666667,13,0,0,0,0,0,0,0,0,CHAIN,3494,False,,1680,True,825.9,3,formula_read,TSUMO_FALL,5712,False,5712,5440,False,,,
829.5,13,0,0,0,0,0,0,0,0,CHAIN,3494,False,,1680,True,825.9,3,formula_read,STABLE,5712,False,5712,5440,False,,,
829.5333333333333,13,0,0,0,0,0,0,0,0,CHAIN,3494,False,,1680,True,825.9,3,formula_read,STABLE,5712,False,5712,5440,False,,,
829.5666666666667,13,0,0,0,0,0,0,0,0,CHAIN,3494,False,,1680,True,825.9,3,formula_read,STABLE,5712,False,5712,5440,False,,,
829.6,13,0,0,0,0,0,0,0,0,CHAIN,4634,False,4634,1680,False,825.9,3,formula_read,OJAMA_FALL,5712,False,5712,5440,False,,,
829.6333333333333,13,0,0,0,0,0,0,0,0,CHAIN,4634,False,4634,1680,False,825.9,3,formula_read,OJAMA_FALL,5712,False,5712,5440,False,,,
829.6666666666666,13,0,0,0,0,0,0,0,0,CHAIN,4634,False,4634,1680,False,825.9,3,formula_read,OJAMA_FALL,5712,False,5712,5440,False,,,
829.7,13,0,0,0,0,0,0,0,0,CHAIN,4634,False,4634,1680,False,825.9,3,formula_read,OJAMA_FALL,5712,False,5712,5440,False,,,
829.7333333333333,13,0,0,0,0,0,0,0,0,CHAIN,4634,False,4634,1680,False,825.9,3,formula_read,STABLE,5712,True,5712,5440,False,,,
829.7666666666667,13,0,0,0,0,0,0,0,0,CHAIN,4634,False,4634,1680,False,825.9,3,formula_read,STABLE,5712,False,5712,5440,False,,,
829.8,13,0,0,0,0,0,0,0,0,CHAIN,4634,False,4634,1680,False,825.9,3,formula_read,STABLE,5712,False,5712,5440,False,,,
829.8333333333334,13,0,0,0,0,0,0,0,0,CHAIN,4634,False,4634,1680,False,825.9,3,formula_read,STABLE,5712,False,5712,5440,False,,,
829.8666666666667,13,0,0,0,0,0,0,0,0,CHAIN,4634,False,4634,1680,False,825.9,3,formula_read,STABLE,5712,False,5712,5440,False,,,
829.9,13,0,0,0,0,0,0,0,0,CHAIN,4634,False,4634,1680,False,825.9,3,formula_read,STABLE,5712,False,5712,5440,False,,,
829.9333333333333,13,0,0,0,0,0,0,0,0,CHAIN,4634,False,4634,1680,False,825.9,3,formula_read,STABLE,5712,False,5712,5440,False,,,
829.9666666666667,13,0,0,0,0,0,0,0,0,CHAIN,4634,False,4634,1680,False,825.9,3,formula_read,STABLE,5712,False,5712,5440,False,,,
830.0,13,0,0,0,0,0,0,0,0,CHAIN,4634,False,4634,1680,False,825.9,3,formula_read,STABLE,5713,False,5713,5440,False,,,
830.0333333333333,13,0,0,0,0,0,0,0,0,CHAIN,4634,False,,1680,True,825.9,3,formula_read,TSUMO_FALL,5714,False,5714,5440,False,,,
830.0666666666667,13,0,0,0,0,0,0,0,0,CHAIN,4634,False,,3380,True,825.9,4,formula_read,STABLE,5715,False,5715,5440,False,,,
830.1,13,0,0,0,0,0,0,0,0,CHAIN,4634,False,,3380,True,825.9,4,formula_read,STABLE,5715,False,5715,5440,False,,,
830.1333333333333,13,0,0,0,0,0,0,0,0,CHAIN,4634,False,,3380,True,825.9,4,formula_read,STABLE,5715,False,5715,5440,False,,,
830.1666666666666,13,0,0,0,0,0,0,0,0,CHAIN,4634,False,,3380,True,825.9,4,formula_read,STABLE,5715,False,5715,5440,False,,,
830.2,13,0,0,0,0,0,0,0,0,CHAIN,4634,False,,3380,True,825.9,4,formula_read,STABLE,5715,False,5715,5440,False,,,
830.2333333333333,13,0,0,0,0,0,0,0,0,CHAIN,4634,False,,3380,True,825.9,4,formula_read,STABLE,5715,False,5715,5440,False,,,
830.2666666666667,13,0,0,0,0,0,0,0,0,CHAIN,4634,False,,3380,True,825.9,4,formula_read,STABLE,5715,False,5715,5440,False,,,
830.3,13,0,0,0,0,0,0,0,0,CHAIN,4634,False,,3380,True,825.9,4,formula_read,STABLE,5715,False,5715,5440,False,,,
830.3333333333334,13,0,0,0,0,0,0,0,0,CHAIN,4634,False,,3380,True,825.9,4,formula_read,STABLE,5715,True,5715,5440,False,,,
830.3666666666667,13,0,0,0,0,0,0,0,0,CHAIN,4634,False,,3380,True,825.9,4,formula_read,STABLE,5715,False,5715,5440,False,,,
830.4,13,0,0,0,0,0,0,0,0,CHAIN,4634,False,,3380,True,825.9,4,formula_read,STABLE,5715,False,5715,5440,False,,,
830.4333333333333,13,0,0,0,0,0,0,0,0,CHAIN,4634,False,,3380,True,825.9,4,formula_read,STABLE,5715,False,5715,5440,False,,,
830.4666666666667,13,0,0,0,0,0,0,0,0,CHAIN,4634,False,,3380,True,825.9,4,formula_read,STABLE,5715,False,5715,5440,False,,,
830.5,13,0,0,0,0,0,0,0,0,CHAIN,4634,False,,3380,True,825.9,4,formula_read,STABLE,5715,False,5715,5440,False,,,
830.5333333333333,13,0,0,0,0,0,0,0,0,CHAIN,4634,False,,3380,True,825.9,4,formula_read,STABLE,5715,False,5715,5440,False,,,
830.5666666666667,13,0,0,0,0,0,0,0,0,CHAIN,4634,False,,3380,True,825.9,4,formula_read,STABLE,5715,False,5715,5440,False,,,
830.6,13,0,0,0,0,0,0,0,0,CHAIN,4634,False,,3380,True,825.9,4,formula_read,TSUMO_FALL,5717,False,5717,5440,False,,,
830.6333333333333,13,0,0,0,0,0,0,0,0,CHAIN,4634,False,,3380,True,825.9,4,formula_read,TSUMO_FALL,5717,False,5717,5440,False,,,
830.6666666666666,13,0,0,0,0,0,0,0,0,CHAIN,4634,False,,3380,True,825.9,4,formula_read,STABLE,5717,False,5717,5440,False,,,
830.7,13,0,0,0,0,0,0,0,0,CHAIN,4634,False,,3380,True,825.9,4,formula_read,STABLE,5717,False,5717,5440,False,,,
830.7333333333333,13,0,0,0,0,0,0,0,0,CHAIN,4634,False,,3380,True,825.9,4,formula_read,STABLE,5717,False,5717,5440,False,,,
830.7666666666667,13,0,0,0,0,0,0,0,0,CHAIN,4634,False,,3380,True,825.9,4,formula_read,STABLE,5717,False,5717,5440,False,,,
830.8,13,0,0,0,0,0,0,0,0,CHAIN,4634,False,,3380,True,825.9,4,formula_read,STABLE,5717,False,5717,5440,False,,,
830.8333333333334,13,0,0,0,0,0,0,0,0,CHAIN,4634,False,,3380,True,825.9,4,formula_read,STABLE,5717,False,5717,5440,False,,,
830.8666666666667,13,0,0,0,0,0,0,0,0,CHAIN,4634,False,,3380,True,825.9,4,formula_read,STABLE,5717,False,5717,5440,False,,,
830.9,13,0,0,0,0,0,0,0,0,CHAIN,4634,False,,3380,True,825.9,4,formula_read,STABLE,5717,True,5717,5440,False,,,
830.9333333333333,13,0,0,0,0,0,0,0,0,CHAIN,4634,False,,3380,True,825.9,4,formula_read,STABLE,5717,False,5717,5440,False,,,
830.9666666666667,13,0,0,0,0,0,0,0,0,GRAVITY_SETTLE,6334,True,6334,3380,False,,,,OJAMA_FALL,5717,False,5717,5440,False,,,
831.0,13,0,0,0,0,0,0,0,0,GRAVITY_SETTLE,6334,False,6334,3380,False,,,,OJAMA_FALL,5717,False,5717,5440,False,,,
831.0333333333333,13,0,0,0,0,0,0,0,0,GRAVITY_SETTLE,6334,False,6334,3380,False,,,,OJAMA_FALL,5717,False,5717,5440,False,,,
831.0666666666667,13,0,0,0,0,0,0,0,0,GRAVITY_SETTLE,6334,False,6334,3380,False,,,,STABLE,5718,False,5718,5440,False,,,
831.1,13,0,0,0,0,0,0,0,0,GRAVITY_SETTLE,6334,False,6334,3380,False,,,,STABLE,5719,False,5719,5440,False,,,
831.1333333333333,13,0,0,0,0,0,0,0,0,GRAVITY_SETTLE,6334,False,6334,3380,False,,,,STABLE,5720,True,5720,5440,False,,,
831.1666666666666,13,0,0,0,0,0,0,0,0,GRAVITY_SETTLE,6334,False,6334,3380,False,,,,STABLE,5721,False,5721,5440,False,,,
831.2,13,0,0,0,0,0,0,0,0,GRAVITY_SETTLE,6334,False,6334,3380,False,,,,STABLE,5721,False,5721,5440,False,,,
831.2333333333333,13,0,0,0,0,0,0,0,0,GRAVITY_SETTLE,6334,False,6334,3380,False,,,,STABLE,5721,False,5721,5440,False,,,
831.2666666666667,13,0,0,0,0,0,0,0,0,GRAVITY_SETTLE,6334,False,6334,3380,False,,,,STABLE,5721,False,5721,5440,False,,,
831.3,13,0,0,0,0,0,0,0,0,GRAVITY_SETTLE,6334,False,6334,3380,False,,,,STABLE,5721,False,5721,5440,False,,,
831.3333333333334,13,0,0,0,0,0,0,0,0,STABLE,6334,False,6334,3380,False,,,,STABLE,5721,False,5721,5440,False,,,
831.3666666666667,13,0,0,0,0,0,0,0,0,STABLE,6334,True,,3380,True,,,,STABLE,5721,False,5721,5440,False,,,
831.4,13,0,0,0,0,0,0,0,0,CHAIN,6334,False,,7400,True,831.4,5,formula_read,STABLE,5721,False,5721,5440,False,,,
831.4333333333333,13,0,0,0,0,0,0,0,0,CHAIN,6334,False,,7400,True,831.4,5,formula_read,STABLE,5721,False,5721,5440,False,,,
831.4666666666667,13,0,0,0,0,0,0,0,0,CHAIN,6334,False,,7400,True,831.4,5,formula_read,TSUMO_FALL,5721,False,5721,5440,False,,,
831.5,13,0,0,0,0,0,0,0,0,CHAIN,6334,False,,7400,True,831.4,5,formula_read,TSUMO_FALL,5721,False,5721,5440,False,,,
831.5333333333333,13,0,0,0,0,0,0,0,0,CHAIN,6334,False,,7400,True,831.4,5,formula_read,TSUMO_FALL,5721,False,5721,5440,False,,,
831.5666666666667,13,0,0,0,0,0,0,0,0,CHAIN,6334,False,,7400,True,831.4,5,formula_read,TSUMO_FALL,5721,False,5721,5440,False,,,
831.6,13,0,0,0,0,0,0,0,0,CHAIN,6334,False,,7400,True,831.4,5,formula_read,TSUMO_FALL,5721,False,5721,5440,False,,,
831.6333333333333,13,0,0,0,0,0,0,0,0,CHAIN,6334,False,,7400,True,831.4,5,formula_read,TSUMO_FALL,5721,False,5721,5440,False,,,
831.6666666666666,13,0,0,0,0,0,0,0,0,CHAIN,6334,False,,7400,True,831.4,5,formula_read,TSUMO_FALL,5721,False,5721,5440,False,,,
831.7,13,0,0,0,0,0,0,0,0,CHAIN,6334,False,,7400,True,831.4,5,formula_read,STABLE,5721,False,5721,5440,False,,,
831.7333333333333,13,0,0,0,0,0,0,0,0,CHAIN,6334,False,,7400,True,831.4,5,formula_read,STABLE,5721,False,5721,5440,False,,,
831.7666666666667,13,0,0,0,0,0,0,0,0,CHAIN,6334,False,,7400,True,831.4,5,formula_read,STABLE,5721,False,5721,5440,False,,,
831.8,13,-72,78,0,0,0,1,0,5488,CHAIN,6334,False,,7400,True,831.4,5,formula_read,STABLE,5721,False,5721,5440,False,,,
831.8333333333334,13,-72,78,0,0,0,1,0,5488,CHAIN,6334,False,,7400,True,831.4,5,formula_read,STABLE,5721,False,5721,5440,False,,,
831.8666666666667,13,-72,78,0,0,0,1,0,5488,CHAIN,6334,False,,7400,True,831.4,5,formula_read,STABLE,5721,False,5721,5440,False,,,
831.9,13,-72,78,0,0,0,1,0,5488,CHAIN,6334,False,,7400,True,831.4,5,formula_read,STABLE,5721,False,5721,5440,False,,,
831.9333333333333,13,-72,78,0,0,0,1,0,5488,CHAIN,6334,False,,7400,True,831.4,5,formula_read,STABLE,5721,False,5721,5440,False,,,
831.9666666666667,13,-72,78,0,0,0,1,0,5488,CHAIN,6334,False,,7400,True,831.4,5,formula_read,STABLE,5721,False,5721,5440,False,,,
832.0,13,-72,78,0,0,0,1,0,5488,CHAIN,6334,False,,7400,True,831.4,5,formula_read,STABLE,5721,False,5721,5440,False,,,
832.0333333333333,13,-72,78,0,0,0,1,0,5488,CHAIN,6334,False,,7400,True,831.4,5,formula_read,STABLE,5721,True,5721,5440,False,,,
832.0666666666667,13,-72,78,0,0,0,1,0,5488,CHAIN,6334,False,,7400,True,831.4,5,formula_read,STABLE,5721,False,5721,5440,False,,,
832.1,13,-72,78,0,0,0,1,0,5488,CHAIN,6334,False,,7400,True,831.4,5,formula_read,STABLE,5721,False,5721,5440,False,,,
832.1333333333333,13,-72,78,0,0,0,1,0,5488,CHAIN,6334,False,,7400,True,831.4,5,formula_read,STABLE,5721,False,5721,5440,False,,,
832.1666666666666,13,-72,78,0,0,0,1,0,5488,CHAIN,6334,False,,7400,True,831.4,5,formula_read,STABLE,5721,False,5721,5440,False,,,
832.2,13,-72,78,0,0,0,1,0,5488,CHAIN,6334,False,,7400,True,831.4,5,formula_read,STABLE,5722,False,5722,5440,False,,,
832.2333333333333,13,-72,78,0,0,0,1,0,5488,CHAIN,6334,False,,7400,True,831.4,5,formula_read,STABLE,5723,False,5723,5440,False,,,
832.2666666666667,13,-72,78,0,0,0,1,0,5488,CHAIN,6334,False,,7400,True,831.4,5,formula_read,STABLE,5724,False,5724,5440,False,,,
832.3,13,-72,78,0,0,0,1,0,5488,CHAIN,10354,False,10354,7400,False,831.4,5,formula_read,OJAMA_FALL,5725,False,5725,5440,False,,,
832.3333333333334,13,-72,78,0,0,0,1,0,5488,CHAIN,10354,False,10354,7400,False,831.4,5,formula_read,STABLE,5726,False,5726,5440,False,,,
832.3666666666667,13,-72,78,0,0,0,1,0,5488,CHAIN,10354,False,10354,7400,False,831.4,5,formula_read,STABLE,5727,False,5727,5440,False,,,
832.4,13,-72,78,0,0,0,1,0,5488,CHAIN,10354,False,10354,7400,False,831.4,5,formula_read,STABLE,5729,False,5729,5440,False,,,
832.4333333333333,13,-72,78,0,0,0,1,0,5488,CHAIN,10354,False,10354,7400,False,831.4,5,formula_read,STABLE,5729,False,5729,5440,False,,,
832.4666666666667,13,-72,78,0,0,0,1,0,5488,CHAIN,10354,False,10354,7400,False,831.4,5,formula_read,STABLE,5729,False,5729,5440,False,,,
832.5,13,-72,78,0,0,0,1,0,5488,CHAIN,10354,False,10354,7400,False,831.4,5,formula_read,STABLE,5729,False,5729,5440,False,,,
832.5333333333333,13,-72,78,0,0,0,1,0,5488,CHAIN,10354,False,10354,7400,False,831.4,5,formula_read,STABLE,5729,False,5729,5440,False,,,
832.5666666666667,13,-72,78,0,0,0,1,0,5488,CHAIN,10354,False,10354,7400,False,831.4,5,formula_read,STABLE,5729,False,5729,5440,False,,,
832.6,13,-72,78,0,0,0,1,0,5488,CHAIN,10354,False,10354,7400,False,831.4,5,formula_read,STABLE,5729,False,5729,5440,False,,,
832.6333333333333,13,-72,78,0,0,0,1,0,5488,CHAIN,10354,False,10354,7400,False,831.4,5,formula_read,STABLE,5729,False,5729,5440,False,,,
832.6666666666666,13,-72,78,0,0,0,1,0,5488,CHAIN,10354,False,10354,7400,False,831.4,5,formula_read,STABLE,5729,False,5729,5440,False,,,
832.7,13,-72,78,0,0,0,1,0,5488,CHAIN,10354,False,10354,7400,False,831.4,5,formula_read,STABLE,5729,True,5729,5440,False,,,
832.7333333333333,13,-72,78,0,0,0,1,0,5488,CHAIN,10354,False,10354,7400,False,831.4,5,formula_read,STABLE,5729,False,5729,5440,False,,,
832.7666666666667,13,-72,78,0,0,0,1,0,5488,CHAIN,10354,False,,7400,True,831.4,5,formula_read,STABLE,5729,False,5729,5440,False,,,
832.8,13,-72,78,0,0,0,1,0,5488,CHAIN,10354,False,,13340,True,831.4,6,formula_read,STABLE,5729,False,5729,5440,False,,,
832.8333333333334,13,-72,78,0,0,0,1,0,5488,CHAIN,10354,False,,13340,True,831.4,6,formula_read,STABLE,5729,False,5729,5440,False,,,
832.8666666666667,13,-72,78,0,0,0,1,0,5488,CHAIN,10354,False,,13340,True,831.4,6,formula_read,STABLE,5729,False,5729,5440,False,,,
832.9,13,-72,78,0,0,0,1,0,5488,CHAIN,10354,False,,13340,True,831.4,6,formula_read,STABLE,5729,False,5729,5440,False,,,
832.9333333333333,13,-72,78,0,0,0,1,0,5488,CHAIN,10354,False,,13340,True,831.4,6,formula_read,STABLE,5730,False,5730,5440,False,,,
832.9666666666667,13,-72,78,0,0,0,1,0,5488,CHAIN,10354,False,,13340,True,831.4,6,formula_read,STABLE,5732,False,5732,5440,False,,,
833.0,13,-72,78,0,0,0,1,0,5488,CHAIN,10354,False,,13340,True,831.4,6,formula_read,STABLE,5732,False,5732,5440,False,,,
833.0333333333333,13,-72,78,0,0,0,1,0,5488,CHAIN,10354,False,,13340,True,831.4,6,formula_read,STABLE,5732,False,5732,5440,False,,,
833.0666666666667,13,-72,78,0,0,0,1,0,5488,CHAIN,10354,False,,13340,True,831.4,6,formula_read,STABLE,5732,False,5732,5440,False,,,
833.1,13,-72,78,0,0,0,1,0,5488,CHAIN,10354,False,,13340,True,831.4,6,formula_read,STABLE,5732,False,5732,5440,False,,,
833.1333333333333,13,-72,78,0,0,0,1,0,5488,CHAIN,10354,False,,13340,True,831.4,6,formula_read,STABLE,5732,False,5732,5440,False,,,
833.1666666666666,13,-72,78,0,0,0,1,0,5488,CHAIN,10354,False,,13340,True,831.4,6,formula_read,STABLE,5732,False,5732,5440,False,,,
833.2,13,-72,78,0,0,0,1,0,5488,CHAIN,10354,False,,13340,True,831.4,6,formula_read,STABLE,5732,False,5732,5440,False,,,
833.2333333333333,13,-72,78,0,0,0,1,0,5488,CHAIN,10354,False,,13340,True,831.4,6,formula_read,STABLE,5732,False,5732,5440,False,,,
833.2666666666667,13,-72,78,0,0,0,1,0,5488,CHAIN,10354,False,,13340,True,831.4,6,formula_read,STABLE,5732,True,5732,5440,False,,,
833.3,13,-72,78,0,0,0,1,0,5488,CHAIN,10354,False,,13340,True,831.4,6,formula_read,STABLE,5732,False,5732,5440,False,,,
833.3333333333334,13,-72,78,0,0,0,1,0,5488,CHAIN,10354,False,,13340,True,831.4,6,formula_read,STABLE,5732,False,5732,5440,False,,,
833.3666666666667,13,-72,78,0,0,0,1,0,5488,CHAIN,10354,False,,13340,True,831.4,6,formula_read,STABLE,5732,False,5732,5440,False,,,
833.4,13,-72,78,0,0,0,1,0,5488,CHAIN,10354,False,,13340,True,831.4,6,formula_read,STABLE,5732,False,5732,5440,False,,,
833.4333333333333,13,-72,78,0,0,0,1,0,5488,CHAIN,10354,False,,13340,True,831.4,6,formula_read,STABLE,5732,False,5732,5440,False,,,
833.4666666666667,13,-72,78,0,0,0,1,0,5488,CHAIN,10354,False,,13340,True,831.4,6,formula_read,STABLE,5733,True,5733,5440,False,,,
833.5,13,-72,78,0,0,0,1,0,5488,CHAIN,10354,False,,13340,True,831.4,6,formula_read,STABLE,5734,False,5734,5440,False,,,
833.5333333333333,13,-72,78,0,0,0,1,0,5488,CHAIN,10354,False,,13340,True,831.4,6,formula_read,STABLE,5735,False,5735,5440,False,,,
833.5666666666667,13,-72,78,0,0,0,1,0,5488,CHAIN,10354,False,,13340,True,831.4,6,formula_read,TSUMO_FALL,5736,False,5736,5440,False,,,
833.6,13,-72,78,0,0,0,1,0,5488,CHAIN,10354,False,,13340,True,831.4,6,formula_read,TSUMO_FALL,5738,False,5738,5440,False,,,
833.6333333333333,13,-72,78,0,0,0,1,0,5488,CHAIN,10354,False,,13340,True,831.4,6,formula_read,TSUMO_FALL,5738,False,5738,5440,False,,,
833.6666666666666,13,-72,78,0,0,0,1,0,5488,CHAIN,10354,False,,13340,True,831.4,6,formula_read,TSUMO_FALL,5738,False,5738,5440,False,,,
833.7,13,-72,78,0,0,0,1,0,5488,CHAIN,16294,False,16294,13340,False,831.4,6,formula_read,OJAMA_FALL,5738,False,5738,5440,False,,,
833.7333333333333,13,-72,78,0,0,0,1,0,5488,CHAIN,16294,False,16294,13340,False,831.4,6,formula_read,OJAMA_FALL,5738,False,5738,5440,False,,,
833.7666666666667,13,-72,78,0,0,0,1,0,5488,CHAIN,16294,False,16294,13340,False,831.4,6,formula_read,OJAMA_FALL,5738,False,5738,5440,False,,,
833.8,13,-72,78,0,0,0,1,0,5488,CHAIN,16294,False,16294,13340,False,831.4,6,formula_read,OJAMA_FALL,5738,False,5738,5440,False,,,
833.8333333333334,13,-72,78,0,0,0,1,0,5488,CHAIN,16294,False,16294,13340,False,831.4,6,formula_read,OJAMA_FALL,5738,False,5738,5440,False,,,
833.8666666666667,13,-72,78,0,0,0,1,0,5488,CHAIN,16294,False,16294,13340,False,831.4,6,formula_read,OJAMA_FALL,5738,False,5738,5440,False,,,
833.9,13,-72,78,0,0,0,1,0,5488,CHAIN,16294,False,16294,13340,False,831.4,6,formula_read,STABLE,5738,True,5738,5440,False,,,
833.9333333333333,13,-72,78,0,0,0,1,0,5488,CHAIN,16294,False,16294,13340,False,831.4,6,formula_read,STABLE,5738,False,5738,5440,False,,,
833.9666666666667,13,-72,78,0,0,0,1,0,5488,CHAIN,16294,False,16294,13340,False,831.4,6,formula_read,STABLE,5738,False,5738,5440,False,,,
834.0,13,-72,78,0,0,0,1,0,5488,CHAIN,16294,False,16294,13340,False,831.4,6,formula_read,STABLE,5738,False,5738,5440,False,,,
834.0333333333333,13,-72,78,0,0,0,1,0,5488,CHAIN,16294,False,16294,13340,False,831.4,6,formula_read,STABLE,5738,False,5738,5440,False,,,
834.0666666666667,13,-72,78,0,0,0,1,0,5488,CHAIN,16294,False,16294,13340,False,831.4,6,formula_read,STABLE,5738,False,5738,5440,False,,,
834.1,13,-72,78,0,0,0,1,0,5488,CHAIN,16294,False,16294,13340,False,831.4,6,formula_read,OJAMA_FALL,5739,False,5739,5440,False,,,
834.1333333333333,13,-72,78,0,0,0,1,0,5488,CHAIN,16294,False,16294,13340,False,831.4,6,formula_read,STABLE,5740,False,5740,5440,False,,,
834.1666666666666,13,-72,78,0,0,0,1,0,5488,CHAIN,16294,False,,13340,True,831.4,6,formula_read,STABLE,5741,False,5741,5440,False,,,
834.2,13,-72,78,0,0,0,1,0,5488,CHAIN,16294,False,,19840,True,831.4,7,formula_read,TSUMO_FALL,5741,False,5741,5440,False,,,
834.2333333333333,13,-72,78,0,0,0,1,0,5488,CHAIN,16294,False,,19840,True,831.4,7,formula_read,TSUMO_FALL,5742,False,5742,5440,False,,,
834.2666666666667,13,-72,78,0,0,0,1,0,5488,CHAIN,16294,False,,19840,True,831.4,7,formula_read,STABLE,5742,False,5742,5440,False,,,
834.3,13,-72,78,0,0,0,1,0,5488,CHAIN,16294,False,,19840,True,831.4,7,formula_read,STABLE,5742,False,5742,5440,False,,,
834.3333333333334,13,-72,78,0,0,0,1,0,5488,CHAIN,16294,False,,19840,True,831.4,7,formula_read,TSUMO_FALL,5742,False,5742,5440,False,,,
834.3666666666667,13,-72,78,0,0,0,1,0,5488,CHAIN,16294,False,,19840,True,831.4,7,formula_read,TSUMO_FALL,5742,False,5742,5440,False,,,
834.4,13,-72,78,0,0,0,1,0,5488,CHAIN,16294,False,,19840,True,831.4,7,formula_read,STABLE,5742,False,5742,5440,False,,,
834.4333333333333,13,-72,78,0,0,0,1,0,5488,CHAIN,16294,False,,19840,True,831.4,7,formula_read,STABLE,5742,False,5742,5440,False,,,
834.4666666666667,13,-72,78,0,0,0,1,0,5488,CHAIN,16294,False,,19840,True,831.4,7,formula_read,STABLE,5742,True,5742,5440,False,,,
834.5,13,-72,78,0,0,0,1,0,5488,CHAIN,16294,False,,19840,True,831.4,7,formula_read,STABLE,5742,False,5742,5440,False,,,
834.5333333333333,13,-72,78,0,0,0,1,0,5488,CHAIN,16294,False,,19840,True,831.4,7,formula_read,STABLE,5742,False,5742,5440,False,,,
834.5666666666667,13,-72,78,0,0,0,1,0,5488,CHAIN,16294,False,,19840,True,831.4,7,formula_read,STABLE,5742,False,5742,5440,False,,,
834.6,13,-72,78,0,0,0,1,0,5488,CHAIN,16294,False,,19840,True,831.4,7,formula_read,STABLE,5742,False,5742,5440,False,,,
834.6333333333333,13,-72,78,0,0,0,1,0,5488,CHAIN,16294,False,,19840,True,831.4,7,formula_read,STABLE,5743,False,5743,5440,False,,,
834.6666666666666,13,-72,78,0,0,0,1,0,5488,CHAIN,16294,False,,19840,True,831.4,7,formula_read,STABLE,5744,False,5744,5440,False,,,
834.7,13,-72,78,0,0,0,1,0,5488,CHAIN,16294,False,,19840,True,831.4,7,formula_read,STABLE,5744,False,5744,5440,False,,,
834.7333333333333,13,-72,78,0,0,0,1,0,5488,CHAIN,16294,False,,19840,True,831.4,7,formula_read,STABLE,5745,False,5745,5440,False,,,
834.7666666666667,13,-72,78,0,0,0,1,0,5488,CHAIN,16294,False,,19840,True,831.4,7,formula_read,STABLE,5745,False,5745,5440,False,,,
834.8,13,-72,78,0,0,0,1,0,5488,CHAIN,16294,False,,19840,True,831.4,7,formula_read,STABLE,5745,False,5745,5440,False,,,
834.8333333333334,13,-72,78,0,0,0,1,0,5488,CHAIN,16294,False,,19840,True,831.4,7,formula_read,STABLE,5745,False,5745,5440,False,,,
834.8666666666667,13,-72,78,0,0,0,1,0,5488,CHAIN,16294,False,,19840,True,831.4,7,formula_read,STABLE,5745,True,5745,5440,False,,,
834.9,13,-72,78,0,0,0,1,0,5488,CHAIN,16294,False,,19840,True,831.4,7,formula_read,STABLE,5745,False,5745,5440,False,,,
834.9333333333333,13,-72,78,0,0,0,1,0,5488,CHAIN,16294,False,,19840,True,831.4,7,formula_read,STABLE,5745,False,5745,5440,False,,,
834.9666666666667,13,-72,78,0,0,0,1,0,5488,CHAIN,16294,False,,19840,True,831.4,7,formula_read,STABLE,5745,False,5745,5440,False,,,
835.0,13,-72,78,0,0,0,1,0,5488,CHAIN,16294,False,,19840,True,831.4,7,formula_read,STABLE,5745,False,5745,5440,False,,,
835.0333333333333,13,-72,78,0,0,0,1,0,5488,CHAIN,16294,False,,19840,True,831.4,7,formula_read,STABLE,5745,False,5745,5440,False,,,
835.0666666666667,13,-72,78,0,0,0,1,0,5488,CHAIN,16294,False,,19840,True,831.4,7,formula_read,STABLE,5745,False,5745,5440,False,,,
835.1,13,-72,78,0,0,0,1,0,5488,CHAIN,22794,False,22794,19840,False,831.4,7,formula_read,OJAMA_FALL,5745,False,5745,5440,False,,,
835.1333333333333,13,-72,78,0,0,0,1,0,5488,CHAIN,22794,False,22794,19840,False,831.4,7,formula_read,OJAMA_FALL,5745,False,5745,5440,False,,,
835.1666666666666,13,-72,78,0,0,0,1,0,5488,CHAIN,22794,False,22794,19840,False,831.4,7,formula_read,OJAMA_FALL,5745,False,5745,5440,False,,,
835.2,13,-72,78,0,0,0,1,0,5488,CHAIN,22794,False,22794,19840,False,831.4,7,formula_read,OJAMA_FALL,5745,False,5745,5440,False,,,
835.2333333333333,13,-72,78,0,0,0,1,0,5488,CHAIN,22794,False,22794,19840,False,831.4,7,formula_read,OJAMA_FALL,5745,False,5745,5440,False,,,
835.2666666666667,13,-72,78,0,0,0,1,0,5488,CHAIN,22794,False,22794,19840,False,831.4,7,formula_read,OJAMA_FALL,5745,False,5745,5440,False,,,
835.3,13,-72,78,0,0,0,1,0,5488,CHAIN,22794,False,22794,19840,False,831.4,7,formula_read,OJAMA_FALL,5745,False,5745,5440,False,,,
835.3333333333334,13,-72,78,0,0,0,1,0,5488,CHAIN,22794,False,22794,19840,False,831.4,7,formula_read,OJAMA_FALL,5745,False,5745,5440,False,,,
835.3666666666667,13,-72,78,0,0,0,1,0,5488,CHAIN,22794,False,22794,19840,False,831.4,7,formula_read,OJAMA_FALL,5745,False,5745,5440,False,,,
835.4,13,-72,78,0,0,0,1,0,5488,CHAIN,22794,False,22794,19840,False,831.4,7,formula_read,OJAMA_FALL,5745,False,5745,5440,False,,,
835.4333333333333,13,-72,78,0,0,0,1,0,5488,CHAIN,22794,False,22794,19840,False,831.4,7,formula_read,OJAMA_FALL,5745,False,5745,5440,False,,,
835.4666666666667,13,-72,78,0,0,0,1,0,5488,CHAIN,22794,False,22794,19840,False,831.4,7,formula_read,OJAMA_FALL,5745,False,5745,5440,False,,,
835.5,13,-72,78,0,0,0,1,0,5488,CHAIN,22794,False,22794,19840,False,831.4,7,formula_read,OJAMA_FALL,5745,False,,,True,,,
835.5333333333333,13,-72,78,0,0,0,1,0,5488,CHAIN,22794,False,22794,19840,False,831.4,7,formula_read,CHAIN,5745,False,,40,True,835.5333333333333,1,formula_read
835.5666666666667,13,-72,78,0,0,0,1,0,5488,CHAIN,22794,False,22794,19840,False,831.4,7,formula_read,CHAIN,5745,False,,40,True,835.5333333333333,1,formula_read
835.6,13,-72,78,0,0,0,1,0,5488,GRAVITY_SETTLE,22794,True,22794,19840,False,,,,CHAIN,5745,False,,40,True,835.5333333333333,1,formula_read
835.6333333333333,13,-72,78,0,0,0,1,0,5488,GRAVITY_SETTLE,22794,False,22794,19840,False,,,,CHAIN,5745,False,,40,True,835.5333333333333,1,formula_read
835.6666666666666,13,-72,78,0,0,0,1,0,5488,GRAVITY_SETTLE,22794,False,22794,19840,False,,,,CHAIN,5745,False,,40,True,835.5333333333333,1,formula_read
835.7,13,-72,78,0,0,0,1,0,5488,GRAVITY_SETTLE,22794,False,22794,19840,False,,,,CHAIN,5745,False,,40,True,835.5333333333333,1,formula_read
835.7333333333333,13,-72,78,0,0,0,1,0,5488,GRAVITY_SETTLE,22794,False,22794,19840,False,,,,CHAIN,5745,False,,40,True,835.5333333333333,1,formula_read
835.7666666666667,13,-72,78,0,0,0,1,0,5488,GRAVITY_SETTLE,22794,False,22794,19840,False,,,,CHAIN,5745,False,,40,True,835.5333333333333,1,formula_read
835.8,13,-72,78,0,0,0,1,0,5488,GRAVITY_SETTLE,22794,False,22794,19840,False,,,,CHAIN,5745,False,,40,True,835.5333333333333,1,formula_read
835.8333333333334,13,-72,78,0,0,0,1,0,5488,GRAVITY_SETTLE,22795,False,22795,19840,False,,,,CHAIN,5745,False,,40,True,835.5333333333333,1,formula_read
835.8666666666667,13,-72,78,0,0,0,1,0,5488,GRAVITY_SETTLE,22795,False,22795,19840,False,,,,CHAIN,5745,False,,40,True,835.5333333333333,1,formula_read
835.9,13,-72,78,0,0,0,1,0,5488,GRAVITY_SETTLE,22796,False,22796,19840,False,,,,CHAIN,5745,False,,40,True,835.5333333333333,1,formula_read
835.9333333333333,13,-72,78,0,0,0,1,0,5488,STABLE,22797,False,22797,19840,False,,,,CHAIN,5745,False,,40,True,835.5333333333333,1,formula_read
835.9666666666667,13,-72,78,0,0,0,1,0,5488,STABLE,22798,False,22798,19840,False,835.9333333333333,3,baseline,CHAIN,5745,False,,40,True,835.5333333333333,1,formula_read
836.0,13,-72,78,0,0,0,1,0,5488,STABLE,22799,False,22799,19840,False,835.9333333333333,3,baseline,CHAIN,5745,False,,40,True,835.5333333333333,1,formula_read
836.0333333333333,13,-72,78,0,0,0,1,0,5488,STABLE,22800,False,22800,19840,False,835.9333333333333,3,baseline,CHAIN,5745,False,,40,True,835.5333333333333,1,formula_read
836.0666666666667,13,-72,78,0,0,0,1,0,5488,STABLE,22801,False,22801,19840,False,835.9333333333333,3,baseline,CHAIN,5745,False,,40,True,835.5333333333333,1,formula_read
836.1,13,-72,78,0,0,0,1,0,5488,STABLE,22802,False,22802,19840,False,835.9333333333333,3,baseline,CHAIN,5745,False,,40,True,835.5333333333333,1,formula_read
836.1333333333333,13,-72,78,0,0,0,1,0,5488,STABLE,22803,False,22803,19840,False,835.9333333333333,3,baseline,CHAIN,5745,False,,40,True,835.5333333333333,1,formula_read
836.1666666666666,13,-72,78,0,0,0,1,0,5488,STABLE,22805,False,22805,19840,False,835.9333333333333,3,baseline,CHAIN,5745,False,,40,True,835.5333333333333,1,formula_read
836.2,13,-72,78,0,0,0,1,0,5488,STABLE,22805,False,22805,19840,False,835.9333333333333,3,baseline,CHAIN,5745,False,,40,True,835.5333333333333,1,formula_read
836.2333333333333,13,-72,78,0,0,0,1,0,5488,STABLE,22805,False,22805,19840,False,835.9333333333333,3,baseline,CHAIN,5745,False,,40,True,835.5333333333333,1,formula_read
836.2666666666667,13,-72,78,0,0,0,1,0,5488,TSUMO_FALL,22805,False,22805,19840,False,835.9333333333333,3,baseline,CHAIN,5745,False,,40,True,835.5333333333333,1,formula_read
836.3,13,-48,48,30,0,0,1,0,5488,STABLE,22805,False,22805,19840,False,835.9333333333333,3,baseline,CHAIN,5745,False,,40,True,835.5333333333333,1,formula_read
836.3333333333334,13,-48,48,30,0,0,1,0,5488,STABLE,22805,False,22805,19840,False,835.9333333333333,3,baseline,CHAIN,5745,False,,40,True,835.5333333333333,1,formula_read
836.3666666666667,13,-48,48,30,0,0,1,0,5488,STABLE,22805,False,22805,19840,False,835.9333333333333,3,baseline,CHAIN,5745,False,,40,True,835.5333333333333,1,formula_read
836.4,13,-48,48,30,0,0,1,0,5488,STABLE,22805,False,22805,19840,False,835.9333333333333,3,baseline,CHAIN,5745,False,,40,True,835.5333333333333,1,formula_read
836.4333333333333,13,-48,48,30,0,0,1,0,5488,STABLE,22805,False,22805,19840,False,835.9333333333333,3,baseline,CHAIN,5745,False,,40,True,835.5333333333333,1,formula_read
836.4666666666667,13,-48,48,30,0,0,1,0,5488,STABLE,22805,True,22805,19840,False,,,,CHAIN,5785,False,5785,40,False,835.5333333333333,1,formula_read
836.5,13,-48,48,30,0,0,1,0,5488,STABLE,22805,False,22805,19840,False,,,,CHAIN,5785,False,5785,40,False,835.5333333333333,1,formula_read
836.5333333333333,13,-48,48,30,0,0,1,0,5488,STABLE,22805,False,22805,19840,False,,,,CHAIN,5785,False,5785,40,False,835.5333333333333,1,formula_read
836.5666666666667,13,-48,48,30,0,0,1,0,5488,STABLE,22805,False,22805,19840,False,,,,CHAIN,5785,False,5785,40,False,835.5333333333333,1,formula_read
836.6,13,-48,48,30,0,0,1,0,5488,STABLE,22805,False,22805,19840,False,,,,CHAIN,5785,False,5785,40,False,835.5333333333333,1,formula_read
836.6333333333333,13,-48,48,30,0,0,1,0,5488,STABLE,22805,False,22805,19840,False,,,,CHAIN,5785,False,5785,40,False,835.5333333333333,1,formula_read
836.6666666666666,13,-48,48,30,0,0,1,0,5488,TSUMO_FALL,22806,False,22806,19840,False,,,,CHAIN,5785,False,5785,40,False,835.5333333333333,1,formula_read
836.7,13,-48,48,30,0,0,1,0,5488,TSUMO_FALL,22807,False,22807,19840,False,,,,CHAIN,5785,False,5785,40,False,835.5333333333333,1,formula_read
836.7333333333333,13,-48,48,30,0,0,1,0,5488,TSUMO_FALL,22808,False,22808,19840,False,,,,CHAIN,5785,False,5785,40,False,835.5333333333333,1,formula_read
836.7666666666667,13,-48,48,30,0,0,1,0,5488,TSUMO_FALL,22809,False,22809,19840,False,,,,CHAIN,5785,False,5785,40,False,835.5333333333333,1,formula_read
836.8,13,-48,48,30,0,0,1,0,5488,TSUMO_FALL,22810,False,22810,19840,False,,,,CHAIN,5785,False,5785,40,False,835.5333333333333,1,formula_read
836.8333333333334,13,-48,48,30,0,0,1,0,5488,TSUMO_FALL,22811,False,22811,19840,False,,,,CHAIN,5785,False,5785,40,False,835.5333333333333,1,formula_read
836.8666666666667,13,-48,48,30,0,0,1,0,5488,TSUMO_FALL,22812,False,22812,19840,False,,,,CHAIN,5785,False,5785,40,False,835.5333333333333,1,formula_read
836.9,13,-48,48,30,0,0,1,0,5488,TSUMO_FALL,22813,False,22813,19840,False,,,,CHAIN,5785,False,,40,True,835.5333333333333,1,formula_read
836.9333333333333,13,-48,48,30,0,0,1,0,5488,TSUMO_FALL,22814,False,22814,19840,False,,,,CHAIN,5785,False,,360,True,835.5333333333333,2,formula_read
836.9666666666667,13,-48,48,30,0,0,1,0,5488,TSUMO_FALL,22815,False,22815,19840,False,,,,CHAIN,5785,False,,360,True,835.5333333333333,2,formula_read
837.0,13,-48,48,30,0,0,1,0,5488,TSUMO_FALL,22816,False,22816,19840,False,,,,CHAIN,5785,False,,360,True,835.5333333333333,2,formula_read
837.0333333333333,13,-18,18,60,0,0,1,0,5488,STABLE,22818,False,22818,19840,False,,,,CHAIN,5785,False,,360,True,835.5333333333333,2,formula_read
837.0666666666667,13,-18,18,60,0,0,1,0,5488,STABLE,22818,False,22818,19840,False,,,,CHAIN,5785,False,,360,True,835.5333333333333,2,formula_read
837.1,13,-18,18,60,0,0,1,0,5488,STABLE,22818,False,22818,19840,False,,,,CHAIN,5785,False,,360,True,835.5333333333333,2,formula_read
837.1333333333333,13,-18,18,60,0,0,1,0,5488,STABLE,22818,False,22818,19840,False,,,,CHAIN,5785,False,,360,True,835.5333333333333,2,formula_read
837.1666666666666,13,-18,18,60,0,0,1,0,5488,STABLE,22818,False,22818,19840,False,,,,CHAIN,5785,False,,360,True,835.5333333333333,2,formula_read
837.2,13,-18,18,60,0,0,1,0,5488,STABLE,22818,False,22818,19840,False,,,,CHAIN,5785,False,,360,True,835.5333333333333,2,formula_read
837.2333333333333,13,-18,18,60,0,0,1,0,5488,STABLE,22818,False,22818,19840,False,,,,CHAIN,5785,False,,360,True,835.5333333333333,2,formula_read
837.2666666666667,13,-18,18,60,0,0,1,0,5488,STABLE,22818,False,22818,19840,False,,,,CHAIN,5785,False,,360,True,835.5333333333333,2,formula_read
837.3,13,-18,18,60,0,0,1,0,5488,STABLE,22818,False,22818,19840,False,,,,CHAIN,5785,False,,360,True,835.5333333333333,2,formula_read
837.3333333333334,13,-18,18,60,0,0,1,0,5488,STABLE,22818,True,22818,19840,False,,,,CHAIN,5785,False,,360,True,835.5333333333333,2,formula_read
837.3666666666667,13,-18,18,60,0,0,1,0,5488,STABLE,22818,False,22818,19840,False,,,,CHAIN,5785,False,,360,True,835.5333333333333,2,formula_read
837.4,13,-18,18,60,0,0,1,0,5488,STABLE,22818,False,22818,19840,False,,,,CHAIN,5785,False,,360,True,835.5333333333333,2,formula_read
837.4333333333333,13,-18,18,60,0,0,1,0,5488,STABLE,22818,False,22818,19840,False,,,,CHAIN,5785,False,,360,True,835.5333333333333,2,formula_read
837.4666666666667,13,-18,18,60,0,0,1,0,5488,STABLE,22818,False,22818,19840,False,,,,CHAIN,5785,False,,360,True,835.5333333333333,2,formula_read
837.5,13,-18,18,60,0,0,1,0,5488,STABLE,22818,False,22818,19840,False,,,,CHAIN,5785,False,,360,True,835.5333333333333,2,formula_read
837.5333333333333,13,-18,18,60,0,0,1,0,5488,STABLE,22819,False,22819,19840,False,,,,CHAIN,5785,False,,360,True,835.5333333333333,2,formula_read
837.5666666666667,13,-18,18,60,0,0,1,0,5488,STABLE,22820,False,22820,19840,False,,,,CHAIN,5785,False,,360,True,835.5333333333333,2,formula_read
837.6,13,-18,18,60,0,0,1,0,5488,STABLE,22821,False,22821,19840,False,,,,CHAIN,5785,False,,360,True,835.5333333333333,2,formula_read
837.6333333333333,13,-18,18,60,0,0,1,0,5488,STABLE,22822,False,22822,19840,False,,,,CHAIN,5785,False,,360,True,835.5333333333333,2,formula_read
837.6666666666666,13,-18,18,60,0,0,1,0,5488,STABLE,22823,False,22823,19840,False,,,,CHAIN,5785,False,,360,True,835.5333333333333,2,formula_read
837.7,13,-18,18,60,0,0,1,0,5488,STABLE,22824,False,22824,19840,False,,,,CHAIN,5785,False,,360,True,835.5333333333333,2,formula_read
837.7333333333333,13,-18,18,60,0,0,1,0,5488,STABLE,22825,False,22825,19840,False,,,,CHAIN,5785,False,,360,True,835.5333333333333,2,formula_read
837.7666666666667,13,-18,18,60,0,0,1,0,5488,STABLE,22826,False,22826,19840,False,,,,CHAIN,5785,False,,360,True,835.5333333333333,2,formula_read
837.8,13,-18,18,60,0,0,1,0,5488,OJAMA_FALL,22827,False,22827,19840,False,,,,CHAIN,6105,False,6105,360,False,835.5333333333333,2,formula_read
837.8333333333334,13,-18,18,60,0,0,1,0,5488,OJAMA_FALL,22828,False,22828,19840,False,,,,CHAIN,6105,False,6105,360,False,835.5333333333333,2,formula_read
837.8666666666667,13,-18,18,60,0,0,1,0,5488,STABLE,22830,False,22830,19840,False,,,,CHAIN,6105,False,6105,360,False,835.5333333333333,2,formula_read
837.9,13,-18,18,60,0,0,1,0,5488,STABLE,22830,False,22830,19840,False,,,,CHAIN,6105,False,6105,360,False,835.5333333333333,2,formula_read
837.9333333333333,13,-18,18,60,0,0,1,0,5488,TSUMO_FALL,22830,False,22830,19840,False,,,,CHAIN,6105,False,6105,360,False,835.5333333333333,2,formula_read
837.9666666666667,13,0,0,78,0,0,1,0,5488,STABLE,22830,False,22830,19840,False,,,,CHAIN,6105,False,6105,360,False,835.5333333333333,2,formula_read
838.0,13,0,0,78,0,0,1,0,5488,STABLE,22830,False,22830,19840,False,,,,CHAIN,6105,False,6105,360,False,835.5333333333333,2,formula_read
838.0333333333333,13,0,0,78,0,0,1,0,5488,STABLE,22830,False,22830,19840,False,,,,CHAIN,6105,False,6105,360,False,835.5333333333333,2,formula_read
838.0666666666667,13,0,0,78,0,0,1,0,5488,STABLE,22830,False,22830,19840,False,,,,CHAIN,6105,False,6105,360,False,835.5333333333333,2,formula_read
838.1,13,0,0,78,0,0,1,0,5488,STABLE,22830,False,22830,19840,False,,,,CHAIN,6105,False,6105,360,False,835.5333333333333,2,formula_read
838.1333333333333,13,0,0,78,0,0,1,0,5488,STABLE,22830,False,22830,19840,False,,,,CHAIN,6105,False,6105,360,False,835.5333333333333,2,formula_read
838.1666666666666,13,0,0,78,0,0,1,0,5488,STABLE,22830,True,22830,19840,False,,,,CHAIN,6105,False,6105,360,False,835.5333333333333,2,formula_read
838.2,13,0,0,78,0,0,1,0,5488,STABLE,22830,False,22830,19840,False,,,,CHAIN,6105,False,6105,360,False,835.5333333333333,2,formula_read
838.2333333333333,13,0,0,78,0,0,1,0,5488,STABLE,22830,False,22830,19840,False,,,,CHAIN,6105,False,6105,360,False,835.5333333333333,2,formula_read
838.2666666666667,13,0,0,78,0,0,1,0,5488,STABLE,22830,False,22830,19840,False,,,,CHAIN,6105,False,6105,360,False,835.5333333333333,2,formula_read
838.3,13,0,0,78,0,0,1,0,5488,STABLE,22830,False,22830,19840,False,,,,CHAIN,6105,False,,360,True,835.5333333333333,2,formula_read
838.3333333333334,13,0,0,78,0,0,1,0,5488,STABLE,22830,False,22830,19840,False,,,,CHAIN,6105,False,,1000,True,835.5333333333333,3,formula_read
838.3666666666667,13,0,0,78,0,0,1,0,5488,STABLE,22831,False,22831,19840,False,,,,CHAIN,6105,False,,1000,True,835.5333333333333,3,formula_read
838.4,13,0,0,78,0,0,1,0,5488,STABLE,22832,False,22832,19840,False,,,,CHAIN,6105,False,,1000,True,835.5333333333333,3,formula_read
838.4333333333333,13,0,0,78,0,0,1,0,5488,STABLE,22833,False,22833,19840,False,,,,CHAIN,6105,False,,1000,True,835.5333333333333,3,formula_read
838.4666666666667,13,0,0,78,0,0,1,0,5488,STABLE,22834,False,22834,19840,False,,,,CHAIN,6105,False,,1000,True,835.5333333333333,3,formula_read
838.5,13,0,0,78,0,0,1,0,5488,STABLE,22835,False,22835,19840,False,,,,CHAIN,6105,False,,1000,True,835.5333333333333,3,formula_read
838.5333333333333,13,0,0,78,0,0,1,0,5488,STABLE,22836,False,22836,19840,False,,,,CHAIN,6105,False,,1000,True,835.5333333333333,3,formula_read
838.5666666666667,13,0,0,78,0,0,1,0,5488,STABLE,22837,False,22837,19840,False,,,,CHAIN,6105,False,,1000,True,835.5333333333333,3,formula_read
838.6,13,0,0,78,0,0,1,0,5488,TSUMO_FALL,22838,False,22838,19840,False,,,,CHAIN,6105,False,,1000,True,835.5333333333333,3,formula_read
838.6333333333333,13,0,0,78,0,0,1,0,5488,TSUMO_FALL,22840,False,22840,19840,False,,,,CHAIN,6105,False,,1000,True,835.5333333333333,3,formula_read
838.6666666666666,13,0,0,78,0,0,1,0,5488,STABLE,22840,False,22840,19840,False,,,,CHAIN,6105,False,,1000,True,835.5333333333333,3,formula_read
838.7,13,0,0,78,0,0,1,0,5488,STABLE,22840,False,22840,19840,False,,,,CHAIN,6105,False,,1000,True,835.5333333333333,3,formula_read
838.7333333333333,13,0,0,78,0,0,1,0,5488,STABLE,22840,False,22840,19840,False,,,,CHAIN,6105,False,,1000,True,835.5333333333333,3,formula_read
838.7666666666667,13,0,0,78,0,0,1,0,5488,STABLE,22840,False,22840,19840,False,,,,CHAIN,6105,False,,1000,True,835.5333333333333,3,formula_read
838.8,13,0,0,78,0,0,1,0,5488,STABLE,22840,False,22840,19840,False,,,,CHAIN,6105,False,,1000,True,835.5333333333333,3,formula_read
838.8333333333334,13,0,0,78,0,0,1,0,5488,STABLE,22840,False,22840,19840,False,,,,CHAIN,6105,False,,1000,True,835.5333333333333,3,formula_read
838.8666666666667,13,0,0,78,0,0,1,0,5488,STABLE,22840,False,22840,19840,False,,,,CHAIN,6105,False,,1000,True,835.5333333333333,3,formula_read
838.9,13,0,0,78,0,0,1,0,5488,STABLE,22840,False,22840,19840,False,,,,CHAIN,6105,False,,1000,True,835.5333333333333,3,formula_read
838.9333333333333,13,0,0,78,0,0,1,0,5488,STABLE,22840,True,22840,19840,False,,,,CHAIN,6105,False,,1000,True,835.5333333333333,3,formula_read
838.9666666666667,13,0,0,78,0,0,1,0,5488,STABLE,22840,False,22840,19840,False,,,,CHAIN,6105,False,,1000,True,835.5333333333333,3,formula_read
839.0,13,0,0,78,0,0,1,0,5488,STABLE,22840,False,22840,19840,False,,,,CHAIN,6105,False,,1000,True,835.5333333333333,3,formula_read
839.0333333333333,13,0,0,78,0,0,1,0,5488,STABLE,22840,False,22840,19840,False,,,,CHAIN,6105,False,,1000,True,835.5333333333333,3,formula_read
839.0666666666667,13,0,0,78,0,0,1,0,5488,STABLE,22840,False,22840,19840,False,,,,CHAIN,6105,False,,1000,True,835.5333333333333,3,formula_read
839.1,13,0,0,78,0,0,1,0,5488,STABLE,22840,False,22840,19840,False,,,,CHAIN,6105,False,,1000,True,835.5333333333333,3,formula_read
839.1333333333333,13,0,0,78,0,0,1,0,5488,STABLE,22841,False,22841,19840,False,,,,CHAIN,6105,False,,1000,True,835.5333333333333,3,formula_read
839.1666666666666,13,0,0,78,0,0,1,0,5488,STABLE,22842,False,22842,19840,False,,,,CHAIN,6105,False,,1000,True,835.5333333333333,3,formula_read
839.2,13,0,0,78,0,0,1,0,5488,OJAMA_FALL,22843,False,22843,19840,False,,,,CHAIN,6745,False,6745,1000,False,835.5333333333333,3,formula_read
839.2333333333333,13,0,0,78,0,0,1,0,5488,STABLE,22844,False,22844,19840,False,,,,CHAIN,6745,False,6745,1000,False,835.5333333333333,3,formula_read
839.2666666666667,13,0,0,78,0,0,1,0,5488,STABLE,22845,False,22845,19840,False,,,,CHAIN,6745,False,6745,1000,False,835.5333333333333,3,formula_read
839.3,13,0,0,78,0,0,1,0,5488,STABLE,22846,False,22846,19840,False,,,,CHAIN,6745,False,6745,1000,False,835.5333333333333,3,formula_read
839.3333333333334,13,0,0,78,0,0,1,0,5488,TSUMO_FALL,22847,False,22847,19840,False,,,,CHAIN,6745,False,6745,1000,False,835.5333333333333,3,formula_read
839.3666666666667,13,0,0,78,0,0,1,0,5488,TSUMO_FALL,22849,False,22849,19840,False,,,,CHAIN,6745,False,6745,1000,False,835.5333333333333,3,formula_read
839.4,13,0,0,78,0,0,1,0,5488,STABLE,22849,False,22849,19840,False,,,,CHAIN,6745,False,6745,1000,False,835.5333333333333,3,formula_read
839.4333333333333,13,0,0,78,0,0,1,0,5488,STABLE,22849,False,22849,19840,False,,,,CHAIN,6745,False,6745,1000,False,835.5333333333333,3,formula_read
839.4666666666667,13,0,0,78,0,0,1,0,5488,STABLE,22849,False,22849,19840,False,,,,CHAIN,6745,False,6745,1000,False,835.5333333333333,3,formula_read
839.5,13,0,0,78,0,0,1,0,5488,STABLE,22849,False,22849,19840,False,,,,CHAIN,6745,False,6745,1000,False,835.5333333333333,3,formula_read
839.5333333333333,13,0,0,78,0,0,1,0,5488,STABLE,22849,False,22849,19840,False,,,,CHAIN,6745,False,6745,1000,False,835.5333333333333,3,formula_read
839.5666666666667,13,0,0,78,0,0,1,0,5488,STABLE,22849,False,22849,19840,False,,,,CHAIN,6745,False,6745,1000,False,835.5333333333333,3,formula_read
839.6,13,0,0,78,0,0,1,0,5488,STABLE,22849,False,22849,19840,False,,,,CHAIN,6745,False,6745,1000,False,835.5333333333333,3,formula_read
839.6333333333333,13,0,0,78,0,0,1,0,5488,STABLE,22849,False,22849,19840,False,,,,CHAIN,6745,False,6745,1000,False,835.5333333333333,3,formula_read
839.6666666666666,13,0,0,78,0,0,1,0,5488,STABLE,22849,True,22849,19840,False,,,,CHAIN,6745,False,,1000,True,835.5333333333333,3,formula_read
839.7,13,0,0,78,0,0,1,0,5488,STABLE,22849,False,22849,19840,False,,,,CHAIN,6745,False,,2700,True,835.5333333333333,4,formula_read
839.7333333333333,13,0,0,78,0,0,1,0,5488,STABLE,22849,False,22849,19840,False,,,,CHAIN,6745,False,,2700,True,835.5333333333333,4,formula_read
839.7666666666667,13,0,0,78,0,0,1,0,5488,STABLE,22849,False,22849,19840,False,,,,CHAIN,6745,False,,2700,True,835.5333333333333,4,formula_read
839.8,13,0,0,78,0,0,1,0,5488,STABLE,22849,False,22849,19840,False,,,,CHAIN,6745,False,,2700,True,835.5333333333333,4,formula_read
839.8333333333334,13,0,0,78,0,0,1,0,5488,STABLE,22850,False,22850,19840,False,,,,CHAIN,6745,False,,2700,True,835.5333333333333,4,formula_read
839.8666666666667,13,0,0,78,0,0,1,0,5488,STABLE,22851,False,22851,19840,False,,,,CHAIN,6745,False,,2700,True,835.5333333333333,4,formula_read
839.9,13,0,0,78,0,0,1,0,5488,STABLE,22852,False,22852,19840,False,,,,CHAIN,6745,False,,2700,True,835.5333333333333,4,formula_read
839.9333333333333,13,0,0,78,0,0,1,0,5488,STABLE,22853,False,22853,19840,False,,,,CHAIN,6745,False,,2700,True,835.5333333333333,4,formula_read
839.9666666666667,13,0,0,78,0,0,1,0,5488,STABLE,22854,False,22854,19840,False,,,,CHAIN,6745,False,,2700,True,835.5333333333333,4,formula_read
840.0,13,0,0,78,0,0,1,0,5488,STABLE,22855,False,22855,19840,False,,,,CHAIN,6745,False,,2700,True,835.5333333333333,4,formula_read
840.0333333333333,13,0,0,78,0,0,1,0,5488,STABLE,22856,False,22856,19840,False,,,,CHAIN,6745,False,,2700,True,835.5333333333333,4,formula_read
840.0666666666667,13,0,0,78,0,0,1,0,5488,STABLE,22857,False,22857,19840,False,,,,CHAIN,6745,False,,2700,True,835.5333333333333,4,formula_read
840.1,13,0,0,78,0,0,1,0,5488,TSUMO_FALL,22859,False,22859,19840,False,,,,CHAIN,6745,False,,2700,True,835.5333333333333,4,formula_read
840.1333333333333,13,0,0,78,0,0,1,0,5488,TSUMO_FALL,22859,False,22859,19840,False,,,,CHAIN,6745,False,,2700,True,835.5333333333333,4,formula_read
840.1666666666666,13,0,0,78,0,0,1,0,5488,STABLE,22859,False,22859,19840,False,,,,CHAIN,6745,False,,2700,True,835.5333333333333,4,formula_read
840.2,13,0,0,78,0,0,1,0,5488,STABLE,22859,False,22859,19840,False,,,,CHAIN,6745,False,,2700,True,835.5333333333333,4,formula_read
840.2333333333333,13,0,0,78,0,0,1,0,5488,STABLE,22859,False,22859,19840,False,,,,CHAIN,6745,False,,2700,True,835.5333333333333,4,formula_read
840.2666666666667,13,0,0,78,0,0,1,0,5488,STABLE,22859,False,22859,19840,False,,,,CHAIN,6745,False,,2700,True,835.5333333333333,4,formula_read
840.3,13,0,0,78,0,0,1,0,5488,STABLE,22859,False,22859,19840,False,,,,CHAIN,6745,False,,2700,True,835.5333333333333,4,formula_read
840.3333333333334,13,0,0,78,0,0,1,0,5488,STABLE,22859,False,22859,19840,False,,,,CHAIN,6745,False,,2700,True,835.5333333333333,4,formula_read
840.3666666666667,13,0,0,78,0,0,1,0,5488,STABLE,22859,False,22859,19840,False,,,,CHAIN,6745,False,,2700,True,835.5333333333333,4,formula_read
840.4,13,0,0,78,0,0,1,0,5488,STABLE,22859,False,22859,19840,False,,,,CHAIN,6745,False,,2700,True,835.5333333333333,4,formula_read
840.4333333333333,13,0,0,78,0,0,1,0,5488,STABLE,22859,True,22859,19840,False,,,,CHAIN,6745,False,,2700,True,835.5333333333333,4,formula_read
840.4666666666667,13,0,0,78,0,0,1,0,5488,STABLE,22859,False,22859,19840,False,,,,CHAIN,6745,False,,2700,True,835.5333333333333,4,formula_read
840.5,13,0,0,78,0,0,1,0,5488,STABLE,22859,False,22859,19840,False,,,,CHAIN,6745,False,,2700,True,835.5333333333333,4,formula_read
840.5333333333333,13,0,0,78,0,0,1,0,5488,STABLE,22859,False,22859,19840,False,,,,CHAIN,6745,False,,2700,True,835.5333333333333,4,formula_read
840.5666666666667,13,0,0,78,0,0,1,0,5488,STABLE,22859,False,22859,19840,False,,,,CHAIN,6745,False,,2700,True,835.5333333333333,4,formula_read
840.6,13,0,0,78,0,0,1,0,5488,OJAMA_FALL,22860,False,22860,19840,False,,,,CHAIN,8445,False,8445,2700,False,835.5333333333333,4,formula_read
840.6333333333333,13,0,0,78,0,0,1,0,5488,STABLE,22861,False,22861,19840,False,,,,CHAIN,8445,False,8445,2700,False,835.5333333333333,4,formula_read
840.6666666666666,13,0,0,78,0,0,1,0,5488,STABLE,22862,False,22862,19840,False,,,,CHAIN,8445,False,8445,2700,False,835.5333333333333,4,formula_read
840.7,13,0,0,78,0,0,1,0,5488,STABLE,22863,False,22863,19840,False,,,,CHAIN,8445,False,8445,2700,False,835.5333333333333,4,formula_read
840.7333333333333,13,0,0,78,0,0,1,0,5488,TSUMO_FALL,22864,False,22864,19840,False,,,,CHAIN,8445,False,8445,2700,False,835.5333333333333,4,formula_read
840.7666666666667,13,0,0,78,0,0,1,0,5488,STABLE,22865,False,22865,19840,False,,,,CHAIN,8445,False,8445,2700,False,835.5333333333333,4,formula_read
840.8,13,0,0,78,0,0,1,0,5488,STABLE,22865,False,22865,19840,False,,,,CHAIN,8445,False,8445,2700,False,835.5333333333333,4,formula_read
840.8333333333334,13,0,0,78,0,0,1,0,5488,STABLE,22865,False,22865,19840,False,,,,CHAIN,8445,False,8445,2700,False,835.5333333333333,4,formula_read
840.8666666666667,13,0,0,78,0,0,1,0,5488,STABLE,22865,False,22865,19840,False,,,,CHAIN,8445,False,8445,2700,False,835.5333333333333,4,formula_read
840.9,13,0,0,78,0,0,1,0,5488,STABLE,22865,False,22865,19840,False,,,,CHAIN,8445,False,8445,2700,False,835.5333333333333,4,formula_read
840.9333333333333,13,0,0,78,0,0,1,0,5488,STABLE,22865,False,22865,19840,False,,,,CHAIN,8445,False,8445,2700,False,835.5333333333333,4,formula_read
840.9666666666667,13,0,0,78,0,0,1,0,5488,STABLE,22865,False,22865,19840,False,,,,CHAIN,8445,False,8445,2700,False,835.5333333333333,4,formula_read
841.0,13,0,0,78,0,0,1,0,5488,STABLE,22865,False,22865,19840,False,,,,CHAIN,8445,False,8445,2700,False,835.5333333333333,4,formula_read
841.0333333333333,13,0,0,78,0,0,1,0,5488,STABLE,22865,False,22865,19840,False,,,,CHAIN,8445,False,,2700,True,835.5333333333333,4,formula_read
841.0666666666667,13,0,0,78,0,0,1,0,5488,STABLE,22865,True,22865,19840,False,,,,CHAIN,8445,False,,5260,True,835.5333333333333,5,formula_read
841.1,13,0,0,78,0,0,1,0,5488,STABLE,22865,False,22865,19840,False,,,,CHAIN,8445,False,,5260,True,835.5333333333333,5,formula_read
841.1333333333333,13,0,0,78,0,0,1,0,5488,STABLE,22865,False,22865,19840,False,,,,CHAIN,8445,False,,5260,True,835.5333333333333,5,formula_read
841.1666666666666,13,0,0,78,0,0,1,0,5488,STABLE,22865,False,22865,19840,False,,,,CHAIN,8445,False,,5260,True,835.5333333333333,5,formula_read
841.2,13,0,0,78,0,0,1,0,5488,STABLE,22865,False,22865,19840,False,,,,CHAIN,8445,False,,5260,True,835.5333333333333,5,formula_read
841.2333333333333,13,0,0,78,0,0,1,0,5488,STABLE,22865,False,22865,19840,False,,,,CHAIN,8445,False,,5260,True,835.5333333333333,5,formula_read
841.2666666666667,13,0,0,78,0,0,1,0,5488,STABLE,22866,False,22866,19840,False,,,,CHAIN,8445,False,,5260,True,835.5333333333333,5,formula_read
841.3,13,0,0,78,0,0,1,0,5488,STABLE,22867,False,22867,19840,False,,,,CHAIN,8445,False,,5260,True,835.5333333333333,5,formula_read
841.3333333333334,13,0,0,78,0,0,1,0,5488,STABLE,22867,False,22867,19840,False,,,,CHAIN,8445,False,,5260,True,835.5333333333333,5,formula_read
841.3666666666667,13,0,0,78,0,0,1,0,5488,STABLE,22868,False,22868,19840,False,,,,CHAIN,8445,False,,5260,True,835.5333333333333,5,formula_read
841.4,13,0,0,78,0,0,1,0,5488,STABLE,22869,False,22869,19840,False,,,,CHAIN,8445,False,,5260,True,835.5333333333333,5,formula_read
841.4333333333333,13,0,0,78,0,0,1,0,5488,STABLE,22870,False,22870,19840,False,,,,CHAIN,8445,False,,5260,True,835.5333333333333,5,formula_read
841.4666666666667,13,0,0,78,0,0,1,0,5488,STABLE,22872,False,22872,19840,False,,,,CHAIN,8445,False,,5260,True,835.5333333333333,5,formula_read
841.5,13,0,0,78,0,0,1,0,5488,TSUMO_FALL,22872,False,22872,19840,False,,,,CHAIN,8445,False,,5260,True,835.5333333333333,5,formula_read
841.5333333333333,13,0,0,78,0,0,1,0,5488,STABLE,22872,False,22872,19840,False,,,,CHAIN,8445,False,,5260,True,835.5333333333333,5,formula_read
841.5666666666667,13,0,0,78,0,0,1,0,5488,STABLE,22872,False,22872,19840,False,,,,CHAIN,8445,False,,5260,True,835.5333333333333,5,formula_read
841.6,13,0,0,78,0,0,1,0,5488,STABLE,22872,False,22872,19840,False,,,,CHAIN,8445,False,,5260,False,835.5333333333333,5,formula_read
841.6333333333333,13,0,0,78,0,0,1,0,5488,STABLE,22872,False,22872,19840,False,,,,CHAIN,8445,False,,5260,False,835.5333333333333,5,formula_read
841.6666666666666,13,0,0,78,0,0,1,0,5488,STABLE,22872,False,22872,19840,False,,,,CHAIN,8445,False,,5260,False,835.5333333333333,5,formula_read
841.7,13,0,0,78,0,0,1,0,5488,STABLE,22872,False,22872,19840,False,,,,CHAIN,8445,False,,5260,False,835.5333333333333,5,formula_read
841.7333333333333,13,0,0,78,0,0,1,0,5488,STABLE,22872,False,22872,19840,False,,,,CHAIN,8445,False,,5260,False,835.5333333333333,5,formula_read
841.7666666666667,13,0,0,78,0,0,1,0,5488,STABLE,22872,False,22872,19840,False,,,,CHAIN,8445,False,,5260,True,835.5333333333333,5,formula_read
841.8,13,0,0,78,0,0,1,0,5488,STABLE,22872,True,22872,19840,False,,,,CHAIN,8445,False,,5260,True,835.5333333333333,5,formula_read
841.8333333333334,13,0,0,78,0,0,1,0,5488,STABLE,22872,False,22872,19840,False,,,,CHAIN,8445,False,,5260,True,835.5333333333333,5,formula_read
841.8666666666667,13,0,0,78,0,0,1,0,5488,STABLE,22872,False,22872,19840,False,,,,CHAIN,8445,False,,5260,True,835.5333333333333,5,formula_read
841.9,13,0,0,78,0,0,1,0,5488,STABLE,22872,False,22872,19840,False,,,,CHAIN,8445,False,,5260,True,835.5333333333333,5,formula_read
841.9333333333333,13,0,0,78,0,0,1,0,5488,STABLE,22872,False,22872,19840,False,,,,CHAIN,8445,False,,5260,True,835.5333333333333,5,formula_read
841.9666666666667,13,0,0,78,0,0,1,0,5488,OJAMA_FALL,22873,False,22873,19840,False,,,,CHAIN,11005,False,11005,5260,False,835.5333333333333,5,formula_read
842.0,13,0,0,78,0,0,1,0,5488,STABLE,22874,False,22874,19840,False,,,,CHAIN,11005,False,11005,5260,False,835.5333333333333,5,formula_read
842.0333333333333,13,0,0,78,0,0,1,0,5488,STABLE,22875,False,22875,19840,False,,,,CHAIN,11005,False,11005,5260,False,835.5333333333333,5,formula_read
842.0666666666667,13,0,0,78,0,0,1,0,5488,STABLE,22876,False,22876,19840,False,,,,CHAIN,11005,False,11005,5260,False,835.5333333333333,5,formula_read
842.1,13,0,0,78,0,0,1,0,5488,STABLE,22877,False,22877,19840,False,,,,CHAIN,11005,False,11005,5260,False,835.5333333333333,5,formula_read
842.1333333333333,13,0,0,78,0,0,1,0,5488,STABLE,22878,False,22878,19840,False,,,,CHAIN,11005,False,11005,5260,False,835.5333333333333,5,formula_read
842.1666666666666,13,0,0,78,0,0,1,0,5488,STABLE,22879,False,22879,19840,False,,,,CHAIN,11005,False,11005,5260,False,835.5333333333333,5,formula_read
842.2,13,0,0,78,0,0,1,0,5488,STABLE,22880,False,22880,19840,False,,,,CHAIN,11005,False,11005,5260,False,835.5333333333333,5,formula_read
842.2333333333333,13,0,0,78,0,0,1,0,5488,STABLE,22881,False,22881,19840,False,,,,CHAIN,11005,False,11005,5260,False,835.5333333333333,5,formula_read
842.2666666666667,13,0,0,78,0,0,1,0,5488,TSUMO_FALL,22883,False,22883,19840,False,,,,CHAIN,11005,False,11005,5260,False,835.5333333333333,5,formula_read
842.3,13,0,0,78,0,0,1,0,5488,STABLE,22883,False,22883,19840,False,,,,CHAIN,11005,False,11005,5260,False,835.5333333333333,5,formula_read
842.3333333333334,13,0,0,78,0,0,1,0,5488,STABLE,22883,False,22883,19840,False,,,,CHAIN,11005,False,11005,5260,False,835.5333333333333,5,formula_read
842.3666666666667,13,0,0,78,0,0,1,0,5488,STABLE,22883,False,22883,19840,False,,,,CHAIN,11005,False,11005,5260,False,835.5333333333333,5,formula_read
842.4,13,0,0,78,0,0,1,0,5488,STABLE,22883,False,22883,19840,False,,,,CHAIN,11005,False,,5260,True,835.5333333333333,5,formula_read
842.4333333333333,13,0,0,78,0,0,1,0,5488,STABLE,22883,False,22883,19840,False,,,,CHAIN,11005,False,,11200,True,835.5333333333333,6,formula_read
842.4666666666667,13,0,0,78,0,0,1,0,5488,STABLE,22883,False,22883,19840,False,,,,CHAIN,11005,False,,11200,True,835.5333333333333,6,formula_read
842.5,13,0,0,78,0,0,1,0,5488,STABLE,22883,False,22883,19840,False,,,,CHAIN,11005,False,,11200,True,835.5333333333333,6,formula_read
842.5333333333333,13,0,0,78,0,0,1,0,5488,STABLE,22883,False,22883,19840,False,,,,CHAIN,11005,False,,11200,True,835.5333333333333,6,formula_read
842.5666666666667,13,0,0,78,0,0,1,0,5488,STABLE,22883,False,22883,19840,False,,,,CHAIN,11005,False,,11200,True,835.5333333333333,6,formula_read
842.6,13,0,0,78,0,0,1,0,5488,STABLE,22883,True,22883,19840,False,,,,CHAIN,11005,False,,11200,True,835.5333333333333,6,formula_read
842.6333333333333,13,0,0,78,0,0,1,0,5488,STABLE,22883,False,22883,19840,False,,,,CHAIN,11005,False,,11200,True,835.5333333333333,6,formula_read
842.6666666666666,13,0,0,78,0,0,1,0,5488,STABLE,22883,False,22883,19840,False,,,,CHAIN,11005,False,,11200,True,835.5333333333333,6,formula_read
842.7,13,0,0,78,0,0,1,0,5488,STABLE,22883,False,22883,19840,False,,,,CHAIN,11005,False,,11200,True,835.5333333333333,6,formula_read
842.7333333333333,13,0,0,78,0,0,1,0,5488,STABLE,22883,False,22883,19840,False,,,,CHAIN,11005,False,,11200,True,835.5333333333333,6,formula_read
842.7666666666667,13,0,0,78,0,0,1,0,5488,STABLE,22883,False,22883,19840,False,,,,CHAIN,11005,False,,11200,True,835.5333333333333,6,formula_read
842.8,13,0,0,78,0,0,1,0,5488,STABLE,22883,False,22883,19840,False,,,,CHAIN,11005,False,,11200,True,835.5333333333333,6,formula_read
842.8333333333334,13,0,0,78,0,0,1,0,5488,STABLE,22884,False,22884,19840,False,,,,CHAIN,11005,False,,11200,True,835.5333333333333,6,formula_read
842.8666666666667,13,0,0,78,0,0,1,0,5488,STABLE,22885,False,22885,19840,False,,,,CHAIN,11005,False,,11200,True,835.5333333333333,6,formula_read
842.9,13,0,0,78,0,0,1,0,5488,STABLE,22886,False,22886,19840,False,,,,CHAIN,11005,False,,11200,True,835.5333333333333,6,formula_read
842.9333333333333,13,0,0,78,0,0,1,0,5488,STABLE,22887,False,22887,19840,False,,,,CHAIN,11005,False,,11200,True,835.5333333333333,6,formula_read
842.9666666666667,13,0,0,78,0,0,1,0,5488,STABLE,22889,False,22889,19840,False,,,,CHAIN,11005,False,,11200,True,835.5333333333333,6,formula_read
843.0,13,0,0,78,0,0,1,0,5488,TSUMO_FALL,22889,False,22889,19840,False,,,,CHAIN,11005,False,,11200,True,835.5333333333333,6,formula_read
843.0333333333333,13,0,0,78,0,0,1,0,5488,STABLE,22889,False,22889,19840,False,,,,CHAIN,11005,False,,11200,True,835.5333333333333,6,formula_read
843.0666666666667,13,0,0,78,0,0,1,0,5488,STABLE,22889,False,22889,19840,False,,,,CHAIN,11005,False,,11200,True,835.5333333333333,6,formula_read
843.1,13,0,0,78,0,0,1,0,5488,STABLE,22889,False,22889,19840,False,,,,CHAIN,11005,False,,11200,True,835.5333333333333,6,formula_read
843.1333333333333,13,0,0,78,0,0,1,0,5488,STABLE,22889,False,22889,19840,False,,,,CHAIN,11005,False,,11200,True,835.5333333333333,6,formula_read
843.1666666666666,13,0,0,78,0,0,1,0,5488,STABLE,22889,False,22889,19840,False,,,,CHAIN,11005,False,,11200,True,835.5333333333333,6,formula_read
843.2,13,0,0,78,0,0,1,0,5488,STABLE,22889,False,22889,19840,False,,,,CHAIN,11005,False,,11200,True,835.5333333333333,6,formula_read
843.2333333333333,13,0,0,78,0,0,1,0,5488,STABLE,22889,False,22889,19840,False,,,,CHAIN,11005,False,,11200,True,835.5333333333333,6,formula_read
843.2666666666667,13,0,0,78,0,0,1,0,5488,TSUMO_FALL,22889,False,22889,19840,False,,,,CHAIN,11005,False,,11200,True,835.5333333333333,6,formula_read
843.3,13,0,0,78,0,0,1,0,5488,TSUMO_FALL,22889,False,22889,19840,False,,,,CHAIN,11005,False,,11200,True,835.5333333333333,6,formula_read
843.3333333333334,13,0,0,78,0,0,1,0,5488,OJAMA_FALL,22889,False,22889,19840,False,,,,CHAIN,16945,False,16945,11200,False,835.5333333333333,6,formula_read
843.3666666666667,13,0,0,78,0,0,1,0,5488,OJAMA_FALL,22889,False,22889,19840,False,,,,CHAIN,16945,False,16945,11200,False,835.5333333333333,6,formula_read
843.4,13,0,0,78,0,0,1,0,5488,OJAMA_FALL,22889,False,22889,19840,False,,,,CHAIN,16945,False,16945,11200,False,835.5333333333333,6,formula_read
843.4333333333333,13,0,0,78,0,0,1,0,5488,OJAMA_FALL,22889,False,22889,19840,False,,,,CHAIN,16945,False,16945,11200,False,835.5333333333333,6,formula_read
843.4666666666667,13,0,0,78,0,0,1,0,5488,OJAMA_FALL,22889,False,22889,19840,False,,,,CHAIN,16945,False,16945,11200,False,835.5333333333333,6,formula_read
843.5,13,0,0,78,0,0,1,0,5488,OJAMA_FALL,22889,False,22889,19840,False,,,,CHAIN,16945,False,16945,11200,False,835.5333333333333,6,formula_read
843.5333333333333,13,0,0,78,0,0,1,0,5488,OJAMA_FALL,22889,False,22889,19840,False,,,,CHAIN,16945,False,16945,11200,False,835.5333333333333,6,formula_read
843.5666666666667,13,0,0,78,0,0,1,0,5488,OJAMA_FALL,22889,False,22889,19840,False,,,,CHAIN,16945,False,16945,11200,False,835.5333333333333,6,formula_read
843.6,13,72,0,78,0,1,1,22663,5488,OJAMA_FALL,22889,False,22889,19840,False,,,,CHAIN,16945,False,16945,11200,False,835.5333333333333,6,formula_read
843.6333333333333,13,72,0,78,0,1,1,22663,5488,OJAMA_FALL,22889,False,22889,19840,False,,,,CHAIN,16945,False,16945,11200,False,835.5333333333333,6,formula_read
843.6666666666666,13,72,0,78,0,1,1,22663,5488,STABLE,22889,False,22889,19840,False,,,,CHAIN,16945,False,16945,11200,False,835.5333333333333,6,formula_read
843.7,13,72,0,78,0,1,1,22663,5488,TSUMO_FALL,22889,False,22889,19840,False,,,,CHAIN,16945,False,16945,11200,False,835.5333333333333,6,formula_read
843.7333333333333,13,72,0,78,0,1,1,22663,5488,TSUMO_FALL,22889,False,22889,19840,False,,,,CHAIN,16945,False,,11200,True,835.5333333333333,6,formula_read
843.7666666666667,13,72,0,78,0,1,1,22663,5488,STABLE,22889,False,22889,19840,False,,,,CHAIN,16945,False,,26160,True,835.5333333333333,7,formula_read
843.8,13,72,0,78,0,1,1,22663,5488,STABLE,22889,True,22889,19840,False,,,,CHAIN,16945,False,,26160,True,835.5333333333333,7,formula_read
843.8333333333334,13,72,0,78,0,1,1,22663,5488,STABLE,22889,False,22889,19840,False,,,,CHAIN,16945,False,,26160,True,835.5333333333333,7,formula_read
843.8666666666667,13,72,0,78,0,1,1,22663,5488,STABLE,22889,False,22889,19840,False,,,,CHAIN,16945,False,,26160,True,835.5333333333333,7,formula_read
843.9,13,72,0,78,0,1,1,22663,5488,STABLE,22889,False,22889,19840,False,,,,CHAIN,16945,False,,26160,True,835.5333333333333,7,formula_read
843.9333333333333,13,72,0,78,0,1,1,22663,5488,STABLE,22889,False,22889,19840,False,,,,CHAIN,16945,False,,26160,True,835.5333333333333,7,formula_read
843.9666666666667,13,72,0,78,0,1,1,22663,5488,STABLE,22889,False,22889,19840,False,,,,CHAIN,16945,False,,26160,True,835.5333333333333,7,formula_read
844.0,13,72,0,78,0,1,1,22663,5488,STABLE,22889,False,22889,19840,False,,,,CHAIN,16945,False,,26160,True,835.5333333333333,7,formula_read
844.0333333333333,13,72,0,78,0,1,1,22663,5488,STABLE,22889,False,22889,19840,False,,,,CHAIN,16945,False,,26160,True,835.5333333333333,7,formula_read
844.0666666666667,13,72,0,78,0,1,1,22663,5488,STABLE,22890,False,22890,19840,False,,,,CHAIN,16945,False,,26160,True,835.5333333333333,7,formula_read
844.1,13,72,0,78,0,1,1,22663,5488,TSUMO_FALL,22891,False,22891,19840,False,,,,CHAIN,16945,False,,26160,True,835.5333333333333,7,formula_read
844.1333333333333,13,72,0,78,0,1,1,22663,5488,STABLE,22893,False,22893,19840,False,,,,CHAIN,16945,False,,26160,True,835.5333333333333,7,formula_read
844.1666666666666,13,72,0,78,0,1,1,22663,5488,STABLE,22893,False,22893,19840,False,,,,CHAIN,16945,False,,26160,True,835.5333333333333,7,formula_read
844.2,13,72,0,78,0,1,1,22663,5488,STABLE,22893,False,22893,19840,False,,,,CHAIN,16945,False,,26160,True,835.5333333333333,7,formula_read
844.2333333333333,13,72,0,78,0,1,1,22663,5488,STABLE,22893,False,22893,19840,False,,,,CHAIN,16945,False,,26160,True,835.5333333333333,7,formula_read
844.2666666666667,13,72,0,78,0,1,1,22663,5488,STABLE,22893,False,22893,19840,False,,,,CHAIN,16945,False,,26160,True,835.5333333333333,7,formula_read
844.3,13,72,0,78,0,1,1,22663,5488,STABLE,22893,False,22893,19840,False,,,,CHAIN,16945,False,,26160,True,835.5333333333333,7,formula_read
844.3333333333334,13,72,0,78,0,1,1,22663,5488,STABLE,22893,False,22893,19840,False,,,,CHAIN,16945,False,,26160,True,835.5333333333333,7,formula_read
844.3666666666667,13,72,0,78,0,1,1,22663,5488,STABLE,22893,False,22893,19840,False,,,,CHAIN,16945,False,,26160,True,835.5333333333333,7,formula_read
844.4,13,72,0,78,0,1,1,22663,5488,STABLE,22893,False,22893,19840,False,,,,CHAIN,16945,False,,26160,True,835.5333333333333,7,formula_read
844.4333333333333,13,72,0,78,0,1,1,22663,5488,STABLE,22893,True,22893,19840,False,,,,CHAIN,16945,False,,26160,True,835.5333333333333,7,formula_read
844.4666666666667,13,72,0,78,0,1,1,22663,5488,STABLE,22893,False,22893,19840,False,,,,CHAIN,16945,False,,26160,True,835.5333333333333,7,formula_read
844.5,13,72,0,78,0,1,1,22663,5488,STABLE,22893,False,22893,19840,False,,,,CHAIN,16945,False,,26160,True,835.5333333333333,7,formula_read
844.5333333333333,13,72,0,78,0,1,1,22663,5488,STABLE,22893,False,22893,19840,False,,,,CHAIN,16945,False,,26160,True,835.5333333333333,7,formula_read
844.5666666666667,13,72,0,78,0,1,1,22663,5488,STABLE,22893,False,22893,19840,False,,,,CHAIN,16945,False,,26160,True,835.5333333333333,7,formula_read
844.6,13,72,0,78,0,1,1,22663,5488,STABLE,22893,False,22893,19840,False,,,,CHAIN,16945,False,,26160,True,835.5333333333333,7,formula_read
844.6333333333333,13,72,0,78,0,1,1,22663,5488,STABLE,22893,False,22893,19840,False,,,,CHAIN,16945,False,,26160,True,835.5333333333333,7,formula_read
844.6666666666666,13,72,0,78,0,1,1,22663,5488,OJAMA_FALL,22894,False,22894,19840,False,,,,GRAVITY_SETTLE,31905,True,31905,26160,False,,,
844.7,13,72,0,78,0,1,1,22663,5488,STABLE,22895,False,22895,19840,False,,,,GRAVITY_SETTLE,31905,False,31905,26160,False,,,
844.7333333333333,13,72,0,78,0,1,1,22663,5488,STABLE,22896,False,22896,19840,False,,,,GRAVITY_SETTLE,31905,False,31905,26160,False,,,
844.7666666666667,13,72,0,78,0,1,1,22663,5488,STABLE,22897,False,22897,19840,False,,,,GRAVITY_SETTLE,31905,False,31905,26160,False,,,
844.8,13,72,0,78,0,1,1,22663,5488,STABLE,22898,False,22898,19840,False,,,,GRAVITY_SETTLE,31905,False,31905,26160,False,,,
844.8333333333334,13,72,0,78,0,1,1,22663,5488,STABLE,22899,False,22899,19840,False,,,,GRAVITY_SETTLE,31905,False,31905,26160,False,,,
844.8666666666667,13,72,0,78,0,1,1,22663,5488,STABLE,22900,True,22900,19840,False,,,,GRAVITY_SETTLE,31905,True,31905,26160,False,,,
844.9,13,72,0,78,0,1,1,22663,5488,STABLE,22901,False,22901,19840,False,,,,GRAVITY_SETTLE,31905,False,31905,26160,False,,,
844.9333333333333,13,72,0,78,0,1,1,22663,5488,TSUMO_FALL,22902,False,22902,19840,False,,,,GRAVITY_SETTLE,31905,False,31905,26160,False,,,
844.9666666666667,13,72,0,78,0,1,1,22663,5488,TSUMO_FALL,22903,False,22903,19840,False,,,,GRAVITY_SETTLE,31905,False,31905,26160,False,,,
845.0,13,72,0,78,0,1,1,22663,5488,STABLE,22905,False,22905,19840,False,,,,GRAVITY_SETTLE,31905,False,31905,26160,False,,,
845.0333333333333,13,72,0,78,0,1,1,22663,5488,STABLE,22905,False,22905,19840,False,,,,GRAVITY_SETTLE,31905,False,31905,26160,False,,,
845.0666666666667,13,72,0,78,0,1,1,22663,5488,STABLE,22905,False,22905,19840,False,,,,GRAVITY_SETTLE,31905,True,31905,26160,False,,,
845.1,13,72,0,78,0,1,1,22663,5488,STABLE,22905,False,22905,19840,False,,,,GRAVITY_SETTLE,31905,False,31905,26160,False,,,
845.1333333333333,13,72,0,78,0,1,1,22663,5488,STABLE,22905,False,22905,19840,False,,,,GRAVITY_SETTLE,31905,False,31905,26160,False,,,
845.1666666666666,13,72,0,78,0,1,1,22663,5488,STABLE,22905,False,22905,19840,False,,,,GRAVITY_SETTLE,31905,False,31905,26160,False,,,
845.2,13,72,0,78,0,1,1,22663,5488,STABLE,22905,False,22905,19840,False,,,,GRAVITY_SETTLE,31905,False,,26160,True,,,
845.2333333333333,13,72,0,78,0,1,1,22663,5488,STABLE,22905,False,22905,19840,False,,,,CHAIN,31905,False,,32560,True,845.2333333333333,8,formula_read
845.2666666666667,13,72,0,78,0,1,1,22663,5488,STABLE,22905,False,22905,19840,False,,,,CHAIN,31905,False,,32560,True,845.2333333333333,8,formula_read
845.3,13,72,0,78,0,1,1,22663,5488,STABLE,22905,True,22905,19840,False,,,,CHAIN,31905,False,,32560,True,845.2333333333333,8,formula_read
845.3333333333334,13,72,0,78,0,1,1,22663,5488,STABLE,22905,False,22905,19840,False,,,,CHAIN,31905,False,,32560,True,845.2333333333333,8,formula_read
845.3666666666667,13,72,0,78,0,1,1,22663,5488,STABLE,22905,False,22905,19840,False,,,,CHAIN,31905,False,,32560,True,845.2333333333333,8,formula_read
845.4,13,72,0,78,0,1,1,22663,5488,STABLE,22905,False,22905,19840,False,,,,CHAIN,31905,False,,32560,True,845.2333333333333,8,formula_read
845.4333333333333,13,72,0,78,0,1,1,22663,5488,STABLE,22905,False,22905,19840,False,,,,CHAIN,31905,False,,32560,True,845.2333333333333,8,formula_read
845.4666666666667,13,72,0,78,0,1,1,22663,5488,STABLE,22905,False,22905,19840,False,,,,CHAIN,31905,False,,32560,True,845.2333333333333,8,formula_read
845.5,13,72,0,78,0,1,1,22663,5488,STABLE,22905,False,22905,19840,False,,,,CHAIN,31905,False,,32560,True,845.2333333333333,8,formula_read
845.5333333333333,13,72,0,78,0,1,1,22663,5488,STABLE,22905,False,22905,19840,False,,,,CHAIN,31905,False,,32560,True,845.2333333333333,8,formula_read
845.5666666666667,13,72,0,78,0,1,1,22663,5488,STABLE,22905,False,22905,19840,False,,,,CHAIN,31905,False,,32560,True,845.2333333333333,8,formula_read
845.6,13,72,0,78,0,1,1,22663,5488,STABLE,22905,False,22905,19840,False,,,,CHAIN,31905,False,,32560,True,845.2333333333333,8,formula_read
845.6333333333333,13,72,0,78,0,1,1,22663,5488,STABLE,22905,False,22905,19840,False,,,,CHAIN,31905,False,,32560,True,845.2333333333333,8,formula_read
845.6666666666666,13,72,0,78,0,1,1,22663,5488,STABLE,22905,False,22905,19840,False,,,,CHAIN,31905,False,,32560,True,845.2333333333333,8,formula_read
845.7,13,72,0,78,0,1,1,22663,5488,STABLE,22905,False,22905,19840,False,,,,CHAIN,31905,False,,32560,True,845.2333333333333,8,formula_read
845.7333333333333,13,72,0,78,0,1,1,22663,5488,STABLE,22905,False,22905,19840,False,,,,CHAIN,31905,False,,32560,True,845.2333333333333,8,formula_read
845.7666666666667,13,72,0,78,0,1,1,22663,5488,STABLE,22905,False,22905,19840,False,,,,CHAIN,31905,False,,32560,True,845.2333333333333,8,formula_read
845.8,13,72,0,78,0,1,1,22663,5488,STABLE,22906,False,22906,19840,False,,,,CHAIN,31905,False,,32560,True,845.2333333333333,8,formula_read
845.8333333333334,13,72,0,78,0,1,1,22663,5488,STABLE,22907,False,22907,19840,False,,,,CHAIN,31905,False,,32560,True,845.2333333333333,8,formula_read
845.8666666666667,13,72,0,78,0,1,1,22663,5488,STABLE,22908,False,22908,19840,False,,,,CHAIN,31905,False,,32560,True,845.2333333333333,8,formula_read
845.9,13,72,0,78,0,1,1,22663,5488,STABLE,22909,True,22909,19840,False,,,,CHAIN,31905,False,,32560,True,845.2333333333333,8,formula_read
845.9333333333333,13,72,0,78,0,1,1,22663,5488,STABLE,22910,False,22910,19840,False,,,,CHAIN,31905,False,,32560,True,845.2333333333333,8,formula_read
845.9666666666667,13,72,0,78,0,1,1,22663,5488,STABLE,22911,False,22911,19840,False,,,,CHAIN,31905,False,,32560,True,845.2333333333333,8,formula_read
846.0,13,72,0,78,0,1,1,22663,5488,STABLE,22913,False,22913,19840,False,,,,CHAIN,31905,False,,32560,True,845.2333333333333,8,formula_read
846.0333333333333,13,72,0,78,0,1,1,22663,5488,STABLE,22913,False,22913,19840,False,,,,CHAIN,31905,False,,32560,True,845.2333333333333,8,formula_read
846.0666666666667,13,72,0,78,0,1,1,22663,5488,TSUMO_FALL,22913,False,22913,19840,False,,,,CHAIN,31905,False,,32560,True,845.2333333333333,8,formula_read
846.1,13,72,0,78,0,1,1,22663,5488,TSUMO_FALL,22913,False,22913,19840,False,,,,CHAIN,31905,False,,32560,True,845.2333333333333,8,formula_read
846.1333333333333,13,72,0,78,0,1,1,22663,5488,OJAMA_FALL,22913,False,22913,19840,False,,,,CHAIN,38305,False,38305,32560,False,845.2333333333333,8,formula_read
846.1666666666666,13,72,0,78,0,1,1,22663,5488,OJAMA_FALL,22913,False,22913,19840,False,,,,CHAIN,38305,False,38305,32560,False,845.2333333333333,8,formula_read
846.2,13,72,0,78,0,1,1,22663,5488,OJAMA_FALL,22913,False,22913,19840,False,,,,CHAIN,38305,False,38305,32560,False,845.2333333333333,8,formula_read
846.2333333333333,13,72,0,78,0,1,1,22663,5488,OJAMA_FALL,22913,False,22913,19840,False,,,,CHAIN,38305,False,38305,32560,False,845.2333333333333,8,formula_read
846.2666666666667,13,72,0,78,0,1,1,22663,5488,OJAMA_FALL,22913,False,22913,19840,False,,,,CHAIN,38305,False,38305,32560,False,845.2333333333333,8,formula_read
846.3,13,72,0,78,0,1,1,22663,5488,STABLE,22913,True,22913,19840,False,,,,CHAIN,38305,False,38305,32560,False,845.2333333333333,8,formula_read
846.3333333333334,13,72,0,78,0,1,1,22663,5488,TSUMO_FALL,22913,False,22913,19840,False,,,,CHAIN,38305,False,38305,32560,False,845.2333333333333,8,formula_read
846.3666666666667,13,72,0,78,0,1,1,22663,5488,TSUMO_FALL,22913,False,22913,19840,False,,,,CHAIN,38305,False,38305,32560,False,845.2333333333333,8,formula_read
846.4,13,72,0,78,0,1,1,22663,5488,TSUMO_FALL,22913,False,22913,19840,False,,,,CHAIN,38305,False,38305,32560,False,845.2333333333333,8,formula_read
846.4333333333333,13,72,0,78,0,1,1,22663,5488,STABLE,22913,False,22913,19840,False,,,,CHAIN,38305,False,38305,32560,False,845.2333333333333,8,formula_read
846.4666666666667,13,72,0,78,0,1,1,22663,5488,STABLE,22913,False,22913,19840,False,,,,CHAIN,38305,False,38305,32560,False,845.2333333333333,8,formula_read
846.5,13,72,0,78,0,1,1,22663,5488,STABLE,22914,False,22914,19840,False,,,,CHAIN,38305,False,38305,32560,False,845.2333333333333,8,formula_read
846.5333333333333,13,72,0,78,0,1,1,22663,5488,STABLE,22915,False,22915,19840,False,,,,CHAIN,38305,False,38305,32560,False,845.2333333333333,8,formula_read
846.5666666666667,13,72,0,78,0,1,1,22663,5488,STABLE,22916,False,22916,19840,False,,,,CHAIN,38305,False,,32560,True,845.2333333333333,8,formula_read
846.6,13,72,0,78,0,1,1,22663,5488,TSUMO_FALL,22917,False,22917,19840,False,,,,CHAIN,38305,False,,40240,True,845.2333333333333,9,formula_read
846.6333333333333,13,72,0,78,0,1,1,22663,5488,TSUMO_FALL,22918,False,22918,19840,False,,,,CHAIN,38305,False,,40240,True,845.2333333333333,9,formula_read
846.6666666666666,13,72,0,78,0,1,1,22663,5488,TSUMO_FALL,22919,False,22919,19840,False,,,,CHAIN,38305,False,,40240,True,845.2333333333333,9,formula_read
846.7,13,72,0,78,0,1,1,22663,5488,STABLE,22921,False,22921,19840,False,,,,CHAIN,38305,False,,40240,True,845.2333333333333,9,formula_read
846.7333333333333,13,72,0,78,0,1,1,22663,5488,STABLE,22921,False,22921,19840,False,,,,CHAIN,38305,False,,40240,True,845.2333333333333,9,formula_read
846.7666666666667,13,72,0,78,0,1,1,22663,5488,STABLE,22921,False,22921,19840,False,,,,CHAIN,38305,False,,40240,True,845.2333333333333,9,formula_read
846.8,13,72,0,78,0,1,1,22663,5488,TSUMO_FALL,22921,False,22921,19840,False,,,,CHAIN,38305,False,,40240,True,845.2333333333333,9,formula_read
846.8333333333334,13,72,0,78,0,1,1,22663,5488,TSUMO_FALL,22921,False,22921,19840,False,,,,CHAIN,38305,False,,40240,True,845.2333333333333,9,formula_read
846.8666666666667,13,72,0,78,0,1,1,22663,5488,STABLE,22921,False,22921,19840,False,,,,CHAIN,38305,False,,40240,True,845.2333333333333,9,formula_read
846.9,13,72,0,78,0,1,1,22663,5488,STABLE,22921,False,22921,19840,False,,,,CHAIN,38305,False,,40240,True,845.2333333333333,9,formula_read
846.9333333333333,13,72,0,78,0,1,1,22663,5488,STABLE,22921,False,22921,19840,False,,,,CHAIN,38305,False,,40240,True,845.2333333333333,9,formula_read
846.9666666666667,13,72,0,78,0,1,1,22663,5488,STABLE,22921,False,22921,19840,False,,,,CHAIN,38305,False,,40240,True,845.2333333333333,9,formula_read
847.0,13,72,0,78,0,1,1,22663,5488,STABLE,22921,True,22921,19840,False,,,,CHAIN,38305,False,,40240,True,845.2333333333333,9,formula_read
847.0333333333333,13,72,0,78,0,1,1,22663,5488,STABLE,22921,False,22921,19840,False,,,,CHAIN,38305,False,,40240,True,845.2333333333333,9,formula_read
847.0666666666667,13,72,0,78,0,1,1,22663,5488,STABLE,22921,False,22921,19840,False,,,,CHAIN,38305,False,,40240,True,845.2333333333333,9,formula_read
847.1,13,72,0,78,0,1,1,22663,5488,STABLE,22921,False,22921,19840,False,,,,CHAIN,38305,False,,40240,True,845.2333333333333,9,formula_read
847.1333333333333,13,72,0,78,0,1,1,22663,5488,STABLE,22921,False,22921,19840,False,,,,CHAIN,38305,False,,40240,True,845.2333333333333,9,formula_read
847.1666666666666,13,72,0,78,0,1,1,22663,5488,STABLE,22921,False,22921,19840,False,,,,CHAIN,38305,False,,40240,True,845.2333333333333,9,formula_read
847.2,13,72,0,78,0,1,1,22663,5488,STABLE,22921,False,22921,19840,False,,,,CHAIN,38305,False,,40240,True,845.2333333333333,9,formula_read
847.2333333333333,13,72,0,78,0,1,1,22663,5488,STABLE,22922,False,22922,19840,False,,,,CHAIN,38305,False,,40240,True,845.2333333333333,9,formula_read
847.2666666666667,13,72,0,78,0,1,1,22663,5488,STABLE,22923,False,22923,19840,False,,,,CHAIN,38305,False,,40240,True,845.2333333333333,9,formula_read
847.3,13,72,0,78,0,1,1,22663,5488,TSUMO_FALL,22924,True,22924,19840,False,,,,CHAIN,38305,False,,40240,True,845.2333333333333,9,formula_read
847.3333333333334,13,72,0,78,0,1,1,22663,5488,TSUMO_FALL,22926,False,22926,19840,False,,,,CHAIN,38305,False,,40240,True,845.2333333333333,9,formula_read
847.3666666666667,13,72,0,78,0,1,1,22663,5488,STABLE,22926,False,22926,19840,False,,,,CHAIN,38305,False,,40240,True,845.2333333333333,9,formula_read
847.4,13,72,0,78,0,1,1,22663,5488,STABLE,22926,False,22926,19840,False,,,,CHAIN,38305,False,,40240,True,845.2333333333333,9,formula_read
847.4333333333333,13,72,0,78,0,1,1,22663,5488,STABLE,22926,False,22926,19840,False,,,,CHAIN,38305,False,,40240,True,845.2333333333333,9,formula_read
847.4666666666667,13,72,0,78,0,1,1,22663,5488,STABLE,22926,False,22926,19840,False,,,,CHAIN,38305,False,,40240,True,845.2333333333333,9,formula_read
847.5,13,72,0,78,0,1,1,22663,5488,OJAMA_FALL,22926,False,22926,19840,False,,,,CHAIN,45985,False,45985,40240,False,845.2333333333333,9,formula_read
847.5333333333333,13,72,0,78,0,1,1,22663,5488,OJAMA_FALL,22926,False,22926,19840,False,,,,CHAIN,45985,False,45985,40240,False,845.2333333333333,9,formula_read
847.5666666666667,13,72,0,78,0,1,1,22663,5488,OJAMA_FALL,22926,False,22926,19840,False,,,,CHAIN,45985,False,45985,40240,False,845.2333333333333,9,formula_read
847.6,13,72,0,78,0,1,1,22663,5488,OJAMA_FALL,22926,False,22926,19840,False,,,,CHAIN,45985,False,45985,40240,False,845.2333333333333,9,formula_read
847.6333333333333,13,72,0,78,0,1,1,22663,5488,OJAMA_FALL,22926,False,22926,19840,False,,,,CHAIN,45985,False,45985,40240,False,845.2333333333333,9,formula_read
847.6666666666666,13,72,0,78,0,1,1,22663,5488,OJAMA_FALL,22926,False,22926,19840,False,,,,CHAIN,45985,False,45985,40240,False,845.2333333333333,9,formula_read
847.7,13,72,0,78,0,1,1,22663,5488,OJAMA_FALL,22926,False,22926,19840,False,,,,CHAIN,45985,False,45985,40240,False,845.2333333333333,9,formula_read
847.7333333333333,13,72,0,78,0,1,1,22663,5488,OJAMA_FALL,22926,False,22926,19840,False,,,,CHAIN,45985,False,45985,40240,False,845.2333333333333,9,formula_read
847.7666666666667,13,72,0,78,0,1,1,22663,5488,OJAMA_FALL,22926,False,22926,19840,False,,,,CHAIN,45985,False,45985,40240,False,845.2333333333333,9,formula_read
847.8,13,72,0,78,0,1,1,22663,5488,OJAMA_FALL,22926,False,22926,19840,False,,,,CHAIN,45985,False,45985,40240,False,845.2333333333333,9,formula_read
847.8333333333334,13,72,0,78,0,1,1,22663,5488,STABLE,22926,False,22926,19840,False,,,,CHAIN,45985,False,45985,40240,False,845.2333333333333,9,formula_read
847.8666666666667,13,72,0,78,0,1,1,22663,5488,STABLE,22926,False,22926,19840,False,,,,CHAIN,45985,False,45985,40240,False,845.2333333333333,9,formula_read
847.9,13,72,0,78,0,1,1,22663,5488,TSUMO_FALL,22926,False,22926,19840,False,,,,CHAIN,45985,False,45985,40240,False,845.2333333333333,9,formula_read
847.9333333333333,13,72,0,78,0,1,1,22663,5488,STABLE,22926,False,22926,19840,False,,,,CHAIN,45985,False,45985,40240,False,845.2333333333333,9,formula_read
847.9666666666667,13,72,0,78,0,1,1,22663,5488,STABLE,22926,False,22926,19840,False,,,,CHAIN,45985,False,45985,40240,False,845.2333333333333,9,formula_read
848.0,13,72,0,78,0,1,1,22663,5488,STABLE,22926,False,22926,19840,False,,,,GRAVITY_SETTLE,45985,True,45985,40240,False,,,
848.0333333333333,13,72,0,78,0,1,1,22663,5488,STABLE,22926,False,22926,19840,False,,,,STABLE,45985,False,45985,40240,False,,,
848.0666666666667,13,72,0,78,0,1,1,22663,5488,STABLE,22926,False,22926,19840,False,,,,STABLE,45985,False,45985,40240,False,,,
848.1,13,72,0,78,0,1,1,22663,5488,STABLE,22926,False,22926,19840,False,,,,STABLE,45985,False,45985,40240,False,,,
848.1333333333333,13,72,0,78,0,1,1,22663,5488,STABLE,22926,False,22926,19840,False,,,,STABLE,45985,False,45985,40240,False,,,
848.1666666666666,13,72,0,78,0,1,1,22663,5488,STABLE,22926,False,22926,19840,False,,,,TSUMO_FALL,45985,False,45985,40240,False,,,
848.2,13,72,0,78,0,1,1,22663,5488,STABLE,22926,False,22926,19840,False,,,,TSUMO_FALL,45985,False,45985,40240,False,,,
848.2333333333333,13,72,0,78,0,1,1,22663,5488,STABLE,22926,False,22926,19840,False,,,,TSUMO_FALL,45987,False,45987,40240,False,,,
848.2666666666667,13,72,0,78,0,1,1,22663,5488,STABLE,22926,False,22926,19840,False,,,,TSUMO_FALL,45988,False,45988,40240,False,,,
848.3,13,72,0,78,0,1,1,22663,5488,STABLE,22926,False,22926,19840,False,,,,TSUMO_FALL,45989,False,45989,40240,False,,,
848.3333333333334,13,72,0,78,0,1,1,22663,5488,STABLE,22926,False,22926,19840,False,,,,TSUMO_FALL,45989,False,45989,40240,False,,,
848.3666666666667,13,72,0,78,0,1,1,22663,5488,STABLE,22926,False,22926,19840,False,,,,TSUMO_FALL,45989,False,45989,40240,False,,,
848.4,13,72,0,78,0,1,1,22663,5488,STABLE,22926,False,22926,19840,False,,,,TSUMO_FALL,45990,False,45990,40240,False,,,
848.4333333333333,13,72,0,78,0,1,1,22663,5488,STABLE,22926,False,22926,19840,False,,,,TSUMO_FALL,45990,False,45990,40240,False,,,
848.4666666666667,13,72,0,78,0,1,1,22663,5488,STABLE,22926,False,22926,19840,False,,,,TSUMO_FALL,45990,False,45990,40240,False,,,
848.5,13,72,0,78,0,1,1,22663,5488,STABLE,22926,False,22926,19840,False,,,,TSUMO_FALL,45990,False,45990,40240,False,,,
848.5333333333333,13,72,0,78,0,1,1,22663,5488,STABLE,22926,False,22926,19840,False,,,,TSUMO_FALL,45990,False,45990,40240,False,,,
848.5666666666667,13,72,0,78,0,1,1,22663,5488,STABLE,22926,False,22926,19840,False,,,,TSUMO_FALL,45991,False,45991,40240,False,,,
848.6,13,72,0,78,0,1,1,22663,5488,STABLE,22926,False,22926,19840,False,,,,TSUMO_FALL,45992,False,45992,40240,False,,,
848.6333333333333,13,72,0,78,0,1,1,22663,5488,OJAMA_FALL,22926,False,22926,19840,False,,,,TSUMO_FALL,45994,False,45994,40240,False,,,
848.6666666666666,13,72,0,78,30,1,1,22663,5488,OJAMA_FALL,22926,False,22926,19840,False,,,,STABLE,45994,False,45994,40240,False,,,
848.7,13,72,0,78,30,1,1,22663,5488,OJAMA_FALL,22926,False,22926,19840,False,,,,STABLE,45994,False,45994,40240,False,,,
848.7333333333333,13,72,0,78,30,1,1,22663,5488,OJAMA_FALL,22926,False,22926,19840,False,,,,STABLE,45994,False,45994,40240,False,,,
848.7666666666667,13,72,0,78,30,1,1,22663,5488,OJAMA_FALL,22926,False,22926,19840,False,,,,STABLE,45994,False,45994,40240,False,,,
848.8,13,72,0,78,30,1,1,22663,5488,OJAMA_FALL,22926,False,22926,19840,False,,,,STABLE,45994,False,45994,40240,False,,,
848.8333333333334,13,72,0,78,30,1,1,22663,5488,OJAMA_FALL,22926,False,22926,19840,False,,,,STABLE,45994,False,45994,40240,False,,,
848.8666666666667,13,72,0,78,30,1,1,22663,5488,OJAMA_FALL,22926,False,22926,19840,False,,,,STABLE,45994,False,45994,40240,False,,,
848.9,13,72,0,78,30,1,1,22663,5488,OJAMA_FALL,22926,False,22926,19840,False,,,,STABLE,45994,True,45994,40240,False,,,
848.9333333333333,13,72,0,78,30,1,1,22663,5488,OJAMA_FALL,22926,False,22926,19840,False,,,,STABLE,45994,False,45994,40240,False,,,
848.9666666666667,13,72,0,78,30,1,1,22663,5488,OJAMA_FALL,22926,False,22926,19840,False,,,,STABLE,45994,False,45994,40240,False,,,
849.0,13,72,0,78,30,1,1,22663,5488,OJAMA_FALL,22926,False,22926,19840,False,,,,STABLE,45994,False,45994,40240,False,,,
849.0333333333333,13,72,0,78,30,1,1,22663,5488,OJAMA_FALL,22926,False,22926,19840,False,,,,TSUMO_FALL,45994,False,45994,40240,False,,,
849.0666666666667,13,72,0,78,60,1,1,22663,5488,OJAMA_FALL,22926,False,22926,19840,False,,,,STABLE,45994,False,45994,40240,False,,,
849.1,13,72,0,78,60,1,1,22663,5488,OJAMA_FALL,22926,False,22926,19840,False,,,,STABLE,45996,False,45996,40240,False,,,
849.1333333333333,13,72,0,78,60,1,1,22663,5488,OJAMA_FALL,22926,False,22926,19840,False,,,,TSUMO_FALL,45997,False,45997,40240,False,,,
849.1666666666666,13,72,0,78,60,1,1,22663,5488,OJAMA_FALL,22926,False,22926,19840,False,,,,TSUMO_FALL,45998,False,45998,40240,False,,,
849.2,13,72,0,78,60,1,1,22663,5488,OJAMA_FALL,22926,False,22926,19840,False,,,,TSUMO_FALL,45999,False,45999,40240,False,,,
849.2333333333333,13,72,0,78,60,1,1,22663,5488,OJAMA_FALL,22926,False,22926,19840,False,,,,TSUMO_FALL,46000,False,46000,40240,False,,,
849.2666666666667,13,72,0,78,90,1,1,22663,5488,STABLE,22926,False,22926,19840,False,,,,STABLE,46000,False,46000,40240,False,,,
849.3,13,72,0,78,90,1,1,22663,5488,STABLE,22926,False,22926,19840,False,,,,STABLE,46001,False,46001,40240,False,,,
849.3333333333334,13,72,0,78,90,1,1,22663,5488,STABLE,22926,False,22926,19840,False,,,,STABLE,46001,False,46001,40240,False,,,
849.3666666666667,13,72,0,78,90,1,1,22663,5488,STABLE,22926,False,22926,19840,False,,,,STABLE,46002,False,46002,40240,False,,,
849.4,13,72,0,78,90,1,1,22663,5488,STABLE,22926,False,22926,19840,False,,,,TSUMO_FALL,46003,False,46003,40240,False,,,
849.4333333333333,13,72,0,78,90,1,1,22663,5488,STABLE,22926,False,22926,19840,False,,,,TSUMO_FALL,46004,False,46004,40240,False,,,
849.4666666666667,13,72,0,78,90,1,1,22663,5488,STABLE,22926,False,22926,19840,False,,,,TSUMO_FALL,46005,False,46005,40240,False,,,
849.5,13,72,0,78,90,1,1,22663,5488,STABLE,22926,False,22926,19840,False,,,,TSUMO_FALL,46005,False,46005,40240,False,,,
849.5333333333333,13,72,0,78,90,1,1,22663,5488,STABLE,22926,False,22926,19840,False,,,,TSUMO_FALL,46006,False,46006,40240,False,,,
849.5666666666667,13,72,0,78,120,1,1,22663,5488,STABLE,22926,True,22926,19840,False,,,,STABLE,46006,False,46006,40240,False,,,
849.6,13,72,0,78,120,1,1,22663,5488,STABLE,22926,False,22926,19840,False,,,,STABLE,46006,False,46006,40240,False,,,
849.6333333333333,13,72,0,78,120,1,1,22663,5488,STABLE,22926,False,22926,19840,False,,,,STABLE,46006,False,46006,40240,False,,,
849.6666666666666,13,72,0,78,120,1,1,22663,5488,STABLE,22926,False,22926,19840,False,,,,STABLE,46006,False,46006,40240,False,,,
849.7,13,72,0,78,120,1,1,22663,5488,STABLE,22927,False,22927,19840,False,,,,STABLE,46006,False,46006,40240,False,,,
849.7333333333333,13,72,0,78,120,1,1,22663,5488,STABLE,22928,False,22928,19840,False,,,,STABLE,46006,True,46006,40240,False,,,
849.7666666666667,13,72,0,78,120,1,1,22663,5488,TSUMO_FALL,22930,False,22930,19840,False,,,,STABLE,46006,False,46006,40240,False,,,
849.8,13,72,0,78,120,1,1,22663,5488,STABLE,22930,False,22930,19840,False,,,,STABLE,46006,False,46006,40240,False,,,
849.8333333333334,13,72,0,78,120,1,1,22663,5488,STABLE,22930,False,22930,19840,False,,,,STABLE,46006,False,46006,40240,False,,,
849.8666666666667,13,72,0,78,120,1,1,22663,5488,STABLE,22930,False,22930,19840,False,,,,TSUMO_FALL,46006,False,46006,40240,False,,,
849.9,13,66,0,78,150,1,1,22663,5488,STABLE,22930,False,22930,19840,False,,,,STABLE,46006,False,46006,40240,False,,,
849.9333333333333,13,66,0,78,150,1,1,22663,5488,STABLE,22930,False,22930,19840,False,,,,STABLE,46007,False,46007,40240,False,,,
849.9666666666667,13,66,0,78,150,1,1,22663,5488,STABLE,22930,False,22930,19840,False,,,,TSUMO_FALL,46008,False,46008,40240,False,,,
850.0,13,66,0,78,150,1,1,22663,5488,STABLE,22930,False,22930,19840,False,,,,TSUMO_FALL,46010,False,46010,40240,False,,,
850.0333333333333,13,66,0,78,150,1,1,22663,5488,STABLE,22930,False,22930,19840,False,,,,TSUMO_FALL,46011,False,46011,40240,False,,,
850.0666666666667,13,66,0,78,150,1,1,22663,5488,STABLE,22930,False,22930,19840,False,,,,TSUMO_FALL,46012,False,46012,40240,False,,,
850.1,13,66,0,78,150,1,1,22663,5488,STABLE,22930,False,22930,19840,False,,,,TSUMO_FALL,46012,False,46012,40240,False,,,
850.1333333333333,13,66,0,78,150,1,1,22663,5488,STABLE,22930,False,22930,19840,False,,,,TSUMO_FALL,46013,False,46013,40240,False,,,
850.1666666666666,13,66,0,78,150,1,1,22663,5488,STABLE,22930,False,22930,19840,False,,,,TSUMO_FALL,46014,False,46014,40240,False,,,
850.2,13,66,0,78,150,1,1,22663,5488,STABLE,22930,False,22930,19840,False,,,,TSUMO_FALL,46015,False,46015,40240,False,,,
850.2333333333333,13,36,0,78,180,1,1,22663,5488,STABLE,22930,False,22930,19840,False,,,,STABLE,46016,False,46016,40240,False,,,
850.2666666666667,13,36,0,78,180,1,1,22663,5488,STABLE,22930,False,22930,19840,False,,,,STABLE,46017,False,46017,40240,False,,,
850.3,13,36,0,78,180,1,1,22663,5488,STABLE,22930,False,22930,19840,False,,,,TSUMO_FALL,46017,False,46017,40240,False,,,
850.3333333333334,13,36,0,78,180,1,1,22663,5488,STABLE,22930,False,22930,19840,False,,,,TSUMO_FALL,46019,False,46019,40240,False,,,
850.3666666666667,13,6,0,78,210,1,1,22663,5488,STABLE,22930,False,22930,19840,False,,,,STABLE,46019,False,46019,40240,False,,,
850.4,13,6,0,78,210,1,1,22663,5488,STABLE,22930,False,22930,19840,False,,,,STABLE,46019,False,46019,40240,False,,,
850.4333333333333,13,6,0,78,210,1,1,22663,5488,STABLE,22930,False,22930,19840,False,,,,STABLE,46019,False,46019,40240,False,,,
850.4666666666667,13,6,0,78,210,1,1,22663,5488,STABLE,22930,False,22930,19840,False,,,,STABLE,46019,False,46019,40240,False,,,
850.5,13,6,0,78,210,1,1,22663,5488,STABLE,22930,False,22930,19840,False,,,,STABLE,46019,False,46019,40240,False,,,
850.5333333333333,13,6,0,78,210,1,1,22663,5488,STABLE,22930,False,22930,19840,False,,,,STABLE,46019,False,46019,40240,False,,,
850.5666666666667,13,6,0,78,210,1,1,22663,5488,OJAMA_FALL,22930,False,22930,19840,False,,,,STABLE,46019,True,46019,40240,False,,,
850.6,13,6,0,78,210,1,1,22663,5488,OJAMA_FALL,22930,False,22930,19840,False,,,,STABLE,46019,False,46019,40240,False,,,
850.6333333333333,13,6,0,78,210,1,1,22663,5488,OJAMA_FALL,22930,False,22930,19840,False,,,,STABLE,46019,False,46019,40240,False,,,
850.6666666666666,13,6,0,78,210,1,1,22663,5488,OJAMA_FALL,22930,False,22930,19840,False,,,,STABLE,46019,False,46019,40240,False,,,
850.7,13,6,0,78,210,1,1,22663,5488,OJAMA_FALL,22930,False,22930,19840,False,,,,TSUMO_FALL,46019,False,46019,40240,False,,,
850.7333333333333,13,0,0,78,216,1,1,22663,5488,OJAMA_FALL,22930,False,22930,19840,False,,,,STABLE,46019,False,46019,40240,False,,,
850.7666666666667,13,0,0,78,216,1,1,22663,5488,OJAMA_FALL,22930,False,22930,19840,False,,,,STABLE,46020,False,46020,40240,False,,,
850.8,13,0,0,78,216,1,1,22663,5488,OJAMA_FALL,22930,False,22930,19840,False,,,,STABLE,46021,False,46021,40240,False,,,
850.8333333333334,13,0,0,78,216,1,1,22663,5488,OJAMA_FALL,22930,False,22930,19840,False,,,,STABLE,46022,False,46022,40240,False,,,
850.8666666666667,13,0,0,78,216,1,1,22663,5488,OJAMA_FALL,22930,False,22930,19840,False,,,,STABLE,46024,False,46024,40240,False,,,
850.9,13,0,0,78,216,1,1,22663,5488,OJAMA_FALL,22930,False,22930,19840,False,,,,STABLE,46025,False,46025,40240,False,,,
850.9333333333333,13,0,0,78,216,1,1,22663,5488,STABLE,22930,False,22930,19840,False,,,,TSUMO_FALL,46026,False,46026,40240,False,,,
850.9666666666667,13,0,0,78,216,1,1,22663,5488,STABLE,22930,False,22930,19840,False,,,,TSUMO_FALL,46027,False,46027,40240,False,,,
851.0,13,0,0,78,216,1,1,22663,5488,STABLE,22930,False,22930,19840,False,,,,TSUMO_FALL,46028,False,46028,40240,False,,,
851.0333333333333,13,0,0,78,216,1,1,22663,5488,STABLE,22930,False,22930,19840,False,,,,STABLE,46028,False,46028,40240,False,,,
851.0666666666667,13,0,0,78,216,1,1,22663,5488,STABLE,22930,False,22930,19840,False,,,,STABLE,46029,False,46029,40240,False,,,
851.1,13,0,0,78,216,1,1,22663,5488,STABLE,22930,False,22930,19840,False,,,,TSUMO_FALL,46030,False,46030,40240,False,,,
851.1333333333333,13,0,0,78,216,1,1,22663,5488,STABLE,22930,False,22930,19840,False,,,,TSUMO_FALL,46032,False,46032,40240,False,,,
851.1666666666666,13,0,0,78,216,1,1,22663,5488,STABLE,22930,False,22930,19840,False,,,,STABLE,46032,False,46032,40240,False,,,
851.2,13,0,0,78,216,1,1,22663,5488,STABLE,22930,False,22930,19840,False,,,,STABLE,46032,False,46032,40240,False,,,
851.2333333333333,13,0,0,78,216,1,1,22663,5488,STABLE,22930,False,22930,19840,False,,,,STABLE,46032,False,46032,40240,False,,,
851.2666666666667,13,0,0,78,216,1,1,22663,5488,STABLE,22930,False,22930,19840,False,,,,STABLE,46032,False,46032,40240,False,,,
851.3,13,0,0,78,216,1,1,22663,5488,STABLE,22930,False,22930,19840,False,,,,STABLE,46032,False,46032,40240,False,,,
851.3333333333334,13,0,0,78,216,1,1,22663,5488,STABLE,22930,False,22930,19840,False,,,,STABLE,46032,False,46032,40240,False,,,
851.3666666666667,13,0,0,78,216,1,1,22663,5488,STABLE,22930,True,22930,19840,False,,,,STABLE,46032,False,46032,40240,False,,,
851.4,13,0,0,78,216,1,1,22663,5488,STABLE,22930,False,22930,19840,False,,,,STABLE,46032,False,46032,40240,False,,,
851.4333333333333,13,0,0,78,216,1,1,22663,5488,STABLE,22930,False,22930,19840,False,,,,STABLE,46032,False,46032,40240,False,,,
851.4666666666667,13,0,0,78,216,1,1,22663,5488,STABLE,22930,False,22930,19840,False,,,,STABLE,46032,False,46032,40240,False,,,
851.5,13,0,0,78,216,1,1,22663,5488,STABLE,22930,False,22930,19840,False,,,,STABLE,46032,False,46032,40240,False,,,
851.5333333333333,13,0,0,78,216,1,1,22663,5488,STABLE,22930,False,22930,19840,False,,,,STABLE,46032,False,46032,40240,False,,,
851.5666666666667,13,0,0,78,216,1,1,22663,5488,STABLE,22930,False,22930,19840,False,,,,STABLE,46032,False,46032,40240,False,,,
851.6,13,0,0,78,216,1,1,22663,5488,OJAMA_FALL,22930,False,22930,19840,False,,,,STABLE,46032,False,46032,40240,False,,,
851.6333333333333,13,0,0,78,216,1,1,22663,5488,OJAMA_FALL,22930,False,22930,19840,False,,,,STABLE,46032,False,46032,40240,False,,,
851.6666666666666,13,0,0,78,216,1,1,22663,5488,OJAMA_FALL,22930,False,22930,19840,False,,,,STABLE,46032,False,46032,40240,False,,,
851.7,13,0,0,78,216,1,1,22663,5488,OJAMA_FALL,22930,False,22930,19840,False,,,,STABLE,46032,False,46032,40240,False,,,
851.7333333333333,13,0,0,78,216,1,1,22663,5488,OJAMA_FALL,22930,False,22930,19840,False,,,,STABLE,46032,False,46032,40240,False,,,
851.7666666666667,13,-72,216,78,216,1,2,22663,40287,OJAMA_FALL,22930,False,22930,19840,False,,,,STABLE,46032,False,46032,40240,False,,,
851.8,13,-72,216,78,216,1,2,22663,40287,OJAMA_FALL,22930,False,22930,19840,False,,,,STABLE,46032,False,46032,40240,False,,,
851.8333333333334,13,-72,216,78,216,1,2,22663,40287,OJAMA_FALL,22930,False,22930,19840,False,,,,STABLE,46032,False,46032,40240,False,,,
851.8666666666667,13,-72,216,78,216,1,2,22663,40287,OJAMA_FALL,22930,False,22930,19840,False,,,,STABLE,46032,False,46032,40240,False,,,
851.9,13,-72,216,78,216,1,2,22663,40287,OJAMA_FALL,22930,False,22930,19840,False,,,,STABLE,46032,False,46032,40240,False,,,
851.9333333333333,13,-72,216,78,216,1,2,22663,40287,OJAMA_FALL,22930,False,22930,19840,False,,,,STABLE,46032,False,46032,40240,False,,,
851.9666666666667,13,-72,216,78,216,1,2,22663,40287,OJAMA_FALL,22930,False,22930,19840,False,,,,STABLE,46032,False,46032,40240,False,,,
852.0,13,-72,216,78,216,1,2,22663,40287,OJAMA_FALL,22930,False,22930,19840,False,,,,STABLE,46032,False,46032,40240,False,,,
852.0333333333333,13,-72,216,78,216,1,2,22663,40287,OJAMA_FALL,22930,False,22930,19840,False,,,,STABLE,46032,False,46032,40240,False,,,
852.0666666666667,13,-72,216,78,216,1,2,22663,40287,OJAMA_FALL,22930,False,22930,19840,False,,,,STABLE,46032,False,46032,40240,False,,,
852.1,13,-72,216,78,216,1,2,22663,40287,OJAMA_FALL,22930,False,22930,19840,False,,,,STABLE,46032,False,46032,40240,False,,,
852.1333333333333,13,-72,216,78,216,1,2,22663,40287,OJAMA_FALL,22930,False,22930,19840,False,,,,STABLE,46032,False,46032,40240,False,,,
852.1666666666666,13,-72,216,78,216,1,2,22663,40287,OJAMA_FALL,22930,False,22930,19840,False,,,,STABLE,46032,False,46032,40240,False,,,
852.2,13,-72,216,78,216,1,2,22663,40287,OJAMA_FALL,22930,False,22930,19840,False,,,,STABLE,46032,False,46032,40240,False,,,
852.2333333333333,13,-72,216,78,216,1,2,22663,40287,OJAMA_FALL,22930,False,22930,19840,False,,,,STABLE,46032,False,46032,40240,False,,,
852.2666666666667,13,-72,216,78,216,1,2,22663,40287,OJAMA_FALL,22930,False,22930,19840,False,,,,STABLE,46032,False,46032,40240,False,,,
852.3,13,-72,216,78,216,1,2,22663,40287,OJAMA_FALL,22930,False,22930,19840,False,,,,STABLE,46032,False,46032,40240,False,,,
852.3333333333334,13,-72,216,78,216,1,2,22663,40287,OJAMA_FALL,22930,False,22930,19840,False,,,,STABLE,46032,False,46032,40240,False,,,
852.3666666666667,13,-72,216,78,216,1,2,22663,40287,OJAMA_FALL,22930,False,22930,19840,False,,,,STABLE,46032,False,46032,40240,False,,,
852.4,13,-72,216,78,216,1,2,22663,40287,OJAMA_FALL,22930,False,22930,19840,False,,,,STABLE,46032,False,46032,40240,False,,,
852.4333333333333,13,-72,216,78,216,1,2,22663,40287,OJAMA_FALL,22930,False,22930,19840,False,,,,STABLE,46032,False,46032,40240,False,,,
852.4666666666667,13,-72,216,78,216,1,2,22663,40287,OJAMA_FALL,22930,False,22930,19840,False,,,,STABLE,46032,False,46032,40240,False,,,
852.5,13,-72,216,78,216,1,2,22663,40287,OJAMA_FALL,22930,False,22930,19840,False,,,,STABLE,46032,False,46032,40240,False,,,
852.5333333333333,13,-72,216,78,216,1,2,22663,40287,OJAMA_FALL,22930,False,22930,19840,False,,,,STABLE,46032,False,46032,40240,False,,,
852.5666666666667,13,-72,216,78,216,1,2,22663,40287,OJAMA_FALL,22930,False,22930,19840,False,,,,STABLE,46032,False,46032,40240,False,,,
852.6,13,-72,216,78,216,1,2,22663,40287,OJAMA_FALL,22930,False,22930,19840,False,,,,STABLE,46032,False,46032,40240,False,,,
852.6333333333333,13,-72,216,78,216,1,2,22663,40287,OJAMA_FALL,22930,False,22930,19840,False,,,,STABLE,46032,False,46032,40240,False,,,
852.6666666666666,13,-72,216,78,216,1,2,22663,40287,OJAMA_FALL,22930,False,22930,19840,False,,,,STABLE,46032,False,46032,40240,False,,,
852.7,13,-72,216,78,216,1,2,22663,40287,OJAMA_FALL,22930,False,22930,19840,False,,,,STABLE,46032,False,46032,40240,False,,,
852.7333333333333,13,-72,216,78,216,1,2,22663,40287,OJAMA_FALL,22930,False,22930,19840,False,,,,STABLE,46032,False,46032,40240,False,,,
852.7666666666667,13,-72,216,78,216,1,2,22663,40287,OJAMA_FALL,22930,False,22930,19840,False,,,,STABLE,46032,False,46032,40240,False,,,
852.8,13,-72,216,78,216,1,2,22663,40287,OJAMA_FALL,22930,False,22930,19840,False,,,,STABLE,46032,False,46032,40240,False,,,
852.8333333333334,13,-72,216,78,216,1,2,22663,40287,OJAMA_FALL,22930,False,22930,19840,False,,,,TSUMO_FALL,46032,False,46032,40240,False,,,
852.8666666666667,13,-72,216,78,216,1,2,22663,40287,OJAMA_FALL,22930,False,22930,19840,False,,,,TSUMO_FALL,46032,False,46032,40240,False,,,
852.9,13,-72,216,78,216,1,2,22663,40287,OJAMA_FALL,22930,False,22930,19840,False,,,,TSUMO_FALL,46032,False,46032,40240,False,,,
852.9333333333333,13,-72,216,78,216,1,2,22663,40287,OJAMA_FALL,22930,False,22930,19840,False,,,,STABLE,46032,False,46032,40240,False,,,
852.9666666666667,13,-72,216,78,216,1,2,22663,40287,OJAMA_FALL,22930,False,22930,19840,False,,,,STABLE,46032,False,46032,40240,False,,,
853.0,13,-72,216,78,216,1,2,22663,40287,OJAMA_FALL,22930,False,22930,19840,False,,,,STABLE,46032,False,46032,40240,False,,,
853.0333333333333,13,-72,216,78,216,1,2,22663,40287,OJAMA_FALL,22930,False,22930,19840,False,,,,STABLE,46032,False,46032,40240,False,,,
853.0666666666667,13,-72,216,78,216,1,2,22663,40287,OJAMA_FALL,22930,False,22930,19840,False,,,,STABLE,46032,False,46032,40240,False,,,
853.1,13,-72,216,78,216,1,2,22663,40287,OJAMA_FALL,22930,False,22930,19840,False,,,,STABLE,46032,False,46032,40240,False,,,
853.1333333333333,13,-72,216,78,216,1,2,22663,40287,STABLE,22930,False,22930,19840,False,,,,STABLE,46032,False,46032,40240,False,,,
853.1666666666666,13,-72,216,78,216,1,2,22663,40287,STABLE,22930,False,22930,19840,False,,,,STABLE,46032,False,46032,40240,False,,,
853.2,13,-72,216,78,216,1,2,22663,40287,STABLE,22930,False,22930,19840,False,,,,STABLE,46032,False,46032,40240,False,,,
853.2333333333333,13,-72,216,78,216,1,2,22663,40287,STABLE,22930,False,22930,19840,False,,,,STABLE,46032,False,46032,40240,False,,,
853.2666666666667,13,-72,216,78,216,1,2,22663,40287,STABLE,22930,False,22930,19840,False,,,,STABLE,46032,False,46032,40240,False,,,
853.3,13,-72,216,78,216,1,2,22663,40287,STABLE,22930,False,22930,19840,False,,,,STABLE,46032,False,46032,40240,False,,,
853.3333333333334,13,-72,216,78,216,1,2,22663,40287,STABLE,22930,False,22930,19840,False,,,,STABLE,46032,False,46032,40240,False,,,
853.3666666666667,13,-72,216,78,216,1,2,22663,40287,STABLE,22930,False,22930,19840,False,,,,STABLE,46032,False,46032,40240,False,,,
853.4,13,-72,216,78,216,1,2,22663,40287,STABLE,22930,False,22930,19840,False,,,,STABLE,46032,False,46032,40240,False,,,
853.4333333333333,13,-72,216,78,216,1,2,22663,40287,STABLE,22930,False,22930,19840,False,,,,STABLE,46032,False,46032,40240,False,,,
853.4666666666667,13,-72,216,78,216,1,2,22663,40287,STABLE,22930,False,22930,19840,False,,,,STABLE,46032,False,46032,40240,False,,,
853.5,13,-72,216,78,216,1,2,22663,40287,STABLE,22930,False,22930,19840,False,,,,STABLE,46032,False,46032,40240,False,,,
853.5333333333333,13,-72,216,78,216,1,2,22663,40287,STABLE,22930,False,22930,19840,False,,,,STABLE,46032,False,46032,40240,False,,,
853.5666666666667,13,-72,216,78,216,1,2,22663,40287,TSUMO_FALL,22930,False,22930,19840,False,,,,STABLE,46032,False,46032,40240,False,,,
853.6,13,-72,216,78,216,1,2,22663,40287,TSUMO_FALL,22930,False,22930,19840,False,,,,STABLE,46032,False,46032,40240,False,,,
853.6333333333333,13,-72,186,108,216,1,2,22663,40287,STABLE,22930,False,22930,19840,False,,,,STABLE,46032,False,46032,40240,False,,,
853.6666666666666,13,-72,186,108,216,1,2,22663,40287,STABLE,22930,False,22930,19840,False,,,,STABLE,46032,False,46032,40240,False,,,
853.7,13,-72,186,108,216,1,2,22663,40287,TSUMO_FALL,22930,False,22930,19840,False,,,,STABLE,46032,False,46032,40240,False,,,
853.7333333333333,13,-72,186,108,216,1,2,22663,40287,TSUMO_FALL,22930,False,22930,19840,False,,,,STABLE,46032,False,46032,40240,False,,,
853.7666666666667,13,-72,156,138,216,1,2,22663,40287,STABLE,22930,False,22930,19840,False,,,,STABLE,46032,False,46032,40240,False,,,
853.8,13,-72,156,138,216,1,2,22663,40287,STABLE,22930,False,22930,19840,False,,,,STABLE,46032,False,46032,40240,False,,,
853.8333333333334,13,-72,156,138,216,1,2,22663,40287,TSUMO_FALL,22930,False,22930,19840,False,,,,STABLE,46032,False,46032,40240,False,,,
853.8666666666667,13,-72,156,138,216,1,2,22663,40287,TSUMO_FALL,22930,False,22930,19840,False,,,,STABLE,46032,False,46032,40240,False,,,
853.9,13,-72,156,138,216,1,2,22663,40287,TSUMO_FALL,22930,False,22930,19840,False,,,,STABLE,46032,False,46032,40240,False,,,
853.9333333333333,13,-72,156,138,216,1,2,22663,40287,TSUMO_FALL,22930,False,22930,19840,False,,,,STABLE,46032,False,46032,40240,False,,,
853.9666666666667,13,-72,156,138,216,1,2,22663,40287,TSUMO_FALL,22930,False,22930,19840,False,,,,STABLE,46032,False,46032,40240,False,,,
854.0,13,-72,156,138,216,1,2,22663,40287,TSUMO_FALL,22930,False,22930,19840,False,,,,STABLE,46032,False,46032,40240,False,,,
