game_idx,exchange_id,t_sec,p1,base_p1,gfe_no_response_p1,gfe_response_p1,gfe_weighted_p1,counter_probability,counter_probability_features,counter_probability_reasons,incoming,hands,response_send,response_incoming
0,2,2573.2166666666667,0.02,0.3658594738422856,0.26707286793412677,0.26707286793412677,0.26707286793412677,"[0.0, None]","[None, None]","['below_incoming', 'no_incoming']","[13, 0]","[8, 1]","[0, None]","[13, 0]"
0,2,2573.3166666666666,0.02,0.3658594738422856,0.2641041319451275,0.2641041319451275,0.2641041319451275,"[0.0, None]","[None, None]","['below_incoming', 'no_incoming']","[13, 0]","[8, 1]","[0, None]","[13, 0]"
0,2,2573.35,0.02,0.3658594738422856,0.26707286793412677,0.26707286793412677,0.26707286793412677,"[0.0, None]","[None, None]","['below_incoming', 'no_incoming']","[13, 0]","[8, 1]","[0, None]","[13, 0]"
0,2,2573.4166666666665,0.02,0.3658594738422856,0.26707286793412677,0.26707286793412677,0.26707286793412677,"[0.0, None]","[None, None]","['below_incoming', 'no_incoming']","[13, 0]","[7, 1]","[0, None]","[13, 0]"
0,2,2573.7166666666667,0.02,0.3658594738422856,0.26775812443691477,0.26775812443691477,0.26775812443691477,"[0.0, None]","[None, None]","['below_incoming', 'no_incoming']","[13, 0]","[7, 1]","[0, None]","[13, 0]"
0,2,2574.05,0.02,0.3658594738422856,0.2641041319451275,0.2641041319451275,0.2641041319451275,"[0.0, None]","[None, None]","['below_incoming', 'no_incoming']","[13, 0]","[7, 1]","[0, None]","[13, 0]"
0,2,2574.116666666667,0.02,0.3658594738422856,0.2639929542268815,0.2639929542268815,0.2639929542268815,"[0.0, None]","[None, None]","['below_incoming', 'no_incoming']","[13, 0]","[7, 1]","[0, None]","[13, 0]"
0,2,2574.15,0.02,0.3658594738422856,0.2657205502227888,0.2657205502227888,0.2657205502227888,"[0.0, None]","[None, None]","['below_incoming', 'no_incoming']","[13, 0]","[6, 1]","[0, None]","[13, 0]"
0,2,2574.2833333333333,0.02,0.3658594738422856,0.3038074643762615,0.3038074643762615,0.3038074643762615,"[0.0, None]","[None, None]","['below_incoming', 'no_incoming']","[13, 0]","[6, 1]","[0, None]","[13, 0]"
0,2,2574.45,0.02,0.24898671694063215,0.30781430940495413,0.30781430940495413,0.30781430940495413,"[0.0, None]","[None, None]","['below_incoming', 'no_incoming']","[13, 0]","[6, 1]","[0, None]","[13, 0]"
0,2,2574.483333333333,0.02,0.24898671694063215,0.30781430940495413,0.30781430940495413,0.30781430940495413,"[0.0, None]","[None, None]","['below_incoming', 'no_incoming']","[13, 0]","[2, 1]","[0, None]","[13, 0]"
0,2,2574.5833333333335,0.02,0.25574243194548735,0.30781430940495413,0.30781430940495413,0.30781430940495413,"[0.0, None]","[None, None]","['below_incoming', 'no_incoming']","[12, 0]","[1, 1]","[0, None]","[12, 0]"
0,3,2576.8166666666666,0.5735465983538338,0.5109920680555753,0.7184166725101626,0.34010668363856483,0.6338331875278015,"[None, 0.22358247857703167]","[None, [0.8552971576227391, 0.8888888888888888, 0.8461538461538461, 0.7692307692307693, 0.7435897435897436, 0.0, 1.0, 0.0, 0.0]]","['no_incoming', 'model']","[0, 56]","[1, 8]","[None, 331]","[275, 0]"
1,4,2587.9166666666665,0.6867264192344158,0.6075105700736458,0.7563659969302163,0.6574111515652161,0.7563659969302163,"[None, 0.0]","[None, None]","['no_incoming', 'below_incoming']","[0, 24]","[1, 8]","[None, 7]","[0, 17]"
1,4,2588.05,0.6533444669612862,0.5289366485751258,0.8216211340701309,0.38419690558543584,0.7598157727574537,"[None, 0.14129386825869383]","[None, [0.5294117647058824, 0.8888888888888888, 0.5384615384615384, 0.3076923076923077, 0.20512820512820512, 0.0, 1.0, 0.0, 0.0]]","['no_incoming', 'model']","[0, 24]","[1, 8]","[None, 27]","[3, 0]"
1,4,2588.0833333333335,0.653652887955403,0.5289366485751258,0.8216211340701309,0.38419690558543584,0.7603125590343323,"[None, 0.14015816007307363]","[None, [0.5294117647058824, 0.875, 0.5384615384615384, 0.3076923076923077, 0.20512820512820512, 0.0, 1.0, 0.0, 0.0]]","['no_incoming', 'model']","[0, 24]","[1, 7]","[None, 27]","[3, 0]"
1,4,2588.15,0.6041431991342949,0.5289366485751258,0.7109209754438629,0.45268123100752367,0.6747265680059248,"[None, 0.14015816007307363]","[None, [0.5294117647058824, 0.875, 0.5384615384615384, 0.3076923076923077, 0.20512820512820512, 0.0, 1.0, 0.0, 0.0]]","['no_incoming', 'model']","[0, 24]","[1, 7]","[None, 27]","[3, 0]"
1,4,2588.25,0.6125770606174001,0.5320453751362022,0.7203028368379277,0.45847094928221843,0.6873927330478636,"[None, 0.12569173333810155]","[None, [0.5294117647058824, 0.875, 0.5384615384615384, 0.3076923076923077, 0.20512820512820512, 0.0, 0.0, 0.0, 0.0]]","['no_incoming', 'model']","[0, 24]","[1, 7]","[None, 27]","[3, 0]"
1,4,2588.2833333333333,0.643290319938716,0.6109805108464883,0.7051904048520636,0.4807489599182619,0.6743469485072323,"[None, 0.1374231766950552]","[None, [0.5, 0.875, 0.5384615384615384, 0.3076923076923077, 0.20512820512820512, 0.0, 1.0, 0.0, 0.0]]","['no_incoming', 'model']","[0, 24]","[1, 7]","[None, 24]","[0, 0]"
1,4,2588.3166666666666,0.6111827132748443,0.52081267036203,0.7260892766690856,0.48341848836792023,0.6945067140024372,"[None, 0.13014571258347332]","[None, [0.5, 0.875, 0.5384615384615384, 0.3076923076923077, 0.20512820512820512, 0.0, 0.5, 0.0, 0.0]]","['no_incoming', 'model']","[0, 24]","[1, 7]","[None, 24]","[0, 0]"
1,4,2588.35,0.6562687696579306,0.5967162598117425,0.7112821762074308,0.6736675986753641,0.7112821762074308,"[None, 0.0]","[None, None]","['no_incoming', 'below_incoming']","[0, 24]","[1, 7]","[None, 5]","[0, 19]"
1,4,2588.45,0.6569711060030691,0.5967162598117425,0.7125598763774045,0.6744381991769363,0.7125598763774045,"[None, 0.0]","[None, None]","['no_incoming', 'below_incoming']","[0, 24]","[1, 7]","[None, 5]","[0, 19]"
1,4,2588.55,0.6516923887266168,0.5967162598117425,0.7029054416027336,0.6755887934448945,0.7029054416027336,"[None, 0.0]","[None, None]","['no_incoming', 'below_incoming']","[0, 24]","[1, 7]","[None, 5]","[0, 19]"
1,4,2588.7166666666667,0.67276821802269,0.5967162598117425,0.7407101676960817,0.6529094477397237,0.7407101676960817,"[None, 0.0]","[None, None]","['no_incoming', 'below_incoming']","[0, 24]","[1, 7]","[None, 7]","[0, 17]"
1,4,2588.8166666666666,0.67276821802269,0.5967162598117425,0.7407101676960817,0.6529094477397237,0.7407101676960817,"[None, 0.0]","[None, None]","['no_incoming', 'below_incoming']","[0, 24]","[1, 6]","[None, 7]","[0, 17]"
1,4,2588.85,0.6778852223153705,0.5967162598117425,0.7495734714048959,0.6494878969843314,0.7495734714048959,"[None, 0.0]","[None, None]","['no_incoming', 'below_incoming']","[0, 24]","[1, 6]","[None, 7]","[0, 17]"
1,4,2588.9166666666665,0.6826715649395716,0.6075105700736458,0.7493771465835726,0.649593074641549,0.7493771465835726,"[None, 0.0]","[None, None]","['no_incoming', 'below_incoming']","[0, 24]","[1, 6]","[None, 7]","[0, 17]"
1,4,2588.95,0.6490313759027839,0.6069064626623927,0.7462425293425964,0.3535914745406825,0.6889556455064608,"[None, 0.14589769500310124]","[None, [0.6129032258064516, 0.8571428571428571, 0.5384615384615384, 0.46153846153846156, 0.23076923076923078, 0.0, 0.0, 0.0, 0.0]]","['no_incoming', 'model']","[0, 24]","[1, 6]","[None, 38]","[14, 0]"
1,4,2588.983333333333,0.6760506241079433,0.6642000088145039,0.7522390683752251,0.35435826771249307,0.6876796768091964,"[None, 0.16225812217753427]","[None, [0.6129032258064516, 0.8571428571428571, 0.5384615384615384, 0.46153846153846156, 0.23076923076923078, 0.0, 1.0, 0.0, 0.0]]","['no_incoming', 'model']","[0, 24]","[1, 6]","[None, 38]","[14, 0]"
1,4,2589.016666666667,0.6416402902758362,0.5920522913805957,0.7542260292157016,0.34999571274566604,0.6883732884136134,"[None, 0.16290896085467083]","[None, [0.6190476190476191, 0.8571428571428571, 0.5384615384615384, 0.46153846153846156, 0.23076923076923078, 0.0, 1.0, 0.0, 0.0]]","['no_incoming', 'model']","[0, 24]","[1, 6]","[None, 39]","[15, 0]"
1,4,2589.05,0.6391853738850617,0.5920522913805957,0.7539411195053163,0.32493832928518757,0.6837813750276143,"[None, 0.16354146424479382]","[None, [0.625, 0.8571428571428571, 0.5384615384615384, 0.46153846153846156, 0.23076923076923078, 0.0, 1.0, 0.0, 0.0]]","['no_incoming', 'model']","[0, 24]","[1, 6]","[None, 40]","[16, 0]"
1,4,2589.116666666667,0.6382958383666559,0.5920522913805957,0.7446391386763261,0.3623067823525358,0.6821119452949711,"[None, 0.16354146424479382]","[None, [0.625, 0.8571428571428571, 0.5384615384615384, 0.46153846153846156, 0.23076923076923078, 0.0, 1.0, 0.0, 0.0]]","['no_incoming', 'model']","[0, 24]","[1, 6]","[None, 40]","[16, 0]"
1,4,2589.55,0.6151190139010091,0.5920522913805957,0.6809551495699694,0.41661162506780386,0.6376796454468397,"[None, 0.163709340732404]","[None, [0.625, 0.8333333333333334, 0.5384615384615384, 0.46153846153846156, 0.2564102564102564, 0.0, 1.0, 0.0, 0.0]]","['no_incoming', 'model']","[0, 24]","[1, 5]","[None, 40]","[16, 0]"
1,4,2589.8166666666666,0.6250965934988276,0.5920522913805957,0.6953524528894287,0.4328573398225015,0.6570148782483898,"[None, 0.1460506224024981]","[None, [0.6129032258064516, 0.8333333333333334, 0.5384615384615384, 0.46153846153846156, 0.2564102564102564, 0.0, 0.0, 0.0, 0.0]]","['no_incoming', 'model']","[0, 24]","[1, 5]","[None, 38]","[14, 0]"
1,4,2589.85,0.6187326734778538,0.5920522913805957,0.6767101931415044,0.46865449331924436,0.644715238377141,"[None, 0.15378071733529267]","[None, [0.5294117647058824, 0.8333333333333334, 0.5384615384615384, 0.46153846153846156, 0.2564102564102564, 0.0, 1.0, 0.0, 0.0]]","['no_incoming', 'model']","[0, 24]","[1, 5]","[None, 27]","[3, 0]"
1,4,2589.883333333333,0.563685081754425,0.4823867684084916,0.6830806952512697,0.42724897403519413,0.6416987871165556,"[None, 0.16175440613075126]","[None, [0.6065573770491803, 0.8333333333333334, 0.5384615384615384, 0.46153846153846156, 0.2564102564102564, 0.0, 1.0, 0.0, 0.0]]","['no_incoming', 'model']","[0, 24]","[1, 5]","[None, 37]","[13, 0]"
1,4,2589.9166666666665,0.6412471191122555,0.5961778545178974,0.6839528830008291,0.6457585121975671,0.6839528830008291,"[None, 0.0]","[None, None]","['no_incoming', 'below_incoming']","[0, 24]","[1, 5]","[None, 14]","[0, 10]"
1,4,2589.983333333333,0.6410967156296802,0.6002188317906317,0.6800230574230691,0.644807856724257,0.6800230574230691,"[None, 0.0]","[None, None]","['no_incoming', 'below_incoming']","[0, 24]","[1, 5]","[None, 14]","[0, 10]"
1,4,2590.116666666667,0.6368228720469395,0.6002188317906317,0.6719074268406514,0.6286644724115397,0.6719074268406514,"[None, 0.0]","[None, None]","['no_incoming', 'below_incoming']","[0, 24]","[1, 5]","[None, 14]","[0, 10]"
1,4,2590.2833333333333,0.6387325663475044,0.6002188317906317,0.6755416660264033,0.6673784405918055,0.6755416660264033,"[None, 0.0]","[None, None]","['no_incoming', 'below_incoming']","[0, 24]","[1, 4]","[None, 14]","[0, 10]"
1,4,2590.4166666666665,0.6162094932666401,0.5961065838569528,0.7033123608638346,0.3032499535285486,0.6359229359321246,"[None, 0.1684472814643443]","[None, [0.6756756756756757, 0.8, 0.5384615384615384, 0.46153846153846156, 0.28205128205128205, 0.0, 1.0, 0.0, 0.0]]","['no_incoming', 'model']","[0, 24]","[1, 4]","[None, 50]","[26, 0]"
1,4,2590.55,0.6150683490954222,0.5961065838569528,0.6999250375779733,0.30669761963848874,0.6336869480288236,"[None, 0.1684472814643443]","[None, [0.6756756756756757, 0.8, 0.5384615384615384, 0.46153846153846156, 0.28205128205128205, 0.0, 1.0, 0.0, 0.0]]","['no_incoming', 'model']","[0, 24]","[1, 4]","[None, 50]","[26, 0]"
1,4,2590.65,0.5735299410016601,0.49520974726081557,0.7038667711576697,0.3291527705792118,0.6483279404630125,"[None, 0.1482165881416766]","[None, [0.6417910447761194, 0.8, 0.5384615384615384, 0.46153846153846156, 0.28205128205128205, 0.0, 0.0, 0.0, 0.0]]","['no_incoming', 'model']","[0, 24]","[1, 4]","[None, 43]","[19, 0]"
1,4,2590.6833333333334,0.6263433920793084,0.5961778545178974,0.6854728495182716,0.4888633820067171,0.6555574482675132,"[None, 0.15215646341649489]","[None, [0.52, 0.8, 0.5384615384615384, 0.46153846153846156, 0.28205128205128205, 0.0, 1.0, 0.0, 0.0]]","['no_incoming', 'model']","[0, 24]","[1, 4]","[None, 26]","[2, 0]"
1,4,2590.7166666666667,0.6227980985147108,0.6002188317906317,0.6834630329217188,0.4313043842121953,0.6448566652003582,"[None, 0.15310348432995313]","[None, [0.5294117647058824, 0.8, 0.5384615384615384, 0.46153846153846156, 0.28205128205128205, 0.0, 1.0, 0.0, 0.0]]","['no_incoming', 'model']","[0, 24]","[1, 4]","[None, 27]","[3, 0]"
1,4,2590.75,0.6068026923771344,0.5961065838569528,0.6914858627125581,0.28264261436897575,0.6173973474555356,"[None, 0.1812149657776913]","[None, [0.7894736842105263, 0.8, 0.5384615384615384, 0.46153846153846156, 0.28205128205128205, 0.0, 1.0, 0.0, 0.0]]","['no_incoming', 'model']","[0, 24]","[1, 4]","[None, 90]","[66, 0]"
1,5,2606.65,0.45355390454387573,0.2738547764250332,0.7597302067694007,0.24916733990415604,0.6462301141910368,"[None, 0.22230385314786416]","[None, [0.9793899422918384, 0.8571428571428571, 0.9230769230769231, 0.7692307692307693, 0.7564102564102564, 0.0, 1.0, 0.0, 0.0]]","['no_incoming', 'model']","[0, 25]","[1, 6]","[None, 1188]","[1163, 0]"
1,5,2606.75,0.5543469682862205,0.45328765639447377,0.7525128741027647,0.2892800961698519,0.65110412367964,"[None, 0.2189153169938487]","[None, [0.9429223744292238, 0.8571428571428571, 0.9230769230769231, 0.7692307692307693, 0.7692307692307693, 0.0, 1.0, 0.0, 0.0]]","['no_incoming', 'model']","[0, 25]","[1, 6]","[None, 413]","[388, 0]"
1,5,2606.883333333333,0.5550377695556702,0.45328765639447377,0.7525128741027647,0.2892800961698519,0.6523736716572764,"[None, 0.21617469060013447]","[None, [0.9429223744292238, 0.8333333333333334, 0.9230769230769231, 0.7692307692307693, 0.7692307692307693, 0.0, 1.0, 0.0, 0.0]]","['no_incoming', 'model']","[0, 25]","[1, 5]","[None, 413]","[388, 0]"
1,5,2607.116666666667,0.5591008486878448,0.45415304557246067,0.7508750660272576,0.28736755351542853,0.6590203877891339,"[None, 0.19817300854596104]","[None, [0.9634502923976608, 0.8333333333333334, 0.9230769230769231, 0.7692307692307693, 0.7692307692307693, 0.0, 0.0, 0.0, 0.0]]","['no_incoming', 'model']","[0, 25]","[1, 5]","[None, 659]","[634, 0]"
1,5,2607.15,0.619838002146092,0.5913381880919611,0.7494079874197813,0.2832609140254418,0.6475349348723203,"[None, 0.21854272688156734]","[None, [0.9608150470219435, 0.8333333333333334, 0.9230769230769231, 0.7692307692307693, 0.7692307692307693, 0.0, 1.0, 0.0, 0.0]]","['no_incoming', 'model']","[0, 25]","[1, 5]","[None, 613]","[588, 0]"
1,5,2607.1833333333334,0.6240513521734548,0.5913381880919611,0.7523770239632595,0.2875418681059767,0.6556706665766708,"[None, 0.20804441352598577]","[None, [0.9611197511664075, 0.8333333333333334, 0.9230769230769231, 0.7692307692307693, 0.7692307692307693, 0.0, 0.5, 0.0, 0.0]]","['no_incoming', 'model']","[0, 25]","[1, 5]","[None, 618]","[593, 0]"
1,5,2607.2166666666667,0.6194229255640963,0.5913381880919611,0.7472392629458472,0.2831040132809117,0.6467306232464848,"[None, 0.2165503261644546]","[None, [0.9457700650759219, 0.8333333333333334, 0.9230769230769231, 0.7692307692307693, 0.7692307692307693, 0.0, 1.0, 0.0, 0.0]]","['no_incoming', 'model']","[0, 25]","[1, 5]","[None, 436]","[411, 0]"
1,5,2607.3166666666666,0.5935926064689543,0.49235387460194546,0.7584342228554707,0.19202649062842578,0.6874578505535958,"[None, 0.12530968110693813]","[None, [0.7863247863247864, 0.8333333333333334, 0.6153846153846154, 0.07692307692307693, 0.3076923076923077, 0.0, 0.0, 0.0, 0.0]]","['no_incoming', 'model']","[0, 25]","[1, 5]","[None, 92]","[67, 0]"
1,5,2607.35,0.26871829521724633,0.37791812089984544,0.18184812201135814,0.18184812201135814,0.18184812201135814,"[0.0, None]","[None, None]","['below_incoming', 'no_incoming']","[388, 0]","[12, 1]","[228, None]","[160, 0]"
1,5,2607.383333333333,0.2662300208214638,0.3703935038596793,0.18285235080844733,0.18285235080844733,0.18285235080844733,"[0.0, None]","[None, None]","['below_incoming', 'no_incoming']","[388, 0]","[12, 1]","[228, None]","[160, 0]"
1,5,2608.05,0.2662300208214638,0.3703935038596793,0.18285235080844733,0.18285235080844733,0.18285235080844733,"[0.0, None]","[None, None]","['below_incoming', 'no_incoming']","[388, 0]","[12, 1]","[228, None]","[160, 0]"
1,5,2608.7166666666667,0.2753501424841795,0.37791812089984544,0.19202649062842578,0.19202649062842578,0.19202649062842578,"[0.0, None]","[None, None]","['below_incoming', 'no_incoming']","[388, 0]","[12, 1]","[228, None]","[160, 0]"
1,5,2608.75,0.3911214096104021,0.37791812089984544,0.4044860485335542,0.4044860485335542,0.4044860485335542,"[0.0, None]","[None, None]","['below_incoming', 'no_incoming']","[388, 0]","[12, 1]","[228, None]","[160, 0]"
1,5,2608.7833333333333,0.3852429763878063,0.3703935038596793,0.4003092634074938,0.4003092634074938,0.4003092634074938,"[0.0, None]","[None, None]","['below_incoming', 'no_incoming']","[388, 0]","[12, 1]","[228, None]","[160, 0]"
1,5,2609.85,0.3852429763878063,0.3703935038596793,0.4003092634074938,0.4003092634074938,0.4003092634074938,"[0.0, None]","[None, None]","['below_incoming', 'no_incoming']","[388, 0]","[13, 1]","[228, None]","[160, 0]"
1,5,2610.116666666667,0.47359687236970127,0.5511545754195094,0.3972926896095744,0.4139684516551462,0.3972926896095744,"[0.0, None]","[None, None]","['below_incoming', 'no_incoming']","[388, 0]","[13, 1]","[374, None]","[14, 0]"
1,5,2610.15,0.5080628602892722,0.5511545754195094,0.3991209125587503,0.7639500430665738,0.46485100484455766,"[0.18016678710473166, None]","[[0.5570776255707762, 0.9285714285714286, 0.9230769230769231, 0.7692307692307693, 0.782051282051282, 0.0, 1.0, 0.0, 0.0], None]","['model', 'no_incoming']","[388, 0]","[13, 1]","[488, None]","[0, 100]"
1,5,2610.1833333333334,0.4176045615006641,0.37791812089984544,0.39924904156569857,0.738186566700851,0.45838766301886974,"[0.1744823664172017, None]","[[0.5069885641677255, 0.9285714285714286, 0.9230769230769231, 0.7692307692307693, 0.782051282051282, 0.0, 1.0, 0.0, 0.0], None]","['model', 'no_incoming']","[388, 0]","[13, 1]","[399, None]","[0, 11]"
1,5,2610.2166666666667,0.38306965249294267,0.3703935038596793,0.3959068286737155,0.3959068286737155,0.3959068286737155,"[0.0, None]","[None, None]","['below_incoming', 'no_incoming']","[388, 0]","[13, 1]","[231, None]","[157, 0]"
1,5,2610.383333333333,0.28639024497735444,0.325655316057647,0.25010359019362494,0.25010359019362494,0.25010359019362494,"[0.0, None]","[None, None]","['below_incoming', 'no_incoming']","[388, 0]","[13, 1]","[167, None]","[221, 0]"
1,5,2610.4166666666665,0.28639024497735444,0.325655316057647,0.25010359019362494,0.25010359019362494,0.25010359019362494,"[0.0, None]","[None, None]","['below_incoming', 'no_incoming']","[388, 0]","[13, 1]","[206, None]","[182, 0]"
1,5,2610.516666666667,0.28639024497735444,0.325655316057647,0.25010359019362494,0.25010359019362494,0.25010359019362494,"[0.0, None]","[None, None]","['below_incoming', 'no_incoming']","[388, 0]","[12, 1]","[206, None]","[182, 0]"
1,5,2611.0833333333335,0.3039406478128378,0.37791812089984544,0.23888343356926872,0.23888343356926872,0.23888343356926872,"[0.0, None]","[None, None]","['below_incoming', 'no_incoming']","[388, 0]","[12, 1]","[350, None]","[38, 0]"
1,5,2611.25,0.3039406478128378,0.37791812089984544,0.23888343356926872,0.23888343356926872,0.23888343356926872,"[0.0, None]","[None, None]","['below_incoming', 'no_incoming']","[388, 0]","[11, 1]","[350, None]","[38, 0]"
1,5,2611.383333333333,0.30619441316880647,0.37791812089984544,0.2427706631877655,0.2427706631877655,0.2427706631877655,"[0.0, None]","[None, None]","['below_incoming', 'no_incoming']","[388, 0]","[11, 1]","[349, None]","[39, 0]"
1,5,2611.4166666666665,0.3063535501470288,0.37791812089984544,0.24304614564781957,0.24304614564781957,0.24304614564781957,"[0.0, None]","[None, None]","['below_incoming', 'no_incoming']","[388, 0]","[11, 1]","[353, None]","[35, 0]"
1,5,2611.45,0.3415357531467097,0.37791812089984544,0.24085807677494295,0.7442106219091861,0.30692781820319603,"[0.13125937688590097, None]","[[0.5419126328217236, 0.9166666666666666, 0.9230769230769231, 0.5384615384615384, 0.5769230769230769, 0.0, 0.5, 0.0, 0.0], None]","['model', 'no_incoming']","[388, 0]","[11, 1]","[459, None]","[0, 71]"
1,5,2611.483333333333,0.3030884526872207,0.37791812089984544,0.23742058558465362,0.23742058558465362,0.23742058558465362,"[0.0, None]","[None, None]","['below_incoming', 'no_incoming']","[388, 0]","[11, 1]","[353, None]","[35, 0]"
1,5,2611.616666666667,0.37353379156657945,0.4240637377133467,0.26325825371596095,0.6732424775637565,0.32562070221667344,"[0.15210938585740363, None]","[[0.6150793650793651, 0.9166666666666666, 0.9230769230769231, 0.5384615384615384, 0.6538461538461539, 0.0, 1.0, 0.0, 0.0], None]","['model', 'no_incoming']","[388, 0]","[11, 1]","[620, None]","[0, 232]"
1,5,2611.8166666666666,0.3556560297034715,0.3703935038596793,0.27599133702394685,0.7197606050479671,0.34118717527302916,"[0.14691381974101328, None]","[[0.5402843601895734, 0.9166666666666666, 0.9230769230769231, 0.5384615384615384, 0.6794871794871795, 0.0, 1.0, 0.0, 0.0], None]","['model', 'no_incoming']","[388, 0]","[11, 1]","[456, None]","[0, 68]"
1,5,2611.983333333333,0.355511032663656,0.3703935038596793,0.27599133702394685,0.7197606050479671,0.3409027630390844,"[0.14627291859161382, None]","[[0.5402843601895734, 0.9090909090909091, 0.9230769230769231, 0.5384615384615384, 0.6794871794871795, 0.0, 1.0, 0.0, 0.0], None]","['model', 'no_incoming']","[388, 0]","[10, 1]","[456, None]","[0, 68]"
1,5,2612.05,0.3777009621648991,0.41948240317432445,0.27694616432098185,0.7189288902061595,0.33766048009054916,"[0.13736807393993103, None]","[[0.6076845298281093, 0.9090909090909091, 0.9230769230769231, 0.5384615384615384, 0.6794871794871795, 0.0, 0.0, 0.0, 0.0], None]","['model', 'no_incoming']","[388, 0]","[10, 1]","[601, None]","[0, 213]"
1,5,2612.0833333333335,0.3386762021601129,0.3327514095188333,0.27732352805221455,0.7212431773525846,0.3446519981296612,"[0.15166814576367185, None]","[[0.5949895615866388, 0.9090909090909091, 0.9230769230769231, 0.5384615384615384, 0.6794871794871795, 0.0, 1.0, 0.0, 0.0], None]","['model', 'no_incoming']","[388, 0]","[10, 1]","[570, None]","[0, 182]"
1,5,2612.116666666667,0.38393619397814494,0.4240637377133467,0.2781305174317795,0.7185463447046815,0.34532903152295835,"[0.1525796983893122, None]","[[0.6848090982940699, 0.9090909090909091, 0.9230769230769231, 0.5384615384615384, 0.6794871794871795, 0.0, 0.5, 0.0, 0.0], None]","['model', 'no_incoming']","[388, 0]","[10, 1]","[843, None]","[0, 455]"
1,5,2612.15,0.3861403845187449,0.4240637377133467,0.2761370916950775,0.7195590407453109,0.34955011603558406,"[0.16556019497399738, None]","[[0.7288609364081062, 0.9090909090909091, 0.9230769230769231, 0.5384615384615384, 0.6794871794871795, 0.0, 1.0, 0.0, 0.0], None]","['model', 'no_incoming']","[388, 0]","[10, 1]","[1043, None]","[0, 655]"
1,5,2612.3166666666666,0.3980316446454801,0.4300864141247206,0.29329318082145217,0.7273749075254041,0.36682820771512337,"[0.16940364537349628, None]","[[0.7420212765957447, 0.9090909090909091, 0.9230769230769231, 0.5384615384615384, 0.7051282051282052, 0.0, 1.0, 0.0, 0.0], None]","['model', 'no_incoming']","[388, 0]","[10, 1]","[1116, None]","[0, 728]"
1,5,2612.45,0.3529164355981605,0.4300864141247206,0.18625202053511017,0.7516514957275319,0.2827239716895879,"[0.17062617739722094, None]","[[0.7420212765957447, 0.9090909090909091, 0.9230769230769231, 0.5384615384615384, 0.717948717948718, 0.0, 1.0, 0.0, 0.0], None]","['model', 'no_incoming']","[388, 0]","[10, 1]","[1116, None]","[0, 728]"
1,5,2612.6833333333334,0.34367090749097506,0.4300864141247206,0.1800674417016636,0.7453449390771423,0.26649928871535367,"[0.1529016233884838, None]","[[0.7353342428376535, 0.9090909090909091, 0.9230769230769231, 0.5384615384615384, 0.717948717948718, 0.0, 0.0, 0.0, 0.0], None]","['model', 'no_incoming']","[388, 0]","[10, 1]","[1078, None]","[0, 690]"
1,5,2612.7166666666667,0.352639946076613,0.4300864141247206,0.18625202053511017,0.7516514957275319,0.2822330931092877,"[0.1697579795975445, None]","[[0.7420212765957447, 0.9, 0.9230769230769231, 0.5384615384615384, 0.717948717948718, 0.0, 1.0, 0.0, 0.0], None]","['model', 'no_incoming']","[388, 0]","[9, 1]","[1116, None]","[0, 728]"
1,5,2612.8166666666666,0.3484700710129665,0.4300864141247206,0.18339585476397188,0.7509428318939922,0.27487185573581774,"[0.16117784898515894, None]","[[0.7428760768721008, 0.9, 0.9230769230769231, 0.5384615384615384, 0.717948717948718, 0.0, 0.5, 0.0, 0.0], None]","['model', 'no_incoming']","[388, 0]","[9, 1]","[1121, None]","[0, 733]"
1,5,2612.85,0.34287226870365234,0.4300864141247206,0.1689490969220951,0.7539011661018604,0.2651165703038181,"[0.16440231336658312, None]","[[0.6925515055467512, 0.9, 0.9230769230769231, 0.5384615384615384, 0.717948717948718, 0.0, 1.0, 0.0, 0.0], None]","['model', 'no_incoming']","[388, 0]","[9, 1]","[874, None]","[0, 486]"
1,5,2612.883333333333,0.2799471555897265,0.4300864141247206,0.0640928494278987,0.7398058492645972,0.16687357605331832,"[0.15210707304766805, None]","[[0.7353342428376535, 0.9, 0.9230769230769231, 0.5384615384615384, 0.717948717948718, 0.0, 0.0, 0.0, 0.0], None]","['model', 'no_incoming']","[388, 0]","[9, 1]","[1078, None]","[0, 690]"
1,5,2612.9166666666665,0.34523364011364555,0.5572358587901212,0.06360502079113706,0.757723464314875,0.18092908514557032,"[0.16902600046013755, None]","[[0.7353342428376535, 0.9, 0.9230769230769231, 0.5384615384615384, 0.717948717948718, 0.0, 1.0, 0.0, 0.0], None]","['model', 'no_incoming']","[388, 0]","[9, 1]","[1078, None]","[0, 690]"
1,5,2613.2166666666667,0.34966070481388556,0.5572358587901212,0.06829045259233199,0.7613331174581962,0.18678864938293532,"[0.17098254234252405, None]","[[0.7420212765957447, 0.9, 0.9230769230769231, 0.5384615384615384, 0.7307692307692307, 0.0, 1.0, 0.0, 0.0], None]","['model', 'no_incoming']","[388, 0]","[9, 1]","[1116, None]","[0, 728]"
1,5,2613.45,0.34910893395953163,0.5572358587901212,0.06829045259233199,0.7613331174581962,0.1860523510834139,"[0.16992012824185115, None]","[[0.7420212765957447, 0.8888888888888888, 0.9230769230769231, 0.5384615384615384, 0.7307692307692307, 0.0, 1.0, 0.0, 0.0], None]","['model', 'no_incoming']","[388, 0]","[8, 1]","[1116, None]","[0, 728]"
1,5,2613.516666666667,0.2832597901555378,0.4300864141247206,0.06805500478587366,0.7443296010797996,0.17147644300221698,"[0.15292817264334113, None]","[[0.7420212765957447, 0.8888888888888888, 0.9230769230769231, 0.5384615384615384, 0.7307692307692307, 0.0, 0.0, 0.0, 0.0], None]","['model', 'no_incoming']","[388, 0]","[8, 1]","[1116, None]","[0, 728]"
1,5,2613.55,0.2844961805368285,0.4300864141247206,0.06606491388450811,0.7484003497558382,0.17321148622698074,"[0.1570291776003812, None]","[[0.7015384615384616, 0.8888888888888888, 0.9230769230769231, 0.5384615384615384, 0.7307692307692307, 0.0, 0.5, 0.0, 0.0], None]","['model', 'no_incoming']","[388, 0]","[8, 1]","[912, None]","[0, 524]"
1,5,2613.5833333333335,0.2832597901555378,0.4300864141247206,0.06805500478587366,0.7443296010797996,0.17147644300221698,"[0.15292817264334113, None]","[[0.7420212765957447, 0.8888888888888888, 0.9230769230769231, 0.5384615384615384, 0.7307692307692307, 0.0, 0.0, 0.0, 0.0], None]","['model', 'no_incoming']","[388, 0]","[8, 1]","[1116, None]","[0, 728]"
1,5,2613.616666666667,0.2890248789365572,0.4300864141247206,0.06939509044681459,0.750244767408682,0.1796455529580546,"[0.16193069666010115, None]","[[0.7485418016850292, 0.8888888888888888, 0.9230769230769231, 0.5384615384615384, 0.7307692307692307, 0.0, 0.5, 0.0, 0.0], None]","['model', 'no_incoming']","[388, 0]","[8, 1]","[1155, None]","[0, 767]"
1,5,2613.65,0.2935448130318744,0.4300864141247206,0.07043524251853471,0.7667531387303678,0.18618983999064337,"[0.16623814798075207, None]","[[0.7485418016850292, 0.8888888888888888, 0.9230769230769231, 0.5384615384615384, 0.7307692307692307, 0.0, 0.75, 0.0, 0.0], None]","['model', 'no_incoming']","[388, 0]","[8, 1]","[1155, None]","[0, 767]"
1,5,2613.7166666666667,0.2832597901555378,0.4300864141247206,0.06805500478587366,0.7443296010797996,0.17147644300221698,"[0.15292817264334113, None]","[[0.7420212765957447, 0.8888888888888888, 0.9230769230769231, 0.5384615384615384, 0.7307692307692307, 0.0, 0.0, 0.0, 0.0], None]","['model', 'no_incoming']","[388, 0]","[8, 1]","[1116, None]","[0, 728]"
1,5,2613.75,0.2944446396562399,0.4300864141247206,0.0686705786658007,0.7650273384711614,0.1875071901724525,"[0.1706547826718418, None]","[[0.7487046632124352, 0.8888888888888888, 0.9230769230769231, 0.5384615384615384, 0.7307692307692307, 0.0, 1.0, 0.0, 0.0], None]","['model', 'no_incoming']","[388, 0]","[8, 1]","[1156, None]","[0, 768]"
1,5,2613.8166666666666,0.4093479176853997,0.5572358587901212,0.1325948274290951,0.8987869510772393,0.27622300800227423,"[0.18745713527999805, None]","[[0.7420212765957447, 0.8888888888888888, 0.9230769230769231, 0.6923076923076923, 0.7564102564102564, 0.0, 1.0, 0.0, 0.0], None]","['model', 'no_incoming']","[388, 0]","[8, 1]","[1116, None]","[0, 728]"
1,5,2614.0833333333335,0.7713407676708794,0.5616783933048388,0.8987869510772393,0.8987869510772393,0.8987869510772393,"[None, 0.0]","[None, None]","['no_incoming', 'below_incoming']","[0, 728]","[1, 13]","[None, 90]","[0, 638]"
1,5,2617.05,0.7713407676708794,0.5616783933048388,0.8987869510772393,0.8987869510772393,0.8987869510772393,"[None, 0.0]","[None, None]","['no_incoming', 'below_incoming']","[0, 728]","[1, 13]","[None, 90]","[0, 638]"
1,5,2618.3166666666666,0.7592212459167266,0.5295230913554283,0.8983112204364789,0.8983112204364789,0.8983112204364789,"[None, 0.0]","[None, None]","['no_incoming', 'below_incoming']","[0, 728]","[1, 13]","[None, 88]","[0, 640]"
1,5,2618.4166666666665,0.7592212459167266,0.5295230913554283,0.8983112204364789,0.8983112204364789,0.8983112204364789,"[None, 0.0]","[None, None]","['no_incoming', 'below_incoming']","[0, 728]","[1, 13]","[None, 88]","[0, 640]"
1,5,2618.45,0.7592212459167266,0.5295230913554283,0.8983112204364789,0.8983112204364789,0.8983112204364789,"[None, 0.0]","[None, None]","['no_incoming', 'below_incoming']","[0, 728]","[1, 14]","[None, 88]","[0, 640]"
1,5,2618.65,0.7592212459167266,0.5295230913554283,0.8983112204364789,0.8983112204364789,0.8983112204364789,"[None, 0.0]","[None, None]","['no_incoming', 'below_incoming']","[0, 728]","[1, 13]","[None, 88]","[0, 640]"
1,5,2618.7166666666667,0.8015666904347908,0.5295230913554283,0.935474917751248,0.935474917751248,0.935474917751248,"[None, 0.0]","[None, None]","['no_incoming', 'below_incoming']","[0, 728]","[1, 13]","[None, 145]","[0, 583]"
1,5,2618.95,0.7761498333578097,0.5295230913554283,0.9143940972459573,0.9143940972459573,0.9143940972459573,"[None, 0.0]","[None, None]","['no_incoming', 'below_incoming']","[0, 728]","[1, 13]","[None, 145]","[0, 583]"
1,5,2618.983333333333,0.777614331913899,0.5295230913554283,0.9157075879620804,0.9157075879620804,0.9157075879620804,"[None, 0.0]","[None, None]","['no_incoming', 'below_incoming']","[0, 728]","[1, 13]","[None, 92]","[0, 636]"
1,5,2619.016666666667,0.7797118950581108,0.5295230913554283,0.9175675145829384,0.9175675145829384,0.9175675145829384,"[None, 0.0]","[None, None]","['no_incoming', 'below_incoming']","[0, 728]","[1, 13]","[None, 82]","[0, 646]"
1,5,2619.05,0.784222572085839,0.5295230913554283,0.9214824055964458,0.9214824055964458,0.9214824055964458,"[None, 0.0]","[None, None]","['no_incoming', 'below_incoming']","[0, 728]","[1, 13]","[None, 84]","[0, 644]"
1,5,2619.0833333333335,0.7916892882886115,0.5295230913554283,0.9277108845777138,0.9277108845777138,0.9277108845777138,"[None, 0.0]","[None, None]","['no_incoming', 'below_incoming']","[0, 728]","[1, 13]","[None, 90]","[0, 638]"
1,5,2619.383333333333,0.7916892882886115,0.5295230913554283,0.9277108845777138,0.9277108845777138,0.9277108845777138,"[None, 0.0]","[None, None]","['no_incoming', 'below_incoming']","[0, 728]","[1, 12]","[None, 90]","[0, 638]"
1,5,2619.75,0.8379693908596819,0.5295230913554283,0.9596184487214516,0.9596184487214516,0.9596184487214516,"[None, 0.0]","[None, None]","['no_incoming', 'below_incoming']","[0, 728]","[1, 12]","[None, 157]","[0, 571]"
1,5,2619.7833333333333,0.8486006111852213,0.5616783933048388,0.9608101167992122,0.9608101167992122,0.9608101167992122,"[None, 0.0]","[None, None]","['no_incoming', 'below_incoming']","[0, 728]","[1, 12]","[None, 142]","[0, 586]"
1,5,2619.8166666666666,0.8469561249835803,0.5616783933048388,0.9598391071428907,0.9598391071428907,0.9598391071428907,"[None, 0.0]","[None, None]","['no_incoming', 'below_incoming']","[0, 728]","[1, 12]","[None, 145]","[0, 583]"
1,5,2619.85,0.8554242257904023,0.5616783933048388,0.964688991338573,0.964688991338573,0.964688991338573,"[None, 0.0]","[None, None]","['no_incoming', 'below_incoming']","[0, 728]","[1, 12]","[None, 160]","[0, 568]"
1,5,2620.116666666667,0.8554242257904023,0.5616783933048388,0.964688991338573,0.964688991338573,0.964688991338573,"[None, 0.0]","[None, None]","['no_incoming', 'below_incoming']","[0, 728]","[1, 11]","[None, 160]","[0, 568]"
1,5,2620.2833333333333,0.8637261098789671,0.5355577117947977,0.9720965980417642,0.9720965980417642,0.9720965980417642,"[None, 0.0]","[None, None]","['no_incoming', 'below_incoming']","[0, 728]","[1, 11]","[None, 19]","[0, 709]"
1,5,2620.7166666666667,0.8479339510517252,0.5355577117947977,0.9642397912280752,0.9642397912280752,0.9642397912280752,"[None, 0.0]","[None, None]","['no_incoming', 'below_incoming']","[0, 728]","[1, 11]","[None, 12]","[0, 716]"
1,5,2620.85,0.8479339510517252,0.5355577117947977,0.9642397912280752,0.9642397912280752,0.9642397912280752,"[None, 0.0]","[None, None]","['no_incoming', 'below_incoming']","[0, 728]","[1, 10]","[None, 12]","[0, 716]"
1,5,2621.05,0.8544450766472172,0.5355577117947977,0.9676208650177096,0.9676208650177096,0.9676208650177096,"[None, 0.0]","[None, None]","['no_incoming', 'below_incoming']","[0, 728]","[1, 10]","[None, 12]","[0, 716]"
1,5,2621.25,0.8634777939410895,0.576650681129574,0.9670711459005213,0.9670711459005213,0.9670711459005213,"[None, 0.0]","[None, None]","['no_incoming', 'below_incoming']","[0, 728]","[1, 10]","[None, 38]","[0, 690]"
1,5,2621.5833333333335,0.8634777939410895,0.576650681129574,0.9670711459005213,0.9670711459005213,0.9670711459005213,"[None, 0.0]","[None, None]","['no_incoming', 'below_incoming']","[0, 728]","[1, 9]","[None, 38]","[0, 690]"
1,5,2621.7166666666667,0.870023967894511,0.580607234073362,0.9700283903128925,0.9700283903128925,0.9700283903128925,"[None, 0.0]","[None, None]","['no_incoming', 'below_incoming']","[0, 728]","[1, 9]","[None, 222]","[0, 506]"
1,5,2621.75,0.8578503750436317,0.5355577117947977,0.9693094060173288,0.9693094060173288,0.9693094060173288,"[None, 0.0]","[None, None]","['no_incoming', 'below_incoming']","[0, 728]","[1, 9]","[None, 9]","[0, 719]"
1,5,2621.7833333333333,0.8722281653945991,0.576650681129574,0.9716004346913075,0.9716004346913075,0.9716004346913075,"[None, 0.0]","[None, None]","['no_incoming', 'below_incoming']","[0, 728]","[1, 9]","[None, 38]","[0, 690]"
1,5,2621.8166666666666,0.876909647717592,0.576650681129574,0.9738633279202775,0.9738633279202775,0.9738633279202775,"[None, 0.0]","[None, None]","['no_incoming', 'below_incoming']","[0, 728]","[1, 9]","[None, 75]","[0, 653]"
1,5,2622.1833333333334,0.8753334666109478,0.576650681129574,0.9731137487590247,0.9731137487590247,0.9731137487590247,"[None, 0.0]","[None, None]","['no_incoming', 'below_incoming']","[0, 728]","[1, 9]","[None, 75]","[0, 653]"
1,5,2622.3166666666666,0.8753334666109478,0.576650681129574,0.9731137487590247,0.9731137487590247,0.9731137487590247,"[None, 0.0]","[None, None]","['no_incoming', 'below_incoming']","[0, 728]","[1, 8]","[None, 75]","[0, 653]"
1,5,2622.45,0.8673824437332952,0.580607234073362,0.9686519835197223,0.9686519835197223,0.9686519835197223,"[None, 0.0]","[None, None]","['no_incoming', 'below_incoming']","[0, 728]","[1, 8]","[None, 222]","[0, 506]"
1,5,2622.483333333333,0.8592626370726193,0.5355577117947977,0.969993837372672,0.969993837372672,0.969993837372672,"[None, 0.0]","[None, None]","['no_incoming', 'below_incoming']","[0, 728]","[1, 8]","[None, 5]","[0, 723]"
1,5,2622.516666666667,0.8699536731492332,0.5487248788933822,0.9735470487038784,0.9735470487038784,0.9735470487038784,"[None, 0.0]","[None, None]","['no_incoming', 'below_incoming']","[0, 728]","[1, 8]","[None, 222]","[0, 506]"
1,5,2622.55,0.8674690295334835,0.5355577117947977,0.9737900229226236,0.9737900229226236,0.9737900229226236,"[None, 0.0]","[None, None]","['no_incoming', 'below_incoming']","[0, 728]","[1, 8]","[None, 10]","[0, 718]"
1,5,2622.85,0.8686742824275105,0.5355577117947977,0.9743219151826336,0.9743219151826336,0.9743219151826336,"[None, 0.0]","[None, None]","['no_incoming', 'below_incoming']","[0, 728]","[1, 8]","[None, 10]","[0, 718]"
1,5,2623.05,0.8686742824275105,0.5355577117947977,0.9743219151826336,0.9743219151826336,0.9743219151826336,"[None, 0.0]","[None, None]","['no_incoming', 'below_incoming']","[0, 728]","[1, 7]","[None, 10]","[0, 718]"
1,5,2623.116666666667,0.8645884326504787,0.580607234073362,0.9671563889098095,0.9671563889098095,0.9671563889098095,"[None, 0.0]","[None, None]","['no_incoming', 'below_incoming']","[0, 728]","[1, 7]","[None, 222]","[0, 506]"
1,5,2623.15,0.8603808739435638,0.5355577117947977,0.9705292304380246,0.9705292304380246,0.9705292304380246,"[None, 0.0]","[None, None]","['no_incoming', 'below_incoming']","[0, 728]","[1, 7]","[None, 10]","[0, 718]"
1,5,2623.1833333333334,0.8630280441739061,0.5355577117947977,0.9717737500957419,0.9717737500957419,0.9717737500957419,"[None, 0.0]","[None, None]","['no_incoming', 'below_incoming']","[0, 728]","[1, 7]","[None, 14]","[0, 714]"
1,5,2623.2166666666667,0.8766629476026605,0.580607234073362,0.9733287789022688,0.9733287789022688,0.9733287789022688,"[None, 0.0]","[None, None]","['no_incoming', 'below_incoming']","[0, 728]","[1, 7]","[None, 228]","[0, 500]"
1,5,2623.65,0.8519168187068775,0.5355577117947977,0.9663319512029817,0.9663319512029817,0.9663319512029817,"[None, 0.0]","[None, None]","['no_incoming', 'below_incoming']","[0, 728]","[1, 7]","[None, 7]","[0, 721]"
1,5,2623.7833333333333,0.8519168187068775,0.5355577117947977,0.9663319512029817,0.9663319512029817,0.9663319512029817,"[None, 0.0]","[None, None]","['no_incoming', 'below_incoming']","[0, 728]","[1, 6]","[None, 7]","[0, 721]"
1,5,2623.9166666666665,0.848570919255428,0.576650681129574,0.9584266420254322,0.9584266420254322,0.9584266420254322,"[None, 0.0]","[None, None]","['no_incoming', 'below_incoming']","[0, 728]","[1, 6]","[None, 222]","[0, 506]"
1,5,2623.95,0.84447284643581,0.5355577117947977,0.9623597048971112,0.9623597048971112,0.9623597048971112,"[None, 0.0]","[None, None]","['no_incoming', 'below_incoming']","[0, 728]","[1, 6]","[None, 14]","[0, 714]"
1,5,2623.983333333333,0.8608057427069222,0.5895677740087046,0.9637997622031014,0.9637997622031014,0.9637997622031014,"[None, 0.0]","[None, None]","['no_incoming', 'below_incoming']","[0, 728]","[1, 6]","[None, 14]","[0, 714]"
1,5,2624.016666666667,0.8613677485396335,0.576650681129574,0.9659194803495279,0.9659194803495279,0.9659194803495279,"[None, 0.0]","[None, None]","['no_incoming', 'below_incoming']","[0, 728]","[1, 6]","[None, 38]","[0, 690]"
1,5,2624.383333333333,0.8589327227669445,0.576650681129574,0.9645612790445391,0.9645612790445391,0.9645612790445391,"[None, 0.0]","[None, None]","['no_incoming', 'below_incoming']","[0, 728]","[1, 6]","[None, 42]","[0, 686]"
1,5,2624.516666666667,0.8589327227669445,0.576650681129574,0.9645612790445391,0.9645612790445391,0.9645612790445391,"[None, 0.0]","[None, None]","['no_incoming', 'below_incoming']","[0, 728]","[1, 5]","[None, 42]","[0, 686]"
1,5,2624.65,0.8440421168224556,0.576650681129574,0.9555615367566673,0.9555615367566673,0.9555615367566673,"[None, 0.0]","[None, None]","['no_incoming', 'below_incoming']","[0, 728]","[1, 5]","[None, 222]","[0, 506]"
1,5,2624.883333333333,0.8524388885631311,0.5447034099182348,0.9653912140060923,0.9653912140060923,0.9653912140060923,"[None, 0.0]","[None, None]","['no_incoming', 'below_incoming']","[0, 728]","[1, 5]","[None, 75]","[0, 653]"
1,5,2625.05,0.8157649759470836,0.503181135894269,0.950879149463363,0.950879149463363,0.950879149463363,"[None, 0.0]","[None, None]","['no_incoming', 'below_incoming']","[0, 728]","[1, 5]","[None, 222]","[0, 506]"
1,5,2625.25,0.8157649759470836,0.503181135894269,0.950879149463363,0.950879149463363,0.950879149463363,"[None, 0.0]","[None, None]","['no_incoming', 'below_incoming']","[0, 728]","[1, 4]","[None, 14]","[0, 714]"
1,5,2625.3166666666666,0.8304812827191927,0.5895677740087046,0.943529285153302,0.943529285153302,0.943529285153302,"[None, 0.0]","[None, None]","['no_incoming', 'below_incoming']","[0, 728]","[1, 4]","[None, 14]","[0, 714]"
1,5,2625.35,0.82812995518286,0.5355577117947977,0.9526820526275188,0.9526820526275188,0.9526820526275188,"[None, 0.0]","[None, None]","['no_incoming', 'below_incoming']","[0, 728]","[1, 4]","[None, 5]","[0, 723]"
1,5,2625.383333333333,0.8409609174218571,0.5355577117947977,0.9603923293868221,0.9603923293868221,0.9603923293868221,"[None, 0.0]","[None, None]","['no_incoming', 'below_incoming']","[0, 728]","[1, 4]","[None, 5]","[0, 723]"
1,5,2625.4166666666665,0.8419827228956828,0.5895677740087046,0.9518428978643473,0.9518428978643473,0.9518428978643473,"[None, 0.0]","[None, None]","['no_incoming', 'below_incoming']","[0, 728]","[1, 4]","[None, 6]","[0, 722]"
1,5,2625.65,0.8237387859680041,0.576650681129574,0.9412951161854202,0.9412951161854202,0.9412951161854202,"[None, 0.0]","[None, None]","['no_incoming', 'below_incoming']","[0, 728]","[1, 4]","[None, 6]","[0, 722]"
1,5,2625.9166666666665,0.8115341588106759,0.576650681129574,0.9315649235746888,0.9315649235746888,0.9315649235746888,"[None, 0.0]","[None, None]","['no_incoming', 'below_incoming']","[0, 728]","[1, 4]","[None, 14]","[0, 714]"
1,5,2625.95,0.8230494290004284,0.576650681129574,0.9407690028053989,0.9407690028053989,0.9407690028053989,"[None, 0.0]","[None, None]","['no_incoming', 'below_incoming']","[0, 728]","[1, 4]","[None, 7]","[0, 721]"
1,5,2625.983333333333,0.8272461816257292,0.580607234073362,0.9430638158304891,0.9430638158304891,0.9430638158304891,"[None, 0.0]","[None, None]","['no_incoming', 'below_incoming']","[0, 728]","[1, 3]","[None, 352]","[0, 376]"
1,5,2626.1833333333334,0.8187663745965822,0.580607234073362,0.9364790296903351,0.9364790296903351,0.9364790296903351,"[None, 0.0]","[None, None]","['no_incoming', 'below_incoming']","[0, 728]","[1, 3]","[None, 593]","[0, 135]"
1,5,2626.2166666666667,0.8115341588106759,0.576650681129574,0.9315649235746888,0.9315649235746888,0.9315649235746888,"[None, 0.0]","[None, None]","['no_incoming', 'below_incoming']","[0, 728]","[1, 3]","[None, 14]","[0, 714]"
1,5,2626.3166666666666,0.773820012935608,0.580607234073362,0.9332633946992265,0.61077573277446,0.8942350800081552,"[None, 0.12102266008606623]","[None, [0.5040871934604905, 0.75, 0.7692307692307693, 0.23076923076923078, 0.5897435897435898, 0.0, 1.0, 0.0, 0.0]]","['no_incoming', 'model']","[0, 728]","[1, 3]","[None, 740]","[12, 0]"
1,5,2626.383333333333,0.788615265571963,0.580607234073362,0.9476363857783899,0.6327809041784679,0.909531737852488,"[None, 0.12102266008606623]","[None, [0.5040871934604905, 0.75, 0.7692307692307693, 0.23076923076923078, 0.5897435897435898, 0.0, 1.0, 0.0, 0.0]]","['no_incoming', 'model']","[0, 728]","[1, 3]","[None, 740]","[12, 0]"
1,5,2626.516666666667,0.722979721563371,0.580607234073362,0.9152802652221886,0.21955620639868967,0.8310818889374939,"[None, 0.12102266008606623]","[None, [0.5040871934604905, 0.75, 0.7692307692307693, 0.23076923076923078, 0.5897435897435898, 0.0, 1.0, 0.0, 0.0]]","['no_incoming', 'model']","[0, 728]","[1, 3]","[None, 740]","[12, 0]"
1,5,2626.55,0.781622683472263,0.576650681129574,0.903893662675176,0.903893662675176,0.903893662675176,"[None, 0.0]","[None, None]","['no_incoming', 'below_incoming']","[0, 728]","[1, 3]","[None, 14]","[0, 714]"
1,5,2626.5833333333335,0.7800993918484133,0.5355577117947977,0.9160631057470257,0.9160631057470257,0.9160631057470257,"[None, 0.0]","[None, None]","['no_incoming', 'below_incoming']","[0, 728]","[1, 3]","[None, 7]","[0, 721]"
1,5,2626.616666666667,0.7852834042351201,0.5355577117947977,0.9206330871720872,0.9206330871720872,0.9206330871720872,"[None, 0.0]","[None, None]","['no_incoming', 'below_incoming']","[0, 728]","[1, 3]","[None, 8]","[0, 720]"
1,5,2626.65,0.7894969113788279,0.580607234073362,0.9103996579417601,0.9103996579417601,0.9103996579417601,"[None, 0.0]","[None, None]","['no_incoming', 'below_incoming']","[0, 728]","[1, 3]","[None, 320]","[0, 408]"
1,5,2626.7166666666667,0.7894969113788279,0.580607234073362,0.9103996579417601,0.9103996579417601,0.9103996579417601,"[None, 0.0]","[None, None]","['no_incoming', 'below_incoming']","[0, 728]","[1, 2]","[None, 6]","[0, 722]"
1,5,2626.883333333333,0.7939068187283422,0.580607234073362,0.9146677752873168,0.9146677752873168,0.9146677752873168,"[None, 0.0]","[None, None]","['no_incoming', 'below_incoming']","[0, 728]","[1, 2]","[None, 18]","[0, 710]"
1,5,2627.116666666667,0.7881226158048907,0.5953987027362505,0.903868145763229,0.903868145763229,0.903868145763229,"[None, 0.0]","[None, None]","['no_incoming', 'below_incoming']","[0, 728]","[1, 2]","[None, 14]","[0, 714]"
1,5,2627.15,0.7965720410257262,0.5895677740087046,0.9143412445962208,0.9143412445962208,0.9143412445962208,"[None, 0.0]","[None, None]","['no_incoming', 'below_incoming']","[0, 728]","[1, 2]","[None, 7]","[0, 721]"
1,5,2627.1833333333334,0.7881226158048907,0.5953987027362505,0.903868145763229,0.903868145763229,0.903868145763229,"[None, 0.0]","[None, None]","['no_incoming', 'below_incoming']","[0, 728]","[1, 2]","[None, 14]","[0, 714]"
1,5,2627.2166666666667,0.8022997247772898,0.5953987027362505,0.9179738748914471,0.9179738748914471,0.9179738748914471,"[None, 0.0]","[None, None]","['no_incoming', 'below_incoming']","[0, 728]","[1, 2]","[None, 20]","[0, 708]"
1,5,2627.45,0.8022997247772898,0.5953987027362505,0.9179738748914471,0.9179738748914471,0.9179738748914471,"[None, 0.0]","[None, None]","['no_incoming', 'below_incoming']","[0, 728]","[1, 1]","[None, 0]","[0, 728]"
1,5,2627.616666666667,0.8003108134780753,0.5953987027362505,0.9160728720852642,0.9160728720852642,0.9160728720852642,"[None, 0.0]","[None, None]","['no_incoming', 'below_incoming']","[0, 728]","[1, 1]","[None, 0]","[0, 728]"
1,5,2627.75,0.7861911521845534,0.5953987027362505,0.9018459926238855,0.9018459926238855,0.9018459926238855,"[None, 0.0]","[None, None]","['no_incoming', 'below_incoming']","[0, 728]","[1, 1]","[None, 5]","[0, 723]"
1,5,2627.7833333333333,0.7824820467294907,0.576650681129574,0.9047660709177308,0.9047660709177308,0.9047660709177308,"[None, 0.0]","[None, None]","['no_incoming', 'below_incoming']","[0, 728]","[1, 1]","[None, 0]","[0, 728]"
1,5,2627.8166666666666,0.7954651753192383,0.5953987027362505,0.9113352553836422,0.9113352553836422,0.9113352553836422,"[None, 0.0]","[None, None]","['no_incoming', 'below_incoming']","[0, 728]","[1, 1]","[None, 0]","[0, 728]"
1,5,2627.85,0.7837276785879171,0.580607234073362,0.9046315445247005,0.9046315445247005,0.9046315445247005,"[None, 0.0]","[None, None]","['no_incoming', 'below_incoming']","[0, 728]","[1, 1]","[None, 0]","[0, 728]"
1,5,2628.05,0.7287952437256783,0.4543806828846781,0.8966017371754263,0.8966017371754263,0.8966017371754263,"[None, 0.0]","[None, None]","['no_incoming', 'below_incoming']","[0, 728]","[1, 1]","[None, 0]","[0, 728]"
1,5,2628.3166666666666,0.7704829621274737,0.5487248788933822,0.902609429930738,0.902609429930738,0.902609429930738,"[None, 0.0]","[None, None]","['no_incoming', 'below_incoming']","[0, 728]","[1, 1]","[None, 14]","[0, 714]"
1,5,2628.35,0.7758050697112064,0.576650681129574,0.8978656879336647,0.8978656879336647,0.8978656879336647,"[None, 0.0]","[None, None]","['no_incoming', 'below_incoming']","[0, 728]","[1, 1]","[None, 0]","[0, 728]"
1,5,2628.383333333333,0.7831910348669154,0.5637960107209388,0.9098772887915945,0.9098772887915945,0.9098772887915945,"[None, 0.0]","[None, None]","['no_incoming', 'below_incoming']","[0, 728]","[1, 1]","[None, 14]","[0, 714]"
1,5,2628.4166666666665,0.7581390912482703,0.5447034099182348,0.8914574779026752,0.8914574779026752,0.8914574779026752,"[None, 0.0]","[None, None]","['no_incoming', 'below_incoming']","[0, 728]","[1, 1]","[None, 32]","[0, 696]"
1,5,2628.5833333333335,0.7628057278916459,0.5487248788933822,0.8947991332160236,0.8947991332160236,0.8947991332160236,"[None, 0.0]","[None, None]","['no_incoming', 'below_incoming']","[0, 728]","[1, 1]","[None, 14]","[0, 714]"
1,5,2628.616666666667,0.7548489391067935,0.5637960107209388,0.8800288720031504,0.8800288720031504,0.8800288720031504,"[None, 0.0]","[None, None]","['no_incoming', 'below_incoming']","[0, 728]","[1, 1]","[None, 32]","[0, 696]"
1,5,2628.883333333333,0.7628057278916459,0.5487248788933822,0.8947991332160236,0.8947991332160236,0.8947991332160236,"[None, 0.0]","[None, None]","['no_incoming', 'below_incoming']","[0, 728]","[1, 1]","[None, 14]","[0, 714]"
1,5,2628.9166666666665,0.7625140242662896,0.576650681129574,0.8832925033283341,0.8832925033283341,0.8832925033283341,"[None, 0.0]","[None, None]","['no_incoming', 'below_incoming']","[0, 728]","[1, 1]","[None, 0]","[0, 728]"
1,5,2629.3166666666666,0.7625140242662896,0.576650681129574,0.8832925033283341,0.8832925033283341,0.8832925033283341,"[None, 0.0]","[None, None]","['no_incoming', 'below_incoming']","[0, 728]","[1, 1]","[None, 0]","[0, 728]"
1,5,2629.383333333333,0.7628057278916459,0.5487248788933822,0.8947991332160236,0.8947991332160236,0.8947991332160236,"[None, 0.0]","[None, None]","['no_incoming', 'below_incoming']","[0, 728]","[1, 1]","[None, 14]","[0, 714]"
1,5,2629.4166666666665,0.7528243007399916,0.576650681129574,0.8719627955842465,0.8719627955842465,0.8719627955842465,"[None, 0.0]","[None, None]","['no_incoming', 'below_incoming']","[0, 728]","[1, 1]","[None, 0]","[0, 728]"
1,5,2629.516666666667,0.7383141185772867,0.576650681129574,0.8538859298304338,0.8538859298304338,0.8538859298304338,"[None, 0.0]","[None, None]","['no_incoming', 'below_incoming']","[0, 728]","[1, 1]","[None, 1]","[0, 727]"
1,5,2629.55,0.7706311057826435,0.580607234073362,0.8907563042229629,0.8907563042229629,0.8907563042229629,"[None, 0.0]","[None, None]","['no_incoming', 'below_incoming']","[0, 728]","[1, 1]","[None, 1]","[0, 727]"
1,5,2629.8166666666666,0.7394798953047276,0.576650681129574,0.8553872848558238,0.8553872848558238,0.8553872848558238,"[None, 0.0]","[None, None]","['no_incoming', 'below_incoming']","[0, 728]","[1, 1]","[None, 1]","[0, 727]"
1,5,2629.95,0.7365182688986449,0.576650681129574,0.851556443096511,0.851556443096511,0.851556443096511,"[None, 0.0]","[None, None]","['no_incoming', 'below_incoming']","[0, 728]","[1, 1]","[None, 1]","[0, 727]"
1,5,2629.983333333333,0.7347234971517489,0.5447034099182348,0.8650812512614557,0.8650812512614557,0.8650812512614557,"[None, 0.0]","[None, None]","['no_incoming', 'below_incoming']","[0, 728]","[1, 1]","[None, 32]","[0, 696]"
1,5,2630.016666666667,0.7366233370663053,0.576650681129574,0.8516932891199237,0.8516932891199237,0.8516932891199237,"[None, 0.0]","[None, None]","['no_incoming', 'below_incoming']","[0, 728]","[1, 1]","[None, 0]","[0, 728]"
1,5,2630.15,0.7282972574541574,0.5447034099182348,0.8572590817317979,0.8572590817317979,0.8572590817317979,"[None, 0.0]","[None, None]","['no_incoming', 'below_incoming']","[0, 728]","[1, 1]","[None, 32]","[0, 696]"
1,5,2630.5833333333335,0.781928928245811,0.5447034099182348,0.9148692818763313,0.9148692818763313,0.9148692818763313,"[None, 0.0]","[None, None]","['no_incoming', 'below_incoming']","[0, 728]","[1, 1]","[None, 32]","[0, 696]"
1,5,2630.6833333333334,0.8103629647353378,0.5616783933048388,0.9344266742859896,0.9344266742859896,0.9344266742859896,"[None, 0.0]","[None, None]","['no_incoming', 'below_incoming']","[0, 728]","[1, 1]","[None, 10]","[0, 718]"
1,6,2633.8166666666666,0.4006974507091946,0.6574432610388365,0.1889203181515661,0.1889203181515661,0.1889203181515661,"[0.0, None]","[None, None]","['below_incoming', 'no_incoming']","[413, 0]","[10, 1]","[1, None]","[412, 0]"
1,6,2633.883333333333,0.4006974507091946,0.6574432610388365,0.1889203181515661,0.1889203181515661,0.1889203181515661,"[0.0, None]","[None, None]","['below_incoming', 'no_incoming']","[413, 0]","[9, 1]","[0, None]","[413, 0]"
1,6,2633.95,0.3528732590859745,0.6574432610388365,0.13414599525161322,0.13414599525161322,0.13414599525161322,"[0.0, None]","[None, None]","['below_incoming', 'no_incoming']","[413, 0]","[9, 1]","[0, None]","[413, 0]"
1,6,2634.616666666667,0.34894021668111885,0.6574432610388365,0.13018512961030107,0.13018512961030107,0.13018512961030107,"[0.0, None]","[None, None]","['below_incoming', 'no_incoming']","[413, 0]","[8, 1]","[0, None]","[413, 0]"
2,7,2662.3166666666666,0.4508127678987024,0.4839325042037868,0.33285677602956715,0.7363588473863873,0.4181232227601347,"[0.21131600748380222, None]","[[0.966183574879227, 0.8571428571428571, 0.8461538461538461, 0.6153846153846154, 0.6923076923076923, 0.0, 1.0, 0.0, 0.0], None]","['model', 'no_incoming']","[7, 0]","[6, 1]","[200, None]","[0, 193]"
2,7,2662.483333333333,0.48097364670543447,0.551510232078452,0.33272927538731534,0.7366067933906397,0.41118740308913526,"[0.19426218148932498, None]","[[0.992, 0.8571428571428571, 0.8461538461538461, 0.6153846153846154, 0.6923076923076923, 0.0, 0.0, 0.0, 0.0], None]","['model', 'no_incoming']","[7, 0]","[6, 1]","[868, None]","[0, 861]"
2,7,2662.516666666667,0.4530377158483555,0.4839325042037868,0.33742973410603266,0.7400059413833697,0.42250053093585116,"[0.21131600748380222, None]","[[0.966183574879227, 0.8571428571428571, 0.8461538461538461, 0.6153846153846154, 0.6923076923076923, 0.0, 1.0, 0.0, 0.0], None]","['model', 'no_incoming']","[7, 0]","[6, 1]","[200, None]","[0, 193]"
2,7,2662.55,0.44775658203268326,0.4839325042037868,0.33177529472791145,0.7353432634051171,0.41212533763292425,"[0.19909915836080844, None]","[[0.9713114754098361, 0.8333333333333334, 0.8461538461538461, 0.6153846153846154, 0.6923076923076923, 0.0, 0.5, 0.0, 0.0], None]","['model', 'no_incoming']","[7, 0]","[5, 1]","[237, None]","[0, 230]"
2,7,2662.5833333333335,0.45534456051857375,0.4941688210225943,0.33268363085323965,0.7374469698378471,0.4170556266245682,"[0.20844772153274754, None]","[[0.9646464646464646, 0.8333333333333334, 0.8461538461538461, 0.6153846153846154, 0.6923076923076923, 0.0, 1.0, 0.0, 0.0], None]","['model', 'no_incoming']","[7, 0]","[5, 1]","[191, None]","[0, 184]"
2,7,2662.8166666666666,0.4485808815561154,0.4839325042037868,0.32715717069927414,0.7333174357922041,0.4137413110512149,"[0.21317727949613743, None]","[[0.9789156626506024, 0.8333333333333334, 0.8461538461538461, 0.6153846153846154, 0.717948717948718, 0.0, 1.0, 0.0, 0.0], None]","['model', 'no_incoming']","[7, 0]","[5, 1]","[325, None]","[0, 318]"
2,7,2662.983333333333,0.4735018606593767,0.5413573370300765,0.3279766277636733,0.7323793028856165,0.40661127197996505,"[0.1944463997241867, None]","[[0.9919354838709677, 0.8333333333333334, 0.8461538461538461, 0.6153846153846154, 0.717948717948718, 0.0, 0.0, 0.0, 0.0], None]","['model', 'no_incoming']","[7, 0]","[5, 1]","[861, None]","[0, 854]"
2,7,2663.016666666667,0.4485808815561154,0.4839325042037868,0.32715717069927414,0.7333174357922041,0.4137413110512149,"[0.21317727949613743, None]","[[0.9789156626506024, 0.8333333333333334, 0.8461538461538461, 0.6153846153846154, 0.717948717948718, 0.0, 1.0, 0.0, 0.0], None]","['model', 'no_incoming']","[7, 0]","[5, 1]","[325, None]","[0, 318]"
2,7,2663.1833333333334,0.4735018606593767,0.5413573370300765,0.3279766277636733,0.7323793028856165,0.40661127197996505,"[0.1944463997241867, None]","[[0.9919354838709677, 0.8333333333333334, 0.8461538461538461, 0.6153846153846154, 0.717948717948718, 0.0, 0.0, 0.0, 0.0], None]","['model', 'no_incoming']","[7, 0]","[5, 1]","[861, None]","[0, 854]"
2,7,2663.2166666666667,0.4400930865485072,0.4660400690186239,0.32907519897195825,0.7327910231219088,0.41446938148167767,"[0.2115205235997929, None]","[[0.966183574879227, 0.8333333333333334, 0.8461538461538461, 0.6153846153846154, 0.717948717948718, 0.0, 1.0, 0.0, 0.0], None]","['model', 'no_incoming']","[7, 0]","[5, 1]","[200, None]","[0, 193]"
2,7,2663.2833333333333,0.43932731568646616,0.4660400690186239,0.32907519897195825,0.7327910231219088,0.4129615268400395,"[0.20778558295233843, None]","[[0.966183574879227, 0.8, 0.8461538461538461, 0.6153846153846154, 0.717948717948718, 0.0, 1.0, 0.0, 0.0], None]","['model', 'no_incoming']","[7, 0]","[4, 1]","[200, None]","[0, 193]"
2,7,2663.55,0.43839250939590957,0.47138001328455315,0.3182434603598878,0.7374158239052842,0.4059407469478276,"[0.2092153353007066, None]","[[0.966183574879227, 0.8, 0.8461538461538461, 0.6153846153846154, 0.7307692307692307, 0.0, 1.0, 0.0, 0.0], None]","['model', 'no_incoming']","[7, 0]","[4, 1]","[200, None]","[0, 193]"
2,7,2663.6833333333334,0.44024899924675315,0.47138001328455315,0.32257830647258423,0.7355937521986,0.4095809640499479,"[0.2106523096840284, None]","[[0.966183574879227, 0.8, 0.8461538461538461, 0.6153846153846154, 0.7435897435897436, 0.0, 1.0, 0.0, 0.0], None]","['model', 'no_incoming']","[7, 0]","[4, 1]","[200, None]","[0, 193]"
2,7,2663.7833333333333,0.4697076310487222,0.5413573370300765,0.3189679179418103,0.7337634232915838,0.39928521056009836,"[0.19363105815373055, None]","[[0.9919354838709677, 0.8, 0.8461538461538461, 0.6153846153846154, 0.7435897435897436, 0.0, 0.0, 0.0, 0.0], None]","['model', 'no_incoming']","[7, 0]","[4, 1]","[861, None]","[0, 854]"
2,7,2663.8166666666666,0.4454900281044083,0.4839325042037868,0.32489207146736215,0.7378094987745671,0.40768887237894424,"[0.20051660558754375, None]","[[0.9671361502347418, 0.8, 0.8461538461538461, 0.6153846153846154, 0.7435897435897436, 0.0, 0.5, 0.0, 0.0], None]","['model', 'no_incoming']","[7, 0]","[4, 1]","[206, None]","[0, 199]"
2,7,2663.85,0.4438717313218615,0.4839325042037868,0.32174307555280024,0.7348446035953891,0.40452772395086084,"[0.20039782663192157, None]","[[0.966183574879227, 0.8, 0.8461538461538461, 0.6153846153846154, 0.7435897435897436, 0.0, 0.5, 0.0, 0.0], None]","['model', 'no_incoming']","[7, 0]","[4, 1]","[200, None]","[0, 193]"
2,7,2663.883333333333,0.4483879106898441,0.4839325042037868,0.3249389091583218,0.7380503640514949,0.4133628891633328,"[0.21404388321276796, None]","[[0.9922480620155039, 0.8, 0.8461538461538461, 0.6153846153846154, 0.7435897435897436, 0.0, 1.0, 0.0, 0.0], None]","['model', 'no_incoming']","[7, 0]","[4, 1]","[896, None]","[0, 889]"
2,7,2664.016666666667,0.44720043009245325,0.4839325042037868,0.3249389091583218,0.7380503640514949,0.4110357960481843,"[0.20841079536786594, None]","[[0.9922480620155039, 0.75, 0.8461538461538461, 0.6153846153846154, 0.7435897435897436, 0.0, 1.0, 0.0, 0.0], None]","['model', 'no_incoming']","[7, 0]","[3, 1]","[896, None]","[0, 889]"
2,7,2664.116666666667,0.4341098000932714,0.4839325042037868,0.30996798935526765,0.7242834808089978,0.3855840326396428,"[0.18250836583265853, None]","[[0.9922480620155039, 0.75, 1.0, 0.6153846153846154, 0.7692307692307693, 0.0, 1.0, 0.0, 0.0], None]","['model', 'no_incoming']","[7, 0]","[3, 1]","[896, None]","[0, 889]"
2,7,2664.35,0.4564896527490508,0.5413573370300765,0.30584374818457516,0.7206907740487274,0.37407515054206203,"[0.16447364474978843, None]","[[0.9919354838709677, 0.75, 1.0, 0.6153846153846154, 0.7692307692307693, 0.0, 0.0, 0.0, 0.0], None]","['model', 'no_incoming']","[7, 0]","[3, 1]","[861, None]","[0, 854]"
2,7,2664.383333333333,0.4341098000932714,0.4839325042037868,0.30996798935526765,0.7242834808089978,0.3855840326396428,"[0.18250836583265853, None]","[[0.9922480620155039, 0.75, 1.0, 0.6153846153846154, 0.7692307692307693, 0.0, 1.0, 0.0, 0.0], None]","['model', 'no_incoming']","[7, 0]","[3, 1]","[896, None]","[0, 889]"
2,7,2664.75,0.3935818917682842,0.4839325042037868,0.30996798935526765,0.30996798935526765,0.30996798935526765,"[0.0, None]","[None, None]","['below_incoming', 'no_incoming']","[7, 0]","[1, 2]","[None, None]","[7, 0]"
2,7,2664.95,0.4241243638736662,0.5124399501693453,0.34040271970296954,0.34040271970296954,0.34040271970296954,"[0.0, None]","[None, None]","['below_incoming', 'no_incoming']","[7, 0]","[1, 2]","[None, None]","[7, 0]"
2,7,2665.05,0.4241243638736662,0.5124399501693453,0.34040271970296954,0.34040271970296954,0.34040271970296954,"[0.0, None]","[None, None]","['below_incoming', 'no_incoming']","[7, 0]","[1, 4]","[None, None]","[7, 0]"
2,7,2665.15,0.4336323400839713,0.5124399501693453,0.3580442271857361,0.3580442271857361,0.3580442271857361,"[0.0, None]","[None, None]","['below_incoming', 'no_incoming']","[7, 0]","[1, 4]","[None, None]","[7, 0]"
2,7,2665.2166666666667,0.4336323400839713,0.5124399501693453,0.3580442271857361,0.3580442271857361,0.3580442271857361,"[0.0, None]","[None, None]","['below_incoming', 'no_incoming']","[7, 0]","[1, 3]","[None, None]","[7, 0]"
2,7,2665.2833333333333,0.41071151513942594,0.4839325042037868,0.34124354549674474,0.34124354549674474,0.34124354549674474,"[0.0, None]","[None, None]","['below_incoming', 'no_incoming']","[7, 0]","[1, 3]","[None, None]","[7, 0]"
2,7,2665.6833333333334,0.4234752314142084,0.5119271836329502,0.33967018257579973,0.33967018257579973,0.33967018257579973,"[0.0, None]","[None, None]","['below_incoming', 'no_incoming']","[7, 0]","[1, 3]","[None, None]","[7, 0]"
2,7,2665.7166666666667,0.417607389063313,0.4988215264434586,0.34062904194808524,0.34062904194808524,0.34062904194808524,"[0.0, None]","[None, None]","['below_incoming', 'no_incoming']","[7, 0]","[1, 3]","[None, None]","[7, 0]"
2,7,2665.75,0.4231135440308739,0.5119271836329502,0.33900586090246904,0.33900586090246904,0.33900586090246904,"[0.0, None]","[None, None]","['below_incoming', 'no_incoming']","[7, 0]","[1, 3]","[None, None]","[7, 0]"
2,7,2665.7833333333333,0.4130756063145907,0.49236507903645726,0.3380516856145541,0.3380516856145541,0.3380516856145541,"[0.0, None]","[None, None]","['below_incoming', 'no_incoming']","[7, 0]","[1, 3]","[None, None]","[7, 0]"
2,7,2665.95,0.4130756063145907,0.49236507903645726,0.3380516856145541,0.3380516856145541,0.3380516856145541,"[0.0, None]","[None, None]","['below_incoming', 'no_incoming']","[7, 0]","[1, 2]","[None, None]","[7, 0]"
2,7,2666.116666666667,0.4078213843072285,0.49236507903645726,0.32840321683860935,0.32840321683860935,0.32840321683860935,"[0.0, None]","[None, None]","['below_incoming', 'no_incoming']","[7, 0]","[1, 2]","[None, None]","[7, 0]"
2,7,2666.25,0.34580823078235035,0.36098361122756933,0.33094041576889277,0.33094041576889277,0.33094041576889277,"[0.0, None]","[None, None]","['below_incoming', 'no_incoming']","[7, 0]","[1, 2]","[None, None]","[7, 0]"
2,7,2666.2833333333333,0.4092568594669287,0.49236507903645726,0.33102902860128564,0.33102902860128564,0.33102902860128564,"[0.0, None]","[None, None]","['below_incoming', 'no_incoming']","[7, 0]","[1, 2]","[None, None]","[7, 0]"
2,7,2666.3166666666666,0.40889044257345103,0.49236507903645726,0.3303580305576282,0.3303580305576282,0.3303580305576282,"[0.0, None]","[None, None]","['below_incoming', 'no_incoming']","[7, 0]","[1, 2]","[None, None]","[7, 0]"
2,7,2666.35,0.4203257208399086,0.5196048866387594,0.3270995996690804,0.3270995996690804,0.3270995996690804,"[0.0, None]","[None, None]","['below_incoming', 'no_incoming']","[7, 0]","[1, 2]","[None, None]","[7, 0]"
2,7,2666.65,0.4234897728300682,0.5196048866387594,0.33283573693265134,0.33283573693265134,0.33283573693265134,"[0.0, None]","[None, None]","['below_incoming', 'no_incoming']","[7, 0]","[1, 2]","[None, None]","[7, 0]"
2,7,2666.6833333333334,0.4234897728300682,0.5196048866387594,0.33283573693265134,0.33283573693265134,0.33283573693265134,"[0.0, None]","[None, None]","['below_incoming', 'no_incoming']","[7, 0]","[1, 1]","[None, None]","[7, 0]"
2,7,2666.75,0.42263202988566684,0.5196048866387594,0.33127688308829106,0.33127688308829106,0.33127688308829106,"[0.0, None]","[None, None]","['below_incoming', 'no_incoming']","[7, 0]","[1, 1]","[None, None]","[7, 0]"
2,7,2666.85,0.42263202988566684,0.5196048866387594,0.33127688308829106,0.33127688308829106,0.33127688308829106,"[0.0, None]","[None, None]","['below_incoming', 'no_incoming']","[7, 0]","[1, 1]","[None, None]","[7, 0]"
2,7,2667.05,0.43292593601315166,0.5258358718697294,0.2902302677735773,0.6645106179356823,0.3445049892313659,"[0.14501087602991075, None]","[[0.950354609929078, 0.5, 1.0, 0.7692307692307693, 0.8461538461538461, 0.07692307692307693, 1.0, 0.0, 0.0], None]","['model', 'no_incoming']","[7, 0]","[1, 1]","[134, None]","[0, 127]"
2,9,2672.3166666666666,0.32787790091484725,0.27447279913473716,0.3861437511115583,0.3861437511115583,0.3861437511115583,"[None, 0.0]","[None, None]","['no_incoming', 'below_incoming']","[0, 1]","[1, 2]","[None, None]","[0, 1]"
2,9,2672.8166666666666,0.3542634006409519,0.2510079532481458,0.47316126939628245,0.47316126939628245,0.47316126939628245,"[None, 0.0]","[None, None]","['no_incoming', 'below_incoming']","[0, 1]","[1, 2]","[None, None]","[0, 1]"
2,9,2672.9166666666665,0.32859554577414146,0.2510079532481458,0.47316126939628245,0.21973464291799988,0.4168192746211676,"[None, 0.22232073858246726]","[None, [0.9985029940119761, 0.75, 0.9230769230769231, 0.6923076923076923, 0.7948717948717948, 0.0, 1.0, 0.06249999999994671, 0.0]]","['no_incoming', 'model']","[0, 1]","[1, 3]","[None, 667]","[666, 0]"
2,9,2673.2166666666667,0.32245536560647803,0.23300476219791477,0.47600478412572633,0.21651277689190082,0.4271228272990042,"[None, 0.1883755779139475]","[None, [0.9985422740524781, 0.75, 0.9230769230769231, 0.6923076923076923, 0.7948717948717948, 0.0, 0.0, 0.0, 0.0]]","['no_incoming', 'model']","[0, 1]","[1, 3]","[None, 685]","[684, 0]"
2,9,2673.45,0.31274410628114213,0.23300476219791477,0.4604659936452297,0.22053511387549837,0.4053502432883665,"[None, 0.2297151179946467]","[None, [0.9985422740524781, 0.75, 0.9230769230769231, 0.6923076923076923, 0.7948717948717948, 0.0, 0.0, 0.18918918918904967, 0.0]]","['no_incoming', 'model']","[0, 1]","[1, 3]","[None, 685]","[684, 0]"
2,9,2673.516666666667,0.29679970632612984,0.22391630469805648,0.4269184443289133,0.19844001709578757,0.3817373743081304,"[None, 0.19774764107021292]","[None, [0.9868421052631579, 0.6666666666666666, 0.9230769230769231, 0.6923076923076923, 0.7948717948717948, 0.0, 1.0, 0.0, 0.0]]","['no_incoming', 'model']","[0, 1]","[1, 2]","[None, 75]","[74, 0]"
2,9,2673.75,0.2926036487063522,0.2163211758997008,0.4359690888575559,0.21430578125157354,0.3826514444195861,"[None, 0.24053437176325365]","[None, [0.9868421052631579, 0.6666666666666666, 0.9230769230769231, 0.6923076923076923, 0.7948717948717948, 0.0, 1.0, 0.18918918918904967, 0.0]]","['no_incoming', 'model']","[0, 1]","[1, 2]","[None, 75]","[74, 0]"
2,9,2673.7833333333333,0.22164254381694995,0.1846101809370558,0.2637010636532581,0.2637010636532581,0.2637010636532581,"[0.0, None]","[None, None]","['below_incoming', 'no_incoming']","[6, 0]","[4, 1]","[None, None]","[6, 0]"
2,9,2673.8166666666666,0.2246709087980963,0.1846101809370558,0.27054052636221904,0.27054052636221904,0.27054052636221904,"[0.0, None]","[None, None]","['below_incoming', 'no_incoming']","[6, 0]","[4, 1]","[None, None]","[6, 0]"
2,9,2673.85,0.23065689645779205,0.1846101809370558,0.28418595490257414,0.28418595490257414,0.28418595490257414,"[0.0, None]","[None, None]","['below_incoming', 'no_incoming']","[6, 0]","[6, 1]","[0, None]","[6, 0]"
2,9,2674.016666666667,0.23065689645779205,0.1846101809370558,0.28418595490257414,0.28418595490257414,0.28418595490257414,"[0.0, None]","[None, None]","['below_incoming', 'no_incoming']","[6, 0]","[5, 1]","[0, None]","[6, 0]"
2,9,2674.25,0.34539496502538025,0.24686360673799512,0.3768774759210988,0.7826583631924857,0.4592713001319475,"[0.20305003708995192, None]","[[0.9802631578947368, 0.8333333333333334, 0.9230769230769231, 0.7692307692307693, 0.8333333333333334, 0.05128205128205128, 1.0, 0.0, 0.0], None]","['model', 'no_incoming']","[6, 0]","[5, 1]","[298, None]","[0, 292]"
2,9,2674.4166666666665,0.3516695682771526,0.2639825913824758,0.37481431529651177,0.788205703818657,0.45064960911249463,"[0.18344671882762364, None]","[[0.98, 0.8333333333333334, 0.9230769230769231, 0.7692307692307693, 0.8333333333333334, 0.05128205128205128, 0.0, 0.0, 0.0], None]","['model', 'no_incoming']","[6, 0]","[5, 1]","[294, None]","[0, 288]"
2,9,2674.45,0.3585799316212388,0.24686360673799512,0.4117960942011399,0.8070042918756102,0.4880883548718403,"[0.19304321398095525, None]","[[0.98, 0.8333333333333334, 0.9230769230769231, 0.7692307692307693, 0.8333333333333334, 0.05128205128205128, 0.5, 0.0, 0.0], None]","['model', 'no_incoming']","[6, 0]","[5, 1]","[294, None]","[0, 288]"
2,9,2674.483333333333,0.32437393681443566,0.20851820035355548,0.3918230651193717,0.7816607279425459,0.4666483425460221,"[0.19193958040065065, None]","[[0.970873786407767, 0.8333333333333334, 0.9230769230769231, 0.7692307692307693, 0.8333333333333334, 0.05128205128205128, 0.5, 0.0, 0.0], None]","['model', 'no_incoming']","[6, 0]","[5, 1]","[200, None]","[0, 194]"
2,9,2674.516666666667,0.3161605427373359,0.20851820035355548,0.3649339558659841,0.7760351131787786,0.4479231600319689,"[0.20187051943237613, None]","[[0.970873786407767, 0.8333333333333334, 0.9230769230769231, 0.7692307692307693, 0.8333333333333334, 0.05128205128205128, 1.0, 0.0, 0.0], None]","['model', 'no_incoming']","[6, 0]","[5, 1]","[200, None]","[0, 194]"
2,9,2674.75,0.3120584976803168,0.20851820035355548,0.3649339558659841,0.7229566679136201,0.4385261548306894,"[0.2055517610707158, None]","[[0.7857142857142858, 0.8, 0.9230769230769231, 0.7692307692307693, 0.8333333333333334, 0.05128205128205128, 1.0, 0.1428571428570315, 0.0], None]","['model', 'no_incoming']","[6, 0]","[4, 1]","[22, None]","[0, 16]"
2,9,2674.85,0.35103148548193347,0.2639825913824758,0.37481431529651177,0.788205703818657,0.4492637351154882,"[0.18009426873919557, None]","[[0.98, 0.8, 0.9230769230769231, 0.7692307692307693, 0.8333333333333334, 0.05128205128205128, 0.0, 0.0, 0.0], None]","['model', 'no_incoming']","[6, 0]","[4, 1]","[294, None]","[0, 288]"
2,9,2674.883333333333,0.3075073227340764,0.20851820035355548,0.3649339558659841,0.7229566679136201,0.4280731587011688,"[0.1763553001262776, None]","[[0.7857142857142858, 0.8, 0.9230769230769231, 0.7692307692307693, 0.8333333333333334, 0.05128205128205128, 1.0, 0.0, 0.0], None]","['model', 'no_incoming']","[6, 0]","[4, 1]","[22, None]","[0, 16]"
2,9,2675.05,0.2684609269645659,0.20851820035355548,0.26040433376442285,0.6392208330243885,0.33827073230997967,"[0.2055517610707881, None]","[[0.7857142857142858, 0.8, 0.9230769230769231, 0.7692307692307693, 0.8333333333333334, 0.05128205128205128, 1.0, 0.1428571428573656, 0.0], None]","['model', 'no_incoming']","[6, 0]","[4, 1]","[22, None]","[0, 16]"
2,9,2675.116666666667,0.25695324798300007,0.20851820035355548,0.18224505603659005,0.7127993682978603,0.3122010780796193,"[0.24494386161738077, None]","[[0.9478672985781991, 0.8571428571428571, 0.9230769230769231, 0.7692307692307693, 0.8333333333333334, 0.05128205128205128, 1.0, 0.18918918918934863, 0.0], None]","['model', 'no_incoming']","[11, 0]","[6, 1]","[200, None]","[0, 189]"
2,9,2675.3166666666666,0.18369961156294543,0.20851820035355548,0.1612332599745495,0.1612332599745495,0.1612332599745495,"[0.0, None]","[None, None]","['below_incoming', 'no_incoming']","[10, 0]","[2, 1]","[None, None]","[10, 0]"
2,9,2676.383333333333,0.24106419520527053,0.21715654816088711,0.26670720462839725,0.26670720462839725,0.26670720462839725,"[0.0, None]","[None, None]","['below_incoming', 'no_incoming']","[10, 0]","[2, 1]","[None, None]","[10, 0]"
2,9,2676.4166666666665,0.24106419520527053,0.21715654816088711,0.26670720462839725,0.26670720462839725,0.26670720462839725,"[0.0, None]","[None, None]","['below_incoming', 'no_incoming']","[10, 0]","[1, 3]","[None, None]","[10, 0]"
2,9,2676.483333333333,0.1973101112058028,0.21715654816088711,0.17886306847894112,0.17886306847894112,0.17886306847894112,"[0.0, None]","[None, None]","['below_incoming', 'no_incoming']","[9, 0]","[1, 3]","[None, None]","[9, 0]"
2,9,2676.516666666667,0.1973101112058028,0.21715654816088711,0.17886306847894112,0.17886306847894112,0.17886306847894112,"[0.0, None]","[None, None]","['below_incoming', 'no_incoming']","[9, 0]","[1, 2]","[None, None]","[9, 0]"
2,9,2676.6833333333334,0.30027976765060393,0.21018061164839943,0.4090014419727259,0.4090014419727259,0.4090014419727259,"[0.0, None]","[None, None]","['below_incoming', 'no_incoming']","[2, 0]","[1, 4]","[None, None]","[2, 0]"
2,9,2677.016666666667,0.30032224266272883,0.21018061164839943,0.40909917080381974,0.40909917080381974,0.40909917080381974,"[0.0, None]","[None, None]","['below_incoming', 'no_incoming']","[2, 0]","[1, 3]","[None, None]","[2, 0]"
2,9,2677.05,0.24574569805172203,0.13649075894266557,0.4017648422330504,0.4017648422330504,0.4017648422330504,"[0.0, None]","[None, None]","['below_incoming', 'no_incoming']","[2, 0]","[1, 3]","[None, None]","[2, 0]"
2,9,2677.15,0.2928865836444472,0.21018061164839943,0.3919854313993051,0.3919854313993051,0.3919854313993051,"[0.0, None]","[None, None]","['below_incoming', 'no_incoming']","[2, 0]","[1, 3]","[None, None]","[2, 0]"
2,9,2677.483333333333,0.2677680455043609,0.19362599947389414,0.35770633139568236,0.35770633139568236,0.35770633139568236,"[0.0, None]","[None, None]","['below_incoming', 'no_incoming']","[2, 0]","[1, 3]","[None, None]","[2, 0]"
2,9,2677.6833333333334,0.23041693625955265,0.13649075894266557,0.3618902665931445,0.3618902665931445,0.3618902665931445,"[0.0, None]","[None, None]","['below_incoming', 'no_incoming']","[2, 0]","[1, 3]","[None, None]","[2, 0]"
2,9,2677.7166666666667,0.2705738036071818,0.21018061164839943,0.3408318307077684,0.3408318307077684,0.3408318307077684,"[0.0, None]","[None, None]","['below_incoming', 'no_incoming']","[2, 0]","[1, 3]","[None, None]","[2, 0]"
2,9,2677.75,0.26156740207725565,0.19362599947389414,0.3432021936171612,0.3432021936171612,0.3432021936171612,"[0.0, None]","[None, None]","['below_incoming', 'no_incoming']","[2, 0]","[1, 2]","[None, None]","[2, 0]"
2,9,2677.85,0.23961678831921196,0.21018061164839943,0.2717570750264642,0.2717570750264642,0.2717570750264642,"[0.0, None]","[None, None]","['below_incoming', 'no_incoming']","[2, 0]","[1, 2]","[None, None]","[2, 0]"
2,9,2678.483333333333,0.23961678831921196,0.21018061164839943,0.2717570750264642,0.2717570750264642,0.2717570750264642,"[0.0, None]","[None, None]","['below_incoming', 'no_incoming']","[2, 0]","[1, 1]","[None, None]","[2, 0]"
2,9,2678.7166666666667,0.29889799233695763,0.26563653993490827,0.3344276057717045,0.3344276057717045,0.3344276057717045,"[0.0, None]","[None, None]","['below_incoming', 'no_incoming']","[2, 0]","[1, 1]","[None, None]","[2, 0]"
2,9,2678.75,0.3356769428753572,0.26563653993490827,0.3344276057717045,0.8689764002097472,0.41377930239394994,"[0.14844612399821383, None]","[[0.9487179487179487, 0.5, 0.9230769230769231, 0.5384615384615384, 0.7564102564102564, 0.02564102564102564, 1.0, 0.0, 0.0], None]","['model', 'no_incoming']","[2, 0]","[1, 1]","[37, None]","[0, 35]"
2,10,2682.7166666666667,0.4176623246378411,0.33765062585923783,0.5842576959946465,0.20694921158192206,0.5022567466110156,"[None, 0.21733131580983198]","[None, [0.9794238683127572, 0.8, 1.0, 0.6923076923076923, 0.8589743589743589, 0.01282051282051282, 1.0, 0.09090909090901575, 0.0]]","['no_incoming', 'model']","[0, 5]","[1, 4]","[None, 238]","[233, 0]"
2,10,2682.9166666666665,0.4595927620298632,0.3397875868465576,0.5842576959946465,0.5842576959946465,0.5842576959946465,"[None, 0.0]","[None, None]","['no_incoming', 'below_incoming']","[0, 5]","[1, 1]","[None, None]","[0, 5]"
2,10,2683.9166666666665,0.4375003728441196,0.3388073317310182,0.54140194688636,0.54140194688636,0.54140194688636,"[None, 0.0]","[None, None]","['no_incoming', 'below_incoming']","[0, 5]","[1, 1]","[None, None]","[0, 5]"
2,10,2683.95,0.4375003728441196,0.3388073317310182,0.54140194688636,0.54140194688636,0.54140194688636,"[None, 0.0]","[None, None]","['no_incoming', 'below_incoming']","[0, 5]","[3, 1]","[None, None]","[0, 5]"
2,10,2684.0833333333335,0.4375003728441196,0.3388073317310182,0.54140194688636,0.54140194688636,0.54140194688636,"[None, 0.0]","[None, None]","['no_incoming', 'below_incoming']","[0, 5]","[3, 1]","[None, None]","[0, 5]"
2,10,2684.116666666667,0.39730792357563244,0.3388073317310182,0.4588989677540609,0.4588989677540609,0.4588989677540609,"[None, 0.0]","[None, None]","['no_incoming', 'below_incoming']","[0, 5]","[2, 1]","[None, None]","[0, 5]"
2,10,2684.1833333333334,0.41266818261327465,0.3350513143738988,0.49488367322723265,0.49488367322723265,0.49488367322723265,"[None, 0.0]","[None, None]","['no_incoming', 'below_incoming']","[0, 5]","[2, 1]","[None, None]","[0, 5]"
2,10,2684.25,0.42574965813852256,0.3350513143738988,0.5217358761650712,0.5217358761650712,0.5217358761650712,"[None, 0.0]","[None, None]","['no_incoming', 'below_incoming']","[0, 5]","[2, 1]","[None, None]","[0, 5]"
2,10,2684.2833333333333,0.4334204052201776,0.3350513143738988,0.516154709060223,0.6187025299877186,0.5373322361640582,"[0.2065136724729474, None]","[[0.9545454545454546, 0.8, 0.8461538461538461, 0.6923076923076923, 0.7564102564102564, 0.02564102564102564, 1.0, 0.0, 0.0], None]","['model', 'no_incoming']","[2, 0]","[4, 1]","[42, None]","[0, 40]"
2,10,2684.35,0.43458894548044014,0.3406332130742202,0.5061053431478928,0.6367278996893028,0.5334920116942504,"[0.2096626285037948, None]","[[0.9902439024390244, 0.8, 0.8461538461538461, 0.6923076923076923, 0.7435897435897436, 0.02564102564102564, 1.0, 0.0, 0.0], None]","['model', 'no_incoming']","[2, 0]","[4, 1]","[203, None]","[0, 201]"
2,10,2684.616666666667,0.42551935080388453,0.3537417605960265,0.47437369754085035,0.6158228086884217,0.5005800097538813,"[0.1852702502010803, None]","[[0.9971264367816092, 0.75, 0.8461538461538461, 0.6923076923076923, 0.7435897435897436, 0.02564102564102564, 0.0, 0.0, 0.0], None]","['model', 'no_incoming']","[2, 0]","[3, 1]","[694, None]","[0, 692]"
2,10,2684.65,0.4144539702168116,0.3397875868465576,0.4689515968226917,0.5977755579001108,0.4932692041683976,"[0.18876618248907714, None]","[[0.9459459459459459, 0.75, 0.8461538461538461, 0.6923076923076923, 0.7435897435897436, 0.02564102564102564, 0.5, 0.0, 0.0], None]","['model', 'no_incoming']","[2, 0]","[3, 1]","[35, None]","[0, 33]"
2,10,2684.6833333333334,0.41542971364101466,0.3350513143738988,0.5005747512114972,0.5005747512114972,0.5005747512114972,"[0.0, None]","[None, None]","['below_incoming', 'no_incoming']","[2, 0]","[3, 1]","[0, None]","[2, 0]"
2,10,2684.7166666666667,0.4161748867375554,0.3397875868465576,0.4952388736358256,0.5037441383638078,0.4968123282455205,"[0.18499772317707114, None]","[[0.8333333333333334, 0.75, 0.8461538461538461, 0.6923076923076923, 0.7435897435897436, 0.02564102564102564, 1.0, 0.0, 0.0], None]","['model', 'no_incoming']","[2, 0]","[3, 1]","[10, None]","[0, 8]"
2,10,2684.883333333333,0.392850438450392,0.3396517734545947,0.42588449675965795,0.555743504925508,0.44871946007723934,"[0.17584427634329103, None]","[[0.8571428571428571, 0.75, 0.7692307692307693, 0.5384615384615384, 0.6410256410256411, 0.02564102564102564, 1.0, 0.0, 0.0], None]","['model', 'no_incoming']","[2, 0]","[3, 1]","[12, None]","[0, 10]"
2,10,2685.15,0.47356864474619725,0.34516123656308473,0.6055701831810305,0.6055701831810305,0.6055701831810305,"[None, 0.0]","[None, None]","['no_incoming', 'below_incoming']","[0, 3]","[1, 6]","[None, None]","[0, 3]"
2,10,2685.7833333333333,0.46838362348556983,0.3549479572056193,0.5851839061671688,0.5851839061671688,0.5851839061671688,"[None, 0.0]","[None, None]","['no_incoming', 'below_incoming']","[0, 3]","[1, 6]","[None, None]","[0, 3]"
2,10,2686.05,0.38543419855265976,0.34645852408804945,0.4259368900495746,0.4259368900495746,0.4259368900495746,"[None, 0.0]","[None, None]","['no_incoming', 'below_incoming']","[0, 3]","[1, 6]","[None, None]","[0, 3]"
2,10,2686.0833333333335,0.344279040098023,0.34645852408804945,0.4259368900495746,0.09329486980416757,0.3421060896835509,"[None, 0.25201506503651405]","[None, [0.9913544668587896, 0.8571428571428571, 0.9230769230769231, 0.8461538461538461, 0.9102564102564102, 0.0, 1.0, 0.0, 0.0]]","['no_incoming', 'model']","[0, 3]","[1, 6]","[None, 344]","[341, 0]"
2,10,2686.2166666666667,0.44216897011119066,0.34516123656308473,0.6696841995405204,0.09244161941663165,0.5437997874833093,"[None, 0.2180788742753412]","[None, [0.9912023460410557, 0.8571428571428571, 0.9230769230769231, 0.6923076923076923, 0.782051282051282, 0.0, 1.0, 0.0, 0.0]]","['no_incoming', 'model']","[0, 3]","[1, 6]","[None, 338]","[335, 0]"
2,10,2686.55,0.49847267648459176,0.34516123656308473,0.8080750853455683,0.09244161941663165,0.6520718486385967,"[None, 0.21799321039922268]","[None, [0.9629629629629629, 0.8888888888888888, 0.9230769230769231, 0.6923076923076923, 0.782051282051282, 0.0, 1.0, 0.0, 0.0]]","['no_incoming', 'model']","[0, 13]","[1, 8]","[None, 338]","[325, 0]"
2,10,2686.5833333333335,0.4750222597563949,0.28550085725192775,0.8151510341773556,0.10177768344855742,0.6720228436308759,"[None, 0.20063574059818287]","[None, [0.9895666131621188, 0.8888888888888888, 0.9230769230769231, 0.6923076923076923, 0.782051282051282, 0.0, 0.0, 0.0, 0.0]]","['no_incoming', 'model']","[0, 13]","[1, 8]","[None, 1233]","[1220, 0]"
2,10,2686.616666666667,0.5539748158500155,0.41853458915697095,0.846640484192705,0.1029566929780555,0.681848448456509,"[None, 0.22158884956608127]","[None, [0.9899146625290923, 0.8888888888888888, 0.9230769230769231, 0.6923076923076923, 0.782051282051282, 0.0, 1.0, 0.0, 0.0]]","['no_incoming', 'model']","[0, 13]","[1, 8]","[None, 1276]","[1263, 0]"
2,10,2686.65,0.5522744478192406,0.41853458915697095,0.8334261161799162,0.10052562404026731,0.6788564117322758,"[None, 0.21090135169153126]","[None, [0.9895833333333334, 0.8888888888888888, 0.9230769230769231, 0.6923076923076923, 0.782051282051282, 0.0, 0.5, 0.0, 0.0]]","['no_incoming', 'model']","[0, 13]","[1, 8]","[None, 1235]","[1222, 0]"
2,10,2686.6833333333334,0.5419106977512547,0.41853458915697095,0.8218742864658446,0.09281407139013514,0.6603526420240406,"[None, 0.22154774201336805]","[None, [0.9896083133493205, 0.8888888888888888, 0.9230769230769231, 0.6923076923076923, 0.782051282051282, 0.0, 1.0, 0.0, 0.0]]","['no_incoming', 'model']","[0, 13]","[1, 8]","[None, 1238]","[1225, 0]"
2,10,2686.7166666666667,0.5425630023889311,0.41853458915697095,0.8218742864658446,0.09281407139013514,0.6615304865246664,"[None, 0.2199321765548916]","[None, [0.9896083133493205, 0.875, 0.9230769230769231, 0.6923076923076923, 0.782051282051282, 0.0, 1.0, 0.0, 0.0]]","['no_incoming', 'model']","[0, 13]","[1, 7]","[None, 1238]","[1225, 0]"
2,10,2686.9166666666665,0.5260186676477063,0.41853458915697095,0.7855922299211416,0.09275046823932896,0.6311444091399017,"[None, 0.22291932923663754]","[None, [0.9896083133493205, 0.875, 0.9230769230769231, 0.6923076923076923, 0.8076923076923077, 0.0, 1.0, 0.0, 0.0]]","['no_incoming', 'model']","[0, 13]","[1, 7]","[None, 1238]","[1225, 0]"
2,10,2687.116666666667,0.4635792478299096,0.28550085725192775,0.7901573676301623,0.1032252280244524,0.6514579080661733,"[None, 0.20191144301910327]","[None, [0.9895666131621188, 0.875, 0.9230769230769231, 0.6923076923076923, 0.8076923076923077, 0.0, 0.0, 0.0, 0.0]]","['no_incoming', 'model']","[0, 13]","[1, 7]","[None, 1233]","[1220, 0]"
2,10,2687.15,0.5430299285052045,0.41853458915697095,0.82220649217877,0.10520650556651183,0.6623725340674819,"[None, 0.2229204478322029]","[None, [0.9896166134185304, 0.875, 0.9230769230769231, 0.6923076923076923, 0.8076923076923077, 0.0, 1.0, 0.0, 0.0]]","['no_incoming', 'model']","[0, 13]","[1, 7]","[None, 1239]","[1226, 0]"
2,10,2687.1833333333334,0.5096035151079226,0.3549479572056193,0.8099677726926668,0.10327917162070555,0.6624423872492162,"[None, 0.20875585826582221]","[None, [0.9627507163323782, 0.875, 0.9230769230769231, 0.6923076923076923, 0.8076923076923077, 0.0, 0.5, 0.0, 0.0]]","['no_incoming', 'model']","[0, 13]","[1, 7]","[None, 336]","[323, 0]"
2,10,2687.2166666666667,0.4964064010125149,0.3549479572056193,0.7902017327452312,0.0983397381548988,0.6384425012995216,"[None, 0.2193489924758331]","[None, [0.9629629629629629, 0.875, 0.9230769230769231, 0.6923076923076923, 0.8076923076923077, 0.0, 1.0, 0.0, 0.0]]","['no_incoming', 'model']","[0, 13]","[1, 7]","[None, 338]","[325, 0]"
2,10,2687.45,0.4944265484536104,0.3549479572056193,0.7902017327452312,0.0983397381548988,0.6347780968858341,"[None, 0.22464543084409058]","[None, [0.9629629629629629, 0.8571428571428571, 0.9230769230769231, 0.6923076923076923, 0.8076923076923077, 0.0, 1.0, 0.03225806451610064, 0.0]]","['no_incoming', 'model']","[0, 13]","[1, 6]","[None, 338]","[325, 0]"
2,10,2687.616666666667,0.46430930803190723,0.28550085725192775,0.7901573676301623,0.1032252280244524,0.6527897949121254,"[None, 0.19997255157821553]","[None, [0.9895666131621188, 0.8571428571428571, 0.9230769230769231, 0.6923076923076923, 0.8076923076923077, 0.0, 0.0, 0.0, 0.0]]","['no_incoming', 'model']","[0, 13]","[1, 6]","[None, 1233]","[1220, 0]"
2,10,2687.65,0.49717910018585637,0.3549479572056193,0.7902017327452312,0.0983397381548988,0.6398682554648034,"[None, 0.21728824311189956]","[None, [0.9629629629629629, 0.8571428571428571, 0.9230769230769231, 0.6923076923076923, 0.8076923076923077, 0.0, 1.0, 0.0, 0.0]]","['no_incoming', 'model']","[0, 13]","[1, 6]","[None, 338]","[325, 0]"
2,10,2687.9166666666665,0.4916715762529334,0.3865544561546775,0.7810573477314413,0.09735923992762696,0.5975303026870559,"[None, 0.2684328696387852]","[None, [0.9629629629629629, 0.8571428571428571, 0.9230769230769231, 0.6923076923076923, 0.8076923076923077, 0.0, 1.0, 0.21052631578932252, 0.0]]","['no_incoming', 'model']","[0, 13]","[1, 6]","[None, 338]","[325, 0]"
2,10,2687.95,0.49250119972377504,0.36484182379940217,0.7712968001185218,0.08027553096642046,0.6211460025915065,"[None, 0.21728824311189956]","[None, [0.9629629629629629, 0.8571428571428571, 0.9230769230769231, 0.6923076923076923, 0.8076923076923077, 0.0, 1.0, 0.0, 0.0]]","['no_incoming', 'model']","[0, 13]","[1, 6]","[None, 338]","[325, 0]"
2,10,2687.983333333333,0.4866351388768221,0.35508659802198794,0.770240430429943,0.07909046556639186,0.6200616688378908,"[None, 0.21728824311189956]","[None, [0.9629629629629629, 0.8571428571428571, 0.9230769230769231, 0.6923076923076923, 0.8076923076923077, 0.0, 1.0, 0.0, 0.0]]","['no_incoming', 'model']","[0, 13]","[1, 6]","[None, 338]","[325, 0]"
2,10,2688.016666666667,0.4925914640051955,0.35508659802198794,0.7786417447408127,0.10020956459451857,0.6312264082462488,"[None, 0.21728824311189956]","[None, [0.9629629629629629, 0.8571428571428571, 0.9230769230769231, 0.6923076923076923, 0.8076923076923077, 0.0, 1.0, 0.0, 0.0]]","['no_incoming', 'model']","[0, 13]","[1, 6]","[None, 338]","[325, 0]"
2,10,2688.15,0.4796269782665371,0.37290797627013567,0.7361841077463432,0.11578929781183174,0.588238253006914,"[None, 0.23847049067842185]","[None, [0.9629629629629629, 0.8571428571428571, 0.9230769230769231, 0.6923076923076923, 0.8076923076923077, 0.0, 1.0, 0.09090909090901575, 0.0]]","['no_incoming', 'model']","[0, 13]","[1, 6]","[None, 338]","[325, 0]"
2,10,2688.1833333333334,0.47850040361566865,0.37290797627013567,0.7361841077463432,0.11578929781183174,0.5860497119437654,"[None, 0.24199814924052307]","[None, [0.9629629629629629, 0.8333333333333334, 0.9230769230769231, 0.6923076923076923, 0.8076923076923077, 0.0, 1.0, 0.117647058823435, 0.0]]","['no_incoming', 'model']","[0, 13]","[1, 5]","[None, 338]","[325, 0]"
2,10,2688.25,0.5151858611175498,0.3778752809341576,0.8322119607853311,0.11610651145765613,0.6502414403011749,"[None, 0.25411134722547024]","[None, [0.9629629629629629, 0.8333333333333334, 0.9230769230769231, 0.6923076923076923, 0.8076923076923077, 0.0, 1.0, 0.16666666666654034, 0.0]]","['no_incoming', 'model']","[0, 13]","[1, 5]","[None, 338]","[325, 0]"
2,10,2688.35,0.4532976452482042,0.3778752809341576,0.6484941402438104,0.11610651145765613,0.5309267909677593,"[None, 0.22083035540120483]","[None, [0.9069767441860465, 0.5, 0.9230769230769231, 0.6923076923076923, 0.8076923076923077, 0.0, 1.0, 0.23076923076906933, 0.0]]","['no_incoming', 'model']","[0, 8]","[1, 1]","[None, 78]","[70, 0]"
2,10,2688.55,0.40219448324060575,0.35508659802198794,0.560089822247747,0.11573514863463986,0.4511797673609239,"[None, 0.24509712928472396]","[None, [0.9069767441860465, 0.5, 0.9230769230769231, 0.6923076923076923, 0.8076923076923077, 0.0, 1.0, 0.3333333333333333, 0.0]]","['no_incoming', 'model']","[0, 8]","[1, 1]","[None, 78]","[70, 0]"
2,10,2688.65,0.4474467197668949,0.35508659802198794,0.6929884533002278,0.10812320883787238,0.5435815154141611,"[None, 0.25545531949570865]","[None, [0.9069767441860465, 0.5, 0.9230769230769231, 0.6923076923076923, 0.8076923076923077, 0.0, 1.0, 0.3749999999999645, 0.0]]","['no_incoming', 'model']","[0, 8]","[1, 1]","[None, 78]","[70, 0]"
2,10,2688.6833333333334,0.42852299917336223,0.35508659802198794,0.6447789475251453,0.1053912499603878,0.5052484802729863,"[None, 0.2586830731996948]","[None, [0.9069767441860465, 0.5, 0.9230769230769231, 0.6923076923076923, 0.8076923076923077, 0.0, 1.0, 0.38775510204077085, 0.0]]","['no_incoming', 'model']","[0, 8]","[1, 1]","[None, 78]","[70, 0]"
2,10,2688.75,0.63033643735301,0.43099110949514297,0.793332204168072,0.793332204168072,0.793332204168072,"[None, 0.0]","[None, None]","['no_incoming', 'below_incoming']","[0, 8]","[1, 1]","[None, 0]","[0, 8]"
2,10,2688.7833333333333,0.6416893282085416,0.39552080383513183,0.8305558214839225,0.8305558214839225,0.8305558214839225,"[None, 0.0]","[None, None]","['no_incoming', 'below_incoming']","[0, 8]","[1, 1]","[None, 0]","[0, 8]"
2,11,2690.483333333333,0.5917163003877177,0.4296922171644558,0.8446989091322709,0.32221105524756827,0.7359914576347992,"[None, 0.208057375284862]","[None, [0.9835766423357665, 0.8571428571428571, 1.0, 0.8461538461538461, 0.9102564102564102, 0.05128205128205128, 1.0, 0.0, 0.0]]","['no_incoming', 'model']","[0, 18]","[1, 6]","[None, 1078]","[1060, 0]"
2,11,2690.7166666666667,0.8266427482865393,0.8532809828168285,0.7963225392959314,0.7963225392959314,0.7963225392959314,"[None, 0.0]","[None, None]","['no_incoming', 'below_incoming']","[0, 18]","[1, 5]","[None, 0]","[0, 18]"
2,11,2691.15,0.8249250564690267,0.8532809828168285,0.7924220537588303,0.7924220537588303,0.7924220537588303,"[None, 0.0]","[None, None]","['no_incoming', 'below_incoming']","[0, 18]","[1, 5]","[None, 0]","[0, 18]"
2,11,2691.1833333333334,0.8288056897369693,0.8532809828168285,0.801198744446996,0.801198744446996,0.801198744446996,"[None, 0.0]","[None, None]","['no_incoming', 'below_incoming']","[0, 18]","[1, 5]","[None, 0]","[0, 18]"
2,11,2691.2166666666667,0.8266427482865393,0.8532809828168285,0.7963225392959314,0.7963225392959314,0.7963225392959314,"[None, 0.0]","[None, None]","['no_incoming', 'below_incoming']","[0, 18]","[1, 5]","[None, 0]","[0, 18]"
2,11,2691.35,0.8249250564690267,0.8532809828168285,0.7924220537588303,0.7924220537588303,0.7924220537588303,"[None, 0.0]","[None, None]","['no_incoming', 'below_incoming']","[0, 18]","[1, 5]","[None, 0]","[0, 18]"
2,11,2691.45,0.8249250564690267,0.8532809828168285,0.7924220537588303,0.7924220537588303,0.7924220537588303,"[None, 0.0]","[None, None]","['no_incoming', 'below_incoming']","[0, 18]","[1, 4]","[None, 0]","[0, 18]"
2,11,2691.516666666667,0.8270411637025585,0.8532809828168285,0.7972237292415731,0.7972237292415731,0.7972237292415731,"[None, 0.0]","[None, None]","['no_incoming', 'below_incoming']","[0, 18]","[1, 4]","[None, 0]","[0, 18]"
2,11,2691.8166666666666,0.8231158006568676,0.8463390038466948,0.7972237292415731,0.7972237292415731,0.7972237292415731,"[None, 0.0]","[None, None]","['no_incoming', 'below_incoming']","[0, 18]","[1, 1]","[None, None]","[0, 18]"
2,11,2691.883333333333,0.8231158006568676,0.8463390038466948,0.7972237292415731,0.7972237292415731,0.7972237292415731,"[None, 0.0]","[None, None]","['no_incoming', 'below_incoming']","[0, 18]","[1, 1]","[None, None]","[0, 18]"
2,11,2693.1833333333334,0.7843123860066816,0.7708152774411399,0.7972237292415731,0.7972237292415731,0.7972237292415731,"[None, 0.0]","[None, None]","['no_incoming', 'below_incoming']","[0, 11]","[2, 1]","[None, None]","[0, 11]"
2,11,2693.2166666666667,0.7930718222105986,0.7708152774411399,0.813689410180408,0.813689410180408,0.813689410180408,"[None, 0.0]","[None, None]","['no_incoming', 'below_incoming']","[0, 11]","[2, 1]","[None, None]","[0, 11]"
2,11,2693.25,0.7872796658067829,0.7708152774411399,0.8028637673271121,0.8028637673271121,0.8028637673271121,"[None, 0.0]","[None, None]","['no_incoming', 'below_incoming']","[0, 11]","[2, 1]","[None, None]","[0, 11]"
2,11,2693.2833333333333,0.7984291060157728,0.7708152774411399,0.8234777542137743,0.8234777542137743,0.8234777542137743,"[None, 0.0]","[None, None]","['no_incoming', 'below_incoming']","[0, 11]","[2, 1]","[None, None]","[0, 11]"
2,11,2693.3166666666666,0.7912595287095863,0.7708152774411399,0.810328819317373,0.810328819317373,0.810328819317373,"[None, 0.0]","[None, None]","['no_incoming', 'below_incoming']","[0, 11]","[2, 1]","[None, None]","[0, 11]"
2,11,2693.35,0.7895382854492518,0.7708152774411399,0.8071144864715994,0.8071144864715994,0.8071144864715994,"[None, 0.0]","[None, None]","['no_incoming', 'below_incoming']","[0, 11]","[2, 1]","[None, None]","[0, 11]"
2,11,2693.616666666667,0.7861253581750862,0.7708152774411399,0.8006771591369741,0.8006771591369741,0.8006771591369741,"[None, 0.0]","[None, None]","['no_incoming', 'below_incoming']","[0, 11]","[2, 1]","[None, None]","[0, 11]"
2,11,2693.7166666666667,0.7861253581750862,0.7708152774411399,0.8006771591369741,0.8006771591369741,0.8006771591369741,"[None, 0.0]","[None, None]","['no_incoming', 'below_incoming']","[0, 11]","[3, 1]","[None, None]","[0, 11]"
2,11,2693.883333333333,0.7852317087133996,0.7708152774411399,0.7989777975383952,0.7989777975383952,0.7989777975383952,"[None, 0.0]","[None, None]","['no_incoming', 'below_incoming']","[0, 11]","[3, 1]","[None, None]","[0, 11]"
2,11,2693.95,0.7859539605994742,0.7708152774411399,0.8003516692136979,0.8003516692136979,0.8003516692136979,"[None, 0.0]","[None, None]","['no_incoming', 'below_incoming']","[0, 11]","[3, 1]","[None, None]","[0, 11]"
2,11,2693.983333333333,0.7888392264888872,0.7708152774411399,0.8058028183318304,0.8058028183318304,0.8058028183318304,"[None, 0.0]","[None, None]","['no_incoming', 'below_incoming']","[0, 11]","[3, 1]","[None, None]","[0, 11]"
2,11,2694.25,0.7888392264888872,0.7708152774411399,0.8058028183318304,0.8058028183318304,0.8058028183318304,"[None, 0.0]","[None, None]","['no_incoming', 'below_incoming']","[0, 11]","[2, 1]","[None, None]","[0, 11]"
2,11,2694.483333333333,0.7990755413906232,0.7708152774411399,0.8246438465704622,0.8246438465704622,0.8246438465704622,"[None, 0.0]","[None, None]","['no_incoming', 'below_incoming']","[0, 11]","[2, 1]","[None, None]","[0, 11]"
2,11,2694.55,0.7977121048501418,0.7708152774411399,0.8221805459873145,0.8221805459873145,0.8221805459873145,"[None, 0.0]","[None, None]","['no_incoming', 'below_incoming']","[0, 11]","[2, 1]","[None, None]","[0, 11]"
2,11,2694.5833333333335,0.8010188401965573,0.7708152774411399,0.8281294939035628,0.8281294939035628,0.8281294939035628,"[None, 0.0]","[None, None]","['no_incoming', 'below_incoming']","[0, 11]","[2, 1]","[None, None]","[0, 11]"
2,11,2694.616666666667,0.7973366028954576,0.7674012873347265,0.8243013378110228,0.8243013378110228,0.8243013378110228,"[None, 0.0]","[None, None]","['no_incoming', 'below_incoming']","[0, 11]","[2, 1]","[None, None]","[0, 11]"
2,11,2694.65,0.8014356121196845,0.7708152774411399,0.8288731453049952,0.8288731453049952,0.8288731453049952,"[None, 0.0]","[None, None]","['no_incoming', 'below_incoming']","[0, 11]","[2, 1]","[None, None]","[0, 11]"
2,11,2694.75,0.7900558520806028,0.7708152774411399,0.8080833099986708,0.8080833099986708,0.8080833099986708,"[None, 0.0]","[None, None]","['no_incoming', 'below_incoming']","[0, 11]","[2, 1]","[None, None]","[0, 11]"
2,11,2694.983333333333,0.7900558520806028,0.7708152774411399,0.8080833099986708,0.8080833099986708,0.8080833099986708,"[None, 0.0]","[None, None]","['no_incoming', 'below_incoming']","[0, 11]","[1, 1]","[None, None]","[0, 11]"
2,11,2695.2166666666667,0.7849792521546906,0.7708152774411399,0.7984967028989636,0.7984967028989636,0.7984967028989636,"[None, 0.0]","[None, None]","['no_incoming', 'below_incoming']","[0, 11]","[1, 1]","[None, None]","[0, 11]"
2,11,2695.25,0.7867241190755699,0.7674012873347265,0.8048499389764504,0.8048499389764504,0.8048499389764504,"[None, 0.0]","[None, None]","['no_incoming', 'below_incoming']","[0, 11]","[1, 1]","[None, None]","[0, 11]"
2,11,2695.2833333333333,0.7817464225354351,0.7674012873347265,0.7954426731294221,0.7954426731294221,0.7954426731294221,"[None, 0.0]","[None, None]","['no_incoming', 'below_incoming']","[0, 11]","[1, 1]","[None, None]","[0, 11]"
2,11,2695.3166666666666,0.784136023642001,0.7674012873347265,0.7999805686188606,0.7999805686188606,0.7999805686188606,"[None, 0.0]","[None, None]","['no_incoming', 'below_incoming']","[0, 11]","[1, 1]","[None, None]","[0, 11]"
2,11,2695.616666666667,0.7815261561369862,0.7674012873347265,0.7950223840784987,0.7950223840784987,0.7950223840784987,"[None, 0.0]","[None, None]","['no_incoming', 'below_incoming']","[0, 11]","[1, 1]","[None, None]","[0, 11]"
2,11,2695.85,0.7823787847174442,0.7708152774411399,0.793515145700568,0.793515145700568,0.793515145700568,"[None, 0.0]","[None, None]","['no_incoming', 'below_incoming']","[0, 11]","[1, 1]","[None, None]","[0, 11]"
2,11,2695.883333333333,0.6419899175755849,0.4249874356537797,0.8131113664881239,0.8131113664881239,0.8131113664881239,"[None, 0.0]","[None, None]","['no_incoming', 'below_incoming']","[0, 11]","[1, 1]","[None, None]","[0, 11]"
2,11,2695.9166666666665,0.655725770179331,0.4249874356537797,0.8307483954699904,0.8307483954699904,0.8307483954699904,"[None, 0.0]","[None, None]","['no_incoming', 'below_incoming']","[0, 11]","[1, 1]","[None, None]","[0, 11]"
2,11,2695.95,0.6575844456032044,0.4249874356537797,0.833054064792932,0.833054064792932,0.833054064792932,"[None, 0.0]","[None, None]","['no_incoming', 'below_incoming']","[0, 11]","[1, 1]","[None, None]","[0, 11]"
2,11,2696.016666666667,0.6575844456032044,0.4249874356537797,0.833054064792932,0.833054064792932,0.833054064792932,"[None, 0.0]","[None, None]","['no_incoming', 'below_incoming']","[0, 11]","[1, 1]","[None, None]","[0, 11]"
2,11,2696.05,0.6575844456032044,0.4249874356537797,0.833054064792932,0.833054064792932,0.833054064792932,"[None, 0.0]","[None, None]","['no_incoming', 'below_incoming']","[0, 11]","[1, 1]","[None, 0]","[0, 11]"
2,11,2696.1833333333334,0.6547768194654595,0.3959383485598833,0.845877188881561,0.845877188881561,0.845877188881561,"[None, 0.0]","[None, None]","['no_incoming', 'below_incoming']","[0, 11]","[1, 1]","[None, 0]","[0, 11]"
3,13,2728.15,0.4643102354804035,0.4930209924227251,0.3806728722318144,0.6524414176533445,0.43583410537369655,"[0.20297136688987907, None]","[[0.9785714285714285, 0.8, 0.9230769230769231, 0.6153846153846154, 0.7948717948717948, 0.0, 1.0, 0.0, 0.0], None]","['model', 'no_incoming']","[3, 0]","[4, 1]","[137, None]","[0, 134]"
3,13,2728.483333333333,0.5005747771646356,0.5205045742928517,0.4371810618897696,0.6517970155881183,0.4806431534693498,"[0.20251100083951823, None]","[[0.986046511627907, 0.8, 0.9230769230769231, 0.6153846153846154, 0.782051282051282, 0.0, 1.0, 0.0, 0.0], None]","['model', 'no_incoming']","[3, 0]","[4, 1]","[212, None]","[0, 209]"
3,13,2728.616666666667,0.499993779880048,0.5205045742928517,0.4371810618897696,0.6517970155881183,0.4794830064012946,"[0.1971053119889778, None]","[[0.986046511627907, 0.75, 0.9230769230769231, 0.6153846153846154, 0.782051282051282, 0.0, 1.0, 0.0, 0.0], None]","['model', 'no_incoming']","[3, 0]","[3, 1]","[212, None]","[0, 209]"
3,13,2728.7166666666667,0.4823250312579536,0.4888192779416329,0.43776401793891107,0.652666641454297,0.47583675011924553,"[0.17716271471022169, None]","[[0.9788732394366197, 0.75, 0.9230769230769231, 0.6153846153846154, 0.782051282051282, 0.0, 0.0, 0.0, 0.0], None]","['model', 'no_incoming']","[3, 0]","[3, 1]","[139, None]","[0, 136]"
3,13,2728.7833333333333,0.48351177509494664,0.4888192779416329,0.4396886956181289,0.6542427408411979,0.4782079894199457,"[0.17953189259036717, None]","[[0.918918918918919, 0.75, 0.9230769230769231, 0.6153846153846154, 0.782051282051282, 0.0, 0.5, 0.0, 0.0], None]","['model', 'no_incoming']","[3, 0]","[3, 1]","[34, None]","[0, 31]"
3,13,2728.8166666666666,0.48752488217985324,0.4888192779416329,0.4445119493803544,0.658606256579518,0.48623065371313146,"[0.19486134348246706, None]","[[0.967741935483871, 0.75, 0.9230769230769231, 0.6153846153846154, 0.782051282051282, 0.0, 1.0, 0.0, 0.0], None]","['model', 'no_incoming']","[3, 0]","[3, 1]","[90, None]","[0, 87]"
3,13,2728.85,0.48719108596968724,0.4888192779416329,0.4449744565822608,0.6586203555245813,0.48556316578314274,"[0.1899812231445637, None]","[[0.967741935483871, 0.75, 0.9230769230769231, 0.6153846153846154, 0.782051282051282, 0.0, 0.75, 0.0, 0.0], None]","['model', 'no_incoming']","[3, 0]","[3, 1]","[90, None]","[0, 87]"
3,13,2728.9166666666665,0.4823250312579536,0.4888192779416329,0.43776401793891107,0.652666641454297,0.47583675011924553,"[0.17716271471022169, None]","[[0.9788732394366197, 0.75, 0.9230769230769231, 0.6153846153846154, 0.782051282051282, 0.0, 0.0, 0.0, 0.0], None]","['model', 'no_incoming']","[3, 0]","[3, 1]","[139, None]","[0, 136]"
3,13,2728.95,0.48752488217985324,0.4888192779416329,0.4445119493803544,0.658606256579518,0.48623065371313146,"[0.19486134348246706, None]","[[0.967741935483871, 0.75, 0.9230769230769231, 0.6153846153846154, 0.782051282051282, 0.0, 1.0, 0.0, 0.0], None]","['model', 'no_incoming']","[3, 0]","[3, 1]","[90, None]","[0, 87]"
3,13,2729.35,0.48651194693128547,0.4888192779416329,0.4445119493803544,0.658606256579518,0.48420519065511364,"[0.18540073201401938, None]","[[0.90625, 0.6666666666666666, 0.9230769230769231, 0.6153846153846154, 0.782051282051282, 0.0, 1.0, 0.03225806451610064, 0.0], None]","['model', 'no_incoming']","[3, 0]","[2, 1]","[29, None]","[0, 26]"
3,13,2729.4166666666665,0.46458440448636906,0.40972481967786245,0.5203145755230745,0.5203145755230745,0.5203145755230745,"[0.0, None]","[None, None]","['below_incoming', 'no_incoming']","[3, 0]","[1, 2]","[None, None]","[3, 0]"
3,13,2729.516666666667,0.46458440448636906,0.40972481967786245,0.5203145755230745,0.5203145755230745,0.5203145755230745,"[0.0, None]","[None, None]","['below_incoming', 'no_incoming']","[3, 0]","[1, 4]","[None, None]","[3, 0]"
3,13,2729.883333333333,0.46458440448636906,0.40972481967786245,0.5203145755230745,0.5203145755230745,0.5203145755230745,"[0.0, None]","[None, None]","['below_incoming', 'no_incoming']","[3, 0]","[1, 3]","[None, None]","[3, 0]"
3,13,2730.516666666667,0.42904061308706853,0.4888192779416329,0.3712629274623706,0.3712629274623706,0.3712629274623706,"[0.0, None]","[None, None]","['below_incoming', 'no_incoming']","[3, 0]","[1, 3]","[None, None]","[3, 0]"
3,13,2730.55,0.4296455469559898,0.49457562653008325,0.36704925316801,0.36704925316801,0.36704925316801,"[0.0, None]","[None, None]","['below_incoming', 'no_incoming']","[3, 0]","[1, 3]","[None, None]","[3, 0]"
3,13,2730.616666666667,0.4296455469559898,0.49457562653008325,0.36704925316801,0.36704925316801,0.36704925316801,"[0.0, None]","[None, None]","['below_incoming', 'no_incoming']","[3, 0]","[1, 2]","[None, None]","[3, 0]"
3,13,2730.7833333333333,0.49111221570864094,0.5007787655830819,0.5409933423541841,0.294014480115946,0.4814523073199086,"[None, 0.24107745292324495]","[None, [0.9861111111111112, 0.8, 0.7692307692307693, 0.7692307692307693, 0.6923076923076923, 0.0, 1.0, 0.0, 0.0]]","['no_incoming', 'model']","[0, 2]","[1, 4]","[None, 142]","[140, 0]"
3,13,2731.016666666667,0.5160056370445179,0.5696937752718745,0.5013476243437298,0.30690720251343323,0.4619454809058455,"[None, 0.20264378706333835]","[None, [0.9310344827586207, 0.8, 0.7692307692307693, 0.6153846153846154, 0.5769230769230769, 0.0, 1.0, 0.0, 0.0]]","['no_incoming', 'model']","[0, 2]","[1, 4]","[None, 27]","[25, 0]"
3,13,2731.116666666667,0.5356882562867069,0.5696937752718745,0.5013476243437298,0.5087299824950742,0.5013476243437298,"[None, 0.0]","[None, None]","['no_incoming', 'below_incoming']","[0, 2]","[1, 3]","[None, 1]","[0, 1]"
3,13,2731.2833333333333,0.4581464754143534,0.5545713682468999,0.3844431263709146,0.28542423676201406,0.3647579780358245,"[None, 0.19880194993946546]","[None, [0.7777777777777778, 0.75, 0.7692307692307693, 0.6923076923076923, 0.6923076923076923, 0.0, 1.0, 0.0, 0.0]]","['no_incoming', 'model']","[0, 2]","[1, 3]","[None, 7]","[5, 0]"
3,13,2731.3166666666666,0.436610928624214,0.5431481126569295,0.33561909308002696,0.33561909308002696,0.33561909308002696,"[0.0, None]","[None, None]","['below_incoming', 'no_incoming']","[4, 0]","[3, 1]","[None, None]","[4, 0]"
3,13,2732.0833333333335,0.44810889068908233,0.5431481126569295,0.35671475001320313,0.35671475001320313,0.35671475001320313,"[0.0, None]","[None, None]","['below_incoming', 'no_incoming']","[4, 0]","[3, 1]","[None, None]","[4, 0]"
3,13,2732.15,0.5052591518423895,0.5729684415341166,0.43735640296226136,0.43735640296226136,0.43735640296226136,"[None, 0.0]","[None, None]","['no_incoming', 'below_incoming']","[0, 5]","[1, 1]","[None, 0]","[0, 5]"
3,13,2732.65,0.5105881773483815,0.5729684415341166,0.44787639882252067,0.44787639882252067,0.44787639882252067,"[None, 0.0]","[None, None]","['no_incoming', 'below_incoming']","[0, 2]","[1, 1]","[None, None]","[0, 2]"
3,13,2733.55,0.5105881773483815,0.5729684415341166,0.44787639882252067,0.44787639882252067,0.44787639882252067,"[None, 0.0]","[None, None]","['no_incoming', 'below_incoming']","[0, 2]","[3, 1]","[None, None]","[0, 2]"
3,13,2733.6833333333334,0.5090854543336504,0.573480302347855,0.4443876915546568,0.4443876915546568,0.4443876915546568,"[None, 0.0]","[None, None]","['no_incoming', 'below_incoming']","[0, 2]","[3, 1]","[None, None]","[0, 2]"
3,13,2733.7166666666667,0.508897889721417,0.5710152566531409,0.44650455027344965,0.44650455027344965,0.44650455027344965,"[None, 0.0]","[None, None]","['no_incoming', 'below_incoming']","[0, 2]","[3, 1]","[None, None]","[0, 2]"
3,13,2733.75,0.4936633079599258,0.5442894575749774,0.4431667744037595,0.4431667744037595,0.4431667744037595,"[None, 0.0]","[None, None]","['no_incoming', 'below_incoming']","[0, 2]","[2, 1]","[None, None]","[0, 2]"
3,13,2733.7833333333333,0.5011210237118146,0.5602724689527137,0.44193818291794423,0.44193818291794423,0.44193818291794423,"[None, 0.0]","[None, None]","['no_incoming', 'below_incoming']","[0, 2]","[2, 1]","[None, None]","[0, 2]"
3,13,2733.95,0.45223283845047496,0.5133186441644552,0.39255298127468596,0.39255298127468596,0.39255298127468596,"[None, 0.0]","[None, None]","['no_incoming', 'below_incoming']","[0, 2]","[2, 1]","[None, None]","[0, 2]"
3,13,2734.05,0.44401235666072253,0.5627519757747644,0.33134109024091685,0.33134109024091685,0.33134109024091685,"[None, 0.0]","[None, None]","['no_incoming', 'below_incoming']","[0, 2]","[2, 1]","[None, None]","[0, 2]"
3,13,2734.4166666666665,0.49156578335378476,0.5622370680364348,0.42122998723958455,0.42122998723958455,0.42122998723958455,"[None, 0.0]","[None, None]","['no_incoming', 'below_incoming']","[0, 2]","[2, 1]","[None, None]","[0, 2]"
3,13,2734.483333333333,0.4784540722823433,0.5419332967146424,0.41566316838633044,0.41566316838633044,0.41566316838633044,"[None, 0.0]","[None, None]","['no_incoming', 'below_incoming']","[0, 2]","[1, 1]","[None, None]","[0, 2]"
3,13,2734.75,0.4639472287323552,0.5627519757747644,0.3678940609129536,0.3678940609129536,0.3678940609129536,"[None, 0.0]","[None, None]","['no_incoming', 'below_incoming']","[0, 2]","[1, 1]","[None, None]","[0, 2]"
3,13,2734.7833333333333,0.46900610855678637,0.5602724689527137,0.3797669832536455,0.3797669832536455,0.3797669832536455,"[None, 0.0]","[None, None]","['no_incoming', 'below_incoming']","[0, 2]","[1, 1]","[None, None]","[0, 2]"
3,13,2734.8166666666666,0.4542224184775412,0.5400361830841455,0.3710447560978381,0.3710447560978381,0.3710447560978381,"[None, 0.0]","[None, None]","['no_incoming', 'below_incoming']","[0, 2]","[1, 1]","[None, None]","[0, 2]"
3,13,2734.85,0.46227917839827326,0.5622370680364348,0.3652643884910004,0.3652643884910004,0.3652643884910004,"[None, 0.0]","[None, None]","['no_incoming', 'below_incoming']","[0, 2]","[1, 1]","[None, None]","[0, 2]"
3,13,2734.883333333333,0.5403111087053,0.6071974431675867,0.4719403619133961,0.4719403619133961,0.4719403619133961,"[None, 0.0]","[None, None]","['no_incoming', 'below_incoming']","[0, 2]","[1, 1]","[None, None]","[0, 2]"
3,13,2734.9166666666665,0.5007966744535901,0.5389707190431328,0.4626133399005005,0.4626133399005005,0.4626133399005005,"[None, 0.0]","[None, None]","['no_incoming', 'below_incoming']","[0, 2]","[1, 1]","[None, None]","[0, 2]"
3,13,2734.95,0.5010116808597804,0.5394905782975424,0.4625207962756037,0.4625207962756037,0.4625207962756037,"[None, 0.0]","[None, None]","['no_incoming', 'below_incoming']","[0, 2]","[1, 1]","[None, None]","[0, 2]"
3,15,2741.2833333333333,0.19048498077385198,0.342097186999234,0.09623627435060189,0.09623627435060189,0.09623627435060189,"[0.0, None]","[None, None]","['below_incoming', 'no_incoming']","[1113, 0]","[21, 1]","[300, None]","[813, 0]"
3,15,2741.383333333333,0.26449866329267835,0.3224962724770228,0.10024867123802181,0.7769841411612268,0.21364226869758152,"[0.16755970759509242, None]","[[0.516297262059974, 0.9545454545454546, 0.9230769230769231, 0.7692307692307693, 0.8589743589743589, 0.0, 0.0, 0.0, 0.0], None]","['model', 'no_incoming']","[1113, 0]","[21, 1]","[1188, None]","[0, 75]"
3,15,2741.4166666666665,0.1648099076245108,0.27552978303841635,0.09287815429362499,0.09287815429362499,0.09287815429362499,"[0.0, None]","[None, None]","['below_incoming', 'no_incoming']","[1113, 0]","[21, 1]","[302, None]","[811, 0]"
3,15,2741.45,0.16714754797587816,0.27552978303841635,0.09576307963512534,0.09576307963512534,0.09576307963512534,"[0.0, None]","[None, None]","['below_incoming', 'no_incoming']","[1113, 0]","[21, 1]","[320, None]","[793, 0]"
3,15,2741.483333333333,0.16691742467403853,0.27552978303841635,0.09547701693599697,0.09547701693599697,0.09547701693599697,"[0.0, None]","[None, None]","['below_incoming', 'no_incoming']","[1113, 0]","[21, 1]","[340, None]","[773, 0]"
3,15,2741.516666666667,0.16691742467403853,0.27552978303841635,0.09547701693599697,0.09547701693599697,0.09547701693599697,"[0.0, None]","[None, None]","['below_incoming', 'no_incoming']","[1113, 0]","[20, 1]","[340, None]","[773, 0]"
3,15,2741.616666666667,0.25826243648208436,0.2535588777928337,0.13020136811485034,0.8317928145415929,0.2630225021557249,"[0.18931407262352254, None]","[[0.5253731343283583, 0.9523809523809523, 0.9230769230769231, 0.7692307692307693, 0.8846153846153846, 0.0, 1.0, 0.0, 0.0], None]","['model', 'no_incoming']","[1113, 0]","[20, 1]","[1232, None]","[0, 119]"
3,15,2741.883333333333,0.2613658459710786,0.2535588777928337,0.13533223463853727,0.8481129883400741,0.26932645730045424,"[0.1879879920523562, None]","[[0.5253731343283583, 0.9523809523809523, 0.9230769230769231, 0.7692307692307693, 0.8717948717948718, 0.0, 1.0, 0.0, 0.0], None]","['model', 'no_incoming']","[1113, 0]","[20, 1]","[1232, None]","[0, 119]"
3,15,2741.9166666666665,0.3311518574371654,0.417011885212702,0.13533444384259463,0.8411568652247822,0.25523046491305346,"[0.16986711875158428, None]","[[0.5281899109792284, 0.9523809523809523, 0.9230769230769231, 0.7692307692307693, 0.8717948717948718, 0.0, 0.0, 0.0, 0.0], None]","['model', 'no_incoming']","[1113, 0]","[20, 1]","[1246, None]","[0, 133]"
3,15,2741.95,0.3435350316846911,0.417011885212702,0.14275088597047042,0.859185251877366,0.27685649124453254,"[0.18718477456662072, None]","[[0.5185986159169551, 0.9523809523809523, 0.9230769230769231, 0.7692307692307693, 0.8717948717948718, 0.0, 1.0, 0.0, 0.0], None]","['model', 'no_incoming']","[1113, 0]","[20, 1]","[1199, None]","[0, 86]"
3,15,2741.983333333333,0.33284802597825175,0.417011885212702,0.1349165790033018,0.8417603377330877,0.25814896822940536,"[0.17434176606093962, None]","[[0.5281899109792284, 0.9523809523809523, 0.9230769230769231, 0.7692307692307693, 0.8717948717948718, 0.0, 0.25, 0.0, 0.0], None]","['model', 'no_incoming']","[1113, 0]","[20, 1]","[1246, None]","[0, 133]"
3,15,2742.016666666667,0.25925582099783107,0.2535588777928337,0.13250063559493486,0.8340695951349677,0.2650353148964103,"[0.18891183468032663, None]","[[0.5331375838926175, 0.9523809523809523, 0.9230769230769231, 0.7692307692307693, 0.8717948717948718, 0.0, 1.0, 0.0, 0.0], None]","['model', 'no_incoming']","[1113, 0]","[20, 1]","[1271, None]","[0, 158]"
3,15,2742.25,0.27326365407761927,0.2535588777928337,0.13250063559493486,0.8340695951349677,0.2938968188391484,"[0.23005034793732773, None]","[[0.5331375838926175, 0.95, 0.9230769230769231, 0.7692307692307693, 0.8717948717948718, 0.0, 1.0, 0.18918918918904967, 0.0], None]","['model', 'no_incoming']","[1113, 0]","[19, 1]","[1271, None]","[0, 158]"
3,15,2742.383333333333,0.33289962220377467,0.41328751283183196,0.12859819078067367,0.8319817903330221,0.26118711143088713,"[0.18850158112102197, None]","[[0.531762726125368, 0.95, 0.9230769230769231, 0.7692307692307693, 0.8717948717948718, 0.0, 1.0, 0.0, 0.0], None]","['model', 'no_incoming']","[1113, 0]","[19, 1]","[1264, None]","[0, 151]"
3,15,2742.75,0.3310585327669187,0.417011885212702,0.13533444384259463,0.8411568652247822,0.25507029997294095,"[0.16964019915359407, None]","[[0.5281899109792284, 0.95, 0.9230769230769231, 0.7692307692307693, 0.8717948717948718, 0.0, 0.0, 0.0, 0.0], None]","['model', 'no_incoming']","[1113, 0]","[19, 1]","[1246, None]","[0, 133]"
3,15,2742.7833333333333,0.3440985696435863,0.417011885212702,0.14539753102572273,0.8516652027879518,0.2778577901671034,"[0.18754965636594295, None]","[[0.5237483953786907, 0.95, 0.9230769230769231, 0.7692307692307693, 0.8717948717948718, 0.0, 1.0, 0.0, 0.0], None]","['model', 'no_incoming']","[1113, 0]","[19, 1]","[1224, None]","[0, 111]"
3,15,2742.8166666666666,0.33860601386924655,0.417011885212702,0.1339292312452058,0.8519769588390416,0.268161023562217,"[0.18693993053472832, None]","[[0.5185986159169551, 0.95, 0.9230769230769231, 0.7692307692307693, 0.8717948717948718, 0.0, 1.0, 0.0, 0.0], None]","['model', 'no_incoming']","[1113, 0]","[19, 1]","[1199, None]","[0, 86]"
3,15,2742.85,0.33743911240909424,0.41328751283183196,0.13597944431516523,0.8459043526245155,0.26912561691420744,"[0.18754965636594295, None]","[[0.5237483953786907, 0.95, 0.9230769230769231, 0.7692307692307693, 0.8717948717948718, 0.0, 1.0, 0.0, 0.0], None]","['model', 'no_incoming']","[1113, 0]","[19, 1]","[1224, None]","[0, 111]"
3,15,2742.983333333333,0.3449330702624211,0.41328751283183196,0.13597944431516523,0.8459043526245155,0.28244157926865565,"[0.20630651670228398, None]","[[0.5237483953786907, 0.9473684210526315, 0.9230769230769231, 0.7692307692307693, 0.8717948717948718, 0.0, 1.0, 0.09090909090901575, 0.0], None]","['model', 'no_incoming']","[1113, 0]","[18, 1]","[1224, None]","[0, 111]"
3,15,2743.0833333333335,0.35013962875199767,0.41328751283183196,0.17347821744503833,0.8448297519802349,0.2918409749484856,"[0.17630518650023572, None]","[[0.5237483953786907, 0.9473684210526315, 1.0, 0.7692307692307693, 0.8974358974358975, 0.0, 1.0, 0.0, 0.0], None]","['model', 'no_incoming']","[1113, 0]","[18, 1]","[1224, None]","[0, 111]"
3,15,2743.2833333333333,0.34331984802396104,0.417011885212702,0.17049629252084236,0.8375233873264589,0.27647453314655623,"[0.1588814629135835, None]","[[0.5245621529260999, 0.9473684210526315, 1.0, 0.7692307692307693, 0.8974358974358975, 0.0, 0.0, 0.0, 0.0], None]","['model', 'no_incoming']","[1113, 0]","[18, 1]","[1228, None]","[0, 115]"
3,15,2743.3166666666666,0.2750929250143451,0.2535588777928337,0.17784546699461573,0.8509809851453163,0.29772635091546384,"[0.1780932378225945, None]","[[0.5395117914770376, 0.9473684210526315, 1.0, 0.7692307692307693, 0.8974358974358975, 0.0, 1.0, 0.0, 0.0], None]","['model', 'no_incoming']","[1113, 0]","[18, 1]","[1304, None]","[0, 191]"
3,15,2743.35,0.35013962875199767,0.41328751283183196,0.17347821744503833,0.8448297519802349,0.2918409749484856,"[0.17630518650023572, None]","[[0.5237483953786907, 0.9473684210526315, 1.0, 0.7692307692307693, 0.8974358974358975, 0.0, 1.0, 0.0, 0.0], None]","['model', 'no_incoming']","[1113, 0]","[18, 1]","[1224, None]","[0, 111]"
3,15,2743.6833333333334,0.2777233405408456,0.41328751283183196,0.17347821744503833,0.17347821744503833,0.17347821744503833,"[0.0, None]","[None, None]","['below_incoming', 'no_incoming']","[1113, 0]","[14, 1]","[None, None]","[1113, 0]"
3,15,2744.35,0.25890153050583403,0.41328751283183196,0.14767172460098557,0.14767172460098557,0.14767172460098557,"[0.0, None]","[None, None]","['below_incoming', 'no_incoming']","[1113, 0]","[14, 1]","[None, None]","[1113, 0]"
3,15,2744.45,0.29379632528195304,0.40960759158994187,0.1996559512550369,0.1996559512550369,0.1996559512550369,"[0.0, None]","[None, None]","['below_incoming', 'no_incoming']","[5, 0]","[1, 3]","[None, None]","[5, 0]"
3,15,2744.483333333333,0.4874630317069098,0.5141070706678119,0.4608900479718328,0.4608900479718328,0.4608900479718328,"[0.0, None]","[None, None]","['below_incoming', 'no_incoming']","[5, 0]","[1, 3]","[None, None]","[5, 0]"
3,15,2744.516666666667,0.3859655731230195,0.5141070706678119,0.27189112061982657,0.27189112061982657,0.27189112061982657,"[0.0, None]","[None, None]","['below_incoming', 'no_incoming']","[5, 0]","[1, 3]","[None, None]","[5, 0]"
3,15,2744.75,0.43882911702743965,0.5037166064821456,0.37596803606212464,0.37596803606212464,0.37596803606212464,"[0.0, None]","[None, None]","['below_incoming', 'no_incoming']","[5, 0]","[1, 3]","[None, None]","[5, 0]"
3,15,2744.883333333333,0.43882911702743965,0.5037166064821456,0.37596803606212464,0.37596803606212464,0.37596803606212464,"[0.0, None]","[None, None]","['below_incoming', 'no_incoming']","[5, 0]","[1, 2]","[None, None]","[5, 0]"
3,15,2745.016666666667,0.4143745500652642,0.453150407782696,0.37663149723488976,0.37663149723488976,0.37663149723488976,"[0.0, None]","[None, None]","['below_incoming', 'no_incoming']","[5, 0]","[1, 2]","[None, None]","[5, 0]"
3,15,2745.05,0.43365018648533254,0.49387783435311855,0.37532068444379224,0.37532068444379224,0.37532068444379224,"[0.0, None]","[None, None]","['below_incoming', 'no_incoming']","[5, 0]","[1, 2]","[None, None]","[5, 0]"
3,15,2745.0833333333335,0.48158782997829835,0.5745945296950875,0.38983975274623167,0.38983975274623167,0.38983975274623167,"[0.0, None]","[None, None]","['below_incoming', 'no_incoming']","[5, 0]","[1, 2]","[None, None]","[5, 0]"
3,15,2746.483333333333,0.649732264400281,0.5600698933806246,0.836431304867451,0.3158379866706827,0.7299323533742825,"[None, 0.20457225970947862]","[None, [0.9906735751295337, 0.8, 0.9230769230769231, 0.7692307692307693, 0.7564102564102564, 0.02564102564102564, 1.0, 0.0, 0.0]]","['no_incoming', 'model']","[0, 9]","[1, 4]","[None, 956]","[947, 0]"
3,15,2746.516666666667,0.6741650010427226,0.6044056698538117,0.8335371675329833,0.3110065129302351,0.7369762249932945,"[None, 0.18479478991160597]","[None, [0.9898876404494382, 0.8, 0.9230769230769231, 0.7692307692307693, 0.7564102564102564, 0.02564102564102564, 0.0, 0.0, 0.0]]","['no_incoming', 'model']","[0, 9]","[1, 4]","[None, 881]","[872, 0]"
3,15,2746.55,0.678025359976328,0.6216893608146082,0.8388266054513178,0.30485721038833663,0.729620679862925,"[None, 0.20451720004572926]","[None, [0.9902386117136659, 0.8, 0.9230769230769231, 0.7692307692307693, 0.7564102564102564, 0.02564102564102564, 1.0, 0.0, 0.0]]","['no_incoming', 'model']","[0, 9]","[1, 4]","[None, 913]","[904, 0]"
3,15,2746.5833333333335,0.6488122861482369,0.570287020598265,0.8280424698249648,0.29912998954868875,0.7200325030742454,"[None, 0.2042114164035243]","[None, [0.9878213802435724, 0.8, 0.9230769230769231, 0.7692307692307693, 0.7564102564102564, 0.02564102564102564, 1.0, 0.0, 0.0]]","['no_incoming', 'model']","[0, 9]","[1, 4]","[None, 730]","[721, 0]"
3,15,2746.616666666667,0.6401453168128938,0.5526121742973252,0.8268080624881906,0.3008616420745704,0.7192529920560221,"[None, 0.20449815087168743]","[None, [0.9900881057268722, 0.8, 0.9230769230769231, 0.7692307692307693, 0.7564102564102564, 0.02564102564102564, 1.0, 0.0, 0.0]]","['no_incoming', 'model']","[0, 9]","[1, 4]","[None, 899]","[890, 0]"
3,15,2746.8166666666666,0.6417824461770473,0.5526121742973252,0.8268080624881906,0.3008616420745704,0.7221170295099671,"[None, 0.1990526580557221]","[None, [0.9900881057268722, 0.75, 0.9230769230769231, 0.7692307692307693, 0.7564102564102564, 0.02564102564102564, 1.0, 0.0, 0.0]]","['no_incoming', 'model']","[0, 9]","[1, 3]","[None, 899]","[890, 0]"
3,15,2747.15,0.6756600809936502,0.6044056698538117,0.8335371675329833,0.3110065129302351,0.7396094544794057,"[None, 0.17975541190972968]","[None, [0.9898876404494382, 0.75, 0.9230769230769231, 0.7692307692307693, 0.7564102564102564, 0.02564102564102564, 0.0, 0.0, 0.0]]","['no_incoming', 'model']","[0, 9]","[1, 3]","[None, 881]","[872, 0]"
3,15,2747.1833333333334,0.6698053440380992,0.5952659537270383,0.8361072151540331,0.3098945257127817,0.7366892896670093,"[None, 0.18893106814392616]","[None, [0.987603305785124, 0.75, 0.9230769230769231, 0.7692307692307693, 0.7564102564102564, 0.02564102564102564, 0.5, 0.0, 0.0]]","['no_incoming', 'model']","[0, 9]","[1, 3]","[None, 717]","[708, 0]"
3,15,2747.2166666666667,0.6417824461770473,0.5526121742973252,0.8268080624881906,0.3008616420745704,0.7221170295099671,"[None, 0.1990526580557221]","[None, [0.9900881057268722, 0.75, 0.9230769230769231, 0.7692307692307693, 0.7564102564102564, 0.02564102564102564, 1.0, 0.0, 0.0]]","['no_incoming', 'model']","[0, 9]","[1, 3]","[None, 899]","[890, 0]"
3,15,2747.55,0.7083122961278496,0.5526121742973252,0.8268080624881906,0.8268080624881906,0.8268080624881906,"[None, 0.0]","[None, None]","['no_incoming', 'below_incoming']","[0, 9]","[1, 2]","[None, 0]","[0, 9]"
3,15,2747.8166666666666,0.6395133481625646,0.5857962499757144,0.846333007914244,0.3008616420745704,0.6899511855585142,"[None, 0.28669116684979945]","[None, [0.925849639546859, 0.8, 0.9230769230769231, 0.7692307692307693, 0.7564102564102564, 0.02564102564102564, 1.0, 0.3749999999999645, 0.0]]","['no_incoming', 'model']","[0, 72]","[1, 4]","[None, 899]","[827, 0]"
3,15,2748.05,0.6931866845529877,0.6270819863131062,0.8472523989749509,0.3110065129302351,0.7522038738653803,"[None, 0.17724802666671607]","[None, [0.9244491080797481, 0.8, 0.9230769230769231, 0.7692307692307693, 0.7564102564102564, 0.02564102564102564, 0.0, 0.0, 0.0]]","['no_incoming', 'model']","[0, 72]","[1, 4]","[None, 881]","[809, 0]"
3,15,2748.15,0.6794393369535539,0.5820340848849705,0.8693949983800556,0.33115726443320753,0.7633733618360907,"[None, 0.19697919684396317]","[None, [0.9075738125802311, 0.8, 0.9230769230769231, 0.7692307692307693, 0.782051282051282, 0.02564102564102564, 1.0, 0.0, 0.0]]","['no_incoming', 'model']","[0, 72]","[1, 4]","[None, 707]","[635, 0]"
3,15,2748.1833333333334,0.7449477681069201,0.5803744897163428,0.860491788066687,0.860491788066687,0.860491788066687,"[None, 0.0]","[None, None]","['no_incoming', 'below_incoming']","[0, 72]","[1, 3]","[None, 0]","[0, 72]"
3,15,2748.3166666666666,0.7527577036188712,0.5820340848849705,0.8693949983800556,0.8693949983800556,0.8693949983800556,"[None, 0.0]","[None, None]","['no_incoming', 'below_incoming']","[0, 72]","[1, 3]","[None, 5]","[0, 67]"
3,15,2748.45,0.6879504419799338,0.6017433116368894,0.856835380210244,0.31934358254361517,0.7628512285038657,"[None, 0.17485690407627513]","[None, [0.9244491080797481, 0.75, 0.9230769230769231, 0.7692307692307693, 0.782051282051282, 0.02564102564102564, 0.0, 0.0, 0.0]]","['no_incoming', 'model']","[0, 72]","[1, 3]","[None, 881]","[809, 0]"
3,15,2748.483333333333,0.6862667038811884,0.5936040629696999,0.8656696339035342,0.3339357325777855,0.7661255326270516,"[None, 0.18720661035208339]","[None, [0.9104477611940298, 0.75, 0.9230769230769231, 0.7692307692307693, 0.782051282051282, 0.02564102564102564, 0.75, 0.0, 0.0]]","['no_incoming', 'model']","[0, 72]","[1, 3]","[None, 732]","[660, 0]"
3,15,2748.516666666667,0.6871254651786947,0.5936040629696999,0.8669349067548504,0.3360667812921595,0.7675528844430155,"[None, 0.18720661035208339]","[None, [0.9104477611940298, 0.75, 0.9230769230769231, 0.7692307692307693, 0.782051282051282, 0.02564102564102564, 0.75, 0.0, 0.0]]","['no_incoming', 'model']","[0, 72]","[1, 3]","[None, 732]","[660, 0]"
3,15,2748.9166666666665,0.6702965268528838,0.5936040629696999,0.8669349067548504,0.3360667812921595,0.73888249332173,"[None, 0.24121322658336916]","[None, [0.9104477611940298, 0.6666666666666666, 0.9230769230769231, 0.7692307692307693, 0.782051282051282, 0.02564102564102564, 0.75, 0.2857142857141001, 0.0]]","['no_incoming', 'model']","[0, 72]","[1, 2]","[None, 732]","[660, 0]"
3,15,2749.15,0.6905063658980227,0.6017433116368894,0.856835380210244,0.31934358254361517,0.7671416468095454,"[None, 0.16687460867324652]","[None, [0.9244491080797481, 0.6666666666666666, 0.9230769230769231, 0.7692307692307693, 0.782051282051282, 0.02564102564102564, 0.0, 0.0, 0.0]]","['no_incoming', 'model']","[0, 72]","[1, 2]","[None, 881]","[809, 0]"
3,15,2749.1833333333334,0.7496993600291625,0.5820340848849705,0.8656334351900842,0.8656334351900842,0.8656334351900842,"[None, 0.0]","[None, None]","['no_incoming', 'below_incoming']","[0, 72]","[1, 2]","[None, 2]","[0, 70]"
3,15,2749.2166666666667,0.684174998178505,0.59097427299376,0.8656334351900842,0.33481453415308376,0.7645981763885774,"[None, 0.19033847250752706]","[None, [0.7979683972911965, 0.8, 0.9230769230769231, 0.7692307692307693, 0.782051282051282, 0.02564102564102564, 1.0, 0.03225806451610064, 0.0]]","['no_incoming', 'model']","[0, 179]","[1, 4]","[None, 707]","[528, 0]"
3,15,2749.2833333333333,0.7011322500452044,0.6523653196795017,0.8531305897201812,0.30134983271391685,0.7457245502647641,"[None, 0.19465347077009018]","[None, [0.8663181478715459, 0.8, 0.9230769230769231, 0.7692307692307693, 0.8076923076923077, 0.02564102564102564, 1.0, 0.0, 0.0]]","['no_incoming', 'model']","[0, 179]","[1, 4]","[None, 1160]","[981, 0]"
3,15,2749.616666666667,0.6917988609634838,0.6523653196795017,0.8531305897201812,0.30134983271391685,0.7286200848810699,"[None, 0.22565213313101765]","[None, [0.8663181478715459, 0.75, 0.9230769230769231, 0.7692307692307693, 0.8076923076923077, 0.02564102564102564, 1.0, 0.16666666666685614, 0.0]]","['no_incoming', 'model']","[0, 179]","[1, 3]","[None, 1160]","[981, 0]"
3,15,2749.85,0.7006084108353522,0.640106358282924,0.8567976797649034,0.32237198368142056,0.7548349897994371,"[None, 0.19078927288245245]","[None, [0.8667163067758749, 0.75, 0.9230769230769231, 0.7692307692307693, 0.8205128205128205, 0.02564102564102564, 1.0, 0.0, 0.0]]","['no_incoming', 'model']","[0, 179]","[1, 3]","[None, 1164]","[985, 0]"
3,15,2750.3166666666666,0.6946709360539441,0.6105440127084228,0.8551589488119146,0.34341890389588187,0.767544350415708,"[None, 0.17120918963960005]","[None, [0.8582739509105305, 0.75, 0.9230769230769231, 0.7692307692307693, 0.8205128205128205, 0.02564102564102564, 0.0, 0.0, 0.0]]","['no_incoming', 'model']","[0, 179]","[1, 3]","[None, 1084]","[905, 0]"
3,15,2750.35,0.6190223407589073,0.46140515248255964,0.8523162209918715,0.3190098905492566,0.7550053304625832,"[None, 0.1824671581312857]","[None, [0.8686720469552458, 0.6666666666666666, 0.9230769230769231, 0.7692307692307693, 0.8205128205128205, 0.02564102564102564, 1.0, 0.0, 0.0]]","['no_incoming', 'model']","[0, 179]","[1, 2]","[None, 1184]","[1005, 0]"
3,15,2750.383333333333,0.6932100953024893,0.6024658023311895,0.865987686907644,0.34523764373843135,0.7711100840560888,"[None, 0.18219413343519503]","[None, [0.8663181478715459, 0.6666666666666666, 0.9230769230769231, 0.7692307692307693, 0.8205128205128205, 0.02564102564102564, 1.0, 0.0, 0.0]]","['no_incoming', 'model']","[0, 179]","[1, 2]","[None, 1160]","[981, 0]"
3,15,2750.516666666667,0.7414870584800843,0.6064929795622929,0.8422186783082153,0.8422186783082153,0.8422186783082153,"[None, 0.0]","[None, None]","['no_incoming', 'below_incoming']","[0, 179]","[1, 2]","[None, 7]","[0, 172]"
3,15,2750.65,0.6803127975911568,0.6190697765502714,0.8422186783082153,0.3018055630805101,0.7359099377172433,"[None, 0.1967175436632001]","[None, [0.7655935613682093, 0.8, 0.9230769230769231, 0.7692307692307693, 0.8205128205128205, 0.02564102564102564, 1.0, 0.06249999999994671, 0.0]]","['no_incoming', 'model']","[0, 233]","[1, 4]","[None, 761]","[528, 0]"
3,15,2750.85,0.6999880624913847,0.6230718021627604,0.8551589488119146,0.34341890389588187,0.7670762351348863,"[None, 0.17212394173975773]","[None, [0.8230827638572513, 0.8, 0.9230769230769231, 0.7692307692307693, 0.8205128205128205, 0.02564102564102564, 0.0, 0.0, 0.0]]","['no_incoming', 'model']","[0, 233]","[1, 4]","[None, 1084]","[851, 0]"
3,15,2750.95,0.7127274270086826,0.6475481703597855,0.8674772448102672,0.3370182355065343,0.7701318578812029,"[None, 0.1835116101748133]","[None, [0.7617586912065439, 0.8, 0.9230769230769231, 0.7692307692307693, 0.8205128205128205, 0.02564102564102564, 1.0, 0.0, 0.0]]","['no_incoming', 'model']","[0, 233]","[1, 4]","[None, 745]","[512, 0]"
3,15,2751.016666666667,0.7145425972481978,0.6475481703597855,0.8674772448102672,0.3370182355065343,0.7732615802761988,"[None, 0.17761158332994187]","[None, [0.7539598732840549, 0.75, 0.9230769230769231, 0.7692307692307693, 0.8205128205128205, 0.02564102564102564, 1.0, 0.0, 0.0]]","['no_incoming', 'model']","[0, 233]","[1, 3]","[None, 714]","[481, 0]"
3,15,2751.3166666666666,0.7014243307599147,0.6230718021627604,0.8551589488119146,0.34341890389588187,0.7695145637383675,"[None, 0.1673591619893646]","[None, [0.8230827638572513, 0.75, 0.9230769230769231, 0.7692307692307693, 0.8205128205128205, 0.02564102564102564, 0.0, 0.0, 0.0]]","['no_incoming', 'model']","[0, 233]","[1, 3]","[None, 1084]","[851, 0]"
3,15,2751.35,0.7010084916857818,0.6230718021627604,0.8549796339397449,0.35335448132626585,0.7688097551635619,"[None, 0.17178141551960846]","[None, [0.8230827638572513, 0.75, 0.9230769230769231, 0.7692307692307693, 0.8205128205128205, 0.02564102564102564, 0.25, 0.0, 0.0]]","['no_incoming', 'model']","[0, 233]","[1, 3]","[None, 1084]","[851, 0]"
3,15,2751.383333333333,0.7573867218083125,0.6230718021627604,0.8549796339397449,0.8549796339397449,0.8549796339397449,"[None, 0.0]","[None, None]","['no_incoming', 'below_incoming']","[0, 232]","[2, 1]","[None, None]","[0, 232]"
3,15,2751.983333333333,0.7573867218083125,0.6230718021627604,0.8549796339397449,0.8549796339397449,0.8549796339397449,"[None, 0.0]","[None, None]","['no_incoming', 'below_incoming']","[0, 306]","[1, 1]","[None, None]","[0, 306]"
3,15,2752.6833333333334,0.7573867218083125,0.6230718021627604,0.8549796339397449,0.8549796339397449,0.8549796339397449,"[None, 0.0]","[None, None]","['no_incoming', 'below_incoming']","[0, 301]","[2, 1]","[None, None]","[0, 301]"
3,15,2753.3166666666666,0.7573867218083125,0.6230718021627604,0.8549796339397449,0.8549796339397449,0.8549796339397449,"[None, 0.0]","[None, None]","['no_incoming', 'below_incoming']","[0, 392]","[1, 1]","[None, None]","[0, 392]"
3,15,2754.116666666667,0.7577467972648005,0.6239922456709593,0.8549796339397449,0.8549796339397449,0.8549796339397449,"[None, 0.0]","[None, None]","['no_incoming', 'below_incoming']","[0, 379]","[2, 1]","[None, None]","[0, 379]"
3,15,2754.7166666666667,0.7577467972648005,0.6239922456709593,0.8549796339397449,0.8549796339397449,0.8549796339397449,"[None, 0.0]","[None, None]","['no_incoming', 'below_incoming']","[0, 489]","[1, 1]","[None, None]","[0, 489]"
3,15,2755.4166666666665,0.7529500667978245,0.6117355534347525,0.8549796339397449,0.8549796339397449,0.8549796339397449,"[None, 0.0]","[None, None]","['no_incoming', 'below_incoming']","[0, 471]","[1, 1]","[None, None]","[0, 471]"
3,15,2755.45,0.7529500667978245,0.6117355534347525,0.8549796339397449,0.8549796339397449,0.8549796339397449,"[None, 0.0]","[None, None]","['no_incoming', 'below_incoming']","[0, 471]","[2, 1]","[None, None]","[0, 471]"
3,15,2756.05,0.736618934805506,0.5702164110936898,0.8549796339397449,0.8549796339397449,0.8549796339397449,"[None, 0.0]","[None, None]","['no_incoming', 'below_incoming']","[0, 632]","[3, 1]","[None, None]","[0, 632]"
3,15,2756.616666666667,0.736618934805506,0.5702164110936898,0.8549796339397449,0.8549796339397449,0.8549796339397449,"[None, 0.0]","[None, None]","['no_incoming', 'below_incoming']","[0, 632]","[2, 1]","[None, None]","[0, 632]"
3,15,2756.75,0.736618934805506,0.5702164110936898,0.8549796339397449,0.8549796339397449,0.8549796339397449,"[None, 0.0]","[None, None]","['no_incoming', 'below_incoming']","[0, 596]","[4, 1]","[None, None]","[0, 596]"
3,15,2757.3166666666666,0.736618934805506,0.5702164110936898,0.8549796339397449,0.8549796339397449,0.8549796339397449,"[None, 0.0]","[None, None]","['no_incoming', 'below_incoming']","[0, 596]","[3, 1]","[None, None]","[0, 596]"
3,15,2757.383333333333,0.7595166348679094,0.6285168075408197,0.8549796339397449,0.8549796339397449,0.8549796339397449,"[None, 0.0]","[None, None]","['no_incoming', 'below_incoming']","[0, 742]","[3, 1]","[None, None]","[0, 742]"
3,15,2758.05,0.7595166348679094,0.6285168075408197,0.8549796339397449,0.8549796339397449,0.8549796339397449,"[None, 0.0]","[None, None]","['no_incoming', 'below_incoming']","[0, 742]","[2, 1]","[None, None]","[0, 742]"
3,15,2758.0833333333335,0.7239310169558104,0.6528366039546416,0.7852553570523624,0.7852553570523624,0.7852553570523624,"[None, 0.0]","[None, None]","['no_incoming', 'below_incoming']","[0, 742]","[2, 1]","[None, None]","[0, 742]"
3,15,2758.15,0.6989878726176617,0.5958989971281725,0.7852553570523624,0.7852553570523624,0.7852553570523624,"[None, 0.0]","[None, None]","['no_incoming', 'below_incoming']","[0, 687]","[4, 1]","[None, None]","[0, 687]"
3,15,2758.7166666666667,0.6989878726176617,0.5958989971281725,0.7852553570523624,0.7852553570523624,0.7852553570523624,"[None, 0.0]","[None, None]","['no_incoming', 'below_incoming']","[0, 687]","[3, 1]","[None, None]","[0, 687]"
3,15,2758.75,0.7239310169558104,0.6528366039546416,0.7852553570523624,0.7852553570523624,0.7852553570523624,"[None, 0.0]","[None, None]","['no_incoming', 'below_incoming']","[0, 937]","[3, 1]","[None, None]","[0, 937]"
3,15,2759.45,0.7239310169558104,0.6528366039546416,0.7852553570523624,0.7852553570523624,0.7852553570523624,"[None, 0.0]","[None, None]","['no_incoming', 'below_incoming']","[0, 937]","[2, 1]","[None, None]","[0, 937]"
3,15,2759.516666666667,0.7239310169558104,0.6528366039546416,0.7852553570523624,0.7852553570523624,0.7852553570523624,"[None, 0.0]","[None, None]","['no_incoming', 'below_incoming']","[0, 844]","[4, 1]","[None, None]","[0, 844]"
3,15,2759.9166666666665,0.7239310169558104,0.6528366039546416,0.7852553570523624,0.7852553570523624,0.7852553570523624,"[None, 0.0]","[None, None]","['no_incoming', 'below_incoming']","[0, 844]","[3, 1]","[None, None]","[0, 844]"
3,15,2760.116666666667,0.7239310169558104,0.6528366039546416,0.7852553570523624,0.7852553570523624,0.7852553570523624,"[None, 0.0]","[None, None]","['no_incoming', 'below_incoming']","[0, 1027]","[3, 1]","[None, None]","[0, 1027]"
3,15,2760.65,0.7239310169558104,0.6528366039546416,0.7852553570523624,0.7852553570523624,0.7852553570523624,"[None, 0.0]","[None, None]","['no_incoming', 'below_incoming']","[0, 1027]","[2, 1]","[None, None]","[0, 1027]"
3,15,2760.883333333333,0.7135058536947646,0.6291065300876061,0.7852553570523624,0.7852553570523624,0.7852553570523624,"[None, 0.0]","[None, None]","['no_incoming', 'below_incoming']","[0, 935]","[4, 1]","[None, None]","[0, 935]"
3,15,2761.1833333333334,0.7135058536947646,0.6291065300876061,0.7852553570523624,0.7852553570523624,0.7852553570523624,"[None, 0.0]","[None, None]","['no_incoming', 'below_incoming']","[0, 935]","[3, 1]","[None, None]","[0, 935]"
3,15,2761.9166666666665,0.7135058536947646,0.6291065300876061,0.7852553570523624,0.7852553570523624,0.7852553570523624,"[None, 0.0]","[None, None]","['no_incoming', 'below_incoming']","[0, 935]","[2, 1]","[None, None]","[0, 935]"
3,15,2761.983333333333,0.7135058536947646,0.6291065300876061,0.7852553570523624,0.7852553570523624,0.7852553570523624,"[None, 0.0]","[None, None]","['no_incoming', 'below_incoming']","[0, 935]","[2, 1]","[None, None]","[0, 935]"
3,15,2762.116666666667,0.7184987097489989,0.6231074158511531,0.7975893095050285,0.7975893095050285,0.7975893095050285,"[None, 0.0]","[None, None]","['no_incoming', 'below_incoming']","[0, 935]","[2, 1]","[None, None]","[0, 935]"
3,15,2762.2833333333333,0.6956643895134307,0.6048462687675333,0.7734285768848254,0.7734285768848254,0.7734285768848254,"[None, 0.0]","[None, None]","['no_incoming', 'below_incoming']","[0, 826]","[4, 1]","[None, None]","[0, 826]"
3,15,2762.3166666666666,0.703231191764713,0.6048462687675333,0.7857954534576432,0.7857954534576432,0.7857954534576432,"[None, 0.0]","[None, None]","['no_incoming', 'below_incoming']","[0, 826]","[4, 1]","[None, None]","[0, 826]"
3,15,2762.35,0.6916200237193677,0.6085065179685998,0.7639338665932316,0.7639338665932316,0.7639338665932316,"[None, 0.0]","[None, None]","['no_incoming', 'below_incoming']","[0, 826]","[4, 1]","[None, None]","[0, 826]"
3,15,2762.383333333333,0.7532082604667413,0.6210927693104027,0.8503571304250382,0.8503571304250382,0.8503571304250382,"[None, 0.0]","[None, None]","['no_incoming', 'below_incoming']","[0, 826]","[4, 1]","[None, None]","[0, 826]"
3,15,2762.516666666667,0.7662254478731868,0.6210927693104027,0.8676168046875944,0.8676168046875944,0.8676168046875944,"[None, 0.0]","[None, None]","['no_incoming', 'below_incoming']","[0, 826]","[4, 1]","[None, None]","[0, 826]"
3,15,2762.75,0.7662254478731868,0.6210927693104027,0.8676168046875944,0.8676168046875944,0.8676168046875944,"[None, 0.0]","[None, None]","['no_incoming', 'below_incoming']","[0, 826]","[3, 1]","[None, None]","[0, 826]"
3,15,2763.35,0.7634338151585123,0.6210927693104027,0.8640105620595964,0.8640105620595964,0.8640105620595964,"[None, 0.0]","[None, None]","['no_incoming', 'below_incoming']","[0, 826]","[3, 1]","[None, None]","[0, 826]"
3,15,2763.45,0.7603026061708746,0.6210927693104027,0.859903589544418,0.859903589544418,0.859903589544418,"[None, 0.0]","[None, None]","['no_incoming', 'below_incoming']","[0, 826]","[3, 1]","[None, None]","[0, 826]"
3,15,2763.483333333333,0.7603026061708746,0.6210927693104027,0.859903589544418,0.859903589544418,0.859903589544418,"[None, 0.0]","[None, None]","['no_incoming', 'below_incoming']","[0, 826]","[2, 1]","[None, None]","[0, 826]"
3,15,2763.616666666667,0.7439472546557014,0.5790034776090656,0.859903589544418,0.859903589544418,0.859903589544418,"[None, 0.0]","[None, None]","['no_incoming', 'below_incoming']","[0, 664]","[1, 1]","[None, None]","[0, 664]"
3,15,2763.75,0.7375685744378152,0.5790034776090656,0.8517072618757254,0.8517072618757254,0.8517072618757254,"[None, 0.0]","[None, None]","['no_incoming', 'below_incoming']","[0, 664]","[1, 1]","[None, None]","[0, 664]"
3,15,2763.85,0.7283946009637022,0.5331061103080901,0.8629920886287578,0.8629920886287578,0.8629920886287578,"[None, 0.0]","[None, None]","['no_incoming', 'below_incoming']","[0, 664]","[1, 1]","[None, None]","[0, 664]"
3,15,2763.95,0.7226584234256715,0.5375289594713419,0.8538316355313794,0.8538316355313794,0.8538316355313794,"[None, 0.0]","[None, None]","['no_incoming', 'below_incoming']","[0, 664]","[1, 1]","[None, None]","[0, 664]"
3,15,2763.983333333333,0.7413774074461862,0.5790034776090656,0.8566322946726654,0.8566322946726654,0.8566322946726654,"[None, 0.0]","[None, None]","['no_incoming', 'below_incoming']","[0, 664]","[1, 1]","[None, None]","[0, 664]"
3,15,2764.016666666667,0.7163952786327765,0.5325128534815501,0.8485233471357096,0.8485233471357096,0.8485233471357096,"[None, 0.0]","[None, None]","['no_incoming', 'below_incoming']","[0, 664]","[1, 1]","[None, None]","[0, 664]"
3,15,2764.05,0.7408596489235214,0.5790034776090656,0.8559681691237617,0.8559681691237617,0.8559681691237617,"[None, 0.0]","[None, None]","['no_incoming', 'below_incoming']","[0, 664]","[1, 1]","[None, None]","[0, 664]"
3,15,2764.1833333333334,0.7308299655746261,0.5790034776090656,0.8427709015806661,0.8427709015806661,0.8427709015806661,"[None, 0.0]","[None, None]","['no_incoming', 'below_incoming']","[0, 664]","[1, 1]","[None, None]","[0, 664]"
3,15,2764.45,0.7365707433757914,0.543632797490284,0.8677792625370339,0.8677792625370339,0.8677792625370339,"[None, 0.0]","[None, None]","['no_incoming', 'below_incoming']","[0, 664]","[1, 1]","[None, None]","[0, 664]"
3,15,2764.75,0.7458973884975332,0.5790034776090656,0.8623581722855098,0.8623581722855098,0.8623581722855098,"[None, 0.0]","[None, None]","['no_incoming', 'below_incoming']","[0, 664]","[1, 1]","[None, None]","[0, 664]"
3,15,2764.85,0.7111608341570088,0.5331061103080901,0.8415009745824225,0.8415009745824225,0.8415009745824225,"[None, 0.0]","[None, None]","['no_incoming', 'below_incoming']","[0, 664]","[1, 1]","[None, None]","[0, 664]"
3,15,2764.95,0.7111608341570088,0.5331061103080901,0.8415009745824225,0.8415009745824225,0.8415009745824225,"[None, 0.0]","[None, None]","['no_incoming', 'below_incoming']","[0, 518]","[1, 1]","[None, None]","[0, 518]"
3,15,2764.983333333333,0.7160050336934517,0.5375289594713419,0.8454122746157395,0.8454122746157395,0.8454122746157395,"[None, 0.0]","[None, None]","['no_incoming', 'below_incoming']","[0, 518]","[1, 1]","[None, None]","[0, 518]"
3,15,2765.2166666666667,0.7080664261800669,0.5331061103080901,0.8374539285818621,0.8374539285818621,0.8374539285818621,"[None, 0.0]","[None, None]","['no_incoming', 'below_incoming']","[0, 518]","[1, 1]","[None, None]","[0, 518]"
3,15,2765.383333333333,0.7109095839047717,0.539218282864401,0.8378633441307297,0.8378633441307297,0.8378633441307297,"[None, 0.0]","[None, None]","['no_incoming', 'below_incoming']","[0, 518]","[1, 1]","[None, None]","[0, 518]"
3,15,2765.55,0.6990790838300598,0.5375289594713419,0.8227999921114425,0.8227999921114425,0.8227999921114425,"[None, 0.0]","[None, None]","['no_incoming', 'below_incoming']","[0, 518]","[1, 1]","[None, None]","[0, 518]"
3,15,2765.5833333333335,0.7007577495416958,0.543632797490284,0.8215436947786159,0.8215436947786159,0.8215436947786159,"[None, 0.0]","[None, None]","['no_incoming', 'below_incoming']","[0, 518]","[1, 1]","[None, None]","[0, 518]"
3,15,2765.616666666667,0.7023233277078413,0.543632797490284,0.8237256136623154,0.8237256136623154,0.8237256136623154,"[None, 0.0]","[None, None]","['no_incoming', 'below_incoming']","[0, 518]","[1, 1]","[None, None]","[0, 518]"
3,15,2765.65,0.711264449043472,0.543632797490284,0.8359078060495299,0.8359078060495299,0.8359078060495299,"[None, 0.0]","[None, None]","['no_incoming', 'below_incoming']","[0, 518]","[1, 1]","[None, None]","[0, 518]"
3,15,2765.7833333333333,0.7111561648808755,0.5375289594713419,0.8391089380575925,0.8391089380575925,0.8391089380575925,"[None, 0.0]","[None, None]","['no_incoming', 'below_incoming']","[0, 518]","[1, 1]","[None, None]","[0, 518]"
3,15,2766.2166666666667,0.6958242804637766,0.5375289594713419,0.8182572429418885,0.8182572429418885,0.8182572429418885,"[None, 0.0]","[None, None]","['no_incoming', 'below_incoming']","[0, 518]","[1, 1]","[None, None]","[0, 518]"
3,15,2766.2833333333333,0.6904058676775914,0.5375289594713419,0.8105574183638619,0.8105574183638619,0.8105574183638619,"[None, 0.0]","[None, None]","['no_incoming', 'below_incoming']","[0, 518]","[1, 1]","[None, None]","[0, 518]"
3,15,2766.3166666666666,0.698581359911973,0.5331061103080901,0.8246947489735221,0.8246947489735221,0.8246947489735221,"[None, 0.0]","[None, None]","['no_incoming', 'below_incoming']","[0, 353]","[1, 1]","[None, None]","[0, 353]"
3,15,2766.35,0.7142361377849626,0.5790034776090656,0.8195662745962637,0.8195662745962637,0.8195662745962637,"[None, 0.0]","[None, None]","['no_incoming', 'below_incoming']","[0, 353]","[1, 1]","[None, None]","[0, 353]"
3,15,2766.383333333333,0.6978055558540498,0.5375289594713419,0.8210299264016425,0.8210299264016425,0.8210299264016425,"[None, 0.0]","[None, None]","['no_incoming', 'below_incoming']","[0, 353]","[1, 1]","[None, None]","[0, 353]"
3,15,2766.55,0.6915525458643227,0.543632797490284,0.8084235248900186,0.8084235248900186,0.8084235248900186,"[None, 0.0]","[None, None]","['no_incoming', 'below_incoming']","[0, 353]","[1, 1]","[None, None]","[0, 353]"
3,15,2767.15,0.6850678693660119,0.543632797490284,0.7988858240449775,0.7988858240449775,0.7988858240449775,"[None, 0.0]","[None, None]","['no_incoming', 'below_incoming']","[0, 353]","[1, 1]","[None, None]","[0, 353]"
3,15,2767.1833333333334,0.6988799798778749,0.539218282864401,0.8215294477824504,0.8215294477824504,0.8215294477824504,"[None, 0.0]","[None, None]","['no_incoming', 'below_incoming']","[0, 353]","[1, 1]","[None, None]","[0, 353]"
3,15,2767.35,0.6969856146154784,0.543632797490284,0.8162272278304538,0.8162272278304538,0.8162272278304538,"[None, 0.0]","[None, None]","['no_incoming', 'below_incoming']","[0, 353]","[1, 1]","[None, None]","[0, 353]"
3,15,2767.516666666667,0.6642678004258115,0.516849454855237,0.7853835609127224,0.7853835609127224,0.7853835609127224,"[None, 0.0]","[None, None]","['no_incoming', 'below_incoming']","[0, 353]","[1, 1]","[None, None]","[0, 353]"
3,15,2767.6833333333334,0.6583315372069907,0.5036038927437521,0.7853835609127224,0.7853835609127224,0.7853835609127224,"[None, 0.0]","[None, None]","['no_incoming', 'below_incoming']","[0, 171]","[1, 1]","[None, None]","[0, 171]"
3,15,2767.85,0.6707248842697401,0.5545567883146034,0.7692056673990334,0.7692056673990334,0.7692056673990334,"[None, 0.0]","[None, None]","['no_incoming', 'below_incoming']","[0, 171]","[1, 1]","[None, None]","[0, 171]"
3,15,2767.883333333333,0.6819985492921949,0.5545567883146034,0.786984517514695,0.786984517514695,0.786984517514695,"[None, 0.0]","[None, None]","['no_incoming', 'below_incoming']","[0, 171]","[1, 1]","[None, None]","[0, 171]"
3,15,2767.9166666666665,0.6591487111961577,0.5036038927437521,0.7866064528622639,0.7866064528622639,0.7866064528622639,"[None, 0.0]","[None, None]","['no_incoming', 'below_incoming']","[0, 171]","[1, 1]","[None, None]","[0, 171]"
3,15,2767.95,0.6586264655598296,0.5036038927437521,0.7858253416504931,0.7858253416504931,0.7858253416504931,"[None, 0.0]","[None, None]","['no_incoming', 'below_incoming']","[0, 171]","[1, 1]","[None, None]","[0, 171]"
3,15,2768.05,0.637389955618369,0.5036038927437521,0.7528166745609115,0.7528166745609115,0.7528166745609115,"[None, 0.0]","[None, None]","['no_incoming', 'below_incoming']","[0, 171]","[1, 1]","[None, None]","[0, 171]"
3,15,2768.35,0.6435432125048844,0.5036038927437521,0.7626270337688088,0.7626270337688088,0.7626270337688088,"[None, 0.0]","[None, None]","['no_incoming', 'below_incoming']","[0, 171]","[1, 1]","[None, None]","[0, 171]"
3,15,2768.65,0.6633481155760377,0.5545567883146034,0.7572022419569413,0.7572022419569413,0.7572022419569413,"[None, 0.0]","[None, None]","['no_incoming', 'below_incoming']","[0, 171]","[1, 1]","[None, None]","[0, 171]"
3,15,2768.6833333333334,0.6738114794306558,0.5545567883146034,0.7741422545128601,0.7741422545128601,0.7741422545128601,"[None, 0.0]","[None, None]","['no_incoming', 'below_incoming']","[0, 171]","[1, 1]","[None, None]","[0, 171]"
3,15,2768.7166666666667,0.6624178762430202,0.49196561918668835,0.7990417221213831,0.7990417221213831,0.7990417221213831,"[None, 0.0]","[None, None]","['no_incoming', 'below_incoming']","[0, 171]","[1, 1]","[None, None]","[0, 171]"
3,15,2768.75,0.6699299753185382,0.5036038927437521,0.8023934131111683,0.8023934131111683,0.8023934131111683,"[None, 0.0]","[None, None]","['no_incoming', 'below_incoming']","[0, 171]","[1, 1]","[None, None]","[0, 171]"
3,15,2768.883333333333,0.6048892272930687,0.5036038927437521,0.6979052303575444,0.6979052303575444,0.6979052303575444,"[None, 0.0]","[None, None]","['no_incoming', 'below_incoming']","[0, 171]","[1, 1]","[None, None]","[0, 171]"
3,15,2769.3166666666666,0.5970456083424369,0.5036038927437521,0.683937038440378,0.683937038440378,0.683937038440378,"[None, 0.0]","[None, None]","['no_incoming', 'below_incoming']","[0, 171]","[1, 1]","[None, None]","[0, 171]"
3,15,2769.383333333333,0.6064438349533019,0.5036038927437521,0.7006428309638463,0.7006428309638463,0.7006428309638463,"[None, 0.0]","[None, None]","['no_incoming', 'below_incoming']","[0, 171]","[1, 1]","[None, None]","[0, 171]"
3,15,2769.7166666666667,0.6225079244876645,0.5545567883146034,0.6859632670087478,0.6859632670087478,0.6859632670087478,"[None, 0.0]","[None, None]","['no_incoming', 'below_incoming']","[0, 171]","[1, 1]","[None, None]","[0, 171]"
3,15,2769.75,0.6265488251978465,0.5545567883146034,0.6933396936798015,0.6933396936798015,0.6933396936798015,"[None, 0.0]","[None, None]","['no_incoming', 'below_incoming']","[0, 171]","[1, 1]","[None, None]","[0, 171]"
3,15,2769.7833333333333,0.6162497253788758,0.543632797490284,0.6840277881460545,0.6840277881460545,0.6840277881460545,"[None, 0.0]","[None, None]","['no_incoming', 'below_incoming']","[0, 171]","[1, 1]","[None, None]","[0, 171]"
3,15,2769.8166666666666,0.5904039544193144,0.4838137895783056,0.6891264571343304,0.6891264571343304,0.6891264571343304,"[None, 0.0]","[None, None]","['no_incoming', 'below_incoming']","[0, 171]","[1, 1]","[None, None]","[0, 171]"
3,15,2769.95,0.6114301121041765,0.5036038927437521,0.7093520913872052,0.7093520913872052,0.7093520913872052,"[None, 0.0]","[None, None]","['no_incoming', 'below_incoming']","[0, 171]","[1, 1]","[None, None]","[0, 171]"
3,15,2770.1833333333334,0.7402704374036188,0.5036038927437521,0.8889769469139659,0.8889769469139659,0.8889769469139659,"[None, 0.0]","[None, None]","['no_incoming', 'below_incoming']","[0, 171]","[1, 1]","[None, None]","[0, 171]"
3,15,2770.35,0.6522672755169195,0.40977759902212263,0.8351981779195445,0.8351981779195445,0.8351981779195445,"[None, 0.0]","[None, None]","['no_incoming', 'below_incoming']","[0, 171]","[1, 1]","[None, None]","[0, 171]"
3,15,2770.383333333333,0.702184975479895,0.40977759902212263,0.8889769469139659,0.8889769469139659,0.8889769469139659,"[None, 0.0]","[None, None]","['no_incoming', 'below_incoming']","[0, 171]","[1, 1]","[None, None]","[0, 171]"
3,15,2770.4166666666665,0.91283454880695,0.40977759902212263,0.9937093355181555,0.9937093355181555,0.9937093355181555,"[None, 0.0]","[None, None]","['no_incoming', 'below_incoming']","[0, 171]","[1, 1]","[None, None]","[0, 171]"
3,15,2770.45,0.9077888567805877,0.40977759902212263,0.9928873795612486,0.9928873795612486,0.9928873795612486,"[None, 0.0]","[None, None]","['no_incoming', 'below_incoming']","[0, 171]","[1, 1]","[None, None]","[0, 171]"
3,15,2770.5833333333335,0.8770848718659371,0.4776073496381876,0.9823610585975471,0.9823610585975471,0.9823610585975471,"[None, 0.0]","[None, None]","['no_incoming', 'below_incoming']","[0, 171]","[1, 1]","[None, None]","[0, 171]"
3,15,2770.616666666667,0.9153734776066637,0.4776073496381876,0.9922462862350524,0.9922462862350524,0.9922462862350524,"[None, 0.0]","[None, None]","['no_incoming', 'below_incoming']","[0, 171]","[1, 1]","[None, 0]","[0, 171]"
3,15,2770.65,0.9003692298160443,0.40977759902212263,0.9915705001184476,0.9915705001184476,0.9915705001184476,"[None, 0.0]","[None, None]","['no_incoming', 'below_incoming']","[0, 171]","[1, 1]","[None, 0]","[0, 171]"
3,15,2770.6833333333334,0.9059062535249907,0.40977759902212263,0.9925655859487363,0.9925655859487363,0.9925655859487363,"[None, 0.0]","[None, None]","['no_incoming', 'below_incoming']","[0, 171]","[1, 1]","[None, 0]","[0, 171]"
