video_id,game,exchange,t_sec,trigger,receiver,label,reason,landing_lo,landing_hi,send,incoming,hands,board_sec,send_ratio,max_height,death_column_height,occupancy,ojama_fraction,queue_known,board_age,already_chaining
video_29,1,1,228.0,227.8999481201172,2P,0.0,no_fire_before_landing_interval,228.56700134277344,228.93299865722656,738,2,0.8,227.33299255371094,0.9972972972972973,0.7692307692307693,0.6923076923076923,0.6794871794871795,0.05128205128205128,0.0,0.40012265558494814,0.0
video_29,3,1,362.70001220703125,362.56658935546875,2P,0.0,no_fire_before_landing_interval,364.4330139160156,366.20001220703125,268,38,0.9,362.2669982910156,0.8758169934640523,0.9230769230769231,0.38461538461538464,0.6794871794871795,0.02564102564102564,1.0,0.3021700704900228,0.0
video_29,3,2,369.79998779296875,369.59991455078125,1P,0.0,no_fire_before_landing_interval,370.5669860839844,370.6000061035156,5,3,0.8,369.6669921875,0.625,0.6153846153846154,0.46153846153846156,0.4358974358974359,0.07692307692307693,1.0,0.11738404352744707,0.0
video_29,5,0,521.2329711914062,521.0999145507812,1P,0.0,no_fire_before_landing_interval,522.6669921875,522.7000122070312,127,1,0.8,520.5330200195312,0.9921875,0.5384615384615384,0.38461538461538464,0.38461538461538464,0.0,1.0,0.41174780985207526,0.0
video_29,14,1,1055.0,1054.6998291015625,2P,1.0,fire_before_landing_interval,1065.5,1065.666015625,205,24,0.875,1054.9329833984375,0.8951965065502183,0.9230769230769231,0.6153846153846154,0.6153846153846154,0.0,1.0,0.06280745910078939,0.0
video_29,15,0,1098.0999755859375,1097.999755859375,2P,0.0,no_fire_before_landing_interval,1098.199951171875,1098.9329833984375,131,4,0.8,1097.199951171875,0.9703703703703703,0.7692307692307693,0.5384615384615384,0.6923076923076923,0.0,1.0,0.47369097333761645,0.0
video_29,17,1,1186.166015625,1185.8997802734375,1P,0.0,no_fire_before_landing_interval,1186.2330322265625,1187.032958984375,334,6,0.8,1184.7330322265625,0.9823529411764705,0.8461538461538461,0.6153846153846154,0.5641025641025641,0.0,1.0,0.5889819878581105,0.0
video_29,22,2,1534.7659912109375,1534.133056640625,2P,1.0,fire_before_landing_interval,1543.133056640625,1543.9659423828125,75,47,0.9,1534.4659423828125,0.6147540983606558,0.5384615384615384,0.46153846153846156,0.358974358974359,0.01282051282051282,1.0,0.2307981220657277,0.0
video_29,24,1,1657.532958984375,1657.399658203125,1P,0.0,no_fire_before_landing_interval,1658.2330322265625,1660.9659423828125,82,27,0.8888888888888888,1655.699951171875,0.7522935779816514,0.7692307692307693,0.6923076923076923,0.6282051282051282,0.0,1.0,0.64701826956222,0.0
video_29,28,0,1850.166015625,1849.9996337890625,2P,0.0,no_fire_before_landing_interval,1855.5999755859375,1856.032958984375,413,5,0.8571428571428571,1849.0660400390625,0.9880382775119617,0.9230769230769231,0.6923076923076923,0.782051282051282,0.0,1.0,0.523803987676568,0.0
video_29,29,1,1893.199951171875,1893.032958984375,1P,0.0,no_fire_before_landing_interval,1893.2330322265625,1893.7330322265625,17,4,0.8,1892.0,0.8095238095238095,0.6923076923076923,0.15384615384615385,0.44871794871794873,0.0,1.0,0.5454444567750527,0.0
video_29,30,1,1958.3330078125,1958.1995849609375,1P,0.0,no_fire_before_landing_interval,1958.800048828125,1959.166015625,108,22,0.8571428571428571,1952.699951171875,0.8307692307692308,0.9230769230769231,0.6153846153846154,0.782051282051282,0.0,1.0,0.8492399425816187,0.0
video_29,32,1,2085.89990234375,2085.6328125,1P,0.0,no_fire_before_landing_interval,2093.60009765625,2095.133056640625,219,3,0.8,2085.76611328125,0.9864864864864865,0.5384615384615384,0.38461538461538464,0.46153846153846156,0.0,1.0,0.11800172265288544,0.0
video_29,35,0,2235.166015625,2234.99951171875,1P,0.0,no_fire_before_landing_interval,2235.3330078125,2236.39990234375,621,1,0.8,2233.966064453125,0.9983922829581994,1.0,0.46153846153846156,0.717948717948718,0.0,1.0,0.5454444567750527,0.0
video_29,36,0,2292.966064453125,2292.832763671875,1P,1.0,fire_before_landing_interval,2319.3330078125,2324.93310546875,23,7,0.8571428571428571,2292.8330078125,0.7666666666666666,0.8461538461538461,0.0,0.5769230769230769,0.0,1.0,0.11743158801982331,0.0
video_29,37,1,2378.199951171875,2376.6328125,2P,1.0,fire_before_landing_interval,2390.466064453125,2390.73291015625,83,1,0.6666666666666666,2378.199951171875,0.9880952380952381,0.9230769230769231,0.5384615384615384,0.6923076923076923,0.0,1.0,0.0,0.0
video_29,40,2,2535.666015625,2535.53271484375,2P,1.0,fire_before_landing_interval,2544.633056640625,2547.93310546875,675,123,0.9166666666666666,2533.73291015625,0.8458646616541353,0.9230769230769231,0.8461538461538461,0.7692307692307693,0.0,1.0,0.6590644248376893,0.0
video_29,43,0,2700.299072265625,2699.6328125,1P,0.0,no_fire_before_landing_interval,2700.865966796875,2701.56591796875,24,1,0.75,2698.666015625,0.96,0.7692307692307693,0.7692307692307693,0.5256410256410257,0.0,1.0,0.6202132591562355,0.0
video_30,2,1,260.0329895019531,259.76666259765625,1P,0.0,no_fire_before_landing_interval,272.9670104980469,274.0,51,3,0.8,260.0,0.9444444444444444,0.8461538461538461,0.8461538461538461,0.6538461538461539,0.34615384615384615,1.0,0.0319359508404975,0.0
video_30,3,1,331.9330139160156,330.6666564941406,1P,0.0,no_fire_before_landing_interval,332.86700439453125,333.2330017089844,153,148,0.9230769230769231,323.9330139160156,0.5083056478405316,0.9230769230769231,0.6923076923076923,0.6666666666666666,0.0,1.0,0.8888888888888888,0.0
video_30,9,3,632.2329711914062,631.9666748046875,1P,0.0,no_fire_before_landing_interval,651.1329956054688,651.5330200195312,7,1,0.8,630.9669799804688,0.875,0.46153846153846156,0.0,0.1794871794871795,0.0,1.0,0.5586920217637236,0.0
video_30,13,4,916.5330200195312,916.4000244140625,1P,1.0,fire_before_landing_interval,936.2999877929688,937.1329956054688,26,5,0.8571428571428571,915.8670043945312,0.8387096774193549,0.6153846153846154,0.15384615384615385,0.23076923076923078,0.0,1.0,0.39976553341148885,0.0
video_30,17,4,1208.0,1207.86669921875,2P,0.0,no_fire_before_landing_interval,1209.9000244140625,1211.0670166015625,61,48,0.9,1207.8330078125,0.5596330275229359,0.8461538461538461,0.6923076923076923,0.6410256410256411,0.10256410256410256,1.0,0.14309623430962343,0.0
video_30,22,0,1471.3330078125,1471.066650390625,2P,1.0,fire_before_landing_interval,1477.0,1486.3330078125,783,571,0.95,1469.532958984375,0.5782865583456426,1.0,0.6923076923076923,0.8205128205128205,0.0,1.0,0.6428633708257041,0.0
video_30,23,1,1546.532958984375,1546.300048828125,1P,0.0,no_fire_before_landing_interval,1555.5670166015625,1555.699951171875,491,46,0.9,1542.7330322265625,0.9143389199255121,0.7692307692307693,0.6923076923076923,0.7051282051282052,0.0,1.0,0.7916634877037715,0.0
video_30,24,1,1596.2330322265625,1596.0999755859375,2P,0.0,no_fire_before_landing_interval,1601.032958984375,1601.532958984375,728,114,0.9166666666666666,1595.7669677734375,0.8646080760095012,0.9230769230769231,0.7692307692307693,0.7564102564102564,0.10256410256410256,1.0,0.31790174854288095,0.0
video_30,35,0,2059.73291015625,2059.5,1P,0.0,no_fire_before_landing_interval,2059.89990234375,2060.532958984375,37,15,0.8333333333333334,2059.23291015625,0.7115384615384616,0.7692307692307693,0.46153846153846156,0.44871794871794873,0.02564102564102564,1.0,0.3333333333333333,0.0
video_30,35,2,2077.866943359375,2077.60009765625,1P,0.0,no_fire_before_landing_interval,2077.93310546875,2078.866943359375,389,164,0.9166666666666666,2077.76708984375,0.7034358047016275,0.7692307692307693,0.46153846153846156,0.6410256410256411,0.038461538461538464,1.0,0.09078801331853496,0.0
video_30,37,0,2194.3330078125,2194.199951171875,2P,0.0,no_fire_before_landing_interval,2194.93310546875,2195.76708984375,24,2,0.8,2194.032958984375,0.9230769230769231,0.6153846153846154,0.15384615384615385,0.358974358974359,0.0,1.0,0.2307981220657277,0.0
video_30,38,0,2230.633056640625,2230.5,2P,0.0,no_fire_before_landing_interval,2231.26708984375,2232.76708984375,1129,29,0.8571428571428571,2228.56689453125,0.9749568221070811,0.9230769230769231,0.5384615384615384,0.7692307692307693,0.0,0.0,0.673859383708894,0.0
video_30,42,1,2418.133056640625,2418.0,1P,1.0,fire_before_landing_interval,2449.0,2450.56689453125,873,322,0.9444444444444444,2416.866943359375,0.7305439330543934,0.9230769230769231,0.6923076923076923,0.7948717948717948,0.0,1.0,0.5587157940099117,0.0
video_30,44,2,2555.8330078125,2555.699951171875,2P,0.0,no_fire_before_landing_interval,2562.032958984375,2562.56689453125,510,7,0.8571428571428571,2549.532958984375,0.9864603481624759,0.9230769230769231,0.46153846153846156,0.717948717948718,0.0,1.0,0.8630146148958229,0.0
video_30,45,0,2591.699951171875,2591.60009765625,1P,0.0,no_fire_before_landing_interval,2594.10009765625,2594.366943359375,427,10,0.8571428571428571,2590.467041015625,0.977116704805492,0.7692307692307693,0.6153846153846154,0.5641025641025641,0.0,1.0,0.552153947080691,0.0
video_30,50,2,2849.26708984375,2849.066650390625,1P,0.0,no_fire_before_landing_interval,2849.866943359375,2850.133056640625,335,1,0.8,2846.8330078125,0.9970238095238095,0.9230769230769231,0.46153846153846156,0.5,0.038461538461538464,1.0,0.7088013649936016,0.0
video_30,50,3,2853.532958984375,2853.066650390625,2P,0.0,no_fire_before_landing_interval,2863.56689453125,2864.300048828125,7,1,0.75,2851.39990234375,0.875,0.8461538461538461,0.0,0.6025641025641025,0.11538461538461539,1.0,0.6808228785163251,0.0
video_30,51,1,2970.5,2970.36669921875,2P,0.0,no_fire_before_landing_interval,2970.73291015625,2973.699951171875,501,1,0.8,2969.633056640625,0.99800796812749,1.0,0.7692307692307693,0.7948717948717948,0.0,1.0,0.46436511050085,0.0
video_30,51,2,2974.0,2973.86669921875,2P,1.0,fire_before_landing_interval,2979.43310546875,2979.699951171875,249,18,0.8888888888888888,2973.699951171875,0.9325842696629214,1.0,0.7692307692307693,0.8333333333333334,0.07692307692307693,1.0,0.2307981220657277,0.0
video_30,51,5,2983.300048828125,2983.166748046875,1P,0.0,no_fire_before_landing_interval,2985.56689453125,2986.866943359375,386,2,0.8,2982.967041015625,0.9948453608247423,0.5384615384615384,0.46153846153846156,0.5,0.0,1.0,0.24981684981684982,0.0
video_30,52,0,3038.300048828125,3038.199951171875,1P,0.0,no_fire_before_landing_interval,3038.633056640625,3039.467041015625,350,13,0.8571428571428571,3038.300048828125,0.9641873278236914,0.7692307692307693,0.38461538461538464,0.5641025641025641,0.0,1.0,0.0,0.0
video_31,0,4,196.6999969482422,196.56666564941406,1P,0.0,no_fire_before_landing_interval,197.0330047607422,197.5330047607422,2213,60,0.8571428571428571,195.76699829101562,0.9736031676198856,0.8461538461538461,0.6923076923076923,0.6923076923076923,0.0,0.5,0.4826690663951185,0.0
video_31,3,0,339.8999938964844,339.6333312988281,1P,1.0,fire_before_landing_interval,356.13299560546875,356.9330139160156,145,29,0.8333333333333334,338.2330017089844,0.8333333333333334,1.0,0.38461538461538464,0.3974358974358974,0.0,1.0,0.6250457707799341,0.0
video_31,12,3,834.5330200195312,834.4000244140625,2P,0.0,no_fire_before_landing_interval,834.5999755859375,835.7670288085938,7,7,0.8571428571428571,833.5330200195312,0.5,0.9230769230769231,0.3076923076923077,0.6923076923076923,0.11538461538461539,1.0,0.5,0.0
video_31,15,3,980.7000122070312,980.5999755859375,2P,0.0,no_fire_before_landing_interval,980.8670043945312,981.3330078125,146,5,0.8571428571428571,979.6329956054688,0.9668874172185431,1.0,0.6153846153846154,0.7307692307692307,0.01282051282051282,1.0,0.5162109490344298,0.0
video_31,16,0,1057.366943359375,1056.9666748046875,2P,1.0,fire_before_landing_interval,1069.3330078125,1069.800048828125,456,24,0.875,1054.633056640625,0.95,1.0,0.7692307692307693,0.8333333333333334,0.0,1.0,0.732182555250425,0.0
video_31,17,0,1096.133056640625,1095.5,2P,1.0,fire_before_landing_interval,1102.032958984375,1103.4000244140625,22,3,0.75,1096.0,0.8800000000000001,0.5384615384615384,0.23076923076923078,0.3717948717948718,0.0,1.0,0.11743158801982331,0.0
video_31,17,1,1098.0999755859375,1097.9666748046875,1P,0.0,no_fire_before_landing_interval,1110.467041015625,1111.4000244140625,122,6,0.8571428571428571,1097.467041015625,0.953125,0.6153846153846154,0.46153846153846156,0.46153846153846156,0.0,1.0,0.38760559168722436,0.0
video_31,19,0,1208.532958984375,1208.4000244140625,1P,0.0,no_fire_before_landing_interval,1208.9000244140625,1210.532958984375,39,20,0.8571428571428571,1207.4329833984375,0.6610169491525423,0.46153846153846156,0.46153846153846156,0.358974358974359,0.0,1.0,0.523803987676568,0.0
video_31,22,0,1327.0,1326.7667236328125,2P,1.0,fire_before_landing_interval,1329.366943359375,1330.133056640625,83,3,0.8,1326.1669921875,0.9651162790697675,0.6153846153846154,0.5384615384615384,0.5384615384615384,0.0,0.0,0.45444858817261585,0.0
video_31,22,2,1330.5999755859375,1330.4000244140625,2P,0.0,no_fire_before_landing_interval,1330.9000244140625,1331.366943359375,8,5,0.8,1330.366943359375,0.6153846153846154,0.7692307692307693,0.0,0.48717948717948717,0.14102564102564102,1.0,0.188991188991189,0.0
video_31,24,0,1407.032958984375,1406.7667236328125,1P,0.0,no_fire_before_landing_interval,1422.4329833984375,1431.366943359375,92,2,0.8,1406.866943359375,0.9787234042553191,0.7692307692307693,0.6923076923076923,0.5897435897435898,0.0,1.0,0.1423785594639866,0.0
video_31,31,0,1842.199951171875,1842.066650390625,1P,0.0,no_fire_before_landing_interval,1842.7330322265625,1843.1669921875,33,2,0.8,1842.1669921875,0.9428571428571428,0.7692307692307693,0.38461538461538464,0.5897435897435898,0.0,1.0,0.0319073505081541,0.0
video_31,31,3,1871.5999755859375,1871.5,2P,0.0,no_fire_before_landing_interval,1872.3330078125,1873.4329833984375,6,1,0.8,1871.467041015625,0.8571428571428571,0.5384615384615384,0.0,0.3717948717948718,0.0,1.0,0.11733649391229393,0.0
video_31,31,5,1885.699951171875,1885.4000244140625,2P,1.0,fire_before_landing_interval,1902.1669921875,1902.300048828125,167,47,0.9,1884.133056640625,0.780373831775701,0.9230769230769231,0.5384615384615384,0.6282051282051282,0.05128205128205128,1.0,0.6104241963096824,0.0
video_31,39,0,2357.032958984375,2356.699951171875,1P,0.0,no_fire_before_landing_interval,2361.1669921875,2363.0,868,5,0.8333333333333334,2356.032958984375,0.9942726231386025,0.9230769230769231,0.6923076923076923,0.8076923076923077,0.0,1.0,0.5,0.0
video_31,43,0,2608.633056640625,2607.966552734375,2P,0.0,no_fire_before_landing_interval,2609.0,2609.06689453125,184,2,0.75,2606.93310546875,0.989247311827957,0.7692307692307693,0.6153846153846154,0.6923076923076923,0.0,1.0,0.6296229315489646,0.0
video_31,43,2,2613.8330078125,2613.699951171875,1P,0.0,no_fire_before_landing_interval,2618.89990234375,2620.133056640625,240,32,0.9,2613.133056640625,0.8823529411764706,0.7692307692307693,0.5384615384615384,0.5,0.0,1.0,0.41174780985207526,0.0
video_31,46,1,2786.300048828125,2786.066650390625,2P,0.0,no_fire_before_landing_interval,2787.199951171875,2787.3330078125,35,7,0.8333333333333334,2785.10009765625,0.8333333333333334,0.7692307692307693,0.0,0.5256410256410257,0.01282051282051282,1.0,0.5454444567750527,0.0
video_31,48,14,2973.43310546875,2973.166748046875,2P,0.0,no_fire_before_landing_interval,2973.89990234375,2974.300048828125,8,6,0.8,2972.967041015625,0.5714285714285715,0.9230769230769231,0.8461538461538461,0.7051282051282052,0.2564102564102564,1.0,0.31790174854288095,0.0
video_31,49,2,3039.8330078125,3039.566650390625,2P,0.0,no_fire_before_landing_interval,3052.6669921875,3053.39990234375,98,26,0.875,3039.26708984375,0.7903225806451613,0.9230769230769231,0.38461538461538464,0.5641025641025641,0.0641025641025641,1.0,0.36139694418459617,0.0
video_31,50,0,3100.0,3099.7666015625,1P,0.0,no_fire_before_landing_interval,3101.60009765625,3101.800048828125,238,1,0.8,3099.76708984375,0.99581589958159,0.7692307692307693,0.38461538461538464,0.5897435897435898,0.05128205128205128,1.0,0.1889108910891089,0.0
video_31,50,2,3108.06689453125,3107.800048828125,2P,1.0,fire_before_landing_interval,3113.133056640625,3114.800048828125,89,18,0.875,3106.23291015625,0.8317757009345794,0.6923076923076923,0.5384615384615384,0.5256410256410257,0.0,1.0,0.6471399035148173,0.0
video_31,51,1,3170.032958984375,3169.89990234375,1P,0.0,no_fire_before_landing_interval,3173.8330078125,3175.76708984375,252,51,0.9,3169.1669921875,0.8316831683168316,0.9230769230769231,0.7692307692307693,0.8076923076923077,0.01282051282051282,0.0,0.4640847834619914,0.0
video_32,1,0,623.0330200195312,622.9000244140625,1P,0.0,no_fire_before_landing_interval,623.1329956054688,624.3670043945312,271,4,0.8,621.8330078125,0.9854545454545455,0.7692307692307693,0.3076923076923077,0.5641025641025641,0.0,1.0,0.5454570675544458,0.0
video_32,7,2,925.5330200195312,925.3666381835938,2P,1.0,fire_before_landing_interval,941.4329833984375,942.3670043945312,390,43,0.8888888888888888,924.7670288085938,0.9006928406466512,0.7692307692307693,0.3076923076923077,0.5897435897435898,0.0,1.0,0.4337457662265846,0.0
video_32,12,2,1171.4000244140625,1171.2667236328125,2P,0.0,no_fire_before_landing_interval,1173.133056640625,1173.1669921875,35,14,0.8888888888888888,1171.0670166015625,0.7142857142857143,0.9230769230769231,0.6153846153846154,0.6794871794871795,0.19230769230769232,1.0,0.24981684981684982,0.0
video_32,20,0,1567.6669921875,1567.4000244140625,1P,0.0,no_fire_before_landing_interval,1568.0670166015625,1569.2669677734375,79,1,0.8,1566.300048828125,0.9875,0.6923076923076923,0.46153846153846156,0.44871794871794873,0.0,1.0,0.5775141825683342,0.0
video_32,21,3,1625.3330078125,1625.199951171875,2P,0.0,no_fire_before_landing_interval,1625.866943359375,1627.2669677734375,44,13,0.8571428571428571,1624.5999755859375,0.7719298245614035,0.7692307692307693,0.38461538461538464,0.47435897435897434,0.0,0.0,0.42297668521518633,0.0
video_32,22,1,1685.032958984375,1684.9000244140625,1P,0.0,no_fire_before_landing_interval,1685.032958984375,1686.0,557,5,0.8571428571428571,1685.032958984375,0.9911032028469751,0.8461538461538461,0.46153846153846156,0.6923076923076923,0.0,1.0,0.0,0.0
video_32,23,0,1746.7330322265625,1746.4000244140625,2P,0.0,no_fire_before_landing_interval,1752.9329833984375,1754.0,45,19,0.8333333333333334,1745.7330322265625,0.703125,0.6153846153846154,0.5384615384615384,0.48717948717948717,0.0,1.0,0.5,0.0
video_32,31,3,2137.8330078125,2137.699951171875,2P,0.0,no_fire_before_landing_interval,2139.23291015625,2139.800048828125,49,14,0.8571428571428571,2137.76708984375,0.7777777777777778,0.46153846153846156,0.46153846153846156,0.2692307692307692,0.0,1.0,0.06184150251946862,0.0
video_32,32,2,2176.467041015625,2176.199951171875,1P,1.0,fire_before_landing_interval,2199.800048828125,2201.39990234375,609,5,0.8333333333333334,2175.032958984375,0.99185667752443,1.0,0.46153846153846156,0.717948717948718,0.038461538461538464,1.0,0.5891675025075226,0.0
video_32,36,1,2365.8330078125,2365.699951171875,2P,0.0,no_fire_before_landing_interval,2383.633056640625,2384.199951171875,438,18,0.8571428571428571,2364.199951171875,0.9605263157894737,0.6923076923076923,0.5384615384615384,0.6538461538461539,0.038461538461538464,1.0,0.6202132591562355,0.0
video_32,37,0,2412.56689453125,2412.39990234375,2P,0.0,no_fire_before_landing_interval,2414.467041015625,2414.8330078125,126,13,0.8571428571428571,2412.5,0.9064748201438849,0.6923076923076923,0.6153846153846154,0.48717948717948717,0.02564102564102564,1.0,0.06270022883295194,0.0
video_32,50,0,3056.800048828125,3056.566650390625,2P,0.0,no_fire_before_landing_interval,3083.633056640625,3084.967041015625,368,9,0.8333333333333334,3055.467041015625,0.9761273209549072,0.9230769230769231,0.6153846153846154,0.5512820512820513,0.0,0.0,0.5713687735454165,0.0
video_32,51,3,3131.60009765625,3131.466552734375,2P,0.0,no_fire_before_landing_interval,3134.366943359375,3134.73291015625,45,2,0.8,3131.56689453125,0.9574468085106383,0.8461538461538461,0.6153846153846154,0.5769230769230769,0.05128205128205128,1.0,0.03213610586011342,0.0
video_32,51,4,3138.06689453125,3137.7666015625,2P,0.0,no_fire_before_landing_interval,3138.366943359375,3138.633056640625,5,1,0.8,3138.0,0.8333333333333334,0.9230769230769231,0.8461538461538461,0.8205128205128205,0.21794871794871795,1.0,0.06270022883295194,0.0
video_33,0,1,212.5330047607422,212.39999389648438,2P,0.0,no_fire_before_landing_interval,213.16700744628906,213.63299560546875,8342,77,0.8571428571428571,211.23300170898438,0.9908540206675377,1.0,0.7692307692307693,0.7051282051282052,0.0,1.0,0.5652179681954184,0.0
video_33,2,0,286.3330078125,286.20001220703125,2P,0.0,no_fire_before_landing_interval,286.4330139160156,287.13299560546875,29,1,0.8,286.13299560546875,0.9666666666666667,0.7692307692307693,0.46153846153846156,0.5384615384615384,0.01282051282051282,1.0,0.1666751436854687,0.0
video_33,3,3,360.2669982910156,360.0,2P,0.0,no_fire_before_landing_interval,369.13299560546875,369.2669982910156,76,1,0.8,359.9330139160156,0.987012987012987,0.46153846153846156,0.23076923076923078,0.32051282051282054,0.0,1.0,0.25036603221083453,0.0
video_33,7,0,577.4669799804688,577.1666870117188,2P,0.0,no_fire_before_landing_interval,577.5999755859375,578.5,181,1,0.8,576.5999755859375,0.9945054945054945,0.6923076923076923,0.5384615384615384,0.6153846153846154,0.0,1.0,0.46438262120370066,0.0
video_33,7,1,582.8670043945312,582.7666625976562,2P,1.0,fire_before_landing_interval,590.9000244140625,591.2670288085938,235,12,0.8571428571428571,582.5999755859375,0.951417004048583,0.9230769230769231,0.7692307692307693,0.7948717948717948,0.05128205128205128,1.0,0.21075196300399826,0.0
video_33,10,0,723.8670043945312,723.7000122070312,1P,1.0,fire_before_landing_interval,746.5330200195312,747.3670043945312,88,10,0.8571428571428571,723.6329956054688,0.8979591836734694,0.6923076923076923,0.5384615384615384,0.5,0.01282051282051282,1.0,0.18963300029676525,0.0
video_33,14,0,922.2999877929688,922.1666870117188,1P,0.0,no_fire_before_landing_interval,922.5670166015625,923.0670166015625,87,22,0.8571428571428571,920.2000122070312,0.7981651376146788,0.9230769230769231,0.0,0.6153846153846154,0.0,1.0,0.6774168143335302,0.0
video_33,17,1,1134.0,1133.4000244140625,1P,1.0,fire_before_landing_interval,1137.800048828125,1137.967041015625,14,5,0.8333333333333334,1131.1669921875,0.7368421052631579,0.46153846153846156,0.46153846153846156,0.4230769230769231,0.19230769230769232,1.0,0.739108280254777,0.0
video_33,23,0,1465.0670166015625,1464.9666748046875,1P,0.0,no_fire_before_landing_interval,1465.199951171875,1466.4000244140625,361,4,0.8,1464.7669677734375,0.989041095890411,0.9230769230769231,0.46153846153846156,0.6794871794871795,0.01282051282051282,1.0,0.2307981220657277,0.0
video_33,24,0,1533.032958984375,1532.9000244140625,1P,0.0,no_fire_before_landing_interval,1534.199951171875,1534.467041015625,237,18,0.8888888888888888,1531.3330078125,0.9294117647058824,0.9230769230769231,0.6923076923076923,0.8205128205128205,0.01282051282051282,1.0,0.6296229315489646,0.0
video_33,29,2,1785.6669921875,1785.566650390625,2P,0.0,no_fire_before_landing_interval,1788.199951171875,1789.5999755859375,906,7,0.8571428571428571,1784.866943359375,0.9923329682365827,0.9230769230769231,0.5384615384615384,0.782051282051282,0.0,1.0,0.44445951444459514,0.0
video_33,31,11,1962.967041015625,1962.4666748046875,1P,1.0,fire_before_landing_interval,1985.7669677734375,1986.0670166015625,657,11,0.8333333333333334,1962.300048828125,0.9835329341317365,1.0,0.46153846153846156,0.7564102564102564,0.10256410256410256,1.0,0.4001171646162859,0.0
video_33,39,3,2391.5,2391.36669921875,1P,1.0,fire_before_landing_interval,2444.23291015625,2445.6669921875,18,4,0.8,2390.10009765625,0.8181818181818182,0.8461538461538461,0.6923076923076923,0.7307692307692307,0.0,1.0,0.5833163784333673,0.0
video_33,40,0,2471.23291015625,2471.10009765625,2P,1.0,fire_before_landing_interval,2480.8330078125,2481.0,203,2,0.8,2467.60009765625,0.9902439024390244,0.7692307692307693,0.6153846153846154,0.44871794871794873,0.0,1.0,0.7841483979763912,0.0
video_33,42,2,2579.73291015625,2579.466552734375,1P,0.0,no_fire_before_landing_interval,2580.133056640625,2580.39990234375,171,18,0.875,2578.8330078125,0.9047619047619048,0.7692307692307693,0.6923076923076923,0.6794871794871795,0.11538461538461539,1.0,0.47365715754304805,0.0
video_33,45,0,2716.5,2716.36669921875,1P,0.0,no_fire_before_landing_interval,2716.6669921875,2720.56689453125,552,30,0.8571428571428571,2715.73291015625,0.9484536082474226,0.8461538461538461,0.7692307692307693,0.6410256410256411,0.0,0.0,0.4340978170765405,0.0
video_33,48,0,2873.032958984375,2872.89990234375,1P,0.0,no_fire_before_landing_interval,2874.699951171875,2876.300048828125,295,6,0.8,2872.300048828125,0.9800664451827242,0.9230769230769231,0.7692307692307693,0.717948717948718,0.0,1.0,0.4229360383206537,0.0
video_33,50,2,2983.5,2983.199951171875,2P,1.0,fire_before_landing_interval,2997.06689453125,2997.3330078125,853,19,0.875,2981.967041015625,0.9782110091743119,0.9230769230769231,0.38461538461538464,0.7948717948717948,0.0,1.0,0.6052048192771085,0.0
video_33,54,0,3205.26708984375,3205.166748046875,2P,1.0,fire_before_landing_interval,3222.56689453125,3223.10009765625,164,30,0.8888888888888888,3205.133056640625,0.845360824742268,0.7692307692307693,0.3076923076923077,0.48717948717948717,0.0,1.0,0.11819160387513455,0.0
video_34,2,1,275.20001220703125,275.0666809082031,1P,0.0,no_fire_before_landing_interval,275.9670104980469,276.2330017089844,220,5,0.8571428571428571,274.8330078125,0.9777777777777777,0.5384615384615384,0.3076923076923077,0.38461538461538464,0.0,1.0,0.26847345626646424,0.0
video_34,5,1,473.7330017089844,473.6000061035156,1P,0.0,no_fire_before_landing_interval,474.7669982910156,474.8330078125,203,5,0.8571428571428571,472.8999938964844,0.9759615384615384,0.8461538461538461,0.5384615384615384,0.6410256410256411,0.01282051282051282,1.0,0.45444858817261585,0.0
video_34,8,2,639.2999877929688,639.066650390625,1P,0.0,no_fire_before_landing_interval,641.9329833984375,642.5330200195312,134,1,0.8,638.0670166015625,0.9925925925925926,0.9230769230769231,0.6923076923076923,0.6666666666666666,0.0,0.0,0.5521661883285499,0.0
video_34,14,0,963.7329711914062,963.6666870117188,1P,0.0,no_fire_before_landing_interval,963.9000244140625,964.9669799804688,124,4,0.8,962.6669921875,0.96875,0.7692307692307693,0.46153846153846156,0.5512820512820513,0.038461538461538464,1.0,0.5159679754202487,0.0
video_34,14,1,971.6669921875,971.5,1P,0.0,no_fire_before_landing_interval,972.6669921875,973.0999755859375,274,7,0.8571428571428571,969.4669799804688,0.9750889679715302,0.9230769230769231,0.6923076923076923,0.717948717948718,0.07692307692307693,1.0,0.687501192088348,0.0
video_34,18,0,1201.633056640625,1201.5,1P,0.0,no_fire_before_landing_interval,1201.967041015625,1202.800048828125,535,6,0.8,1201.366943359375,0.988909426987061,0.6923076923076923,0.46153846153846156,0.5,0.0,1.0,0.21018125723100656,0.0
video_34,19,0,1255.5,1255.36669921875,1P,0.0,no_fire_before_landing_interval,1257.532958984375,1259.133056640625,203,128,0.9285714285714286,1254.633056640625,0.6132930513595166,0.9230769230769231,0.6923076923076923,0.8461538461538461,0.0,1.0,0.46436511050085,0.0
video_34,21,2,1358.7330322265625,1357.699951171875,2P,1.0,fire_before_landing_interval,1380.133056640625,1381.4329833984375,295,7,0.8,1357.1669921875,0.9768211920529801,0.8461538461538461,0.6923076923076923,0.7564102564102564,0.1794871794871795,1.0,0.6102944674373246,0.0
video_34,21,3,1361.300048828125,1361.1666259765625,1P,0.0,no_fire_before_landing_interval,1366.0670166015625,1366.7669677734375,236,1,0.8,1360.300048828125,0.9957805907172996,0.8461538461538461,0.38461538461538464,0.5641025641025641,0.0,1.0,0.5,0.0
video_34,22,1,1417.9329833984375,1417.800048828125,2P,0.0,no_fire_before_landing_interval,1418.0,1418.7330322265625,725,1,0.8,1417.5,0.9986225895316805,0.8461538461538461,0.6153846153846154,0.717948717948718,0.0,1.0,0.3021552091319533,0.0
video_34,35,1,2229.73291015625,2229.5,1P,1.0,fire_before_landing_interval,2251.43310546875,2252.76708984375,625,90,0.9166666666666666,2226.73291015625,0.8741258741258742,0.9230769230769231,0.8461538461538461,0.7435897435897436,0.0,1.0,0.75,0.0
video_34,35,4,2284.5,2284.36669921875,2P,1.0,fire_before_landing_interval,2289.366943359375,2290.1669921875,61,2,0.8,2283.26708984375,0.9682539682539683,0.8461538461538461,0.6923076923076923,0.6666666666666666,0.0,1.0,0.552153947080691,0.0
video_34,35,5,2288.032958984375,2287.7666015625,1P,0.0,no_fire_before_landing_interval,2288.89990234375,2289.5,100,22,0.8,2288.032958984375,0.819672131147541,1.0,0.6153846153846154,0.8076923076923077,0.19230769230769232,1.0,0.0,0.0
video_34,38,1,2411.43310546875,2411.166748046875,1P,0.0,no_fire_before_landing_interval,2431.5,2432.633056640625,295,41,0.8333333333333334,2410.56689453125,0.8779761904761905,0.6923076923076923,0.46153846153846156,0.48717948717948717,0.0,1.0,0.4641548927263213,0.0
video_34,41,4,2561.93310546875,2561.699951171875,2P,0.0,no_fire_before_landing_interval,2562.366943359375,2563.56689453125,356,84,0.9166666666666666,2561.866943359375,0.8090909090909091,1.0,0.46153846153846156,0.6410256410256411,0.05128205128205128,1.0,0.06205633157774216,0.0
video_35,1,0,233.86700439453125,233.5999755859375,1P,0.0,no_fire_before_landing_interval,235.66700744628906,236.60000610351562,91,5,0.8333333333333334,232.56700134277344,0.9479166666666666,0.7692307692307693,0.6153846153846154,0.6025641025641025,0.0,1.0,0.5652179681954184,0.0
video_35,7,2,534.0670166015625,533.9666137695312,2P,0.0,no_fire_before_landing_interval,534.2329711914062,534.7999877929688,102,4,0.8,533.1669921875,0.9622641509433962,0.7692307692307693,0.5384615384615384,0.6153846153846154,0.0,1.0,0.47369097333761645,0.0
video_35,15,5,942.6669921875,942.39990234375,1P,0.0,no_fire_before_landing_interval,948.5670166015625,948.9329833984375,629,70,0.9166666666666666,941.9329833984375,0.899856938483548,0.9230769230769231,0.7692307692307693,0.717948717948718,0.01282051282051282,1.0,0.4233016543470609,0.0
video_35,16,0,983.9329833984375,983.6665649414062,2P,0.0,no_fire_before_landing_interval,984.2329711914062,985.4329833984375,150,13,0.8333333333333334,983.8670043945312,0.9202453987730062,0.6923076923076923,0.3076923076923077,0.46153846153846156,0.0,1.0,0.061895219009447465,0.0
video_35,18,1,1153.5,1153.3665771484375,1P,0.0,no_fire_before_landing_interval,1163.6669921875,1164.967041015625,182,7,0.8571428571428571,1151.800048828125,0.9629629629629629,1.0,0.6153846153846154,0.7435897435897436,0.0,1.0,0.6296229315489646,0.0
video_35,37,4,2237.26611328125,2236.999755859375,2P,0.0,no_fire_before_landing_interval,2237.365966796875,2238.23291015625,47,18,0.875,2236.93310546875,0.7230769230769231,0.9230769230769231,0.38461538461538464,0.6794871794871795,0.0641025641025641,1.0,0.24981684981684982,0.0
video_35,41,0,2485.0,2484.8330078125,1P,1.0,fire_before_landing_interval,2497.966064453125,2498.93310546875,76,2,0.8,2484.43310546875,0.9743589743589743,0.6923076923076923,0.6923076923076923,0.5897435897435898,0.0,1.0,0.3617949516983484,0.0
video_35,44,1,2630.3330078125,2630.19970703125,2P,0.0,no_fire_before_landing_interval,2630.43310546875,2631.633056640625,38,10,0.8571428571428571,2630.166015625,0.7916666666666666,0.7692307692307693,0.3076923076923077,0.38461538461538464,0.0,1.0,0.14309623430962343,0.0
video_35,47,0,2805.666015625,2805.532958984375,2P,1.0,fire_before_landing_interval,2817.800048828125,2820.199951171875,480,18,0.8571428571428571,2804.300048828125,0.963855421686747,0.9230769230769231,0.6153846153846154,0.6794871794871795,0.0,1.0,0.5773397998142606,0.0
video_35,51,3,3021.032958984375,3019.93310546875,1P,1.0,fire_before_landing_interval,3049.93310546875,3050.73291015625,368,14,0.8571428571428571,3020.56591796875,0.9633507853403142,0.6923076923076923,0.46153846153846156,0.5641025641025641,0.0,1.0,0.3183557996338825,0.0
video_35,51,6,3055.699951171875,3055.399658203125,2P,1.0,fire_before_landing_interval,3064.0,3065.199951171875,21,5,0.8333333333333334,3055.26611328125,0.8076923076923077,0.5384615384615384,0.46153846153846156,0.3076923076923077,0.0,1.0,0.3025710880299676,0.0
video_36,0,3,163.8000030517578,163.69996643066406,2P,0.0,no_fire_before_landing_interval,167.1999969482422,168.83299255371094,1147,73,0.8888888888888888,163.56700134277344,0.9401639344262294,0.8461538461538461,0.23076923076923078,0.5897435897435898,0.14102564102564102,1.0,0.18897111600623717,0.0
video_36,1,1,201.5,201.4666290283203,1P,0.0,no_fire_before_landing_interval,206.43299865722656,207.5,6,5,0.8571428571428571,201.4669952392578,0.5454545454545454,0.38461538461538464,0.38461538461538464,0.20512820512820512,0.0,1.0,0.03195025037297449,0.0
video_36,2,3,253.36700439453125,253.23329162597656,1P,0.0,no_fire_before_landing_interval,254.5330047607422,256.13299560546875,44,5,0.8571428571428571,252.4669952392578,0.8979591836734694,0.8461538461538461,0.5384615384615384,0.47435897435897434,0.0,1.0,0.47368674660092036,0.0
video_36,2,4,253.73300170898438,253.3666229248047,1P,0.0,no_fire_before_landing_interval,254.5330047607422,256.13299560546875,44,5,0.8333333333333334,252.4669952392578,0.8979591836734694,0.8461538461538461,0.5384615384615384,0.47435897435897434,0.0,1.0,0.5586949934345645,0.0
video_36,2,5,258.0329895019531,257.89996337890625,2P,0.0,no_fire_before_landing_interval,258.9330139160156,259.0669860839844,75,2,0.8,255.4669952392578,0.974025974025974,0.9230769230769231,0.8461538461538461,0.47435897435897434,0.02564102564102564,1.0,0.7195733009272532,0.0
video_36,12,3,906.4660034179688,906.1998291015625,1P,1.0,fire_before_landing_interval,921.5330200195312,923.1329956054688,493,5,0.8333333333333334,905.3330078125,0.9899598393574297,0.6923076923076923,0.6153846153846154,0.5897435897435898,0.0,1.0,0.5311757804675652,0.0
video_36,16,4,1168.8330078125,1168.1998291015625,1P,0.0,no_fire_before_landing_interval,1175.0,1176.0999755859375,884,5,0.8333333333333334,1168.2659912109375,0.9943757030371203,0.7692307692307693,0.6153846153846154,0.717948717948718,0.0,1.0,0.36184466775726415,0.0
video_36,19,2,1342.9329833984375,1342.7996826171875,2P,0.0,no_fire_before_landing_interval,1343.2330322265625,1344.2659912109375,303,124,0.9285714285714286,1342.0999755859375,0.7096018735362998,0.9230769230769231,0.8461538461538461,0.8205128205128205,0.0,1.0,0.45444858817261585,0.0
video_36,20,2,1384.0660400390625,1383.69970703125,2P,0.0,no_fire_before_landing_interval,1420.8330078125,1421.9000244140625,15,7,0.8333333333333334,1380.166015625,0.6818181818181818,0.8461538461538461,0.6153846153846154,0.5384615384615384,0.0,0.0,0.7959193841707979,0.0
video_36,34,1,2359.133056640625,2358.832763671875,1P,0.0,no_fire_before_landing_interval,2359.43310546875,2360.10009765625,80,12,0.8333333333333334,2358.199951171875,0.8695652173913043,0.6923076923076923,0.07692307692307693,0.46153846153846156,0.0,1.0,0.48269765092195,0.0
video_36,36,1,2462.666015625,2462.49951171875,2P,0.0,no_fire_before_landing_interval,2462.89990234375,2463.8330078125,363,2,0.8,2461.76611328125,0.9945205479452055,0.6923076923076923,0.3076923076923077,0.5128205128205128,0.02564102564102564,1.0,0.47365715754304805,0.0
video_36,40,5,2655.26611328125,2655.03271484375,1P,0.0,no_fire_before_landing_interval,2657.89892578125,2658.032958984375,144,17,0.8333333333333334,2654.4990234375,0.8944099378881988,0.6923076923076923,0.5384615384615384,0.5128205128205128,0.01282051282051282,1.0,0.4340978170765405,0.0
video_36,42,1,2789.466064453125,2789.332763671875,1P,0.0,no_fire_before_landing_interval,2790.56591796875,2792.89892578125,5,4,0.8,2788.666015625,0.5555555555555556,0.8461538461538461,0.6923076923076923,0.5769230769230769,0.05128205128205128,0.0,0.44445951444459514,0.0
video_36,45,1,2997.76611328125,2997.6328125,2P,0.0,no_fire_before_landing_interval,2997.76611328125,2998.39892578125,17,14,0.8888888888888888,2997.76611328125,0.5483870967741935,0.9230769230769231,0.0,0.6410256410256411,0.0,1.0,0.0,0.0
video_36,48,0,3169.93310546875,3169.832763671875,2P,0.0,no_fire_before_landing_interval,3170.198974609375,3170.73291015625,38,5,0.8571428571428571,3167.59912109375,0.8837209302325582,0.8461538461538461,0.5384615384615384,0.5128205128205128,0.01282051282051282,1.0,0.700058582308143,0.0
video_36,49,0,3241.89892578125,3241.76611328125,1P,0.0,no_fire_before_landing_interval,3243.59912109375,3243.865966796875,98,18,0.8888888888888888,3239.365966796875,0.8448275862068966,0.8461538461538461,0.6153846153846154,0.6923076923076923,0.0,1.0,0.7169511436666436,0.0
video_36,49,1,3251.59912109375,3251.466064453125,2P,0.0,no_fire_before_landing_interval,3272.93310546875,3276.966064453125,757,18,0.8888888888888888,3250.032958984375,0.9767741935483871,0.9230769230769231,0.6923076923076923,0.8717948717948718,0.0,1.0,0.6103130054228904,0.0
video_37,4,1,381.9330139160156,381.79998779296875,2P,0.0,no_fire_before_landing_interval,386.2330017089844,386.7669982910156,585,144,0.9285714285714286,381.7669982910156,0.8024691358024691,0.8461538461538461,0.46153846153846156,0.6410256410256411,0.01282051282051282,1.0,0.1423785594639866,0.0
video_37,7,0,574.6329956054688,574.4000244140625,2P,0.0,no_fire_before_landing_interval,576.0330200195312,579.7000122070312,216,10,0.8333333333333334,572.5,0.9557522123893806,0.6923076923076923,0.6923076923076923,0.6153846153846154,0.0,1.0,0.6808166604975551,0.0
video_37,7,3,606.7329711914062,606.5999755859375,2P,0.0,no_fire_before_landing_interval,606.7329711914062,607.6669921875,38,20,0.8571428571428571,606.7329711914062,0.6551724137931034,0.9230769230769231,0.46153846153846156,0.6153846153846154,0.15384615384615385,1.0,0.0,0.0
video_37,9,1,713.5330200195312,713.2999877929688,2P,1.0,fire_before_landing_interval,721.0330200195312,721.9669799804688,50,1,0.8,711.9329833984375,0.9803921568627451,0.7692307692307693,0.46153846153846156,0.5128205128205128,0.0,1.0,0.6153900326298739,0.0
video_37,10,0,776.0999755859375,775.9666748046875,2P,0.0,no_fire_before_landing_interval,784.6329956054688,785.0670166015625,131,17,0.8571428571428571,775.9329833984375,0.8851351351351351,0.8461538461538461,0.6923076923076923,0.6153846153846154,0.0,1.0,0.14309623430962343,0.0
video_37,11,2,855.4669799804688,854.8666381835938,1P,1.0,fire_before_landing_interval,861.0,862.7000122070312,212,34,0.875,855.4329833984375,0.8617886178861789,0.9230769230769231,0.23076923076923078,0.5128205128205128,0.0,1.0,0.03287881470987545,0.0
video_37,12,0,898.8670043945312,898.0,1P,0.0,no_fire_before_landing_interval,900.8670043945312,902.4329833984375,177,33,0.8888888888888888,898.5670166015625,0.8428571428571429,0.9230769230769231,0.6923076923076923,0.6666666666666666,0.0,1.0,0.2307620076059909,0.0
video_37,20,0,1307.032958984375,1306.9000244140625,1P,1.0,fire_before_landing_interval,1313.0,1313.2669677734375,13,2,0.8,1306.699951171875,0.8666666666666667,0.8461538461538461,0.5384615384615384,0.6923076923076923,0.0,1.0,0.24981684981684982,0.0
video_37,20,4,1323.5999755859375,1322.6666259765625,2P,1.0,fire_before_landing_interval,1332.199951171875,1332.467041015625,11,5,0.8333333333333334,1323.3330078125,0.6875,0.6153846153846154,0.6153846153846154,0.5256410256410257,0.0,1.0,0.21071394161287216,0.0
video_37,23,3,1484.0,1483.7667236328125,1P,0.0,no_fire_before_landing_interval,1484.032958984375,1484.8330078125,1150,7,0.8333333333333334,1482.5,0.9939498703543648,0.9230769230769231,0.6153846153846154,0.782051282051282,0.01282051282051282,1.0,0.6,0.0
video_37,24,0,1548.3330078125,1548.1666259765625,1P,0.0,no_fire_before_landing_interval,1551.633056640625,1552.032958984375,85,18,0.8888888888888888,1546.699951171875,0.8252427184466019,0.8461538461538461,0.7692307692307693,0.7564102564102564,0.0,1.0,0.6202132591562355,0.0
video_37,27,2,1710.0999755859375,1709.9666748046875,2P,0.0,no_fire_before_landing_interval,1713.133056640625,1714.0999755859375,638,538,0.9411764705882353,1709.4000244140625,0.5425170068027211,0.8461538461538461,0.6923076923076923,0.7051282051282052,0.05128205128205128,0.0,0.41174780985207526,0.0
video_37,28,0,1764.967041015625,1764.5,2P,0.0,no_fire_before_landing_interval,1766.7669677734375,1767.0999755859375,182,22,0.8333333333333334,1762.699951171875,0.8921568627450981,0.8461538461538461,0.6153846153846154,0.6923076923076923,0.0,1.0,0.6939172022119264,0.0
video_37,32,2,2011.800048828125,2011.36669921875,1P,0.0,no_fire_before_landing_interval,2011.9000244140625,2012.967041015625,714,7,0.8333333333333334,2011.0999755859375,0.9902912621359223,0.9230769230769231,0.6153846153846154,0.6794871794871795,0.0,1.0,0.4117900481079917,0.0
video_37,32,3,2026.967041015625,2026.566650390625,1P,0.0,no_fire_before_landing_interval,2036.7330322265625,2038.133056640625,240,118,0.9166666666666666,2025.5999755859375,0.6703910614525139,0.7692307692307693,0.38461538461538464,0.5641025641025641,0.01282051282051282,1.0,0.5775359702954979,0.0
video_37,34,5,2181.633056640625,2181.199951171875,1P,1.0,fire_before_landing_interval,2184.0,2184.366943359375,440,20,0.8333333333333334,2180.300048828125,0.9565217391304348,0.6153846153846154,0.6153846153846154,0.5641025641025641,0.0,1.0,0.5713687735454165,0.0
video_37,34,6,2184.10009765625,2184.0,2P,1.0,fire_before_landing_interval,2208.10009765625,2208.300048828125,361,7,0.8571428571428571,2182.300048828125,0.9809782608695652,0.6923076923076923,0.5384615384615384,0.5641025641025641,0.0,1.0,0.6428633708257041,0.0
video_37,37,2,2320.89990234375,2320.7666015625,2P,0.0,no_fire_before_landing_interval,2321.60009765625,2322.8330078125,266,14,0.8888888888888888,2319.56689453125,0.95,0.8461538461538461,0.46153846153846156,0.6666666666666666,0.0,1.0,0.5713687735454165,0.0
video_37,39,3,2480.93310546875,2480.800048828125,1P,1.0,fire_before_landing_interval,2501.532958984375,2502.366943359375,205,32,0.9,2476.8330078125,0.8649789029535865,0.7692307692307693,0.6923076923076923,0.5256410256410257,0.0,1.0,0.8039253231211105,0.0
video_37,39,4,2485.76708984375,2485.466552734375,2P,0.0,no_fire_before_landing_interval,2496.467041015625,2497.133056640625,362,13,0.8333333333333334,2485.39990234375,0.9653333333333334,0.8461538461538461,0.5384615384615384,0.5256410256410257,0.0641025641025641,1.0,0.26857142857142857,0.0
video_37,43,0,2654.43310546875,2654.2666015625,2P,0.0,no_fire_before_landing_interval,2654.56689453125,2655.0,32,2,0.8,2654.3330078125,0.9411764705882353,0.6153846153846154,0.6153846153846154,0.46153846153846156,0.0,1.0,0.09098979138925876,0.0
video_37,44,0,2727.23291015625,2727.10009765625,2P,0.0,no_fire_before_landing_interval,2728.73291015625,2729.23291015625,1010,1,0.8,2725.032958984375,0.9990108803165183,1.0,0.7692307692307693,0.8461538461538461,0.0,1.0,0.6874952315556573,0.0
video_37,45,1,2763.26708984375,2763.166748046875,2P,1.0,fire_before_landing_interval,2766.1669921875,2766.532958984375,38,17,0.8888888888888888,2763.199951171875,0.6909090909090909,0.6153846153846154,0.0,0.41025641025641024,0.01282051282051282,1.0,0.06291466483642187,0.0
video_37,46,0,2875.76708984375,2875.566650390625,1P,0.0,no_fire_before_landing_interval,2877.73291015625,2878.199951171875,262,10,0.8571428571428571,2875.76708984375,0.9632352941176471,0.9230769230769231,0.7692307692307693,0.717948717948718,0.0,1.0,0.0,0.0
video_37,54,0,3406.39990234375,3406.2666015625,1P,1.0,fire_before_landing_interval,3420.366943359375,3420.5,559,7,0.8571428571428571,3405.133056640625,0.9876325088339223,0.9230769230769231,0.46153846153846156,0.5897435897435898,0.0,1.0,0.5588583737210555,0.0
video_38,0,4,176.0330047607422,175.89999389648438,2P,1.0,fire_before_landing_interval,194.5330047607422,195.8000030517578,178,87,0.8888888888888888,175.5,0.6716981132075471,0.7692307692307693,0.5384615384615384,0.6538461538461539,0.0,1.0,0.3476863049558562,0.0
video_38,10,0,739.4669799804688,739.0,1P,0.0,no_fire_before_landing_interval,740.6669921875,740.7000122070312,32,1,0.75,737.9669799804688,0.9696969696969697,0.8461538461538461,0.5384615384615384,0.6153846153846154,0.0,1.0,0.6,0.0
video_38,10,5,761.2000122070312,761.066650390625,2P,1.0,fire_before_landing_interval,762.6669921875,764.7999877929688,123,83,0.9166666666666666,757.7329711914062,0.5970873786407768,0.7692307692307693,0.38461538461538464,0.5384615384615384,0.0,1.0,0.7761381647264579,0.0
video_38,11,3,818.4329833984375,818.2000122070312,2P,0.0,no_fire_before_landing_interval,821.4669799804688,821.9329833984375,526,135,0.9285714285714286,816.3670043945312,0.7957639939485628,0.8461538461538461,0.38461538461538464,0.5897435897435898,0.01282051282051282,1.0,0.6738399060378636,0.0
video_38,12,6,898.5330200195312,898.3666381835938,1P,0.0,no_fire_before_landing_interval,903.1329956054688,904.5,24,14,0.8888888888888888,898.3330078125,0.631578947368421,1.0,0.6923076923076923,0.6666666666666666,0.1282051282051282,1.0,0.1666751436854687,0.0
video_38,14,2,1020.9000244140625,1020.7666625976562,1P,1.0,fire_before_landing_interval,1029.032958984375,1029.0670166015625,150,7,0.8571428571428571,1018.9669799804688,0.9554140127388535,0.6923076923076923,0.38461538461538464,0.6153846153846154,0.0,1.0,0.659057330142545,0.0
video_38,15,1,1070.032958984375,1069.7667236328125,1P,1.0,fire_before_landing_interval,1107.199951171875,1108.133056640625,654,41,0.9,1068.300048828125,0.9410071942446042,0.7692307692307693,0.46153846153846156,0.6794871794871795,0.0,1.0,0.6340896909058424,0.0
video_38,18,2,1248.5670166015625,1248.4666748046875,1P,0.0,no_fire_before_landing_interval,1252.9000244140625,1252.967041015625,445,5,0.8571428571428571,1247.9329833984375,0.9888888888888889,0.9230769230769231,0.46153846153846156,0.6153846153846154,0.02564102564102564,1.0,0.38801733154041534,0.0
video_38,37,0,2315.23291015625,2315.066650390625,1P,0.0,no_fire_before_landing_interval,2319.76708984375,2319.89990234375,22,18,0.8571428571428571,2314.300048828125,0.55,0.7692307692307693,0.6153846153846154,0.48717948717948717,0.0,1.0,0.4826323102185171,0.0
video_38,42,1,2624.300048828125,2624.199951171875,2P,0.0,no_fire_before_landing_interval,2625.633056640625,2626.89990234375,581,5,0.8571428571428571,2623.699951171875,0.9914675767918089,0.9230769230769231,0.6153846153846154,0.6794871794871795,0.01282051282051282,0.5,0.3750381446444919,0.0
video_38,43,0,2687.93310546875,2687.699951171875,1P,1.0,fire_before_landing_interval,2710.366943359375,2711.133056640625,243,18,0.8333333333333334,2687.10009765625,0.9310344827586207,0.6923076923076923,0.6153846153846154,0.5384615384615384,0.0,0.0,0.45444858817261585,0.0
video_38,43,2,2703.633056640625,2703.39990234375,2P,0.0,no_fire_before_landing_interval,2704.76708984375,2705.73291015625,360,12,0.8333333333333334,2703.43310546875,0.967741935483871,0.9230769230769231,0.46153846153846156,0.7051282051282052,0.1794871794871795,1.0,0.16663275686673448,0.0
video_38,46,0,2869.26708984375,2869.066650390625,1P,0.0,no_fire_before_landing_interval,2869.366943359375,2869.8330078125,108,4,0.8,2868.633056640625,0.9642857142857143,0.8461538461538461,0.46153846153846156,0.5256410256410257,0.0,1.0,0.38801733154041534,0.0
video_38,49,0,3069.23291015625,3069.10009765625,1P,0.0,no_fire_before_landing_interval,3069.26708984375,3069.8330078125,18,2,0.8,3067.93310546875,0.9,0.6923076923076923,0.0,0.38461538461538464,0.0,1.0,0.5651804670912951,0.0
video_39,1,0,217.8000030517578,217.69993591308594,2P,0.0,no_fire_before_landing_interval,225.56700134277344,226.1999969482422,449,4,0.8,217.5,0.9911699779249448,0.7692307692307693,0.7692307692307693,0.5897435897435898,0.0,1.0,0.23077103653884526,0.0
video_39,7,1,512.7999877929688,512.5331420898438,2P,0.0,no_fire_before_landing_interval,514.7329711914062,516.4000244140625,77,77,0.9166666666666666,512.7670288085938,0.5,0.7692307692307693,0.07692307692307693,0.41025641025641024,0.01282051282051282,1.0,0.0319073505081541,0.0
video_39,16,5,943.4660034179688,943.0996704101562,1P,1.0,fire_before_landing_interval,951.3330078125,952.2329711914062,189,18,0.875,941.5999755859375,0.9130434782608695,0.9230769230769231,0.23076923076923078,0.48717948717948717,0.0,1.0,0.6510850352450114,0.0
video_39,18,7,1071.5,1071.032958984375,1P,1.0,fire_before_landing_interval,1093.4000244140625,1093.9659423828125,458,182,0.9285714285714286,1070.3330078125,0.715625,0.6923076923076923,0.6153846153846154,0.5897435897435898,0.0,1.0,0.5385308697611537,0.0
video_39,26,1,1432.4329833984375,1432.299560546875,2P,0.0,no_fire_before_landing_interval,1435.365966796875,1437.0999755859375,438,5,0.8571428571428571,1431.800048828125,0.9887133182844243,0.7692307692307693,0.46153846153846156,0.5897435897435898,0.0,1.0,0.38760559168722436,0.0
video_39,33,0,1698.9990234375,1698.832763671875,2P,0.0,no_fire_before_landing_interval,1699.166015625,1700.0660400390625,40,7,0.8571428571428571,1697.365966796875,0.851063829787234,0.7692307692307693,0.46153846153846156,0.6410256410256411,0.0,1.0,0.6202132591562355,0.0
video_39,37,2,1896.032958984375,1895.0660400390625,2P,1.0,fire_before_landing_interval,1905.365966796875,1906.365966796875,97,10,0.8,1895.865966796875,0.9065420560747663,0.9230769230769231,0.6153846153846154,0.6538461538461539,0.01282051282051282,1.0,0.14309623430962343,0.0
video_39,39,1,2051.09912109375,2050.732666015625,1P,1.0,fire_before_landing_interval,2060.633056640625,2066.198974609375,19,1,0.8,2049.666015625,0.95,0.6153846153846154,0.5384615384615384,0.5897435897435898,0.038461538461538464,1.0,0.5890026088701585,0.0
video_39,40,0,2112.23291015625,2112.132568359375,1P,1.0,fire_before_landing_interval,2130.166015625,2131.198974609375,546,1,0.8,2110.76611328125,0.9981718464351006,0.9230769230769231,0.7692307692307693,0.8333333333333334,0.14102564102564102,1.0,0.5946159936658749,0.0
video_39,43,0,2263.3330078125,2262.53271484375,1P,0.0,no_fire_before_landing_interval,2264.3330078125,2265.43310546875,90,41,0.9,2263.06591796875,0.6870229007633588,0.6153846153846154,0.46153846153846156,0.44871794871794873,0.0,1.0,0.21078998073217725,0.0
video_39,44,0,2303.56591796875,2303.4658203125,2P,1.0,fire_before_landing_interval,2313.39892578125,2314.865966796875,177,1,0.8,2303.3330078125,0.9943820224719101,0.9230769230769231,0.7692307692307693,0.6153846153846154,0.0,1.0,0.1889108910891089,0.0
video_39,44,1,2306.06591796875,2305.9658203125,1P,0.0,no_fire_before_landing_interval,2306.299072265625,2306.76611328125,93,6,0.8571428571428571,2304.73291015625,0.9393939393939394,0.6923076923076923,0.5384615384615384,0.5,0.0,1.0,0.5713687735454165,0.0
video_39,46,0,2444.8330078125,2444.665771484375,2P,0.0,no_fire_before_landing_interval,2444.93310546875,2445.73291015625,153,2,0.8,2443.73291015625,0.9870967741935484,0.9230769230769231,0.6923076923076923,0.7692307692307693,0.0641025641025641,1.0,0.5238316670541735,0.0
video_39,46,1,2452.23291015625,2451.9658203125,1P,1.0,fire_before_landing_interval,2455.198974609375,2455.698974609375,180,88,0.9166666666666666,2451.59912109375,0.6716417910447761,0.8461538461538461,0.6153846153846154,0.7051282051282052,0.0,1.0,0.387925881649731,0.0
video_39,56,1,2871.431884765625,2871.299072265625,1P,1.0,fire_before_landing_interval,2898.365966796875,2899.09912109375,818,3,0.8,2869.06591796875,0.9963459196102314,0.8461538461538461,0.6153846153846154,0.7435897435897436,0.0,1.0,0.7029085370276348,0.0
video_40,1,7,262.7669982910156,262.566650390625,2P,0.0,no_fire_before_landing_interval,262.79998779296875,263.0669860839844,43,7,0.8571428571428571,261.5669860839844,0.86,0.7692307692307693,0.23076923076923078,0.44871794871794873,0.0,1.0,0.5454570675544458,0.0
video_40,6,3,490.13299560546875,489.99993896484375,1P,1.0,fire_before_landing_interval,495.86700439453125,496.5329895019531,38,7,0.8571428571428571,487.63299560546875,0.8444444444444444,0.9230769230769231,0.8461538461538461,0.8461538461538461,0.16666666666666666,1.0,0.7142857142857143,0.0
video_40,8,1,648.0330200195312,647.7999267578125,1P,0.0,no_fire_before_landing_interval,665.9000244140625,666.9669799804688,140,5,0.8333333333333334,646.4000244140625,0.9655172413793104,0.8461538461538461,0.6153846153846154,0.7051282051282052,0.0,1.0,0.6202044553652147,0.0
video_40,9,1,725.8670043945312,725.6665649414062,1P,0.0,no_fire_before_landing_interval,728.9669799804688,729.2329711914062,285,2,0.8,725.7000122070312,0.9930313588850174,0.7692307692307693,0.3076923076923077,0.5384615384615384,0.02564102564102564,1.0,0.14309623430962343,0.0
video_40,12,2,903.7329711914062,903.39990234375,1P,0.0,no_fire_before_landing_interval,908.5,909.2329711914062,32,5,0.8333333333333334,896.5670166015625,0.8648648648648649,0.9230769230769231,0.46153846153846156,0.5256410256410257,0.0,1.0,0.8775403427734302,0.0
video_40,17,0,1200.032958984375,1199.7666015625,2P,0.0,no_fire_before_landing_interval,1201.133056640625,1201.9000244140625,244,17,0.8333333333333334,1198.467041015625,0.9348659003831418,0.7692307692307693,0.7692307692307693,0.5384615384615384,0.0,1.0,0.6102759276879163,0.0
video_40,19,1,1338.9329833984375,1338.7998046875,2P,0.0,no_fire_before_landing_interval,1339.0670166015625,1339.699951171875,473,15,0.8888888888888888,1338.0999755859375,0.9692622950819674,0.9230769230769231,0.46153846153846156,0.7051282051282052,0.0,1.0,0.45444858817261585,0.0
video_40,22,0,1508.133056640625,1507.9998779296875,1P,0.0,no_fire_before_landing_interval,1509.9329833984375,1510.800048828125,288,58,0.9,1508.0999755859375,0.8323699421965318,0.7692307692307693,0.5384615384615384,0.6153846153846154,0.0,1.0,0.032021741699161055,0.0
video_40,23,9,1604.133056640625,1603.7664794921875,1P,0.0,no_fire_before_landing_interval,1606.199951171875,1606.800048828125,663,205,0.9285714285714286,1604.0,0.7638248847926268,0.9230769230769231,0.46153846153846156,0.6794871794871795,0.01282051282051282,1.0,0.11743158801982331,0.0
video_40,32,3,2045.9329833984375,2045.0997314453125,2P,1.0,fire_before_landing_interval,2050.8330078125,2051.39990234375,67,13,0.8333333333333334,2045.9329833984375,0.8375,0.6153846153846154,0.3076923076923077,0.4230769230769231,0.01282051282051282,1.0,0.0,0.0
video_40,33,6,2094.133056640625,2093.89990234375,1P,0.0,no_fire_before_landing_interval,2097.06591796875,2097.43310546875,20,7,0.8333333333333334,2093.26611328125,0.7407407407407407,0.9230769230769231,0.6153846153846154,0.717948717948718,0.08974358974358974,1.0,0.46436511050085,0.0
video_40,34,3,2201.466064453125,2201.133056640625,1P,0.0,no_fire_before_landing_interval,2206.032958984375,2206.39990234375,221,41,0.9,2200.26611328125,0.8435114503816794,0.9230769230769231,0.46153846153846156,0.6666666666666666,0.07692307692307693,1.0,0.5454444567750527,0.0
video_40,35,0,2232.365966796875,2231.999755859375,2P,1.0,fire_before_landing_interval,2242.43310546875,2242.8330078125,18,17,0.8333333333333334,2232.3330078125,0.5142857142857143,0.46153846153846156,0.46153846153846156,0.4358974358974359,0.0,1.0,0.0319073505081541,0.0
video_40,37,2,2425.10009765625,2424.8330078125,1P,0.0,no_fire_before_landing_interval,2425.3330078125,2425.699951171875,437,22,0.875,2424.0,0.9520697167755992,0.8461538461538461,0.3076923076923077,0.5256410256410257,0.01282051282051282,1.0,0.5238316670541735,0.0
video_40,45,2,2911.8330078125,2911.69970703125,1P,1.0,fire_before_landing_interval,2923.8330078125,2925.10009765625,880,5,0.8571428571428571,2911.133056640625,0.9943502824858758,0.9230769230769231,0.6153846153846154,0.7948717948717948,0.05128205128205128,0.0,0.41174780985207526,0.0
video_40,49,0,3140.93310546875,3140.69970703125,2P,1.0,fire_before_landing_interval,3153.23291015625,3154.133056640625,330,24,0.875,3140.800048828125,0.9322033898305084,0.8461538461538461,0.6153846153846154,0.5641025641025641,0.0,1.0,0.11743158801982331,0.0
video_40,49,1,3148.466064453125,3148.299560546875,1P,0.0,no_fire_before_landing_interval,3152.23291015625,3153.300048828125,45,2,0.8,3148.365966796875,0.9574468085106383,0.7692307692307693,0.6153846153846154,0.46153846153846156,0.0,1.0,0.09098979138925876,0.0
video_51,1,1,184.9669952392578,184.56666564941406,2P,0.0,no_fire_before_landing_interval,208.16700744628906,210.0,876,62,0.875,180.5,0.9339019189765458,0.9230769230769231,0.7692307692307693,0.8076923076923077,0.0,1.0,0.817084164840839,0.0
video_51,8,0,484.79998779296875,484.5,1P,0.0,no_fire_before_landing_interval,485.0329895019531,485.8330078125,163,3,0.8,483.1000061035156,0.9819277108433735,0.7692307692307693,0.6153846153846154,0.6666666666666666,0.0,1.0,0.6296271178777706,0.0
video_51,16,1,894.4000244140625,894.1666870117188,1P,1.0,fire_before_landing_interval,898.9000244140625,899.7000122070312,124,6,0.8,892.7329711914062,0.9538461538461539,0.9230769230769231,0.46153846153846156,0.7692307692307693,0.14102564102564102,1.0,0.6250543515573151,0.0
video_51,17,1,957.8330078125,957.4000244140625,2P,0.0,no_fire_before_landing_interval,977.9000244140625,978.6329956054688,840,10,0.8333333333333334,956.0670166015625,0.9882352941176471,0.8461538461538461,0.7692307692307693,0.782051282051282,0.07692307692307693,1.0,0.6384659517189638,0.0
video_51,19,4,1079.633056640625,1079.5,1P,0.0,no_fire_before_landing_interval,1079.7669677734375,1080.5,379,36,0.9,1078.0,0.9132530120481928,0.8461538461538461,0.5384615384615384,0.5897435897435898,0.01282051282051282,1.0,0.6202132591562355,0.0
video_51,21,6,1214.3330078125,1214.2667236328125,2P,0.0,no_fire_before_landing_interval,1217.633056640625,1218.5670166015625,77,8,0.8571428571428571,1213.467041015625,0.9058823529411765,0.9230769230769231,0.46153846153846156,0.6794871794871795,0.05128205128205128,1.0,0.4640847834619914,0.0
video_51,21,7,1220.3330078125,1220.199951171875,2P,0.0,no_fire_before_landing_interval,1225.199951171875,1225.2330322265625,47,3,0.8,1220.2669677734375,0.9400000000000001,0.9230769230769231,0.6923076923076923,0.6538461538461539,0.0641025641025641,1.0,0.061948929348448416,0.0
video_51,26,3,1577.300048828125,1577.1666259765625,1P,0.0,no_fire_before_landing_interval,1579.5670166015625,1579.8330078125,32,6,0.8571428571428571,1576.1669921875,0.8421052631578947,0.8461538461538461,0.6153846153846154,0.7435897435897436,0.1794871794871795,1.0,0.5311891953759872,0.0
video_51,26,5,1585.9000244140625,1585.7667236328125,2P,0.0,no_fire_before_landing_interval,1586.300048828125,1587.1669921875,46,14,0.8571428571428571,1585.7330322265625,0.7666666666666666,1.0,0.38461538461538464,0.6410256410256411,0.05128205128205128,1.0,0.14309623430962343,0.0
video_51,26,7,1595.5999755859375,1595.566650390625,2P,1.0,fire_before_landing_interval,1606.967041015625,1607.2330322265625,212,11,0.8571428571428571,1594.699951171875,0.9506726457399103,0.9230769230769231,0.5384615384615384,0.7948717948717948,0.14102564102564102,1.0,0.47369097333761645,0.0
video_51,27,3,1654.199951171875,1654.066650390625,2P,0.0,no_fire_before_landing_interval,1656.699951171875,1658.0,347,97,0.9166666666666666,1653.8330078125,0.7815315315315317,0.9230769230769231,0.5384615384615384,0.6538461538461539,0.0641025641025641,1.0,0.2684407929987498,0.0
video_51,32,1,1863.0999755859375,1862.800048828125,2P,0.0,no_fire_before_landing_interval,1863.133056640625,1863.699951171875,131,8,0.8333333333333334,1862.7330322265625,0.9424460431654677,0.8461538461538461,0.5384615384615384,0.6025641025641025,0.14102564102564102,1.0,0.2684407929987498,0.0
video_52,0,3,161.23300170898438,160.99996948242188,1P,0.0,no_fire_before_landing_interval,162.63299560546875,163.13299560546875,171,6,0.8,160.06700134277344,0.9661016949152542,0.8461538461538461,0.46153846153846156,0.6923076923076923,0.07692307692307693,1.0,0.5383195609752661,0.0
video_52,3,4,366.7330017089844,366.1999206542969,2P,1.0,fire_before_landing_interval,385.1000061035156,386.8999938964844,182,2,0.75,365.2669982910156,0.9891304347826086,0.8461538461538461,0.6153846153846154,0.7307692307692307,0.07692307692307693,1.0,0.5944855580031185,0.0
video_52,10,0,833.6329956054688,833.4998168945312,1P,0.0,no_fire_before_landing_interval,835.7659912109375,835.7999877929688,403,129,0.9166666666666666,833.2000122070312,0.7575187969924813,0.9230769230769231,0.6923076923076923,0.7435897435897436,0.02564102564102564,1.0,0.3021552091319533,0.0
video_52,24,0,1556.4000244140625,1556.2996826171875,2P,0.0,no_fire_before_landing_interval,1563.699951171875,1564.7659912109375,67,5,0.8571428571428571,1555.800048828125,0.9305555555555556,0.9230769230769231,0.5384615384615384,0.6153846153846154,0.0,1.0,0.37499046311131456,0.0
video_52,25,4,1645.0,1644.8330078125,2P,1.0,fire_before_landing_interval,1658.5999755859375,1659.9329833984375,194,33,0.9,1644.865966796875,0.8546255506607929,0.5384615384615384,0.5384615384615384,0.3717948717948718,0.0,1.0,0.11819160387513455,0.0
video_52,34,6,2132.699951171875,2132.432861328125,2P,1.0,fire_before_landing_interval,2146.166015625,2146.39990234375,837,16,0.875,2131.199951171875,0.981242672919109,0.9230769230769231,0.38461538461538464,0.7564102564102564,0.01282051282051282,1.0,0.6,0.0
video_52,36,0,2252.3330078125,2252.1328125,2P,1.0,fire_before_landing_interval,2269.93310546875,2270.633056640625,39,1,0.8,2252.26611328125,0.975,0.6923076923076923,0.5384615384615384,0.5897435897435898,0.0,1.0,0.06270022883295194,0.0
video_52,36,2,2262.633056640625,2262.466064453125,1P,1.0,fire_before_landing_interval,2280.26611328125,2280.865966796875,13,13,0.8571428571428571,2261.133056640625,0.5,0.8461538461538461,0.0,0.5512820512820513,0.02564102564102564,1.0,0.6,0.0
video_52,36,5,2291.43310546875,2290.966064453125,2P,1.0,fire_before_landing_interval,2291.8330078125,2295.133056640625,203,15,0.8333333333333334,2284.23291015625,0.9311926605504587,0.9230769230769231,0.46153846153846156,0.6923076923076923,0.0,1.0,0.8780516851256401,0.0
video_52,39,1,2441.633056640625,2441.332763671875,1P,1.0,fire_before_landing_interval,2455.466064453125,2455.93310546875,354,13,0.8333333333333334,2439.799072265625,0.9645776566757494,0.9230769230769231,0.6923076923076923,0.7948717948717948,0.038461538461538464,1.0,0.6471399035148173,0.0
video_52,40,5,2521.43310546875,2521.26611328125,2P,0.0,no_fire_before_landing_interval,2540.4990234375,2541.73291015625,167,1,0.8,2521.43310546875,0.9940476190476191,0.6923076923076923,0.3076923076923077,0.44871794871794873,0.02564102564102564,1.0,0.0,0.0
video_52,41,0,2566.76611328125,2566.432861328125,1P,0.0,no_fire_before_landing_interval,2567.73291015625,2568.93310546875,7,1,0.8,2565.532958984375,0.875,0.7692307692307693,0.3076923076923077,0.3717948717948718,0.0,1.0,0.5522029080572866,0.0
video_52,42,0,2616.59912109375,2616.332763671875,2P,0.0,no_fire_before_landing_interval,2616.73291015625,2617.93310546875,35,10,0.8333333333333334,2616.43310546875,0.7777777777777778,0.9230769230769231,0.0,0.5641025641025641,0.0,1.0,0.1423785594639866,0.0
video_52,42,1,2624.4990234375,2624.26611328125,2P,0.0,no_fire_before_landing_interval,2625.26611328125,2625.56591796875,784,32,0.8333333333333334,2624.4990234375,0.9607843137254902,0.9230769230769231,0.6153846153846154,0.8461538461538461,0.08974358974358974,1.0,0.0,0.0
video_52,43,2,2684.8330078125,2684.365966796875,1P,0.0,no_fire_before_landing_interval,2691.166015625,2692.9990234375,455,5,0.75,2684.76611328125,0.9891304347826086,0.7692307692307693,0.7692307692307693,0.6794871794871795,0.01282051282051282,1.0,0.06270022883295194,0.0
video_c1,5,0,518.0999755859375,517.8999633789062,1P,0.0,no_fire_before_landing_interval,522.4000244140625,523.4329833984375,234,2,0.8,516.8330078125,0.9915254237288136,0.9230769230769231,0.6153846153846154,0.7435897435897436,0.038461538461538464,1.0,0.5588821280491089,0.0
video_c1,7,2,642.9669799804688,642.6666259765625,1P,0.0,no_fire_before_landing_interval,649.5,649.7000122070312,175,13,0.8333333333333334,641.2329711914062,0.9308510638297872,0.9230769230769231,0.5384615384615384,0.6666666666666666,0.10256410256410256,1.0,0.6342367281332322,0.0
video_c1,7,6,676.7999877929688,676.5665893554688,1P,1.0,fire_before_landing_interval,695.3670043945312,695.9669799804688,502,13,0.8333333333333334,675.1669921875,0.974757281553398,0.8461538461538461,0.6153846153846154,0.7051282051282052,0.01282051282051282,1.0,0.6202044553652147,0.0
video_c1,12,2,929.0999755859375,928.9666137695312,2P,1.0,fire_before_landing_interval,932.7999877929688,933.0330200195312,47,6,0.8571428571428571,928.5670166015625,0.8867924528301888,0.8461538461538461,0.8461538461538461,0.7307692307692307,0.01282051282051282,1.0,0.3476668259276955,0.0
video_c1,12,3,931.6329956054688,931.3665771484375,1P,0.0,no_fire_before_landing_interval,931.7000122070312,931.9669799804688,166,30,0.8333333333333334,930.5330200195312,0.8469387755102041,0.9230769230769231,0.7692307692307693,0.7564102564102564,0.0641025641025641,1.0,0.523803987676568,0.0
video_c1,16,1,1138.2330322265625,1138.099853515625,2P,1.0,fire_before_landing_interval,1146.866943359375,1147.133056640625,81,1,0.8,1136.9000244140625,0.9878048780487805,0.9230769230769231,0.5384615384615384,0.5769230769230769,0.0641025641025641,1.0,0.5713687735454165,0.0
video_c1,19,0,1289.032958984375,1288.7666015625,2P,1.0,fire_before_landing_interval,1293.967041015625,1295.0999755859375,162,27,0.8333333333333334,1288.6669921875,0.8571428571428571,0.8461538461538461,0.46153846153846156,0.6025641025641025,0.0,1.0,0.2679177837354781,0.0
video_c1,19,3,1305.6669921875,1305.39990234375,1P,1.0,fire_before_landing_interval,1313.5,1318.2669677734375,461,324,0.9411764705882353,1304.967041015625,0.5872611464968154,0.8461538461538461,0.6923076923076923,0.6923076923076923,0.0,0.0,0.41174780985207526,0.0
video_c1,21,0,1431.9000244140625,1431.7664794921875,1P,0.0,no_fire_before_landing_interval,1434.032958984375,1445.9000244140625,1609,85,0.9166666666666666,1430.366943359375,0.9498229043683589,1.0,0.6923076923076923,0.8846153846153846,0.01282051282051282,1.0,0.6052238446339936,0.0
video_c1,25,0,1697.0,1696.866455078125,1P,0.0,no_fire_before_landing_interval,1699.5999755859375,1700.2330322265625,201,2,0.8,1696.8330078125,0.9901477832512315,0.9230769230769231,0.46153846153846156,0.6666666666666666,0.0,1.0,0.14309623430962343,0.0
video_c1,28,0,1864.9329833984375,1864.6998291015625,2P,0.0,no_fire_before_landing_interval,1865.032958984375,1866.300048828125,111,36,0.8333333333333334,1864.8330078125,0.7551020408163265,0.8461538461538461,0.8461538461538461,0.4358974358974359,0.0,1.0,0.09088891355010542,0.0
video_c1,30,0,1943.4659423828125,1943.2998046875,2P,0.0,no_fire_before_landing_interval,1944.4329833984375,1946.133056640625,428,36,0.8571428571428571,1942.666015625,0.9224137931034483,0.9230769230769231,0.3076923076923077,0.6538461538461539,0.0,1.0,0.4444218379111563,0.0
video_c1,32,2,2058.633056640625,2058.499755859375,2P,0.0,no_fire_before_landing_interval,2059.93310546875,2060.532958984375,10,5,0.8,2056.23291015625,0.6666666666666666,0.9230769230769231,0.8461538461538461,0.8333333333333334,0.02564102564102564,1.0,0.7058950240539958,0.0
video_c1,33,0,2116.666015625,2116.19970703125,2P,0.0,no_fire_before_landing_interval,2117.06591796875,2117.8330078125,18,10,0.75,2114.133056640625,0.6428571428571429,0.5384615384615384,0.07692307692307693,0.24358974358974358,0.0,1.0,0.7169511436666436,0.0
video_c1,35,5,2278.76611328125,2278.499755859375,1P,0.0,no_fire_before_landing_interval,2286.23291015625,2286.365966796875,184,14,0.875,2277.300048828125,0.9292929292929293,0.8461538461538461,0.3076923076923077,0.5384615384615384,0.038461538461538464,1.0,0.5944955944955945,0.0
video_c1,38,0,2408.60009765625,2408.3330078125,2P,0.0,no_fire_before_landing_interval,2408.73291015625,2409.300048828125,32,1,0.8,2407.56591796875,0.9696969696969697,0.8461538461538461,0.5384615384615384,0.5384615384615384,0.0,1.0,0.5084013442150744,0.0
video_c1,38,2,2424.0,2423.89990234375,1P,1.0,fire_before_landing_interval,2427.43310546875,2429.466064453125,32,21,0.8571428571428571,2424.0,0.6037735849056604,0.6153846153846154,0.6153846153846154,0.5128205128205128,0.0,1.0,0.0,0.0
video_c1,40,3,2554.032958984375,2553.899658203125,1P,0.0,no_fire_before_landing_interval,2556.532958984375,2556.93310546875,83,44,0.8888888888888888,2552.800048828125,0.6535433070866141,0.8461538461538461,0.3076923076923077,0.47435897435897434,0.14102564102564102,1.0,0.552153947080691,0.0
video_c1,41,0,2625.56591796875,2625.43310546875,2P,0.0,no_fire_before_landing_interval,2625.93310546875,2626.06591796875,18,8,0.8571428571428571,2624.800048828125,0.6923076923076923,0.9230769230769231,0.7692307692307693,0.6923076923076923,0.07692307692307693,1.0,0.4337066224249965,0.0
video_c1,42,6,2724.06591796875,2723.7998046875,2P,1.0,fire_before_landing_interval,2725.10009765625,2730.60009765625,107,70,0.9,2723.43310546875,0.6045197740112994,0.8461538461538461,0.8461538461538461,0.717948717948718,0.2948717948717949,1.0,0.3875598086124402,0.0
video_c1,43,1,2792.06591796875,2791.93310546875,1P,0.0,no_fire_before_landing_interval,2793.23291015625,2794.43310546875,82,18,0.8888888888888888,2791.3330078125,0.82,0.9230769230769231,0.6153846153846154,0.5256410256410257,0.0,0.5,0.4229360383206537,0.0
video_c1,49,0,3097.699951171875,3097.3330078125,2P,0.0,no_fire_before_landing_interval,3099.966064453125,3101.300048828125,36,18,0.8333333333333334,3096.39990234375,0.6666666666666666,0.8461538461538461,0.38461538461538464,0.4230769230769231,0.0,1.0,0.565226621377773,0.0
video_c1,50,1,3151.89990234375,3151.7998046875,1P,0.0,no_fire_before_landing_interval,3151.966064453125,3153.60009765625,410,2,0.8,3151.800048828125,0.9951456310679612,0.7692307692307693,0.46153846153846156,0.6410256410256411,0.0,1.0,0.09078801331853496,0.0
video_c1,54,1,3341.166015625,3341.032958984375,2P,0.0,no_fire_before_landing_interval,3341.865966796875,3342.06591796875,392,4,0.8,3341.166015625,0.98989898989899,0.6923076923076923,0.46153846153846156,0.5512820512820513,0.0,1.0,0.0,0.0
video_c10,4,0,434.36700439453125,434.0999450683594,1P,0.0,no_fire_before_landing_interval,434.36700439453125,435.5329895019531,251,16,0.875,434.36700439453125,0.9400749063670412,0.9230769230769231,0.23076923076923078,0.5128205128205128,0.0,1.0,0.0,0.0
video_c10,6,5,623.9329833984375,623.7999267578125,2P,0.0,no_fire_before_landing_interval,624.6329956054688,625.0999755859375,114,32,0.9,623.7999877929688,0.7808219178082192,0.7692307692307693,0.6923076923076923,0.5897435897435898,0.0,1.0,0.11738404352744707,0.0
video_c10,11,1,900.2329711914062,899.6998901367188,1P,0.0,no_fire_before_landing_interval,905.0670166015625,906.0330200195312,8,1,0.75,900.2329711914062,0.8888888888888888,0.7692307692307693,0.38461538461538464,0.5128205128205128,0.0,1.0,0.0,0.0
video_c10,12,4,984.8330078125,984.7999267578125,1P,0.0,no_fire_before_landing_interval,985.3330078125,986.2000122070312,30,1,0.8,984.3670043945312,0.967741935483871,0.9230769230769231,0.46153846153846156,0.28205128205128205,0.0,0.5,0.317873350264374,0.0
video_c10,14,2,1089.133056640625,1088.8665771484375,2P,1.0,fire_before_landing_interval,1093.633056640625,1094.1669921875,238,8,0.8333333333333334,1088.467041015625,0.967479674796748,0.9230769230769231,0.6923076923076923,0.6282051282051282,0.0,0.0,0.39976553341148885,0.0
video_c10,19,2,1362.6669921875,1362.466552734375,1P,0.0,no_fire_before_landing_interval,1362.8330078125,1363.800048828125,14,13,0.8571428571428571,1362.5670166015625,0.5185185185185186,0.7692307692307693,0.0,0.41025641025641024,0.0,1.0,0.09088891355010542,0.0
video_c10,20,2,1415.699951171875,1415.5665283203125,2P,0.0,no_fire_before_landing_interval,1415.699951171875,1416.800048828125,224,20,0.8571428571428571,1415.699951171875,0.9180327868852459,0.9230769230769231,0.46153846153846156,0.6923076923076923,0.0,1.0,0.0,0.0
video_c10,21,2,1487.699951171875,1487.4998779296875,2P,0.0,no_fire_before_landing_interval,1501.0999755859375,1501.8330078125,598,79,0.875,1487.032958984375,0.8833087149187592,0.9230769230769231,0.8461538461538461,0.7692307692307693,0.07692307692307693,1.0,0.4001171646162859,0.0
video_c10,22,6,1566.9329833984375,1566.2998046875,1P,1.0,fire_before_landing_interval,1577.7669677734375,1578.532958984375,218,1,0.75,1566.9329833984375,0.9954337899543378,0.7692307692307693,0.46153846153846156,0.5,0.0,1.0,0.0,0.0
video_c10,23,0,1613.4329833984375,1612.9998779296875,2P,0.0,no_fire_before_landing_interval,1613.4329833984375,1614.532958984375,304,3,0.8,1613.4329833984375,0.990228013029316,0.9230769230769231,0.6923076923076923,0.7435897435897436,0.0,1.0,0.0,0.0
video_c10,30,0,2051.23291015625,2051.099853515625,2P,1.0,fire_before_landing_interval,2055.0,2058.633056640625,626,51,0.8888888888888888,2051.032958984375,0.9246676514032497,0.8461538461538461,0.6153846153846154,0.6923076923076923,0.0,1.0,0.16663275686673448,0.0
video_c10,32,5,2181.76611328125,2181.2998046875,2P,0.0,no_fire_before_landing_interval,2184.3330078125,2184.60009765625,70,28,0.875,2178.865966796875,0.7142857142857143,0.9230769230769231,0.5384615384615384,0.7051282051282052,0.05128205128205128,1.0,0.7435993740219092,0.0
video_c10,35,0,2365.93310546875,2365.69970703125,2P,1.0,fire_before_landing_interval,2372.89990234375,2373.966064453125,775,20,0.8333333333333334,2365.23291015625,0.9748427672955975,0.9230769230769231,0.6923076923076923,0.7692307692307693,0.0,1.0,0.4118322802986789,0.0
video_c10,35,1,2368.365966796875,2368.099853515625,1P,1.0,fire_before_landing_interval,2383.466064453125,2385.3330078125,436,10,0.8333333333333334,2368.23291015625,0.9775784753363229,0.9230769230769231,0.6153846153846154,0.6923076923076923,0.0,1.0,0.11743158801982331,0.0
video_c10,39,2,2614.966064453125,2614.8330078125,1P,0.0,no_fire_before_landing_interval,2615.3330078125,2616.032958984375,253,40,0.8888888888888888,2614.966064453125,0.863481228668942,0.9230769230769231,0.7692307692307693,0.7435897435897436,0.0,1.0,0.0,0.0
video_c10,40,0,2659.93310546875,2659.7998046875,2P,0.0,no_fire_before_landing_interval,2661.699951171875,2662.532958984375,691,73,0.9166666666666666,2659.800048828125,0.9044502617801047,0.9230769230769231,0.38461538461538464,0.7307692307692307,0.02564102564102564,1.0,0.11743158801982331,0.0
video_c100,0,4,306.6669921875,306.5,2P,0.0,no_fire_before_landing_interval,307.2330017089844,308.29998779296875,16100,600,0.8571428571428571,306.36700439453125,0.9640718562874252,0.8461538461538461,0.46153846153846156,0.782051282051282,0.01282051282051282,1.0,0.2307620076059909,0.0
video_c100,2,1,442.29998779296875,442.0666809082031,2P,1.0,fire_before_landing_interval,458.70001220703125,459.8330078125,143,1,0.8,440.9670104980469,0.9930555555555556,0.9230769230769231,0.46153846153846156,0.44871794871794873,0.0,1.0,0.5713631666383245,0.0
video_c100,4,2,547.4329833984375,547.2999877929688,1P,1.0,fire_before_landing_interval,566.8330078125,568.0670166015625,82,22,0.8571428571428571,546.0330200195312,0.7884615384615385,0.8461538461538461,0.46153846153846156,0.5,0.01282051282051282,1.0,0.5833269754075431,0.0
video_c100,4,3,551.3330078125,551.066650390625,2P,0.0,no_fire_before_landing_interval,551.6669921875,552.1329956054688,205,14,0.8333333333333334,550.2000122070312,0.9360730593607306,0.7692307692307693,0.3076923076923077,0.46153846153846156,0.0,1.0,0.5311757804675652,0.0
video_c100,19,3,1497.532958984375,1497.2667236328125,2P,0.0,no_fire_before_landing_interval,1498.2669677734375,1498.9329833984375,227,2,0.8,1497.5,0.9912663755458515,0.6923076923076923,0.5384615384615384,0.6025641025641025,0.1282051282051282,1.0,0.0319073505081541,0.0
video_c100,21,4,1674.467041015625,1674.36669921875,2P,1.0,fire_before_landing_interval,1682.800048828125,1683.5,24,1,0.8,1672.9000244140625,0.96,0.46153846153846156,0.3076923076923077,0.2948717948717949,0.0,1.0,0.610442721955395,0.0
video_c100,21,8,1715.1669921875,1713.566650390625,2P,0.0,no_fire_before_landing_interval,1716.6669921875,1716.866943359375,76,69,0.9,1714.199951171875,0.5241379310344828,0.6153846153846154,0.38461538461538464,0.3974358974358974,0.0641025641025641,1.0,0.4916221918828348,0.0
video_c100,22,1,1742.3330078125,1742.066650390625,2P,0.0,no_fire_before_landing_interval,1742.633056640625,1742.7330322265625,5,1,0.8,1741.032958984375,0.8333333333333334,0.7692307692307693,0.46153846153846156,0.5128205128205128,0.0,1.0,0.565226621377773,0.0
video_c100,25,2,1963.633056640625,1963.5,2P,1.0,fire_before_landing_interval,1971.7330322265625,1971.9329833984375,356,21,0.8888888888888888,1962.5670166015625,0.9442970822281167,0.8461538461538461,0.8461538461538461,0.6410256410256411,0.0,1.0,0.5159822747415066,0.0
video_c100,27,0,2050.5,2050.36669921875,2P,1.0,fire_before_landing_interval,2061.532958984375,2061.76708984375,337,6,0.8,2049.467041015625,0.9825072886297376,1.0,0.7692307692307693,0.8461538461538461,0.0,1.0,0.5081061606821184,0.0
video_c100,28,0,2100.26708984375,2099.566650390625,1P,1.0,fire_before_landing_interval,2119.866943359375,2120.3330078125,197,29,0.875,2097.43310546875,0.8716814159292036,0.9230769230769231,0.7692307692307693,0.782051282051282,0.0,0.5,0.739174732552216,0.0
video_c100,29,2,2171.89990234375,2171.7666015625,2P,0.0,no_fire_before_landing_interval,2184.467041015625,2185.467041015625,146,38,0.9,2171.300048828125,0.7934782608695652,0.8461538461538461,0.7692307692307693,0.782051282051282,0.0,1.0,0.37494277430184647,0.0
video_c100,40,2,2794.56689453125,2794.39990234375,2P,0.0,no_fire_before_landing_interval,2794.800048828125,2795.3330078125,158,10,0.8571428571428571,2793.60009765625,0.9404761904761905,0.9230769230769231,0.38461538461538464,0.7307692307692307,0.0,1.0,0.4915590863952334,0.0
video_c100,41,1,2856.699951171875,2856.566650390625,1P,0.0,no_fire_before_landing_interval,2856.73291015625,2858.032958984375,146,51,0.9,2856.06689453125,0.7411167512690355,0.6153846153846154,0.3076923076923077,0.47435897435897434,0.0,1.0,0.38765136791747645,0.0
video_c100,43,1,2980.532958984375,2980.39990234375,2P,0.0,no_fire_before_landing_interval,2983.23291015625,2983.76708984375,104,87,0.9166666666666666,2979.60009765625,0.5445026178010471,0.8461538461538461,0.5384615384615384,0.5897435897435898,0.0,1.0,0.4826323102185171,0.0
video_c100,46,0,3173.76708984375,3173.666748046875,2P,0.0,no_fire_before_landing_interval,3174.366943359375,3174.60009765625,944,823,0.95,3172.800048828125,0.5342388228636106,0.9230769230769231,0.7692307692307693,0.7564102564102564,0.0,1.0,0.4916221918828348,0.0
video_c100,48,0,3287.93310546875,3287.666748046875,1P,0.0,no_fire_before_landing_interval,3290.76708984375,3291.26708984375,1204,3,0.8,3287.467041015625,0.9975144987572494,0.8461538461538461,0.6153846153846154,0.7435897435897436,0.0,1.0,0.31790174854288095,0.0
video_c100,50,3,3407.133056640625,3407.0,2P,0.0,no_fire_before_landing_interval,3411.866943359375,3412.467041015625,291,236,0.9375,3407.06689453125,0.5521821631878558,0.6923076923076923,0.3076923076923077,0.46153846153846156,0.0,1.0,0.06205633157774216,0.0
video_c100,51,2,3450.73291015625,3450.60009765625,2P,1.0,fire_before_landing_interval,3456.800048828125,3457.06689453125,64,4,0.8,3450.366943359375,0.9411764705882353,0.9230769230769231,0.6923076923076923,0.8076923076923077,0.02564102564102564,1.0,0.2679177837354781,0.0
video_c100,53,3,3577.5,3577.36669921875,2P,0.0,no_fire_before_landing_interval,3579.5,3580.866943359375,31,21,0.8888888888888888,3577.3330078125,0.5961538461538461,0.5384615384615384,0.5384615384615384,0.3076923076923077,0.0,1.0,0.14309623430962343,0.0
video_c100,54,1,3624.56689453125,3624.466552734375,1P,0.0,no_fire_before_landing_interval,3627.06689453125,3628.0,337,1,0.8,3623.866943359375,0.9970414201183432,0.9230769230769231,0.8461538461538461,0.7051282051282052,0.0,1.0,0.41174780985207526,0.0
video_c100,58,1,3891.467041015625,3891.066650390625,1P,0.0,no_fire_before_landing_interval,3909.23291015625,4241.5,22,3,0.8,3886.199951171875,0.8800000000000001,0.5384615384615384,0.5384615384615384,0.2948717948717949,0.038461538461538464,1.0,0.8404363069731203,0.0
video_c101,1,0,228.0330047607422,227.86666870117188,1P,0.0,no_fire_before_landing_interval,228.3000030517578,228.93299865722656,183,2,0.8,227.23300170898438,0.9891891891891892,0.9230769230769231,0.6923076923076923,0.782051282051282,0.0,0.0,0.44444538634340697,0.0
video_c101,1,2,238.39999389648438,238.0,1P,0.0,no_fire_before_landing_interval,238.39999389648438,238.9669952392578,893,85,0.9166666666666666,238.39999389648438,0.9130879345603272,0.9230769230769231,0.6923076923076923,0.8717948717948718,0.0,1.0,0.0,0.0
video_c101,2,1,280.9670104980469,280.70001220703125,2P,1.0,fire_before_landing_interval,283.2330017089844,283.5,84,30,0.875,279.5329895019531,0.7368421052631579,0.9230769230769231,0.8461538461538461,0.8333333333333334,0.038461538461538464,1.0,0.5891572005316081,0.0
video_c101,2,2,282.70001220703125,282.5666809082031,1P,0.0,no_fire_before_landing_interval,283.2330017089844,284.20001220703125,24,6,0.8571428571428571,282.0,0.8,0.7692307692307693,0.6153846153846154,0.6025641025641025,0.0,1.0,0.4117689297382688,0.0
video_c101,5,0,471.63299560546875,471.5,1P,0.0,no_fire_before_landing_interval,473.36700439453125,474.2669982910156,218,41,0.8571428571428571,470.7330017089844,0.8416988416988417,0.9230769230769231,0.46153846153846156,0.6923076923076923,0.0,1.0,0.4736825197963347,0.0
video_c101,6,1,519.6329956054688,519.5,2P,0.0,no_fire_before_landing_interval,541.9329833984375,542.6329956054688,109,21,0.8571428571428571,518.2999877929688,0.8384615384615385,0.9230769230769231,0.6923076923076923,0.717948717948718,0.0,1.0,0.5713687735454165,0.0
video_c101,8,6,638.9669799804688,638.7999877929688,2P,1.0,fire_before_landing_interval,649.1669921875,649.5999755859375,27,2,0.8,637.7000122070312,0.9310344827586207,0.8461538461538461,0.6153846153846154,0.5512820512820513,0.0,1.0,0.5588821280491089,0.0
video_c101,10,0,754.9329833984375,754.6666870117188,1P,1.0,fire_before_landing_interval,763.2329711914062,763.8330078125,1002,7,0.8333333333333334,753.9329833984375,0.9930624380574826,0.9230769230769231,0.6153846153846154,0.7948717948717948,0.0,1.0,0.5,0.0
video_c101,15,3,1032.0999755859375,1030.7667236328125,1P,0.0,no_fire_before_landing_interval,1034.4329833984375,1036.2669677734375,34,5,0.8,1030.967041015625,0.8717948717948718,0.8461538461538461,0.15384615384615385,0.358974358974359,0.0,1.0,0.5311623647913924,0.0
video_c101,27,0,1784.6669921875,1784.4000244140625,1P,0.0,no_fire_before_landing_interval,1785.2330322265625,1786.2669677734375,736,4,0.8,1783.3330078125,0.9945945945945946,0.8461538461538461,0.5384615384615384,0.717948717948718,0.0,0.0,0.5715481171548117,0.0
video_c101,27,1,1790.5999755859375,1790.4666748046875,1P,0.0,no_fire_before_landing_interval,1790.633056640625,1792.0670166015625,760,5,0.8571428571428571,1789.967041015625,0.9934640522875817,1.0,0.6923076923076923,0.8974358974358975,0.11538461538461539,0.0,0.38760559168722436,0.0
video_c101,35,0,2190.8330078125,2190.699951171875,1P,0.0,no_fire_before_landing_interval,2197.56689453125,2197.60009765625,676,2,0.8,2190.800048828125,0.9970501474926253,0.8461538461538461,0.5384615384615384,0.7307692307692307,0.0,1.0,0.0319073505081541,0.0
video_c101,38,1,2393.23291015625,2392.966552734375,2P,0.0,no_fire_before_landing_interval,2393.532958984375,2394.23291015625,38,1,0.8,2391.866943359375,0.9743589743589743,0.9230769230769231,0.3076923076923077,0.5897435897435898,0.0,1.0,0.5773397998142606,0.0
video_c101,40,1,2503.699951171875,2503.566650390625,1P,0.0,no_fire_before_landing_interval,2504.60009765625,2505.800048828125,14,5,0.8571428571428571,2503.6669921875,0.7368421052631579,0.8461538461538461,0.6153846153846154,0.7948717948717948,0.02564102564102564,1.0,0.0319073505081541,0.0
video_c101,41,3,2559.93310546875,2559.800048828125,2P,0.0,no_fire_before_landing_interval,2561.73291015625,2562.43310546875,454,30,0.8888888888888888,2557.89990234375,0.9380165289256198,1.0,0.7692307692307693,0.782051282051282,0.0,0.0,0.6703155183515775,0.0
video_c101,46,1,2834.032958984375,2833.89990234375,1P,0.0,no_fire_before_landing_interval,2836.43310546875,2836.89990234375,46,4,0.8,2833.3330078125,0.92,0.9230769230769231,0.6923076923076923,0.8333333333333334,0.01282051282051282,0.5,0.41174780985207526,0.0
video_c101,48,0,2911.10009765625,2911.0,1P,1.0,fire_before_landing_interval,2913.866943359375,2914.532958984375,891,2,0.8,2910.93310546875,0.9977603583426652,0.8461538461538461,0.6153846153846154,0.7692307692307693,0.0,1.0,0.14309623430962343,0.0
video_c101,49,5,3003.532958984375,3003.10009765625,2P,0.0,no_fire_before_landing_interval,3003.866943359375,3004.26708984375,288,15,0.8333333333333334,3003.467041015625,0.9504950495049505,0.9230769230769231,0.6153846153846154,0.7435897435897436,0.32051282051282054,1.0,0.06184150251946862,0.0
video_c101,50,2,3063.60009765625,3063.466552734375,2P,0.0,no_fire_before_landing_interval,3063.6669921875,3064.199951171875,32,18,0.8888888888888888,3063.0,0.64,0.7692307692307693,0.5384615384615384,0.5769230769230769,0.08974358974358974,1.0,0.3750381446444919,0.0
video_c101,52,2,3164.133056640625,3164.0,2P,0.0,no_fire_before_landing_interval,3164.6669921875,3165.73291015625,156,24,0.8888888888888888,3163.133056640625,0.8666666666666667,0.8461538461538461,0.6153846153846154,0.6410256410256411,0.0,1.0,0.5,0.0
video_c101,53,0,3208.199951171875,3208.10009765625,2P,0.0,no_fire_before_landing_interval,3210.93310546875,3211.1669921875,1684,1,0.8,3207.23291015625,0.9994065281899109,0.9230769230769231,0.6923076923076923,0.8333333333333334,0.0,1.0,0.4916221918828348,0.0
video_c101,54,9,3343.300048828125,3343.166748046875,1P,0.0,no_fire_before_landing_interval,3347.1669921875,3347.866943359375,84,1,0.8,3343.23291015625,0.9882352941176471,0.8461538461538461,0.8461538461538461,0.7692307692307693,0.01282051282051282,1.0,0.06291466483642187,0.0
video_c101,56,0,3435.23291015625,3434.966552734375,1P,0.0,no_fire_before_landing_interval,3435.3330078125,3435.93310546875,2,1,0.8,3435.06689453125,0.6666666666666666,0.7692307692307693,0.5384615384615384,0.5128205128205128,0.0,1.0,0.1423785594639866,0.0
video_c101,56,4,3479.699951171875,3479.39990234375,2P,0.0,no_fire_before_landing_interval,3480.1669921875,3480.967041015625,203,5,0.8333333333333334,3478.133056640625,0.9759615384615384,0.8461538461538461,0.6923076923076923,0.5512820512820513,0.0,1.0,0.6104241963096824,0.0
video_c102,0,9,485.0,484.7999572753906,1P,0.0,no_fire_before_landing_interval,485.0,486.13299560546875,2540,540,0.8571428571428571,485.0,0.8246753246753247,0.6923076923076923,0.46153846153846156,0.46153846153846156,0.02564102564102564,1.0,0.0,0.0
video_c102,3,0,731.9329833984375,731.5999145507812,1P,0.0,no_fire_before_landing_interval,732.7670288085938,745.3670043945312,277,85,0.9166666666666666,727.9329833984375,0.7651933701657458,0.8461538461538461,0.6923076923076923,0.7564102564102564,0.01282051282051282,1.0,0.8,0.0
video_c102,4,3,832.8330078125,831.5665893554688,2P,1.0,fire_before_landing_interval,845.6329956054688,846.8330078125,220,29,0.8571428571428571,830.6329956054688,0.8835341365461847,0.46153846153846156,0.23076923076923078,0.3717948717948718,0.0,1.0,0.687501192088348,0.0
video_c102,7,3,1025.6669921875,1025.2999267578125,2P,1.0,fire_before_landing_interval,1047.699951171875,1047.8330078125,220,41,0.9,1025.0,0.842911877394636,0.9230769230769231,0.6923076923076923,0.7307692307692307,0.0,1.0,0.4001171646162859,0.0
video_c102,9,5,1156.9000244140625,1156.7666015625,2P,0.0,no_fire_before_landing_interval,1158.0,1158.0999755859375,66,11,0.8,1156.366943359375,0.8571428571428571,0.6923076923076923,0.6923076923076923,0.34615384615384615,0.0,1.0,0.34771876741778807,0.0
video_c102,13,0,1328.633056640625,1328.2666015625,2P,0.0,no_fire_before_landing_interval,1350.532958984375,1352.2330322265625,34,26,0.875,1328.532958984375,0.5666666666666668,0.8461538461538461,0.8461538461538461,0.5769230769230769,0.0,1.0,0.09098979138925876,0.0
video_c102,14,0,1386.532958984375,1385.9998779296875,2P,0.0,no_fire_before_landing_interval,1387.0670166015625,1387.3330078125,38,4,0.75,1386.300048828125,0.9047619047619048,0.9230769230769231,0.6153846153846154,0.7307692307692307,0.01282051282051282,1.0,0.1889108910891089,0.0
video_c102,15,3,1450.366943359375,1450.1998291015625,1P,0.0,no_fire_before_landing_interval,1450.4329833984375,1451.1669921875,80,13,0.8571428571428571,1450.3330078125,0.8602150537634409,0.9230769230769231,0.6923076923076923,0.8205128205128205,0.10256410256410256,1.0,0.03282172373081464,0.0
video_c102,18,0,1600.9000244140625,1600.7999267578125,2P,0.0,no_fire_before_landing_interval,1602.4000244140625,1602.532958984375,209,1,0.8,1600.9000244140625,0.9952380952380953,0.6923076923076923,0.5384615384615384,0.5641025641025641,0.0,1.0,0.0,0.0
video_c102,19,3,1697.2669677734375,1697.16650390625,1P,1.0,fire_before_landing_interval,1708.9329833984375,1710.7330322265625,77,41,0.8888888888888888,1695.9000244140625,0.652542372881356,0.46153846153846156,0.46153846153846156,0.358974358974359,0.0,1.0,0.5775141825683342,0.0
video_c102,20,0,1743.5999755859375,1743.3665771484375,1P,1.0,fire_before_landing_interval,1749.9329833984375,1749.967041015625,221,19,0.8333333333333334,1743.2330322265625,0.9208333333333333,0.7692307692307693,0.6923076923076923,0.6666666666666666,0.0,1.0,0.2684407929987498,0.0
video_c102,22,1,1881.800048828125,1881.66650390625,2P,0.0,no_fire_before_landing_interval,1887.7669677734375,1889.032958984375,731,592,0.95,1881.1669921875,0.5525321239606954,0.8461538461538461,0.6923076923076923,0.6666666666666666,0.0,1.0,0.38765136791747645,0.0
video_c102,23,0,1928.0,1927.866455078125,1P,0.0,no_fire_before_landing_interval,1928.4000244140625,1930.800048828125,344,20,0.8888888888888888,1926.4000244140625,0.945054945054945,0.8461538461538461,0.5384615384615384,0.717948717948718,0.0,1.0,0.6153810038029954,0.0
video_c102,24,0,1983.133056640625,1982.599853515625,1P,0.0,no_fire_before_landing_interval,1983.9000244140625,1984.5999755859375,69,1,0.75,1980.9000244140625,0.9857142857142858,0.8461538461538461,0.7692307692307693,0.7435897435897436,0.0,1.0,0.6906928450066075,0.0
video_c102,25,3,2089.199951171875,2088.866455078125,2P,0.0,no_fire_before_landing_interval,2089.199951171875,2089.93310546875,18,6,0.8,2089.199951171875,0.75,0.6153846153846154,0.0,0.46153846153846156,0.038461538461538464,1.0,0.0,0.0
video_c102,32,1,2560.93310546875,2560.7998046875,1P,0.0,no_fire_before_landing_interval,2560.93310546875,2561.532958984375,73,1,0.8,2560.93310546875,0.9864864864864865,0.9230769230769231,0.7692307692307693,0.8076923076923077,0.0641025641025641,1.0,0.0,0.0
video_c102,35,3,2767.466064453125,2767.099853515625,2P,0.0,no_fire_before_landing_interval,2767.76611328125,2768.76611328125,37,15,0.8,2766.8330078125,0.7115384615384616,0.6153846153846154,0.3076923076923077,0.38461538461538464,0.0,1.0,0.38765136791747645,0.0
video_c102,38,1,2946.43310546875,2946.2998046875,1P,1.0,fire_before_landing_interval,2954.56591796875,2955.532958984375,68,51,0.9,2945.865966796875,0.5714285714285715,0.8461538461538461,0.46153846153846156,0.5384615384615384,0.0,1.0,0.3618943760710391,0.0
video_c102,38,2,2953.76611328125,2953.633056640625,2P,1.0,fire_before_landing_interval,2980.06591796875,2980.26611328125,340,17,0.8888888888888888,2953.76611328125,0.9523809523809523,0.7692307692307693,0.6153846153846154,0.6025641025641025,0.0,1.0,0.0,0.0
video_c102,38,3,2957.56591796875,2957.399658203125,1P,0.0,no_fire_before_landing_interval,2963.865966796875,2964.5,238,7,0.8571428571428571,2957.43310546875,0.9714285714285714,0.6923076923076923,0.5384615384615384,0.5512820512820513,0.01282051282051282,1.0,0.11724137931034483,0.0
video_c102,46,1,3437.5,3437.19970703125,2P,1.0,fire_before_landing_interval,3440.633056640625,3441.56591796875,327,13,0.8333333333333334,3437.39990234375,0.961764705882353,0.7692307692307693,0.7692307692307693,0.6666666666666666,0.0641025641025641,1.0,0.09098979138925876,0.0
video_c103,6,0,683.1329956054688,682.8665771484375,1P,0.0,no_fire_before_landing_interval,684.4669799804688,684.7329711914062,156,1,0.8,683.0999755859375,0.9936305732484076,0.9230769230769231,0.6923076923076923,0.7692307692307693,0.01282051282051282,1.0,0.03196454948301329,0.0
video_c103,8,3,783.7000122070312,783.5665893554688,2P,1.0,fire_before_landing_interval,788.5999755859375,789.0999755859375,387,96,0.9166666666666666,783.0999755859375,0.8012422360248447,0.9230769230769231,0.8461538461538461,0.8076923076923077,0.0,1.0,0.3750143047873355,0.0
video_c103,15,3,1088.7330322265625,1088.599853515625,2P,0.0,no_fire_before_landing_interval,1091.1669921875,1091.300048828125,94,17,0.8571428571428571,1083.133056640625,0.8468468468468469,0.8461538461538461,0.7692307692307693,0.5128205128205128,0.14102564102564102,1.0,0.8484842880130209,0.0
video_c103,18,0,1280.8330078125,1280.6998291015625,1P,0.0,no_fire_before_landing_interval,1281.0,1281.2330322265625,40,5,0.8571428571428571,1279.5,0.8888888888888888,0.9230769230769231,0.6923076923076923,0.6410256410256411,0.0,1.0,0.5713687735454165,0.0
video_c103,19,0,1340.3330078125,1340.099853515625,1P,0.0,no_fire_before_landing_interval,1340.5999755859375,1340.633056640625,121,25,0.8333333333333334,1339.967041015625,0.8287671232876712,0.9230769230769231,0.07692307692307693,0.6794871794871795,0.07692307692307693,0.0,0.2679177837354781,0.0
video_c103,19,1,1345.133056640625,1344.9998779296875,2P,0.0,no_fire_before_landing_interval,1345.7330322265625,1346.2330322265625,326,50,0.9,1344.5999755859375,0.8670212765957447,0.6923076923076923,0.6923076923076923,0.5256410256410257,0.0,1.0,0.34771876741778807,0.0
video_c103,20,2,1378.0,1377.8665771484375,1P,1.0,fire_before_landing_interval,1388.0670166015625,1388.633056640625,39,2,0.8,1377.866943359375,0.9512195121951219,0.6923076923076923,0.3076923076923077,0.5384615384615384,0.0,1.0,0.11743158801982331,0.0
video_c103,20,4,1389.5,1389.2999267578125,1P,0.0,no_fire_before_landing_interval,1389.800048828125,1389.866943359375,487,10,0.8571428571428571,1388.633056640625,0.9798792756539235,0.9230769230769231,0.6153846153846154,0.7692307692307693,0.01282051282051282,1.0,0.46436511050085,0.0
video_c103,25,1,1705.0,1704.866455078125,2P,1.0,fire_before_landing_interval,1715.5,1717.366943359375,21,1,0.8,1704.2330322265625,0.9545454545454546,0.7692307692307693,0.7692307692307693,0.5128205128205128,0.0,1.0,0.4340587219343696,0.0
video_c103,26,0,1758.300048828125,1758.1998291015625,1P,0.0,no_fire_before_landing_interval,1758.633056640625,1758.967041015625,74,1,0.8,1757.532958984375,0.9866666666666667,0.7692307692307693,0.38461538461538464,0.46153846153846156,0.0,1.0,0.4340978170765405,0.0
video_c103,30,0,2069.8330078125,2069.69970703125,2P,0.0,no_fire_before_landing_interval,2071.133056640625,2071.633056640625,416,10,0.8571428571428571,2069.60009765625,0.9765258215962441,0.8461538461538461,0.5384615384615384,0.6153846153846154,0.0,1.0,0.1889108910891089,0.0
video_c103,33,0,2309.26611328125,2309.133056640625,2P,0.0,no_fire_before_landing_interval,2309.365966796875,2309.60009765625,26,24,0.8571428571428571,2308.966064453125,0.52,0.7692307692307693,0.6923076923076923,0.4358974358974359,0.0,1.0,0.2307981220657277,0.0
video_c103,34,1,2367.466064453125,2367.3330078125,1P,0.0,no_fire_before_landing_interval,2370.56591796875,2370.8330078125,51,2,0.8,2366.865966796875,0.9622641509433962,0.9230769230769231,0.5384615384615384,0.6410256410256411,0.0,1.0,0.3750381446444919,0.0
video_c103,42,1,2770.365966796875,2770.099853515625,2P,0.0,no_fire_before_landing_interval,2770.865966796875,2771.966064453125,14,5,0.8333333333333334,2770.300048828125,0.7368421052631579,0.5384615384615384,0.3076923076923077,0.3974358974358974,0.0,1.0,0.06184150251946862,0.0
video_c103,43,7,2894.199951171875,2893.93310546875,2P,0.0,no_fire_before_landing_interval,2894.666015625,2895.8330078125,223,5,0.8333333333333334,2894.032958984375,0.9780701754385965,0.7692307692307693,0.6153846153846154,0.5,0.0,1.0,0.14309623430962343,0.0
video_c103,43,9,2913.865966796875,2913.399658203125,2P,0.0,no_fire_before_landing_interval,2920.365966796875,2920.56591796875,663,289,0.9411764705882353,2908.0,0.6964285714285714,0.9230769230769231,0.8461538461538461,0.8461538461538461,0.05128205128205128,1.0,0.8543540874017708,0.0
video_c103,47,1,3166.633056640625,3166.3330078125,2P,1.0,fire_before_landing_interval,3181.300048828125,3182.73291015625,759,7,0.8333333333333334,3166.166015625,0.9908616187989556,0.8461538461538461,0.46153846153846156,0.6538461538461539,0.0,1.0,0.3183557996338825,0.0
video_c104,2,5,402.5669860839844,402.1666564941406,1P,1.0,fire_before_landing_interval,417.6669921875,419.7330017089844,112,28,0.875,402.1669921875,0.8,0.5384615384615384,0.38461538461538464,0.3333333333333333,0.0,1.0,0.28571117166212534,0.0
video_c104,3,3,500.3999938964844,500.26666259765625,2P,1.0,fire_before_landing_interval,504.5329895019531,505.6669921875,44,6,0.8,498.63299560546875,0.8800000000000001,0.6153846153846154,0.38461538461538464,0.48717948717948717,0.19230769230769232,1.0,0.6385975360928211,0.0
video_c104,6,0,661.9329833984375,661.7999877929688,1P,1.0,fire_before_landing_interval,670.2000122070312,670.9669799804688,201,5,0.8571428571428571,660.5670166015625,0.9757281553398058,0.7692307692307693,0.6153846153846154,0.6153846153846154,0.0,1.0,0.5773397998142606,0.0
video_c104,6,1,665.9000244140625,665.7999877929688,2P,1.0,fire_before_landing_interval,694.2329711914062,707.2670288085938,427,10,0.8571428571428571,663.1669921875,0.977116704805492,0.7692307692307693,0.38461538461538464,0.5128205128205128,0.0,1.0,0.7321212517576273,0.0
video_c104,7,0,744.8330078125,744.7000122070312,1P,0.0,no_fire_before_landing_interval,752.5330200195312,752.7329711914062,579,1,0.8,744.0330200195312,0.9982758620689656,0.9230769230769231,0.6923076923076923,0.8205128205128205,0.038461538461538464,1.0,0.44444067681665594,0.0
video_c104,9,2,906.6329956054688,906.5,2P,0.0,no_fire_before_landing_interval,909.4000244140625,910.9329833984375,54,18,0.8888888888888888,906.5,0.75,0.7692307692307693,0.6923076923076923,0.6025641025641025,0.11538461538461539,1.0,0.11738404352744707,0.0
video_c104,13,0,1126.5,1126.36669921875,2P,1.0,fire_before_landing_interval,1134.5,1134.9329833984375,194,6,0.8571428571428571,1124.300048828125,0.97,0.9230769230769231,0.46153846153846156,0.7435897435897436,0.0,1.0,0.6874952315556573,0.0
video_c104,14,2,1181.0999755859375,1180.86669921875,2P,1.0,fire_before_landing_interval,1186.7669677734375,1187.5,193,32,0.875,1179.7330322265625,0.8577777777777778,1.0,0.5384615384615384,0.8333333333333334,0.038461538461538464,1.0,0.5775141825683342,0.0
video_c104,15,0,1236.7669677734375,1236.5999755859375,1P,1.0,fire_before_landing_interval,1239.9000244140625,1241.5999755859375,176,20,0.8571428571428571,1236.467041015625,0.8979591836734694,0.7692307692307693,0.7692307692307693,0.5128205128205128,0.0,1.0,0.23072588975490657,0.0
video_c104,15,2,1254.5999755859375,1254.4000244140625,1P,1.0,fire_before_landing_interval,1254.6669921875,1257.2669677734375,141,28,0.875,1251.9000244140625,0.834319526627219,0.9230769230769231,0.7692307692307693,0.8717948717948718,0.15384615384615385,1.0,0.729726162982514,0.0
video_c104,15,7,1279.199951171875,1278.9000244140625,1P,0.0,no_fire_before_landing_interval,1283.0999755859375,1284.2669677734375,21,18,0.875,1279.199951171875,0.5384615384615384,0.9230769230769231,0.7692307692307693,0.8846153846153846,0.1794871794871795,1.0,0.0,0.0
video_c104,17,3,1383.133056640625,1382.86669921875,2P,0.0,no_fire_before_landing_interval,1385.467041015625,1388.0999755859375,87,16,0.8,1383.032958984375,0.8446601941747572,0.9230769230769231,0.38461538461538464,0.5641025641025641,0.0,1.0,0.09098979138925876,0.0
video_c104,20,0,1591.800048828125,1591.6666259765625,1P,0.0,no_fire_before_landing_interval,1592.4000244140625,1596.6669921875,194,1,0.8,1589.366943359375,0.9948717948717949,1.0,0.6923076923076923,0.782051282051282,0.01282051282051282,1.0,0.7087185322144788,0.0
video_c104,21,2,1643.032958984375,1642.7667236328125,1P,0.0,no_fire_before_landing_interval,1644.199951171875,1644.800048828125,435,32,0.875,1641.967041015625,0.9314775160599572,0.9230769230769231,0.6153846153846154,0.8717948717948718,0.07692307692307693,1.0,0.5159536752540771,0.0
video_c104,25,3,1965.3330078125,1965.1666259765625,2P,0.0,no_fire_before_landing_interval,1966.2330322265625,1967.2330322265625,100,3,0.8,1963.8330078125,0.970873786407767,0.8461538461538461,0.6923076923076923,0.6025641025641025,0.01282051282051282,1.0,0.6,0.0
video_c104,27,1,2055.032958984375,2054.86669921875,1P,1.0,fire_before_landing_interval,2056.0,2057.133056640625,291,11,0.8,2053.532958984375,0.9635761589403974,1.0,0.7692307692307693,0.8333333333333334,0.0,1.0,0.6,0.0
video_c104,29,2,2164.3330078125,2164.199951171875,1P,0.0,no_fire_before_landing_interval,2166.032958984375,2166.73291015625,74,11,0.8571428571428571,2164.133056640625,0.8705882352941177,0.8461538461538461,0.46153846153846156,0.5641025641025641,0.0,1.0,0.16663275686673448,0.0
video_c104,29,4,2178.06689453125,2177.966552734375,2P,1.0,fire_before_landing_interval,2181.633056640625,2182.133056640625,14,5,0.8571428571428571,2175.73291015625,0.7368421052631579,0.8461538461538461,0.6153846153846154,0.5641025641025641,0.0,1.0,0.700058582308143,0.0
video_c104,30,1,2223.56689453125,2223.36669921875,1P,0.0,no_fire_before_landing_interval,2228.43310546875,2228.699951171875,38,21,0.8571428571428571,2223.39990234375,0.6440677966101696,0.6923076923076923,0.6153846153846154,0.5256410256410257,0.01282051282051282,1.0,0.14309623430962343,0.0
video_c104,34,0,2473.300048828125,2473.166748046875,1P,0.0,no_fire_before_landing_interval,2473.5,2476.60009765625,26,1,0.8,2472.3330078125,0.9629629629629629,0.9230769230769231,0.6153846153846154,0.8076923076923077,0.0,1.0,0.4916221918828348,0.0
video_c104,35,0,2520.39990234375,2520.300048828125,1P,0.0,no_fire_before_landing_interval,2522.5,2524.467041015625,38,2,0.8,2518.93310546875,0.95,0.7692307692307693,0.6153846153846154,0.5897435897435898,0.0,1.0,0.5946159936658749,0.0
video_c104,37,1,2624.89990234375,2624.699951171875,2P,1.0,fire_before_landing_interval,2634.967041015625,2641.73291015625,337,38,0.9,2622.76708984375,0.8986666666666666,0.9230769230769231,0.6153846153846154,0.5641025641025641,0.0,0.0,0.6807980049875312,0.0
video_c104,37,2,2627.366943359375,2627.2666015625,1P,1.0,fire_before_landing_interval,2653.133056640625,2653.26708984375,122,10,0.8571428571428571,2626.73291015625,0.9242424242424242,0.7692307692307693,0.3076923076923077,0.5128205128205128,0.0,1.0,0.38801733154041534,0.0
video_c104,38,1,2692.199951171875,2692.166748046875,1P,0.0,no_fire_before_landing_interval,2696.366943359375,2696.93310546875,41,38,0.9090909090909091,2690.76708984375,0.5189873417721519,1.0,0.0,0.4230769230769231,0.0,0.0,0.5889613647767186,0.0
video_c104,43,1,2997.800048828125,2997.60009765625,1P,1.0,fire_before_landing_interval,3001.56689453125,3003.06689453125,74,24,0.8571428571428571,2997.06689453125,0.7551020408163265,0.6923076923076923,0.6923076923076923,0.5128205128205128,0.0,1.0,0.42301732638399775,0.0
video_c104,49,1,3362.532958984375,3362.36669921875,1P,0.0,no_fire_before_landing_interval,3367.56689453125,3369.032958984375,1437,197,0.9285714285714286,3359.532958984375,0.879436964504284,0.9230769230769231,0.8461538461538461,0.8717948717948718,0.0,1.0,0.75,0.0
video_c105,5,2,459.70001220703125,459.5666809082031,1P,0.0,no_fire_before_landing_interval,459.9670104980469,461.0669860839844,282,46,0.8888888888888888,458.7330017089844,0.8597560975609756,0.6923076923076923,0.3076923076923077,0.5384615384615384,0.0,1.0,0.49161430455356453,0.0
video_c105,5,4,465.79998779296875,465.6666564941406,1P,0.0,no_fire_before_landing_interval,466.2330017089844,466.4670104980469,111,1,0.8,464.1000061035156,0.9910714285714286,1.0,0.7692307692307693,0.9102564102564102,0.2692307692307692,1.0,0.6296271178777706,0.0
video_c105,6,5,536.1669921875,536.0,2P,0.0,no_fire_before_landing_interval,536.1669921875,540.0670166015625,21,20,0.8571428571428571,536.1669921875,0.5121951219512195,0.9230769230769231,0.5384615384615384,0.5256410256410257,0.1794871794871795,1.0,0.0,0.0
video_c105,8,1,654.2000122070312,654.0999755859375,2P,0.0,no_fire_before_landing_interval,655.1329956054688,656.1329956054688,564,1,0.8,652.8330078125,0.9982300884955753,0.9230769230769231,0.6153846153846154,0.8333333333333334,0.0,1.0,0.5775250767128233,0.0
video_c105,12,0,930.1329956054688,929.8666381835938,2P,0.0,no_fire_before_landing_interval,943.0670166015625,944.5330200195312,145,5,0.8333333333333334,928.5670166015625,0.9666666666666667,1.0,0.46153846153846156,0.717948717948718,0.0,1.0,0.6102851977831165,0.0
video_c105,17,0,1201.199951171875,1201.066650390625,2P,0.0,no_fire_before_landing_interval,1203.300048828125,1204.0670166015625,442,10,0.8571428571428571,1200.6669921875,0.9778761061946902,0.8461538461538461,0.5384615384615384,0.7692307692307693,0.0,1.0,0.3476668259276955,0.0
video_c105,20,0,1358.300048828125,1358.0999755859375,1P,0.0,no_fire_before_landing_interval,1362.3330078125,1362.532958984375,378,35,0.875,1356.866943359375,0.9152542372881356,0.9230769230769231,0.38461538461538464,0.5256410256410257,0.0,1.0,0.5890026088701585,0.0
video_c105,25,0,1713.7330322265625,1713.5999755859375,1P,1.0,fire_before_landing_interval,1715.5999755859375,1716.5,120,20,0.8571428571428571,1712.5999755859375,0.8571428571428571,0.9230769230769231,0.6923076923076923,0.8333333333333334,0.01282051282051282,0.5,0.5311891953759872,0.0
video_c105,29,2,1933.300048828125,1933.1666259765625,1P,0.0,no_fire_before_landing_interval,1935.5,1935.9000244140625,119,24,0.8888888888888888,1933.2330322265625,0.8321678321678322,0.5384615384615384,0.23076923076923078,0.3717948717948718,0.0,1.0,0.06280745910078939,0.0
video_c105,32,2,2069.1669921875,2068.966552734375,1P,1.0,fire_before_landing_interval,2074.60009765625,2075.199951171875,90,37,0.8571428571428571,2067.8330078125,0.7086614173228346,0.9230769230769231,0.7692307692307693,0.7307692307692307,0.02564102564102564,1.0,0.5715481171548117,0.0
video_c105,37,0,2361.39990234375,2361.2666015625,1P,0.0,no_fire_before_landing_interval,2362.300048828125,2363.866943359375,1062,8,0.8571428571428571,2360.23291015625,0.9925233644859813,1.0,0.6153846153846154,0.8333333333333334,0.0,1.0,0.5385308697611537,0.0
video_c105,39,0,2459.10009765625,2458.966552734375,1P,0.0,no_fire_before_landing_interval,2460.866943359375,2461.39990234375,21,5,0.8571428571428571,2458.467041015625,0.8076923076923077,0.9230769230769231,0.6153846153846154,0.6410256410256411,0.0,0.0,0.38765136791747645,0.0
video_c105,39,1,2464.5,2464.36669921875,2P,1.0,fire_before_landing_interval,2466.467041015625,2484.5,1182,1,0.8,2463.60009765625,0.9991546914623838,0.9230769230769231,0.7692307692307693,0.8076923076923077,0.01282051282051282,0.75,0.47365715754304805,0.0
video_c105,39,2,2466.60009765625,2466.466552734375,1P,0.0,no_fire_before_landing_interval,2470.8330078125,2471.633056640625,544,366,0.9444444444444444,2465.60009765625,0.5978021978021979,0.9230769230769231,0.7692307692307693,0.8846153846153846,0.05128205128205128,1.0,0.5,0.0
video_c105,40,0,2516.532958984375,2516.2666015625,1P,0.0,no_fire_before_landing_interval,2519.866943359375,2521.800048828125,734,7,0.8333333333333334,2513.967041015625,0.99055330634278,1.0,0.6153846153846154,0.8076923076923077,0.0,1.0,0.7195673011091333,0.0
video_c105,44,0,2768.73291015625,2768.60009765625,2P,1.0,fire_before_landing_interval,2791.1669921875,2792.1669921875,604,1,0.8,2768.699951171875,0.9983471074380166,0.6923076923076923,0.6923076923076923,0.6666666666666666,0.0,1.0,0.0319073505081541,0.0
video_c105,45,0,2850.133056640625,2849.86669921875,1P,0.0,no_fire_before_landing_interval,2850.8330078125,2851.0,107,6,0.8,2848.967041015625,0.9469026548672567,0.7692307692307693,0.0,0.5897435897435898,0.0,1.0,0.5383228133453561,0.0
video_c105,45,1,2858.800048828125,2858.666748046875,1P,1.0,fire_before_landing_interval,2876.06689453125,2876.532958984375,172,20,0.8888888888888888,2857.032958984375,0.8958333333333334,0.9230769230769231,0.0,0.7692307692307693,0.10256410256410256,1.0,0.6386094935592024,0.0
video_c105,45,3,2872.39990234375,2872.2666015625,2P,0.0,no_fire_before_landing_interval,2874.800048828125,2875.43310546875,200,21,0.8888888888888888,2864.467041015625,0.9049773755656109,0.9230769230769231,0.8461538461538461,0.8846153846153846,0.0,1.0,0.888053786657192,0.0
video_c105,49,8,3147.199951171875,3147.10009765625,2P,0.0,no_fire_before_landing_interval,3147.5,3148.467041015625,48,1,0.8,3146.23291015625,0.9795918367346939,0.6153846153846154,0.6153846153846154,0.5,0.0641025641025641,1.0,0.4916221918828348,0.0
video_c105,49,14,3204.699951171875,3204.566650390625,2P,1.0,fire_before_landing_interval,3212.10009765625,3214.0,918,673,0.9444444444444444,3200.73291015625,0.5769956002514142,1.0,0.8461538461538461,0.9230769230769231,0.15384615384615385,1.0,0.7986728926026051,0.0
video_c105,55,0,3578.866943359375,3578.63330078125,1P,1.0,fire_before_landing_interval,3585.866943359375,3586.76708984375,716,1,0.8,3578.5,0.99860529986053,0.8461538461538461,0.8461538461538461,0.7564102564102564,0.0,1.0,0.2684407929987498,0.0
video_c106,2,0,265.7669982910156,265.6666564941406,2P,0.0,no_fire_before_landing_interval,266.63299560546875,267.29998779296875,400,7,0.8,264.2330017089844,0.9828009828009828,0.8461538461538461,0.46153846153846156,0.6153846153846154,0.0,1.0,0.6053664763831683,0.0
video_c106,4,1,396.4330139160156,396.29998779296875,1P,0.0,no_fire_before_landing_interval,396.4670104980469,398.0669860839844,412,42,0.8571428571428571,396.2669982910156,0.907488986784141,0.9230769230769231,0.5384615384615384,0.6410256410256411,0.0,1.0,0.1423785594639866,0.0
video_c106,7,0,518.0999755859375,518.0,2P,0.0,no_fire_before_landing_interval,523.9000244140625,524.7000122070312,31,6,0.8,516.5330200195312,0.8378378378378378,0.8461538461538461,0.6153846153846154,0.6666666666666666,0.0,1.0,0.6104334593527831,0.0
video_c106,8,2,560.9000244140625,560.7999877929688,2P,0.0,no_fire_before_landing_interval,561.3670043945312,561.7999877929688,212,9,0.8571428571428571,559.8330078125,0.9592760180995475,1.0,0.5384615384615384,0.782051282051282,0.0,1.0,0.5162109490344298,0.0
video_c106,13,3,865.8330078125,865.7000122070312,1P,0.0,no_fire_before_landing_interval,870.6329956054688,871.4669799804688,1506,10,0.8571428571428571,865.3670043945312,0.9934036939313984,0.9230769230769231,0.8461538461538461,0.8846153846153846,0.038461538461538464,1.0,0.317873350264374,0.0
video_c106,18,1,1100.199951171875,1100.066650390625,2P,0.0,no_fire_before_landing_interval,1100.9000244140625,1100.9329833984375,62,1,0.8,1098.4000244140625,0.9841269841269841,0.9230769230769231,0.6923076923076923,0.6538461538461539,0.14102564102564102,1.0,0.6428478004970135,0.0
video_c106,24,0,1363.532958984375,1363.300048828125,2P,0.0,no_fire_before_landing_interval,1364.7330322265625,1365.2669677734375,85,4,0.8,1362.199951171875,0.9550561797752809,0.7692307692307693,0.6153846153846154,0.5128205128205128,0.0,1.0,0.5713687735454165,0.0
video_c106,25,0,1417.5670166015625,1417.4666748046875,1P,1.0,fire_before_landing_interval,1427.8330078125,1428.0999755859375,69,3,0.8,1415.800048828125,0.9583333333333334,0.6153846153846154,0.38461538461538464,0.47435897435897434,0.0,1.0,0.6385935500948515,0.0
video_c106,28,2,1564.199951171875,1563.9000244140625,2P,0.0,no_fire_before_landing_interval,1566.9000244140625,1567.800048828125,52,46,0.9,1562.866943359375,0.5306122448979592,0.8461538461538461,0.5384615384615384,0.6025641025641025,0.10256410256410256,1.0,0.5713687735454165,0.0
video_c106,35,3,1968.5,1968.36669921875,1P,0.0,no_fire_before_landing_interval,1978.2669677734375,1978.9329833984375,31,6,0.8571428571428571,1968.300048828125,0.8378378378378378,0.9230769230769231,0.6923076923076923,0.7692307692307693,0.41025641025641024,1.0,0.16663275686673448,0.0
video_c106,36,0,2010.467041015625,2010.199951171875,2P,0.0,no_fire_before_landing_interval,2010.467041015625,2010.5,140,8,0.8333333333333334,2010.467041015625,0.9459459459459459,0.9230769230769231,0.6153846153846154,0.782051282051282,0.01282051282051282,1.0,0.0,0.0
video_c106,37,3,2079.633056640625,2079.39990234375,1P,0.0,no_fire_before_landing_interval,2079.89990234375,2080.5,288,17,0.8333333333333334,2079.532958984375,0.9442622950819672,0.9230769230769231,0.5384615384615384,0.6794871794871795,0.24358974358974358,1.0,0.09098979138925876,0.0
video_c106,39,1,2187.133056640625,2187.0,1P,0.0,no_fire_before_landing_interval,2190.10009765625,2191.06689453125,704,210,0.9375,2187.032958984375,0.7702407002188183,0.9230769230769231,0.5384615384615384,0.717948717948718,0.0,1.0,0.09098979138925876,0.0
video_c106,40,1,2227.8330078125,2227.566650390625,2P,0.0,no_fire_before_landing_interval,2229.73291015625,2229.866943359375,138,9,0.8333333333333334,2226.6669921875,0.9387755102040816,0.8461538461538461,0.6153846153846154,0.6410256410256411,0.01282051282051282,1.0,0.5383228133453561,0.0
video_c106,40,2,2232.967041015625,2232.5,1P,0.0,no_fire_before_landing_interval,2238.532958984375,2239.0,93,14,0.8333333333333334,2231.43310546875,0.8691588785046729,0.8461538461538461,0.7692307692307693,0.7307692307692307,0.038461538461538464,1.0,0.605356970806436,0.0
video_c106,42,1,2369.532958984375,2369.39990234375,2P,1.0,fire_before_landing_interval,2378.56689453125,2379.76708984375,44,1,0.8,2366.133056640625,0.9777777777777777,0.9230769230769231,0.7692307692307693,0.6282051282051282,0.038461538461538464,1.0,0.7727222283875264,0.0
video_c106,45,8,2527.73291015625,2527.60009765625,2P,0.0,no_fire_before_landing_interval,2541.032958984375,2541.300048828125,168,38,0.9,2527.26708984375,0.8155339805825242,1.0,0.6923076923076923,0.7692307692307693,0.3333333333333333,1.0,0.31778814123917387,0.0
video_c106,46,1,2574.76708984375,2574.5,1P,0.0,no_fire_before_landing_interval,2575.133056640625,2576.6669921875,601,10,0.8333333333333334,2574.532958984375,0.983633387888707,0.6923076923076923,0.5384615384615384,0.6025641025641025,0.0,1.0,0.1897131552917903,0.0
video_c106,48,1,2671.89990234375,2671.566650390625,2P,0.0,no_fire_before_landing_interval,2678.26708984375,2678.39990234375,50,50,0.875,2671.56689453125,0.5,0.9230769230769231,0.8461538461538461,0.8846153846153846,0.3717948717948718,1.0,0.24981684981684982,0.0
video_c106,49,2,2757.06689453125,2756.800048828125,2P,1.0,fire_before_landing_interval,2779.467041015625,2786.93310546875,476,334,0.9375,2753.699951171875,0.5876543209876544,0.9230769230769231,0.46153846153846156,0.7435897435897436,0.0,1.0,0.7710068765024879,0.0
video_c107,1,1,200.56700134277344,200.46665954589844,2P,0.0,no_fire_before_landing_interval,200.56700134277344,200.9669952392578,21,2,0.8,200.56700134277344,0.9130434782608695,0.7692307692307693,0.5384615384615384,0.6282051282051282,0.01282051282051282,1.0,0.0,0.0
video_c107,1,3,215.56700134277344,215.1666717529297,2P,0.0,no_fire_before_landing_interval,217.23300170898438,218.83299255371094,23,21,0.875,214.73300170898438,0.5227272727272727,0.9230769230769231,0.7692307692307693,0.4358974358974359,0.01282051282051282,1.0,0.4547436206767449,0.0
video_c107,5,1,473.0,472.8666687011719,2P,0.0,no_fire_before_landing_interval,475.9670104980469,478.4330139160156,760,28,0.8888888888888888,470.29998779296875,0.9644670050761421,0.9230769230769231,0.8461538461538461,0.7307692307692307,0.0,1.0,0.7297306214018244,0.0
video_c107,8,1,666.9329833984375,666.7999877929688,1P,1.0,fire_before_landing_interval,691.0330200195312,691.8670043945312,127,7,0.8571428571428571,664.9000244140625,0.9477611940298507,0.7692307692307693,0.7692307692307693,0.6923076923076923,0.0,1.0,0.6702889801175239,0.0
video_c107,9,1,729.0999755859375,728.9666748046875,2P,1.0,fire_before_landing_interval,745.0670166015625,752.9329833984375,90,32,0.8888888888888888,728.3670043945312,0.7377049180327869,0.7692307692307693,0.5384615384615384,0.6153846153846154,0.0,1.0,0.42295636248371077,0.0
video_c107,10,0,791.0999755859375,790.9666748046875,1P,0.0,no_fire_before_landing_interval,791.0999755859375,791.7000122070312,161,1,0.8,791.0999755859375,0.9938271604938271,0.9230769230769231,0.6153846153846154,0.8333333333333334,0.0,1.0,0.0,0.0
video_c107,11,1,861.7000122070312,861.4666748046875,1P,0.0,no_fire_before_landing_interval,862.3330078125,863.2670288085938,303,15,0.8,859.0999755859375,0.9528301886792453,0.9230769230769231,0.5384615384615384,0.6923076923076923,0.0,1.0,0.7222250478951562,0.0
video_c107,12,0,907.8670043945312,907.7000122070312,1P,0.0,no_fire_before_landing_interval,909.8670043945312,914.7000122070312,859,1,0.8,907.0670166015625,0.9988372093023256,1.0,0.6153846153846154,0.8205128205128205,0.0,0.0,0.44444067681665594,0.0
video_c107,20,0,1460.0,1459.7667236328125,1P,0.0,no_fire_before_landing_interval,1460.5,1463.633056640625,38,24,0.8333333333333334,1459.800048828125,0.6129032258064516,0.7692307692307693,0.15384615384615385,0.3974358974358974,0.0,1.0,0.16663275686673448,0.0
video_c107,22,1,1601.4000244140625,1601.0,2P,0.0,no_fire_before_landing_interval,1607.2330322265625,1608.2669677734375,652,265,0.9375,1600.800048828125,0.7110141766630316,0.9230769230769231,0.46153846153846156,0.6410256410256411,0.0,1.0,0.37499046311131456,0.0
video_c107,23,1,1656.9000244140625,1656.7667236328125,2P,0.0,no_fire_before_landing_interval,1657.0,1657.5999755859375,772,2,0.8,1655.2669677734375,0.9974160206718347,0.7692307692307693,0.46153846153846156,0.6282051282051282,0.0,1.0,0.6202132591562355,0.0
video_c107,24,1,1713.199951171875,1713.066650390625,2P,0.0,no_fire_before_landing_interval,1740.967041015625,1742.3330078125,855,21,0.8888888888888888,1711.9329833984375,0.976027397260274,1.0,0.6923076923076923,0.8333333333333334,0.0,0.0,0.5588821280491089,0.0
video_c107,26,2,1875.5999755859375,1875.5,1P,1.0,fire_before_landing_interval,1878.366943359375,1878.532958984375,54,7,0.8571428571428571,1874.1669921875,0.8852459016393441,0.9230769230769231,0.8461538461538461,0.8461538461538461,0.3717948717948718,0.0,0.5889819878581105,0.0
video_c107,30,1,2124.1669921875,2124.0,2P,0.0,no_fire_before_landing_interval,2127.56689453125,2127.967041015625,168,62,0.9,2122.133056640625,0.7304347826086957,0.8461538461538461,0.7692307692307693,0.7435897435897436,0.0,1.0,0.6703951074273758,0.0
video_c107,30,2,2129.699951171875,2129.39990234375,1P,0.0,no_fire_before_landing_interval,2129.76708984375,2130.73291015625,31,1,0.8,2127.866943359375,0.96875,0.6923076923076923,0.0,0.48717948717948717,0.0,1.0,0.64701826956222,0.0
video_c107,31,0,2168.5,2167.966552734375,1P,1.0,fire_before_landing_interval,2174.10009765625,2176.56689453125,84,5,0.8333333333333334,2167.1669921875,0.9438202247191011,0.9230769230769231,0.0,0.6666666666666666,0.0,1.0,0.5713687735454165,0.0
video_c107,37,0,2593.300048828125,2593.066650390625,2P,0.0,no_fire_before_landing_interval,2598.199951171875,2598.56689453125,59,6,0.8333333333333334,2591.60009765625,0.9076923076923077,0.8461538461538461,0.6153846153846154,0.5769230769230769,0.0,1.0,0.6296229315489646,0.0
video_c107,39,3,2714.10009765625,2713.966552734375,2P,0.0,no_fire_before_landing_interval,2717.032958984375,2718.300048828125,225,179,0.9285714285714286,2713.93310546875,0.556930693069307,0.5384615384615384,0.38461538461538464,0.4230769230769231,0.0,1.0,0.14309623430962343,0.0
video_c107,41,0,2807.10009765625,2806.966552734375,2P,0.0,no_fire_before_landing_interval,2807.366943359375,2808.199951171875,493,102,0.9166666666666666,2806.800048828125,0.8285714285714285,1.0,0.46153846153846156,0.7948717948717948,0.0,1.0,0.2307981220657277,0.0
video_c107,48,0,3192.300048828125,3192.166748046875,1P,1.0,fire_before_landing_interval,3198.133056640625,3198.39990234375,92,12,0.8571428571428571,3191.1669921875,0.8846153846153846,0.6923076923076923,0.5384615384615384,0.5128205128205128,0.0,1.0,0.5311891953759872,0.0
video_c107,48,3,3221.26708984375,3220.666748046875,1P,0.0,no_fire_before_landing_interval,3229.73291015625,3230.76708984375,82,2,0.75,3220.866943359375,0.9761904761904762,0.5384615384615384,0.38461538461538464,0.32051282051282054,0.01282051282051282,1.0,0.2857890148212729,0.0
video_c107,49,5,3296.06689453125,3295.86669921875,1P,0.0,no_fire_before_landing_interval,3297.699951171875,3298.26708984375,97,8,0.8571428571428571,3295.199951171875,0.9238095238095239,0.8461538461538461,0.8461538461538461,0.6923076923076923,0.19230769230769232,1.0,0.46436511050085,0.0
video_c107,50,1,3340.8330078125,3340.699951171875,2P,0.0,no_fire_before_landing_interval,3341.199951171875,3341.8330078125,1187,6,0.8,3339.866943359375,0.9949706621961442,0.9230769230769231,0.7692307692307693,0.8717948717948718,0.0,1.0,0.49136967589718117,0.0
video_c107,50,4,3362.39990234375,3362.36669921875,1P,0.0,no_fire_before_landing_interval,3362.39990234375,3363.89990234375,66,6,0.8,3362.39990234375,0.9166666666666666,1.0,0.6923076923076923,0.782051282051282,0.0,1.0,0.0,0.0
video_c108,2,5,337.9670104980469,337.79998779296875,1P,0.0,no_fire_before_landing_interval,345.36700439453125,350.2330017089844,36,1,0.8,337.8330078125,0.972972972972973,0.8461538461538461,0.38461538461538464,0.47435897435897434,0.0,1.0,0.11816787319357357,0.0
video_c108,2,8,364.5329895019531,364.3999938964844,2P,1.0,fire_before_landing_interval,376.1000061035156,376.3999938964844,104,17,0.8888888888888888,360.9330139160156,0.859504132231405,0.6923076923076923,0.6923076923076923,0.6923076923076923,0.05128205128205128,1.0,0.7826075418623782,0.0
video_c108,7,3,699.0,698.7000122070312,2P,0.0,no_fire_before_landing_interval,699.7329711914062,700.4669799804688,188,166,0.9285714285714286,698.0999755859375,0.5310734463276837,1.0,0.23076923076923078,0.5512820512820513,0.0,1.0,0.47369097333761645,0.0
video_c108,11,2,920.3330078125,920.066650390625,1P,0.0,no_fire_before_landing_interval,920.4000244140625,921.0670166015625,274,6,0.8333333333333334,919.2999877929688,0.9785714285714285,0.8461538461538461,0.46153846153846156,0.5512820512820513,0.0,1.0,0.5081209282776427,0.0
video_c108,12,3,972.1329956054688,971.8666381835938,2P,0.0,no_fire_before_landing_interval,979.4000244140625,988.5999755859375,122,78,0.9166666666666666,971.6329956054688,0.6100000000000001,0.46153846153846156,0.38461538461538464,0.3717948717948718,0.0,1.0,0.3333333333333333,0.0
video_c108,15,2,1165.8330078125,1165.699951171875,2P,0.0,no_fire_before_landing_interval,1167.3330078125,1167.9329833984375,1295,8,0.8571428571428571,1164.032958984375,0.9938603223330775,0.9230769230769231,0.6923076923076923,0.8076923076923077,0.0,1.0,0.6428633708257041,0.0
video_c108,27,0,1895.0670166015625,1894.86669921875,1P,0.0,no_fire_before_landing_interval,1895.2330322265625,1896.032958984375,79,2,0.8,1894.1669921875,0.9753086419753086,0.8461538461538461,0.46153846153846156,0.5128205128205128,0.0,1.0,0.47369097333761645,0.0
video_c108,30,4,2274.532958984375,2274.5,1P,0.0,no_fire_before_landing_interval,2275.133056640625,2275.366943359375,179,8,0.8,2273.699951171875,0.9572192513368984,0.9230769230769231,0.46153846153846156,0.6666666666666666,0.0,1.0,0.45444858817261585,0.0
video_c108,35,3,2515.532958984375,2514.466552734375,1P,0.0,no_fire_before_landing_interval,2523.0,2524.39990234375,1,1,0.75,2515.300048828125,0.5,0.23076923076923078,0.0,0.08974358974358974,0.0,1.0,0.1889108910891089,0.0
video_c108,37,0,2614.866943359375,2614.7666015625,2P,1.0,fire_before_landing_interval,2617.800048828125,2618.6669921875,32,4,0.8,2614.800048828125,0.8888888888888888,0.7692307692307693,0.6923076923076923,0.6794871794871795,0.0,1.0,0.06270022883295194,0.0
video_c108,37,1,2618.06689453125,2617.800048828125,1P,0.0,no_fire_before_landing_interval,2622.032958984375,2623.967041015625,95,1,0.8,2617.467041015625,0.9895833333333334,0.9230769230769231,0.6153846153846154,0.7051282051282052,0.0,1.0,0.37494277430184647,0.0
video_c108,37,2,2632.300048828125,2631.86669921875,1P,0.0,no_fire_before_landing_interval,2635.60009765625,2636.43310546875,148,18,0.875,2624.199951171875,0.891566265060241,0.9230769230769231,0.6153846153846154,0.7948717948717948,0.01282051282051282,1.0,0.8901110693781188,0.0
video_c108,39,0,2795.0,2794.89990234375,2P,1.0,fire_before_landing_interval,2812.633056640625,2813.800048828125,1064,15,0.8571428571428571,2794.300048828125,0.9860982391102873,0.6923076923076923,0.6923076923076923,0.6923076923076923,0.0,0.0,0.41174780985207526,0.0
video_c109,1,3,1066.5999755859375,1066.4666748046875,2P,0.0,no_fire_before_landing_interval,1072.800048828125,1073.300048828125,38,36,0.9,1066.5,0.5135135135135136,0.9230769230769231,0.23076923076923078,0.34615384615384615,0.0,1.0,0.09088891355010542,0.0
video_c109,4,4,1243.2669677734375,1243.0,2P,0.0,no_fire_before_landing_interval,1244.967041015625,1245.866943359375,213,36,0.9,1243.2330322265625,0.8554216867469879,0.6923076923076923,0.23076923076923078,0.5128205128205128,0.0,1.0,0.03282172373081464,0.0
video_c109,9,3,1510.9329833984375,1510.800048828125,1P,1.0,fire_before_landing_interval,1532.366943359375,1533.0,14,14,0.8571428571428571,1507.800048828125,0.5,0.6153846153846154,0.3076923076923077,0.48717948717948717,0.01282051282051282,1.0,0.758041173169507,0.0
video_c109,12,0,1675.2669677734375,1674.699951171875,1P,0.0,no_fire_before_landing_interval,1678.633056640625,1679.633056640625,61,2,0.75,1674.5670166015625,0.9682539682539683,0.7692307692307693,0.5384615384615384,0.6153846153846154,0.02564102564102564,1.0,0.41174780985207526,0.0
video_c109,13,4,1736.366943359375,1736.2667236328125,1P,0.0,no_fire_before_landing_interval,1736.800048828125,1736.9000244140625,10,6,0.8571428571428571,1734.9329833984375,0.625,0.7692307692307693,0.38461538461538464,0.4358974358974359,0.11538461538461539,1.0,0.589146898039019,0.0
video_c109,15,3,1872.467041015625,1872.066650390625,2P,0.0,no_fire_before_landing_interval,1877.4329833984375,1878.633056640625,37,6,0.8333333333333334,1871.9000244140625,0.8604651162790697,0.5384615384615384,0.46153846153846156,0.2948717948717949,0.0,1.0,0.36184466775726415,0.0
video_c109,17,2,1966.633056640625,1966.36669921875,2P,1.0,fire_before_landing_interval,1977.967041015625,1978.967041015625,146,13,0.8333333333333334,1966.0,0.9182389937106918,1.0,0.6923076923076923,0.6538461538461539,0.0,1.0,0.38765136791747645,0.0
video_c109,17,3,1975.800048828125,1975.699951171875,1P,0.0,no_fire_before_landing_interval,1976.4329833984375,1977.133056640625,289,16,0.8571428571428571,1973.4000244140625,0.9475409836065574,0.9230769230769231,0.7692307692307693,0.8076923076923077,0.08974358974358974,1.0,0.7058844648691344,0.0
video_c109,24,2,2430.800048828125,2430.466552734375,1P,0.0,no_fire_before_landing_interval,2431.39990234375,2431.93310546875,214,29,0.8333333333333334,2429.8330078125,0.8806584362139916,0.8461538461538461,0.6923076923076923,0.7307692307692307,0.02564102564102564,1.0,0.4916221918828348,0.0
video_c109,24,3,2448.10009765625,2447.966552734375,1P,1.0,fire_before_landing_interval,2451.6669921875,2452.699951171875,294,37,0.9,2447.300048828125,0.8882175226586103,0.9230769230769231,0.5384615384615384,0.7307692307692307,0.10256410256410256,1.0,0.44445951444459514,0.0
video_c109,25,0,2508.699951171875,2508.5,1P,0.0,no_fire_before_landing_interval,2509.300048828125,2511.633056640625,39,3,0.8,2507.23291015625,0.9285714285714286,0.6923076923076923,0.0,0.5384615384615384,0.0,1.0,0.5946561108362197,0.0
video_c109,29,0,2721.300048828125,2721.166748046875,1P,1.0,fire_before_landing_interval,2722.89990234375,2723.366943359375,75,15,0.8571428571428571,2720.23291015625,0.8333333333333334,0.8461538461538461,0.6923076923076923,0.7435897435897436,0.02564102564102564,1.0,0.5162395181292075,0.0
video_c109,29,1,2723.300048828125,2722.89990234375,2P,1.0,fire_before_landing_interval,2737.1669921875,2737.699951171875,398,5,0.8,2723.032958984375,0.9875930521091811,0.9230769230769231,0.3076923076923077,0.6153846153846154,0.0,1.0,0.21078998073217725,0.0
video_c109,32,3,2938.133056640625,2938.0,2P,0.0,no_fire_before_landing_interval,2940.39990234375,2941.967041015625,281,24,0.8571428571428571,2936.366943359375,0.921311475409836,0.9230769230769231,0.46153846153846156,0.6923076923076923,0.01282051282051282,1.0,0.6384819064430715,0.0
video_c109,37,0,3304.467041015625,3304.2666015625,1P,1.0,fire_before_landing_interval,3309.0,3310.06689453125,447,13,0.8571428571428571,3303.5,0.9717391304347827,1.0,0.8461538461538461,0.9102564102564102,0.0,1.0,0.4916221918828348,0.0
video_c109,40,2,3464.56689453125,3464.466552734375,2P,0.0,no_fire_before_landing_interval,3464.633056640625,3465.93310546875,992,4,0.8,3464.23291015625,0.9959839357429718,0.9230769230769231,0.7692307692307693,0.8589743589743589,0.0,1.0,0.25036603221083453,0.0
video_c109,47,1,3929.300048828125,3928.699951171875,1P,0.0,no_fire_before_landing_interval,3944.93310546875,3946.133056640625,751,5,0.8333333333333334,3920.300048828125,0.9933862433862434,0.9230769230769231,0.7692307692307693,0.7948717948717948,0.0,1.0,0.9,0.0
video_c109,50,4,4126.3330078125,4125.7001953125,2P,0.0,no_fire_before_landing_interval,4134.3330078125,4135.10009765625,939,5,0.8333333333333334,4118.8330078125,0.9947033898305084,0.9230769230769231,0.6153846153846154,0.7435897435897436,0.02564102564102564,1.0,0.8823529411764706,0.0
video_c109,56,4,4574.2001953125,4573.16650390625,2P,0.0,no_fire_before_landing_interval,4577.966796875,4578.73291015625,14,1,0.75,4573.39990234375,0.9333333333333333,0.6153846153846154,0.23076923076923078,0.5,0.038461538461538464,1.0,0.4445348521833469,0.0
video_c109,56,6,5130.533203125,5130.39990234375,1P,0.0,no_fire_before_landing_interval,5132.8671875,5134.23291015625,1000,40,0.8,5130.1669921875,0.9615384615384616,0.8461538461538461,0.38461538461538464,0.32051282051282054,0.14102564102564102,0.5,0.268048606147248,0.0
video_c109,56,7,5214.2998046875,5213.86669921875,2P,1.0,fire_before_landing_interval,5223.0,5224.966796875,100,40,0.8,5208.23291015625,0.7142857142857143,0.5384615384615384,0.3076923076923077,0.32051282051282054,0.0641025641025641,0.0,0.8584951288606371,0.0
video_c109,56,10,5540.73291015625,5540.7001953125,1P,0.0,no_fire_before_landing_interval,5699.60009765625,5699.73291015625,540,100,0.8,5443.89990234375,0.84375,0.9230769230769231,0.38461538461538464,0.3974358974358974,0.1282051282051282,1.0,0.9897785009133468,0.0
video_c109,56,12,5772.3330078125,5771.966796875,2P,0.0,no_fire_before_landing_interval,5773.533203125,5773.7001953125,360,40,0.8,5771.60009765625,0.9,0.46153846153846156,0.15384615384615385,0.24358974358974358,0.0641025641025641,0.75,0.4229360383206537,0.0
video_c109,56,31,6547.06689453125,6546.93310546875,1P,0.0,no_fire_before_landing_interval,6608.1328125,6608.3330078125,100,40,0.8,6404.60009765625,0.7142857142857143,0.8461538461538461,0.0,0.24358974358974358,0.11538461538461539,0.5,0.9930297461030563,0.0
video_c109,56,33,6628.8330078125,6628.7001953125,1P,0.0,no_fire_before_landing_interval,6672.43310546875,6673.533203125,100,40,0.8,6613.1669921875,0.7142857142857143,0.8461538461538461,0.3076923076923077,0.2564102564102564,0.14102564102564102,0.0,0.9399976561584437,0.0
video_c109,65,5,7996.76708984375,7996.06689453125,2P,0.0,no_fire_before_landing_interval,7997.60009765625,7998.0,17,2,0.75,7996.7001953125,0.8947368421052632,0.9230769230769231,0.38461538461538464,0.5897435897435898,0.0,1.0,0.06270022883295194,0.0
video_c109,68,0,8154.2998046875,8154.16650390625,1P,1.0,fire_before_landing_interval,8155.43310546875,8155.8330078125,46,2,0.8,8152.7001953125,0.9583333333333334,0.8461538461538461,0.46153846153846156,0.6923076923076923,0.0,1.0,0.6153268219383922,0.0
video_c109,69,0,8221.533203125,8221.2666015625,2P,0.0,no_fire_before_landing_interval,8221.533203125,8224.0673828125,536,14,0.875,8221.533203125,0.9745454545454545,1.0,0.6153846153846154,0.8205128205128205,0.01282051282051282,1.0,0.0,0.0
video_c109,73,4,8445.1669921875,8444.900390625,1P,0.0,no_fire_before_landing_interval,8447.0673828125,8448.6328125,69,1,0.8,8445.0,0.9857142857142858,0.6923076923076923,0.6923076923076923,0.3974358974358974,0.0,1.0,0.14309623430962343,0.0
video_c109,74,0,8484.533203125,8484.400390625,2P,1.0,fire_before_landing_interval,8489.099609375,8489.4326171875,79,13,0.8571428571428571,8483.599609375,0.8586956521739131,0.8461538461538461,0.0,0.5,0.0,1.0,0.48282828282828283,0.0
video_c109,75,1,8548.1328125,8548.0,2P,0.0,no_fire_before_landing_interval,8550.099609375,8551.2666015625,218,26,0.8888888888888888,8547.0673828125,0.8934426229508197,0.9230769230769231,0.38461538461538464,0.6025641025641025,0.02564102564102564,1.0,0.5158392434988179,0.0
video_c109,75,4,8563.5673828125,8563.466796875,2P,0.0,no_fire_before_landing_interval,8564.3330078125,8564.599609375,594,1,0.8,8562.1328125,0.9983193277310924,0.9230769230769231,0.5384615384615384,0.7692307692307693,0.08974358974358974,1.0,0.5892498997192138,0.0
video_c109,81,4,9006.099609375,9005.7001953125,1P,1.0,fire_before_landing_interval,9038.533203125,9040.2666015625,44,18,0.875,9004.6328125,0.7096774193548387,0.9230769230769231,0.38461538461538464,0.8076923076923077,0.01282051282051282,1.0,0.5946159936658749,0.0
video_c109,84,3,9253.4326171875,9253.2998046875,1P,0.0,no_fire_before_landing_interval,9256.7998046875,9257.8671875,809,7,0.8571428571428571,9251.599609375,0.991421568627451,0.9230769230769231,0.6923076923076923,0.8333333333333334,0.038461538461538464,1.0,0.64701826956222,0.0
video_c109,88,1,9438.8671875,9438.533203125,2P,0.0,no_fire_before_landing_interval,9443.5673828125,9445.1669921875,830,5,0.8333333333333334,9437.4326171875,0.9940119760479041,0.8461538461538461,0.7692307692307693,0.7692307692307693,0.0,1.0,0.5892498997192138,0.0
video_c109,88,2,9445.900390625,9445.7001953125,2P,0.0,no_fire_before_landing_interval,9446.1328125,9447.099609375,1222,22,0.8571428571428571,9445.1669921875,0.9823151125401929,1.0,0.6923076923076923,0.8589743589743589,0.038461538461538464,0.75,0.4230985915492958,0.0
video_c109,89,3,9522.099609375,9521.8662109375,2P,0.0,no_fire_before_landing_interval,9522.5673828125,9527.2333984375,419,10,0.8333333333333334,9521.466796875,0.9766899766899767,1.0,0.23076923076923078,0.6410256410256411,0.0,1.0,0.3875598086124402,0.0
video_c109,90,0,9582.3330078125,9582.2001953125,2P,0.0,no_fire_before_landing_interval,9582.7001953125,9583.7001953125,165,11,0.8,9581.900390625,0.9375,1.0,0.46153846153846156,0.7692307692307693,0.0,1.0,0.3019768234492161,0.0
video_c109,93,1,9754.1669921875,9753.5,2P,0.0,no_fire_before_landing_interval,9754.2333984375,9754.900390625,37,1,0.75,9753.966796875,0.9736842105263158,0.9230769230769231,0.6153846153846154,0.7051282051282052,0.0,1.0,0.16680227827502034,0.0
video_c109,94,2,9826.3671875,9826.2666015625,1P,0.0,no_fire_before_landing_interval,9826.7001953125,9827.7666015625,7,2,0.8,9826.3671875,0.7777777777777778,0.6923076923076923,0.0,0.47435897435897434,0.02564102564102564,1.0,0.0,0.0
video_c109,98,3,10052.3671875,10052.1669921875,1P,0.0,no_fire_before_landing_interval,10054.466796875,10054.5673828125,244,10,0.8571428571428571,10049.5673828125,0.9606299212598425,0.9230769230769231,0.7692307692307693,0.6410256410256411,0.15384615384615385,1.0,0.7368285787715241,0.0
video_c109,101,2,10293.400390625,10293.033203125,2P,0.0,no_fire_before_landing_interval,10293.466796875,10293.7333984375,16,3,0.8,10293.2001953125,0.8421052631578947,0.8461538461538461,0.6923076923076923,0.6923076923076923,0.05128205128205128,1.0,0.16680227827502034,0.0
video_c109,101,4,10332.1328125,10331.966796875,1P,0.0,no_fire_before_landing_interval,10336.5673828125,10338.2001953125,415,7,0.8571428571428571,10330.6328125,0.9834123222748815,0.8461538461538461,0.7692307692307693,0.5512820512820513,0.0,1.0,0.6,0.0
video_c109,102,0,10376.099609375,10375.966796875,1P,0.0,no_fire_before_landing_interval,10376.5,10377.0673828125,42,10,0.8571428571428571,10375.2001953125,0.8076923076923077,0.9230769230769231,0.0,0.6923076923076923,0.0,0.0,0.4735218508997429,0.0
video_c109,104,0,10511.8671875,10511.7333984375,1P,0.0,no_fire_before_landing_interval,10524.466796875,10535.6328125,83,5,0.8571428571428571,10511.7333984375,0.9431818181818182,0.9230769230769231,0.0,0.6410256410256411,0.0,1.0,0.11800172265288544,0.0
video_c109,108,2,10801.0,10800.8662109375,2P,1.0,fire_before_landing_interval,10831.1669921875,10832.3671875,860,24,0.8888888888888888,10801.0,0.9728506787330317,0.9230769230769231,0.6923076923076923,0.8333333333333334,0.0,1.0,0.0,0.0
video_c109,109,4,10875.1669921875,10874.900390625,1P,1.0,fire_before_landing_interval,10879.900390625,10880.7001953125,162,20,0.8333333333333334,10874.533203125,0.8901098901098901,0.8461538461538461,0.6153846153846154,0.7564102564102564,0.038461538461538464,1.0,0.387925881649731,0.0
video_c109,109,7,10910.0,10909.5,1P,1.0,fire_before_landing_interval,10923.3330078125,10924.3671875,130,33,0.9,10907.3671875,0.7975460122699386,0.6153846153846154,0.46153846153846156,0.44871794871794873,0.01282051282051282,1.0,0.7247311827956989,0.0
video_c109,109,8,10916.599609375,10916.466796875,2P,0.0,no_fire_before_landing_interval,10919.7666015625,10920.9326171875,98,14,0.8888888888888888,10916.099609375,0.875,0.9230769230769231,0.3076923076923077,0.6025641025641025,0.0,0.0,0.3333333333333333,0.0
video_c109,110,5,10984.7998046875,10984.400390625,1P,0.0,no_fire_before_landing_interval,11003.7998046875,11005.0673828125,565,32,0.9,10984.400390625,0.9463986599664992,0.9230769230769231,0.23076923076923078,0.6410256410256411,0.0,1.0,0.2854152128401954,0.0
video_c109,113,2,11159.4326171875,11159.0,2P,0.0,no_fire_before_landing_interval,11167.3671875,11168.966796875,430,27,0.875,11155.2998046875,0.9409190371991248,1.0,0.6153846153846154,0.7564102564102564,0.0,1.0,0.8051750380517504,0.0
video_c11,5,0,430.70001220703125,430.5666809082031,2P,1.0,fire_before_landing_interval,437.1000061035156,437.63299560546875,114,5,0.8571428571428571,429.20001220703125,0.957983193277311,0.8461538461538461,0.7692307692307693,0.717948717948718,0.0,1.0,0.6,0.0
video_c11,10,1,708.0330200195312,707.7000122070312,2P,1.0,fire_before_landing_interval,716.6669921875,719.5,74,7,0.8333333333333334,707.3670043945312,0.9135802469135802,0.9230769230769231,0.07692307692307693,0.717948717948718,0.0,1.0,0.39976553341148885,0.0
video_c11,13,1,879.2329711914062,879.2000122070312,1P,1.0,fire_before_landing_interval,899.2999877929688,899.5,83,6,0.8,878.5,0.9325842696629214,0.9230769230769231,0.46153846153846156,0.6923076923076923,0.0,1.0,0.42295636248371077,0.0
video_c11,13,2,887.3330078125,887.066650390625,2P,0.0,no_fire_before_landing_interval,887.4000244140625,888.6329956054688,269,50,0.9,887.2670288085938,0.8432601880877743,0.7692307692307693,0.46153846153846156,0.6410256410256411,0.0,1.0,0.061895219009447465,0.0
video_c11,15,0,990.8670043945312,990.7000122070312,1P,0.0,no_fire_before_landing_interval,1001.5,1001.6329956054688,312,51,0.8888888888888888,990.2999877929688,0.859504132231405,0.9230769230769231,0.7692307692307693,0.7307692307692307,0.0,1.0,0.36184466775726415,0.0
video_c11,17,0,1088.699951171875,1088.566650390625,2P,0.0,no_fire_before_landing_interval,1093.4329833984375,1094.032958984375,302,13,0.8571428571428571,1086.532958984375,0.9587301587301588,0.9230769230769231,0.5384615384615384,0.7307692307692307,0.0,0.0,0.6842429848905335,0.0
video_c11,20,0,1328.1669921875,1328.0,2P,0.0,no_fire_before_landing_interval,1329.5670166015625,1330.0999755859375,590,21,0.8888888888888888,1326.0999755859375,0.9656301145662848,0.9230769230769231,0.8461538461538461,0.8589743589743589,0.07692307692307693,1.0,0.6739502487562189,0.0
video_c11,20,2,1359.467041015625,1359.1666259765625,2P,0.0,no_fire_before_landing_interval,1369.300048828125,1370.1669921875,455,15,0.8333333333333334,1358.633056640625,0.9680851063829787,0.9230769230769231,0.46153846153846156,0.7564102564102564,0.038461538461538464,1.0,0.4547390841320554,0.0
video_c11,21,2,1418.6669921875,1417.86669921875,2P,1.0,fire_before_landing_interval,1420.2669677734375,1422.7330322265625,115,5,0.8333333333333334,1417.0999755859375,0.9583333333333334,0.9230769230769231,0.8461538461538461,0.8333333333333334,0.02564102564102564,1.0,0.610442721955395,0.0
video_c11,22,0,1452.967041015625,1452.86669921875,2P,0.0,no_fire_before_landing_interval,1453.300048828125,1454.300048828125,132,1,0.8,1452.699951171875,0.9924812030075187,0.7692307692307693,0.46153846153846156,0.6410256410256411,0.0,1.0,0.21078998073217725,0.0
video_c11,24,1,1553.2330322265625,1553.0,1P,0.0,no_fire_before_landing_interval,1553.4329833984375,1554.032958984375,498,12,0.8333333333333334,1552.8330078125,0.9764705882352941,0.6153846153846154,0.38461538461538464,0.5256410256410257,0.0,1.0,0.28572674165140816,0.0
video_c11,24,2,1563.967041015625,1563.4000244140625,1P,0.0,no_fire_before_landing_interval,1565.967041015625,1566.3330078125,217,5,0.8333333333333334,1563.6669921875,0.9774774774774775,0.8461538461538461,0.6923076923076923,0.782051282051282,0.0641025641025641,1.0,0.2307981220657277,0.0
video_c11,28,2,1918.7330322265625,1918.5999755859375,2P,0.0,no_fire_before_landing_interval,1919.0670166015625,1920.199951171875,176,59,0.9,1917.967041015625,0.7489361702127659,1.0,0.5384615384615384,0.7692307692307693,0.2564102564102564,1.0,0.4337457662265846,0.0
video_c11,28,6,1940.633056640625,1940.5,2P,0.0,no_fire_before_landing_interval,1940.8330078125,1941.5670166015625,464,6,0.8,1939.7330322265625,0.9872340425531915,1.0,0.5384615384615384,0.7948717948717948,0.19230769230769232,1.0,0.47369097333761645,0.0
video_c11,38,3,2493.6669921875,2493.566650390625,2P,1.0,fire_before_landing_interval,2506.032958984375,2506.60009765625,48,1,0.8,2492.5,0.9795918367346939,0.9230769230769231,0.7692307692307693,0.8333333333333334,0.08974358974358974,1.0,0.5385308697611537,0.0
video_c11,39,3,2577.699951171875,2577.566650390625,2P,0.0,no_fire_before_landing_interval,2580.032958984375,2582.800048828125,142,27,0.8571428571428571,2577.60009765625,0.8402366863905325,0.6923076923076923,0.6923076923076923,0.5384615384615384,0.0,1.0,0.09078801331853496,0.0
video_c11,40,1,2653.60009765625,2653.466552734375,1P,1.0,fire_before_landing_interval,2680.23291015625,2680.43310546875,363,26,0.8571428571428571,2652.8330078125,0.9331619537275064,0.9230769230769231,0.7692307692307693,0.8205128205128205,0.02564102564102564,1.0,0.4340978170765405,0.0
video_c11,41,2,2719.43310546875,2719.10009765625,1P,0.0,no_fire_before_landing_interval,2719.93310546875,2726.699951171875,125,81,0.9166666666666666,2718.467041015625,0.6067961165048544,0.9230769230769231,0.6153846153846154,0.8076923076923077,0.01282051282051282,0.75,0.49136967589718117,0.0
video_c11,42,2,2776.73291015625,2776.60009765625,1P,0.0,no_fire_before_landing_interval,2777.467041015625,2777.60009765625,305,3,0.8,2775.032958984375,0.9902597402597403,0.8461538461538461,0.6923076923076923,0.7051282051282052,0.0,1.0,0.6296229315489646,0.0
video_c110,2,2,117.73300170898438,117.56664276123047,1P,1.0,fire_before_landing_interval,127.33300018310547,127.80000305175781,184,21,0.8888888888888888,114.86699676513672,0.8975609756097561,0.8461538461538461,0.8461538461538461,0.717948717948718,0.2564102564102564,1.0,0.7413350436627362,0.0
video_c110,3,0,164.73300170898438,164.56663513183594,1P,0.0,no_fire_before_landing_interval,167.10000610351562,168.76699829101562,95,34,0.8571428571428571,163.3000030517578,0.7364341085271318,0.8461538461538461,0.8461538461538461,0.5128205128205128,0.0,1.0,0.5889845655977773,0.0
video_c110,4,0,207.86700439453125,207.39996337890625,1P,0.0,no_fire_before_landing_interval,214.63299560546875,214.86700439453125,228,27,0.875,206.10000610351562,0.8941176470588236,0.9230769230769231,0.6923076923076923,0.7692307692307693,0.1282051282051282,1.0,0.6385975360928211,0.0
video_c110,8,1,374.9670104980469,374.46661376953125,2P,0.0,no_fire_before_landing_interval,381.5669860839844,383.0,416,5,0.8333333333333334,374.0669860839844,0.9881235154394299,0.7692307692307693,0.5384615384615384,0.6153846153846154,0.0,0.0,0.47369097333761645,0.0
video_c110,9,0,446.6000061035156,446.1665954589844,1P,0.0,no_fire_before_landing_interval,449.6000061035156,449.7669982910156,18,10,0.8333333333333334,446.5,0.6428571428571429,0.9230769230769231,0.6923076923076923,0.5384615384615384,0.0,1.0,0.09091413510889167,0.0
video_c110,11,0,559.0999755859375,559.0665893554688,1P,0.0,no_fire_before_landing_interval,559.5670166015625,560.1329956054688,69,26,0.8888888888888888,558.7329711914062,0.7263157894736842,0.8461538461538461,0.46153846153846156,0.5512820512820513,0.0,1.0,0.26847345626646424,0.0
video_c110,11,1,567.3330078125,567.1998901367188,1P,0.0,no_fire_before_landing_interval,578.6329956054688,578.7670288085938,491,88,0.9166666666666666,564.6329956054688,0.848013816925734,0.8461538461538461,0.6153846153846154,0.7692307692307693,0.02564102564102564,1.0,0.7297306214018244,0.0
video_c110,11,2,582.6669921875,582.4998779296875,1P,1.0,fire_before_landing_interval,586.4000244140625,586.7670288085938,205,17,0.8571428571428571,582.0999755859375,0.9234234234234234,0.7692307692307693,0.6153846153846154,0.6666666666666666,0.15384615384615385,1.0,0.36184466775726415,0.0
video_c110,11,3,586.6669921875,586.39990234375,2P,0.0,no_fire_before_landing_interval,589.8330078125,590.9669799804688,215,13,0.8333333333333334,585.7329711914062,0.9429824561403509,0.6153846153846154,0.38461538461538464,0.5256410256410257,0.0,1.0,0.48294253163758005,0.0
video_c110,18,1,1062.300048828125,1062.1998291015625,2P,1.0,fire_before_landing_interval,1066.800048828125,1067.0660400390625,41,7,0.8571428571428571,1061.032958984375,0.8541666666666666,0.6153846153846154,0.23076923076923078,0.38461538461538464,0.01282051282051282,1.0,0.5589058798190825,0.0
video_c110,20,0,1160.633056640625,1160.499755859375,2P,0.0,no_fire_before_landing_interval,1162.0,1162.4329833984375,43,12,0.8571428571428571,1159.9000244140625,0.7818181818181817,0.7692307692307693,0.6153846153846154,0.5384615384615384,0.0,1.0,0.42297668521518633,0.0
video_c110,20,1,1166.8330078125,1166.599853515625,2P,0.0,no_fire_before_landing_interval,1167.7659912109375,1167.9000244140625,89,24,0.8333333333333334,1166.4329833984375,0.7876106194690264,0.6153846153846154,0.6153846153846154,0.47435897435897434,0.0,1.0,0.28572674165140816,0.0
video_c110,26,6,1599.5,1599.3997802734375,2P,0.0,no_fire_before_landing_interval,1602.9659423828125,1603.3330078125,821,17,0.8571428571428571,1598.2330322265625,0.9797136038186157,0.7692307692307693,0.46153846153846156,0.6666666666666666,0.02564102564102564,1.0,0.5588821280491089,0.0
video_c110,27,6,1724.166015625,1723.2996826171875,1P,0.0,no_fire_before_landing_interval,1725.2659912109375,1725.532958984375,205,2,0.75,1723.5999755859375,0.9903381642512077,0.8461538461538461,0.6923076923076923,0.5641025641025641,0.08974358974358974,1.0,0.36144672226985736,0.0
video_c110,29,0,1840.7330322265625,1840.5997314453125,2P,1.0,fire_before_landing_interval,1844.532958984375,1845.199951171875,188,1,0.8,1839.633056640625,0.9947089947089947,0.8461538461538461,0.6153846153846154,0.6794871794871795,0.0,1.0,0.523803987676568,0.0
video_c110,32,1,1984.865966796875,1984.7330322265625,1P,0.0,no_fire_before_landing_interval,1986.2330322265625,1987.5,83,22,0.8571428571428571,1984.133056640625,0.7904761904761904,0.6923076923076923,0.3076923076923077,0.46153846153846156,0.0,1.0,0.4229360383206537,0.0
video_c110,34,1,2112.800048828125,2112.532958984375,2P,1.0,fire_before_landing_interval,2117.39990234375,2117.699951171875,52,1,0.8,2112.5,0.9811320754716981,0.6153846153846154,0.46153846153846156,0.48717948717948717,0.0,1.0,0.2307981220657277,0.0
video_c110,35,0,2151.300048828125,2151.099609375,1P,1.0,fire_before_landing_interval,2160.032958984375,2160.06591796875,154,3,0.8,2149.5,0.9808917197452229,0.8461538461538461,0.5384615384615384,0.6923076923076923,0.0,1.0,0.6428633708257041,0.0
video_c110,37,0,2303.166015625,2303.032958984375,2P,0.0,no_fire_before_landing_interval,2304.0,2304.5,1485,1329,0.9565217391304348,2302.199951171875,0.5277185501066098,1.0,0.7692307692307693,0.8333333333333334,0.0,1.0,0.49136967589718117,0.0
video_c110,38,0,2367.133056640625,2366.8330078125,2P,0.0,no_fire_before_landing_interval,2383.76611328125,2384.633056640625,233,24,0.8333333333333334,2365.43310546875,0.9066147859922179,0.46153846153846156,0.46153846153846156,0.41025641025641024,0.0,1.0,0.6296229315489646,0.0
video_c110,42,2,2572.532958984375,2572.26611328125,1P,0.0,no_fire_before_landing_interval,2574.199951171875,2574.23291015625,459,2,0.8,2570.0,0.9956616052060737,0.9230769230769231,0.6153846153846154,0.8589743589743589,0.038461538461538464,1.0,0.7169511436666436,0.0
video_c110,44,0,2708.699951171875,2708.432861328125,1P,1.0,fire_before_landing_interval,2730.76611328125,2731.466064453125,77,2,0.8,2707.666015625,0.9746835443037974,0.9230769230769231,0.7692307692307693,0.7948717948717948,0.0,1.0,0.5083423358540391,0.0
video_c110,44,1,2725.466064453125,2725.199462890625,2P,0.0,no_fire_before_landing_interval,2730.93310546875,2731.3330078125,132,45,0.9,2724.26611328125,0.7457627118644068,0.9230769230769231,0.6923076923076923,0.7051282051282052,0.02564102564102564,1.0,0.5454444567750527,0.0
video_c110,45,0,2784.56591796875,2784.23291015625,2P,1.0,fire_before_landing_interval,2837.76611328125,2838.666015625,65,41,0.9,2783.26611328125,0.6132075471698113,0.9230769230769231,0.5384615384615384,0.7051282051282052,0.0,1.0,0.5651804670912951,0.0
video_c110,46,0,2881.26611328125,2881.1328125,2P,1.0,fire_before_landing_interval,2895.60009765625,2896.699951171875,702,12,0.8571428571428571,2880.133056640625,0.9831932773109243,1.0,0.6923076923076923,0.7948717948717948,0.0,1.0,0.5311891953759872,0.0
video_c110,47,3,2951.43310546875,2951.23291015625,2P,1.0,fire_before_landing_interval,2961.365966796875,2961.56591796875,358,35,0.875,2949.56591796875,0.910941475826972,0.6923076923076923,0.46153846153846156,0.5384615384615384,0.0,1.0,0.6512261580381471,0.0
video_c110,48,4,3020.89892578125,3020.76611328125,1P,0.0,no_fire_before_landing_interval,3021.698974609375,3022.698974609375,8,1,0.8,3020.198974609375,0.8888888888888888,0.9230769230769231,0.5384615384615384,0.7564102564102564,0.05128205128205128,0.0,0.41174780985207526,0.0
video_c110,52,1,3303.299072265625,3303.166015625,2P,0.0,no_fire_before_landing_interval,3304.8330078125,3304.89892578125,75,32,0.8888888888888888,3302.365966796875,0.7009345794392523,0.9230769230769231,0.0,0.7564102564102564,0.02564102564102564,1.0,0.48269765092195,0.0
video_c110,53,5,3376.466064453125,3376.332763671875,1P,0.0,no_fire_before_landing_interval,3396.9990234375,3397.633056640625,364,14,0.8571428571428571,3376.166015625,0.9629629629629629,0.8461538461538461,0.8461538461538461,0.6666666666666666,0.07692307692307693,1.0,0.2307981220657277,0.0
video_c111,0,0,176.6999969482422,176.26663208007812,2P,0.0,no_fire_before_landing_interval,176.93299865722656,177.56700134277344,3,3,0.8,176.63299560546875,0.5,0.6153846153846154,0.46153846153846156,0.3333333333333333,0.2948717948717949,0.5,0.06279405665908733,0.0
video_c111,1,6,327.20001220703125,327.0666198730469,2P,0.0,no_fire_before_landing_interval,327.4670104980469,328.0329895019531,107,3,0.8,325.7669982910156,0.9727272727272728,0.7692307692307693,0.23076923076923078,0.3717948717948718,0.0,1.0,0.5889871433051114,0.0
video_c111,4,0,468.7330017089844,468.2666015625,2P,0.0,no_fire_before_landing_interval,469.1000061035156,469.2669982910156,1038,1,0.75,466.6000061035156,0.9990375360923965,0.8461538461538461,0.6153846153846154,0.6666666666666666,0.0,1.0,0.6808166604975551,0.0
video_c111,7,2,687.4329833984375,687.39990234375,2P,1.0,fire_before_landing_interval,726.2999877929688,726.3330078125,460,41,0.9090909090909091,684.4000244140625,0.9181636726546906,0.6923076923076923,0.6923076923076923,0.6282051282051282,0.01282051282051282,1.0,0.7520431018826805,0.0
video_c111,10,1,898.8330078125,898.7665405273438,1P,0.0,no_fire_before_landing_interval,898.9329833984375,899.3330078125,320,6,0.8571428571428571,898.7999877929688,0.9815950920245399,0.9230769230769231,0.46153846153846156,0.6666666666666666,0.0,1.0,0.03196454948301329,0.0
video_c111,13,0,1085.4329833984375,1085.2998046875,1P,0.0,no_fire_before_landing_interval,1085.5660400390625,1087.5,56,1,0.8,1085.300048828125,0.9824561403508771,0.9230769230769231,0.07692307692307693,0.6410256410256411,0.0,1.0,0.11733649391229393,0.0
video_c111,21,1,1647.8330078125,1647.69970703125,2P,1.0,fire_before_landing_interval,1656.5,1659.4659423828125,163,8,0.8,1646.666015625,0.9532163742690059,0.9230769230769231,0.6153846153846154,0.7435897435897436,0.0,1.0,0.5385308697611537,0.0
video_c111,22,1,1756.2330322265625,1756.0997314453125,1P,0.0,no_fire_before_landing_interval,1771.800048828125,1772.365966796875,65,1,0.8,1752.365966796875,0.9848484848484849,0.8461538461538461,0.46153846153846156,0.5641025641025641,0.0,1.0,0.7945373830603697,0.0
video_c111,22,5,1798.8330078125,1798.69970703125,1P,0.0,no_fire_before_landing_interval,1800.7330322265625,1802.8330078125,480,206,0.9285714285714286,1798.5660400390625,0.6997084548104956,0.7692307692307693,0.38461538461538464,0.5897435897435898,0.05128205128205128,1.0,0.21071394161287216,0.0
video_c111,23,3,1865.9659423828125,1865.8330078125,2P,0.0,no_fire_before_landing_interval,1869.865966796875,1871.032958984375,299,8,0.8571428571428571,1864.7330322265625,0.9739413680781759,1.0,0.8461538461538461,0.8589743589743589,0.02564102564102564,1.0,0.552153947080691,0.0
video_c111,23,4,1877.7659912109375,1877.3330078125,1P,1.0,fire_before_landing_interval,1883.3330078125,1883.5999755859375,38,17,0.8333333333333334,1874.9659423828125,0.6909090909090909,0.6923076923076923,0.38461538461538464,0.46153846153846156,0.01282051282051282,1.0,0.7368454866688082,0.0
video_c111,25,0,2042.4000244140625,2042.133056640625,2P,0.0,no_fire_before_landing_interval,2042.4659423828125,2044.365966796875,46,14,0.8333333333333334,2041.666015625,0.7666666666666666,1.0,0.6923076923076923,0.8717948717948718,0.0,1.0,0.4233016543470609,0.0
video_c111,27,1,2145.56591796875,2145.299560546875,1P,0.0,no_fire_before_landing_interval,2153.300048828125,2154.199951171875,84,18,0.8333333333333334,2144.8330078125,0.8235294117647058,0.6923076923076923,0.6153846153846154,0.6410256410256411,0.0,1.0,0.4229360383206537,0.0
video_c111,29,1,2309.26611328125,2309.133056640625,2P,1.0,fire_before_landing_interval,2327.532958984375,2327.89990234375,78,10,0.8571428571428571,2307.5,0.8863636363636362,0.7692307692307693,0.46153846153846156,0.5897435897435898,0.0,1.0,0.6384819064430715,0.0
video_c111,29,3,2332.8330078125,2332.799560546875,2P,0.0,no_fire_before_landing_interval,2332.8330078125,2333.5,200,15,0.8571428571428571,2332.8330078125,0.9302325581395349,0.9230769230769231,0.6153846153846154,0.7692307692307693,0.02564102564102564,1.0,0.0,0.0
video_c111,30,0,2397.365966796875,2397.099609375,2P,0.0,no_fire_before_landing_interval,2397.56591796875,2400.5,1328,6,0.8333333333333334,2396.466064453125,0.9955022488755623,1.0,0.6923076923076923,0.8205128205128205,0.0,0.0,0.47365715754304805,0.0
video_c111,30,1,2407.89990234375,2407.799560546875,2P,0.0,no_fire_before_landing_interval,2408.10009765625,2408.5,874,10,0.8571428571428571,2406.800048828125,0.9886877828054299,0.9230769230769231,0.6153846153846154,0.7435897435897436,0.0,1.0,0.5237763050808045,0.0
video_c111,30,2,2417.5,2417.3330078125,1P,0.0,no_fire_before_landing_interval,2419.699951171875,2421.300048828125,1175,14,0.8888888888888888,2415.966064453125,0.9882253994953742,1.0,0.6923076923076923,0.8589743589743589,0.0,1.0,0.605356970806436,0.0
video_c111,32,0,2530.56591796875,2529.99951171875,1P,0.0,no_fire_before_landing_interval,2532.8330078125,2533.199951171875,324,75,0.9166666666666666,2527.60009765625,0.8120300751879699,0.8461538461538461,0.8461538461538461,0.7692307692307693,0.0,1.0,0.7478453582861364,0.0
video_c111,36,2,2816.966064453125,2816.699462890625,1P,0.0,no_fire_before_landing_interval,2833.73291015625,2835.199951171875,14,5,0.8333333333333334,2816.800048828125,0.7368421052631579,0.8461538461538461,0.0,0.47435897435897434,0.0,1.0,0.1423785594639866,0.0
video_c111,36,4,2848.43310546875,2848.199462890625,2P,1.0,fire_before_landing_interval,2853.865966796875,2855.10009765625,131,10,0.8333333333333334,2846.633056640625,0.9290780141843972,0.9230769230769231,0.46153846153846156,0.6153846153846154,0.038461538461538464,1.0,0.6428633708257041,0.0
video_c111,36,5,2849.865966796875,2849.73291015625,1P,0.0,no_fire_before_landing_interval,2850.800048828125,2851.06591796875,373,9,0.8571428571428571,2849.60009765625,0.9764397905759162,0.9230769230769231,0.5384615384615384,0.7564102564102564,0.038461538461538464,1.0,0.21002892960462874,0.0
video_c111,36,7,2877.56591796875,2877.1328125,1P,0.0,no_fire_before_landing_interval,2881.73291015625,2882.3330078125,78,10,0.8333333333333334,2877.26611328125,0.8863636363636362,0.9230769230769231,0.46153846153846156,0.6410256410256411,0.0,1.0,0.23065364387678436,0.0
video_c111,38,0,3020.93310546875,3020.799560546875,2P,1.0,fire_before_landing_interval,3033.10009765625,3033.199951171875,222,15,0.8571428571428571,3019.3330078125,0.9367088607594937,0.7692307692307693,0.7692307692307693,0.6923076923076923,0.0,1.0,0.6153990610328639,0.0
video_c111,38,1,3030.26611328125,3030.1328125,1P,0.0,no_fire_before_landing_interval,3038.60009765625,3039.466064453125,81,2,0.8,3029.0,0.9759036144578314,0.8461538461538461,0.8461538461538461,0.7948717948717948,0.02564102564102564,1.0,0.5587157940099117,0.0
video_c111,39,1,3086.23291015625,3085.532958984375,2P,0.0,no_fire_before_landing_interval,3103.06591796875,3103.865966796875,47,26,0.875,3084.800048828125,0.6438356164383562,0.6923076923076923,0.46153846153846156,0.5256410256410257,0.0,1.0,0.5889613647767186,0.0
video_c111,45,1,3381.698974609375,3381.432861328125,1P,0.0,no_fire_before_landing_interval,3382.26611328125,3384.133056640625,266,1,0.8,3381.39892578125,0.9962546816479401,0.9230769230769231,0.6153846153846154,0.6794871794871795,0.0,1.0,0.2307981220657277,0.0
video_c111,47,2,3493.365966796875,3493.232666015625,1P,0.0,no_fire_before_landing_interval,3493.76611328125,3494.76611328125,72,14,0.8888888888888888,3491.133056640625,0.8372093023255814,0.8461538461538461,0.0,0.3717948717948718,0.0,1.0,0.690681165987011,0.0
video_c111,50,0,3638.032958984375,3637.932861328125,2P,0.0,no_fire_before_landing_interval,3639.4990234375,3639.865966796875,112,8,0.8571428571428571,3635.89892578125,0.9333333333333333,0.7692307692307693,0.7692307692307693,0.6923076923076923,0.0,0.0,0.6809223338786321,0.0
video_c111,51,0,3685.3330078125,3685.232666015625,1P,0.0,no_fire_before_landing_interval,3685.698974609375,3686.532958984375,313,10,0.8571428571428571,3685.06591796875,0.9690402476780187,0.9230769230769231,0.46153846153846156,0.7051282051282052,0.05128205128205128,1.0,0.21078998073217725,0.0
video_c111,51,1,3691.966064453125,3691.832763671875,1P,1.0,fire_before_landing_interval,3697.26611328125,3699.698974609375,721,3,0.8,3691.966064453125,0.9958563535911602,0.8461538461538461,0.46153846153846156,0.6923076923076923,0.038461538461538464,0.0,0.0,0.0
video_c112,2,0,349.5669860839844,349.066650390625,1P,0.0,no_fire_before_landing_interval,356.3330078125,356.5669860839844,228,27,0.875,347.6669921875,0.8941176470588236,0.9230769230769231,0.6923076923076923,0.7692307692307693,0.1282051282051282,1.0,0.6551716880465552,0.0
video_c112,4,0,413.7669982910156,413.36663818359375,1P,0.0,no_fire_before_landing_interval,418.3330078125,419.9670104980469,7,6,0.8333333333333334,409.7669982910156,0.5384615384615384,0.3076923076923077,0.0,0.10256410256410256,0.0,1.0,0.8,0.0
video_c112,6,4,534.5999755859375,534.4666137695312,2P,1.0,fire_before_landing_interval,544.0999755859375,544.5,495,35,0.8888888888888888,532.0670166015625,0.9339622641509434,0.9230769230769231,0.6153846153846154,0.717948717948718,0.0,1.0,0.7169511436666436,0.0
video_c112,9,1,724.5330200195312,724.199951171875,1P,1.0,fire_before_landing_interval,728.0670166015625,728.4329833984375,205,17,0.8333333333333334,723.7999877929688,0.9234234234234234,0.7692307692307693,0.6153846153846154,0.6666666666666666,0.15384615384615385,1.0,0.42297668521518633,0.0
video_c112,12,0,906.7329711914062,906.4666137695312,2P,1.0,fire_before_landing_interval,913.8330078125,915.0999755859375,168,38,0.875,906.0330200195312,0.8155339805825242,1.0,0.6153846153846154,0.6666666666666666,0.0,1.0,0.41174780985207526,0.0
video_c112,15,5,1110.0999755859375,1109.89990234375,2P,0.0,no_fire_before_landing_interval,1118.4000244140625,1118.532958984375,113,111,0.9166666666666666,1109.7669677734375,0.5044642857142858,1.0,0.46153846153846156,0.6153846153846154,0.14102564102564102,1.0,0.24981684981684982,0.0
video_c112,16,1,1204.0,1203.8665771484375,2P,0.0,no_fire_before_landing_interval,1207.7669677734375,1208.7330322265625,41,7,0.8571428571428571,1202.7669677734375,0.8541666666666666,0.6153846153846154,0.23076923076923078,0.38461538461538464,0.01282051282051282,1.0,0.5521784289072322,0.0
video_c112,18,1,1308.5,1308.2666015625,2P,0.0,no_fire_before_landing_interval,1309.467041015625,1309.5999755859375,89,24,0.8333333333333334,1308.133056640625,0.7876106194690264,0.7692307692307693,0.6153846153846154,0.5128205128205128,0.0,1.0,0.2684407929987498,0.0
video_c112,25,5,1863.2669677734375,1862.89990234375,2P,1.0,fire_before_landing_interval,1877.3330078125,1878.699951171875,14,13,0.8333333333333334,1862.800048828125,0.5185185185185186,0.6153846153846154,0.0,0.2692307692307692,0.0,1.0,0.31829907630856286,0.0
video_c112,26,2,1916.2669677734375,1916.16650390625,2P,1.0,fire_before_landing_interval,1935.0999755859375,1936.2330322265625,53,17,0.8571428571428571,1914.9329833984375,0.7571428571428572,0.8461538461538461,0.6153846153846154,0.48717948717948717,0.01282051282051282,1.0,0.5715481171548117,0.0
video_c112,30,5,2150.23291015625,2150.099853515625,2P,0.0,no_fire_before_landing_interval,2163.300048828125,2163.73291015625,440,362,0.9444444444444444,2149.532958984375,0.5486284289276808,0.9230769230769231,0.7692307692307693,0.7307692307692307,0.0641025641025641,1.0,0.41174780985207526,0.0
video_c112,39,0,2668.60009765625,2668.133056640625,2P,1.0,fire_before_landing_interval,2676.3330078125,2676.532958984375,241,25,0.8333333333333334,2667.26611328125,0.9060150375939849,0.9230769230769231,0.7692307692307693,0.7948717948717948,0.0,1.0,0.5715481171548117,0.0
video_c112,42,0,2850.3330078125,2850.133056640625,1P,1.0,fire_before_landing_interval,2872.5,2873.166015625,77,2,0.8,2849.43310546875,0.9746835443037974,0.9230769230769231,0.7692307692307693,0.7948717948717948,0.0,1.0,0.47365715754304805,0.0
video_c112,42,1,2867.166015625,2866.899658203125,2P,0.0,no_fire_before_landing_interval,2874.666015625,2874.89990234375,132,45,0.9,2865.966064453125,0.7457627118644068,0.9230769230769231,0.6923076923076923,0.7051282051282052,0.02564102564102564,1.0,0.5454444567750527,0.0
video_c112,44,0,3022.93310546875,3022.7998046875,2P,1.0,fire_before_landing_interval,3037.26611328125,3038.365966796875,702,12,0.8571428571428571,3021.966064453125,0.9831932773109243,0.9230769230769231,0.6923076923076923,0.782051282051282,0.0,1.0,0.4916221918828348,0.0
video_c112,48,0,3351.10009765625,3350.8330078125,1P,1.0,fire_before_landing_interval,3354.3330078125,3355.133056640625,42,5,0.8333333333333334,3347.5,0.8936170212765957,0.9230769230769231,0.0,0.7051282051282052,0.01282051282051282,1.0,0.7826133106888865,0.0
video_c113,6,0,625.3670043945312,625.0999755859375,1P,0.0,no_fire_before_landing_interval,626.2670288085938,627.8330078125,103,17,0.8333333333333334,625.0999755859375,0.8583333333333333,0.9230769230769231,0.5384615384615384,0.782051282051282,0.01282051282051282,1.0,0.21075196300399826,0.0
video_c113,8,5,781.0330200195312,780.9000244140625,2P,0.0,no_fire_before_landing_interval,782.2670288085938,783.0999755859375,215,39,0.8888888888888888,780.2000122070312,0.8464566929133859,0.8461538461538461,0.3076923076923077,0.6153846153846154,0.01282051282051282,1.0,0.45444858817261585,0.0
video_c113,20,1,1591.7330322265625,1591.4666748046875,2P,1.0,fire_before_landing_interval,1599.9000244140625,1600.3330078125,280,7,0.8333333333333334,1590.8330078125,0.975609756097561,0.9230769230769231,0.7692307692307693,0.7948717948717948,0.0,1.0,0.47369097333761645,0.0
video_c113,21,1,1638.300048828125,1636.0999755859375,1P,0.0,no_fire_before_landing_interval,1659.5999755859375,1660.467041015625,21,1,0.5,1638.1669921875,0.9545454545454546,0.9230769230769231,0.6153846153846154,0.7948717948717948,0.01282051282051282,1.0,0.11743158801982331,0.0
video_c113,22,0,1723.5,1723.199951171875,1P,0.0,no_fire_before_landing_interval,1723.5670166015625,1723.967041015625,1614,7,0.8333333333333334,1722.4000244140625,0.9956816779765577,0.9230769230769231,0.6923076923076923,0.8461538461538461,0.0,1.0,0.523803987676568,0.0
video_c113,24,0,1821.8330078125,1821.699951171875,1P,0.0,no_fire_before_landing_interval,1822.0,1822.4000244140625,816,2,0.8,1819.6669921875,0.9975550122249389,0.7692307692307693,0.6153846153846154,0.6923076923076923,0.0,1.0,0.6841455891425047,0.0
video_c113,32,2,2303.032958984375,2302.89990234375,1P,0.0,no_fire_before_landing_interval,2306.0,2306.699951171875,251,5,0.8571428571428571,2302.06689453125,0.98046875,0.8461538461538461,0.5384615384615384,0.6666666666666666,0.0,1.0,0.49136967589718117,0.0
video_c113,33,2,2362.23291015625,2361.966552734375,2P,0.0,no_fire_before_landing_interval,2363.6669921875,2363.800048828125,486,1,0.8,2361.73291015625,0.997946611909651,0.9230769230769231,0.6153846153846154,0.7692307692307693,0.0,1.0,0.3333333333333333,0.0
video_c113,40,0,2812.76708984375,2812.60009765625,1P,0.0,no_fire_before_landing_interval,2817.43310546875,2817.967041015625,197,20,0.8571428571428571,2811.866943359375,0.9078341013824884,0.7692307692307693,0.7692307692307693,0.5641025641025641,0.0,1.0,0.4737247847873571,0.0
video_c113,41,3,2972.800048828125,2972.666748046875,1P,0.0,no_fire_before_landing_interval,2973.1669921875,2973.8330078125,36,10,0.8571428571428571,2971.39990234375,0.782608695652174,0.9230769230769231,0.7692307692307693,0.8076923076923077,0.07692307692307693,1.0,0.583358763096328,0.0
video_c114,2,4,385.5669860839844,384.99993896484375,1P,1.0,fire_before_landing_interval,418.5329895019531,420.5669860839844,51,13,0.8333333333333334,384.0,0.7968749999999999,0.6153846153846154,0.6153846153846154,0.34615384615384615,0.0,1.0,0.6104380907091482,0.0
video_c114,4,8,565.5670166015625,565.2999267578125,2P,0.0,no_fire_before_landing_interval,567.0670166015625,568.0999755859375,512,1,0.8,565.2329711914062,0.9980506822612085,1.0,0.5384615384615384,0.7051282051282052,0.01282051282051282,1.0,0.2504003294139177,0.0
video_c114,7,0,751.2329711914062,751.0665283203125,1P,0.0,no_fire_before_landing_interval,752.7329711914062,753.6669921875,503,5,0.8,750.0330200195312,0.9901574803149606,0.7692307692307693,0.46153846153846156,0.6153846153846154,0.0,1.0,0.5454444567750527,0.0
video_c114,8,0,813.0999755859375,812.966552734375,1P,0.0,no_fire_before_landing_interval,821.5,822.6329956054688,286,1,0.8,811.9329833984375,0.9965156794425087,0.8461538461538461,0.8461538461538461,0.8333333333333334,0.05128205128205128,1.0,0.5385308697611537,0.0
video_c114,9,2,884.5330200195312,883.9998168945312,2P,0.0,no_fire_before_landing_interval,893.3670043945312,894.5999755859375,564,77,0.9166666666666666,873.0670166015625,0.8798751950078002,0.9230769230769231,0.6153846153846154,0.8461538461538461,0.0,1.0,0.9197818285081986,0.0
video_c114,10,0,928.0999755859375,927.9998168945312,1P,0.0,no_fire_before_landing_interval,929.7329711914062,930.0,40,20,0.8571428571428571,926.2329711914062,0.6666666666666666,0.7692307692307693,0.6923076923076923,0.6410256410256411,0.0,1.0,0.6512038830817704,0.0
video_c114,10,1,932.5,932.3998413085938,2P,0.0,no_fire_before_landing_interval,933.9329833984375,934.0330200195312,89,4,0.8,931.4329833984375,0.956989247311828,0.8461538461538461,0.38461538461538464,0.5897435897435898,0.0,1.0,0.5162109490344298,0.0
video_c114,16,3,1333.2330322265625,1333.0997314453125,1P,0.0,no_fire_before_landing_interval,1336.2659912109375,1337.633056640625,54,29,0.8888888888888888,1330.166015625,0.6506024096385543,0.6923076923076923,0.0,0.3076923076923077,0.0,1.0,0.7541195185640964,0.0
video_c114,22,1,1680.8330078125,1680.69970703125,2P,1.0,fire_before_landing_interval,1707.5,1708.532958984375,468,7,0.8571428571428571,1679.4329833984375,0.9852631578947368,0.9230769230769231,0.46153846153846156,0.6538461538461539,0.0,1.0,0.5833375718427344,0.0
video_c114,24,2,1809.2330322265625,1808.7996826171875,1P,0.0,no_fire_before_landing_interval,1809.9329833984375,1810.166015625,24,17,0.8333333333333334,1806.633056640625,0.5853658536585366,0.9230769230769231,0.5384615384615384,0.6538461538461539,0.08974358974358974,1.0,0.722220338408328,0.0
video_c114,25,0,1861.032958984375,1860.9996337890625,2P,0.0,no_fire_before_landing_interval,1861.5,1861.9000244140625,96,1,0.8,1859.5999755859375,0.9896907216494846,0.7692307692307693,0.07692307692307693,0.6025641025641025,0.0,1.0,0.5889819878581105,0.0
video_c114,28,5,2064.133056640625,2064.099609375,1P,0.0,no_fire_before_landing_interval,2067.26611328125,2072.56591796875,322,1,0.8,2063.532958984375,0.9969040247678018,0.9230769230769231,0.7692307692307693,0.6794871794871795,0.01282051282051282,1.0,0.3750381446444919,0.0
video_c114,30,1,2156.76611328125,2156.23291015625,1P,1.0,fire_before_landing_interval,2158.5,2161.166015625,50,1,0.75,2155.966064453125,0.9803921568627451,0.9230769230769231,0.6153846153846154,0.6923076923076923,0.0,1.0,0.44445951444459514,0.0
video_c114,31,0,2240.8330078125,2240.432861328125,2P,0.0,no_fire_before_landing_interval,2250.365966796875,2252.199951171875,227,10,0.8333333333333334,2238.633056640625,0.9578059071729957,0.9230769230769231,0.7692307692307693,0.7948717948717948,0.0,1.0,0.6874952315556573,0.0
video_c114,32,5,2334.93310546875,2334.799560546875,1P,0.0,no_fire_before_landing_interval,2335.966064453125,2336.166015625,133,1,0.8,2334.666015625,0.9925373134328358,0.9230769230769231,0.6923076923076923,0.7948717948717948,0.038461538461538464,1.0,0.21078998073217725,0.0
video_c114,35,4,2535.199951171875,2535.032958984375,2P,0.0,no_fire_before_landing_interval,2536.199951171875,2536.23291015625,631,22,0.8888888888888888,2534.5,0.9663093415007658,0.8461538461538461,0.6153846153846154,0.6666666666666666,0.0641025641025641,1.0,0.41174780985207526,0.0
video_c114,35,8,2554.26611328125,2554.099609375,2P,0.0,no_fire_before_landing_interval,2554.300048828125,2555.5,171,23,0.8888888888888888,2552.73291015625,0.8814432989690721,0.7692307692307693,0.7692307692307693,0.3974358974358974,0.0,1.0,0.605242868157286,0.0
video_c114,41,0,2839.9990234375,2839.832763671875,1P,0.0,no_fire_before_landing_interval,2840.698974609375,2841.73291015625,40,3,0.8,2839.133056640625,0.9302325581395349,0.8461538461538461,0.8461538461538461,0.5512820512820513,0.02564102564102564,1.0,0.4640847834619914,0.0
video_c114,41,1,2843.532958984375,2843.432861328125,2P,0.0,no_fire_before_landing_interval,2843.59912109375,2844.23291015625,50,20,0.8888888888888888,2843.032958984375,0.7142857142857143,0.9230769230769231,0.5384615384615384,0.6794871794871795,0.08974358974358974,1.0,0.3333333333333333,0.0
video_c114,42,1,2879.198974609375,2878.932861328125,1P,0.0,no_fire_before_landing_interval,2880.73291015625,2880.865966796875,42,11,0.8333333333333334,2878.633056640625,0.7924528301886793,0.7692307692307693,0.7692307692307693,0.6153846153846154,0.0,1.0,0.36139694418459617,0.0
video_c114,46,0,3158.39892578125,3158.26611328125,2P,0.0,no_fire_before_landing_interval,3160.43310546875,3161.26611328125,170,35,0.9,3157.365966796875,0.8292682926829268,0.5384615384615384,0.23076923076923078,0.358974358974359,0.0,1.0,0.5081061606821184,0.0
video_c115,0,1,218.89999389648438,218.46665954589844,2P,0.0,no_fire_before_landing_interval,236.89999389648438,238.33299255371094,5,5,0.8,217.0330047607422,0.5,0.23076923076923078,0.23076923076923078,0.05128205128205128,0.0,1.0,0.6512020267069737,0.0
video_c115,0,3,252.0,251.8000030517578,1P,0.0,no_fire_before_landing_interval,260.6000061035156,260.8330078125,3820,820,0.9,251.83299255371094,0.8232758620689655,0.9230769230769231,0.8461538461538461,0.8205128205128205,0.38461538461538464,1.0,0.14310743844876506,0.0
video_c115,3,5,446.9670104980469,446.8666687011719,2P,1.0,fire_before_landing_interval,452.8999938964844,453.9670104980469,216,1,0.8,446.0,0.9953917050691244,0.9230769230769231,0.8461538461538461,0.7307692307692307,0.038461538461538464,1.0,0.49161430455356453,0.0
video_c115,4,1,493.36700439453125,493.1000061035156,1P,0.0,no_fire_before_landing_interval,493.6000061035156,495.4330139160156,286,33,0.875,491.20001220703125,0.896551724137931,1.0,0.7692307692307693,0.8205128205128205,0.02564102564102564,1.0,0.6842429848905335,0.0
video_c115,6,0,561.9669799804688,561.2999877929688,1P,0.0,no_fire_before_landing_interval,562.7670288085938,563.0,217,2,0.75,559.2999877929688,0.9908675799086758,0.6923076923076923,0.46153846153846156,0.6153846153846154,0.0,1.0,0.7272969374167776,0.0
video_c115,8,3,688.0999755859375,687.4666748046875,1P,0.0,no_fire_before_landing_interval,688.8670043945312,693.7670288085938,103,90,0.9,687.5999755859375,0.533678756476684,0.8461538461538461,0.23076923076923078,0.5384615384615384,0.0,1.0,0.3333333333333333,0.0
video_c115,10,2,820.2999877929688,820.1666870117188,2P,0.0,no_fire_before_landing_interval,830.2999877929688,830.4329833984375,266,2,0.8,818.5,0.9925373134328358,0.9230769230769231,0.23076923076923078,0.5256410256410257,0.0,1.0,0.6428555858310627,0.0
video_c115,19,1,1365.467041015625,1364.800048828125,1P,1.0,fire_before_landing_interval,1371.5,1372.5999755859375,299,14,0.875,1362.7330322265625,0.9552715654952076,1.0,0.6153846153846154,0.7948717948717948,0.0641025641025641,1.0,0.7321913106018504,0.0
video_c115,33,0,2095.3330078125,2094.966552734375,1P,0.0,no_fire_before_landing_interval,2111.6669921875,2117.699951171875,100,16,0.875,2093.5,0.8620689655172413,0.7692307692307693,0.6923076923076923,0.6923076923076923,0.0,1.0,0.64701826956222,0.0
video_c115,34,0,2147.366943359375,2147.10009765625,1P,1.0,fire_before_landing_interval,2155.23291015625,2156.967041015625,130,12,0.8333333333333334,2147.366943359375,0.9154929577464789,0.6923076923076923,0.46153846153846156,0.5,0.0,1.0,0.0,0.0
video_c115,36,1,2292.967041015625,2292.800048828125,1P,0.0,no_fire_before_landing_interval,2293.199951171875,2293.76708984375,40,13,0.8571428571428571,2292.133056640625,0.7547169811320755,1.0,0.7692307692307693,0.8076923076923077,0.1794871794871795,1.0,0.4547390841320554,0.0
video_c115,42,0,2561.43310546875,2561.2666015625,1P,0.0,no_fire_before_landing_interval,2561.467041015625,2562.73291015625,497,7,0.8571428571428571,2560.60009765625,0.9861111111111112,0.8461538461538461,0.5384615384615384,0.6153846153846154,0.0,1.0,0.45444858817261585,0.0
video_c115,44,0,2669.76708984375,2669.566650390625,1P,0.0,no_fire_before_landing_interval,2671.56689453125,2672.10009765625,404,6,0.8,2668.1669921875,0.9853658536585366,0.6923076923076923,0.6923076923076923,0.5641025641025641,0.0,1.0,0.6153990610328639,0.0
video_c115,44,2,2689.366943359375,2689.199951171875,1P,0.0,no_fire_before_landing_interval,2690.23291015625,2690.5,17,14,0.8888888888888888,2689.133056640625,0.5483870967741935,0.6923076923076923,0.38461538461538464,0.358974358974359,0.0,1.0,0.18955282944202612,0.0
video_c115,45,2,2753.93310546875,2753.7666015625,1P,0.0,no_fire_before_landing_interval,2755.56689453125,2756.06689453125,6,1,0.8,2753.800048828125,0.8571428571428571,0.9230769230769231,0.6153846153846154,0.6410256410256411,0.0641025641025641,1.0,0.11743158801982331,0.0
video_c116,14,0,876.7000122070312,876.2997436523438,1P,0.0,no_fire_before_landing_interval,879.3330078125,879.7329711914062,64,15,0.8333333333333334,876.5330200195312,0.810126582278481,0.6153846153846154,0.5384615384615384,0.5256410256410257,0.0,1.0,0.14309623430962343,0.0
video_c116,25,2,1481.4000244140625,1481.1329345703125,2P,1.0,fire_before_landing_interval,1510.4000244140625,1510.5660400390625,422,72,0.9166666666666666,1479.865966796875,0.854251012145749,1.0,0.5384615384615384,0.6410256410256411,0.0,1.0,0.6053759815019991,0.0
video_c116,32,0,1808.166015625,1808.0328369140625,1P,0.0,no_fire_before_landing_interval,1808.3330078125,1809.5989990234375,133,28,0.8571428571428571,1807.4329833984375,0.8260869565217391,0.7692307692307693,0.6923076923076923,0.5384615384615384,0.0,0.5,0.42297668521518633,0.0
video_c116,37,4,2141.89892578125,2141.666015625,2P,0.0,no_fire_before_landing_interval,2142.133056640625,2142.76611328125,221,7,0.8333333333333334,2141.799072265625,0.9692982456140352,0.9230769230769231,0.6153846153846154,0.8076923076923077,0.20512820512820512,1.0,0.09078801331853496,0.0
video_c116,38,2,2195.3330078125,2195.132568359375,1P,1.0,fire_before_landing_interval,2216.966064453125,2217.133056640625,725,16,0.875,2194.133056640625,0.9784075573549258,0.9230769230769231,0.38461538461538464,0.7692307692307693,0.0,1.0,0.5454444567750527,0.0
video_c116,42,2,2406.032958984375,2405.56591796875,1P,1.0,fire_before_landing_interval,2418.39892578125,2420.365966796875,84,10,0.8333333333333334,2402.8330078125,0.8936170212765957,0.5384615384615384,0.3076923076923077,0.3333333333333333,0.0,1.0,0.761901993838284,0.0
video_c116,42,5,2430.666015625,2430.53271484375,1P,0.0,no_fire_before_landing_interval,2435.43310546875,2435.698974609375,30,26,0.8888888888888888,2429.865966796875,0.5357142857142857,0.6153846153846154,0.46153846153846156,0.5,0.2692307692307692,1.0,0.44445951444459514,0.0
video_c116,43,0,2485.23291015625,2485.06591796875,2P,0.0,no_fire_before_landing_interval,2498.8330078125,2499.532958984375,150,22,0.8571428571428571,2484.166015625,0.872093023255814,0.5384615384615384,0.38461538461538464,0.44871794871794873,0.0,1.0,0.5161823765650838,0.0
video_c116,44,1,2571.198974609375,2570.9658203125,2P,0.0,no_fire_before_landing_interval,2571.23291015625,2572.133056640625,83,10,0.8333333333333334,2570.299072265625,0.8924731182795699,0.8461538461538461,0.6153846153846154,0.6153846153846154,0.0,1.0,0.47365715754304805,0.0
video_c116,51,0,3001.299072265625,3000.9658203125,1P,0.0,no_fire_before_landing_interval,3002.83203125,3003.198974609375,28,20,0.8333333333333334,3000.39892578125,0.5833333333333334,0.6153846153846154,0.15384615384615385,0.28205128205128205,0.0,1.0,0.4737247847873571,0.0
video_c116,52,0,3062.39892578125,3062.165771484375,1P,1.0,fire_before_landing_interval,3081.09912109375,3082.76611328125,237,20,0.8333333333333334,3060.698974609375,0.9221789883268482,0.6153846153846154,0.5384615384615384,0.48717948717948717,0.0,1.0,0.6296229315489646,0.0
video_c117,2,4,296.4330139160156,296.2999267578125,1P,1.0,fire_before_landing_interval,301.0669860839844,301.1000061035156,14,13,0.8571428571428571,294.8330078125,0.5185185185185186,0.7692307692307693,0.6923076923076923,0.6025641025641025,0.10256410256410256,1.0,0.6153855182694227,0.0
video_c117,15,0,1026.5660400390625,1026.1998291015625,1P,0.0,no_fire_before_landing_interval,1026.699951171875,1028.166015625,35,14,0.875,1025.7659912109375,0.7142857142857143,0.8461538461538461,0.46153846153846156,0.5897435897435898,0.0,1.0,0.44445951444459514,0.0
video_c117,23,0,1406.3330078125,1406.133056640625,2P,0.0,no_fire_before_landing_interval,1407.365966796875,1407.4329833984375,638,1,0.8,1405.166015625,0.9984350547730829,1.0,0.38461538461538464,0.6923076923076923,0.0,1.0,0.5385308697611537,0.0
video_c117,24,0,1482.2659912109375,1482.133056640625,1P,1.0,fire_before_landing_interval,1501.365966796875,1502.166015625,860,8,0.8,1479.865966796875,0.9907834101382489,1.0,0.6923076923076923,0.8589743589743589,0.0,1.0,0.7058844648691344,0.0
video_c117,28,0,1685.666015625,1685.532958984375,1P,0.0,no_fire_before_landing_interval,1685.9000244140625,1687.133056640625,228,5,0.8571428571428571,1684.666015625,0.9785407725321889,0.8461538461538461,0.6153846153846154,0.6666666666666666,0.0,1.0,0.5,0.0
video_c117,29,0,1740.166015625,1740.032958984375,1P,1.0,fire_before_landing_interval,1741.8330078125,1742.199951171875,140,2,0.8,1738.300048828125,0.9859154929577465,0.6153846153846154,0.6153846153846154,0.5384615384615384,0.0,1.0,0.6510776045659766,0.0
video_c117,30,2,1790.4659423828125,1790.399658203125,1P,1.0,fire_before_landing_interval,1792.2330322265625,1792.365966796875,642,17,0.8571428571428571,1788.2659912109375,0.9742033383915023,0.8461538461538461,0.7692307692307693,0.782051282051282,0.0641025641025641,1.0,0.6874952315556573,0.0
video_c117,30,3,1791.4659423828125,1790.799560546875,2P,1.0,fire_before_landing_interval,1795.9329833984375,1796.199951171875,291,8,0.8333333333333334,1791.0660400390625,0.9732441471571907,0.7692307692307693,0.38461538461538464,0.47435897435897434,0.01282051282051282,1.0,0.28566445762120685,0.0
video_c117,32,2,1893.2330322265625,1893.099609375,1P,1.0,fire_before_landing_interval,1905.0999755859375,1905.800048828125,112,7,0.8571428571428571,1892.5660400390625,0.9411764705882353,0.6153846153846154,0.6153846153846154,0.3974358974358974,0.0,1.0,0.4001171646162859,0.0
video_c117,35,0,2024.0,2023.8995361328125,1P,0.0,no_fire_before_landing_interval,2024.0999755859375,2025.365966796875,310,6,0.8571428571428571,2023.0660400390625,0.9810126582278481,0.7692307692307693,0.23076923076923078,0.5128205128205128,0.0,1.0,0.48292621346967113,0.0
video_c117,44,7,2566.56591796875,2564.966064453125,2P,0.0,no_fire_before_landing_interval,2568.06591796875,2568.698974609375,19,2,0.6666666666666666,2566.299072265625,0.9047619047619048,0.5384615384615384,0.23076923076923078,0.15384615384615385,0.0,1.0,0.2106378878396608,0.0
video_c117,46,0,2658.09912109375,2657.932861328125,2P,0.0,no_fire_before_landing_interval,2658.133056640625,2659.198974609375,21,20,0.8571428571428571,2654.3330078125,0.5121951219512195,0.9230769230769231,0.38461538461538464,0.6025641025641025,0.0,1.0,0.7901854318205102,0.0
video_c117,50,0,2947.23291015625,2946.966064453125,1P,0.0,no_fire_before_landing_interval,2949.966064453125,2950.26611328125,1128,322,0.9411764705882353,2946.633056640625,0.7779310344827586,0.9230769230769231,0.5384615384615384,0.7948717948717948,0.0,1.0,0.37494277430184647,0.0
video_c118,2,3,324.5329895019531,322.9999694824219,1P,1.0,fire_before_landing_interval,344.29998779296875,346.13299560546875,124,13,0.8,324.0329895019531,0.9051094890510949,0.7692307692307693,0.3076923076923077,0.358974358974359,0.0,1.0,0.3333333333333333,0.0
video_c118,7,2,682.5330200195312,682.3999633789062,2P,0.0,no_fire_before_landing_interval,682.9329833984375,683.2000122070312,508,3,0.8,682.5,0.9941291585127202,0.9230769230769231,0.8461538461538461,0.8589743589743589,0.11538461538461539,1.0,0.03196454948301329,0.0
video_c118,9,0,766.1329956054688,765.1666259765625,1P,0.0,no_fire_before_landing_interval,766.1329956054688,770.6329956054688,24,21,0.8571428571428571,766.1329956054688,0.5333333333333333,1.0,0.3076923076923077,0.5384615384615384,0.0,1.0,0.0,0.0
video_c118,15,1,1143.532958984375,1142.7666015625,1P,0.0,no_fire_before_landing_interval,1144.2669677734375,1145.7669677734375,141,29,0.875,1143.366943359375,0.8294117647058823,0.6923076923076923,0.38461538461538464,0.4358974358974359,0.0,1.0,0.1423785594639866,0.0
video_c118,19,0,1379.6669921875,1379.39990234375,2P,0.0,no_fire_before_landing_interval,1380.6669921875,1380.967041015625,32,10,0.8333333333333334,1378.300048828125,0.7619047619047619,0.6153846153846154,0.5384615384615384,0.41025641025641024,0.0,1.0,0.5775141825683342,0.0
video_c118,23,0,1642.467041015625,1642.2998046875,2P,0.0,no_fire_before_landing_interval,1642.5,1645.9329833984375,360,22,0.8571428571428571,1642.1669921875,0.9424083769633508,0.9230769230769231,0.38461538461538464,0.5641025641025641,0.0,1.0,0.2307981220657277,0.0
video_c118,34,0,2299.43310546875,2299.2998046875,1P,1.0,fire_before_landing_interval,2302.26611328125,2303.5,141,1,0.8,2298.666015625,0.9929577464788732,0.5384615384615384,0.5384615384615384,0.41025641025641024,0.0,1.0,0.4340978170765405,0.0
video_c118,36,0,2409.26611328125,2409.133056640625,1P,0.0,no_fire_before_landing_interval,2410.133056640625,2410.800048828125,1153,6,0.8571428571428571,2408.166015625,0.994823123382226,0.8461538461538461,0.6153846153846154,0.717948717948718,0.0,1.0,0.5238316670541735,0.0
video_c118,39,0,2640.532958984375,2640.399658203125,1P,0.0,no_fire_before_landing_interval,2640.800048828125,2641.26611328125,217,5,0.8571428571428571,2640.5,0.9774774774774775,0.9230769230769231,0.5384615384615384,0.7051282051282052,0.0,1.0,0.0319073505081541,0.0
video_c118,44,1,3026.5,3026.19970703125,1P,0.0,no_fire_before_landing_interval,3027.032958984375,3027.23291015625,28,1,0.8,3026.5,0.9655172413793104,0.9230769230769231,0.46153846153846156,0.6923076923076923,0.01282051282051282,1.0,0.0,0.0
video_c118,49,2,3341.800048828125,3341.3330078125,1P,0.0,no_fire_before_landing_interval,3344.89990234375,3345.032958984375,409,5,0.8333333333333334,3341.56591796875,0.9879227053140096,0.9230769230769231,0.6923076923076923,0.7564102564102564,0.10256410256410256,1.0,0.1897131552917903,0.0
video_c118,49,4,3358.666015625,3358.2998046875,1P,1.0,fire_before_landing_interval,3363.699951171875,3364.93310546875,574,153,0.9285714285714286,3358.532958984375,0.7895460797799174,0.8461538461538461,0.7692307692307693,0.717948717948718,0.038461538461538464,1.0,0.11743158801982331,0.0
video_c118,52,1,3549.032958984375,3548.93310546875,1P,1.0,fire_before_landing_interval,3551.5,3552.10009765625,889,1,0.8,3545.43310546875,0.998876404494382,0.9230769230769231,0.5384615384615384,0.8076923076923077,0.0,1.0,0.7826017727296852,0.0
video_c119,0,3,149.9669952392578,149.69998168945312,2P,0.0,no_fire_before_landing_interval,150.1999969482422,150.89999389648438,253,16,0.8333333333333334,149.83299255371094,0.9405204460966543,0.8461538461538461,0.3076923076923077,0.5384615384615384,0.01282051282051282,1.0,0.11816787319357357,0.0
video_c119,1,0,209.3000030517578,209.0999755859375,2P,0.0,no_fire_before_landing_interval,210.86700439453125,211.56700134277344,629,17,0.8571428571428571,208.43299865722656,0.9736842105263158,0.9230769230769231,0.6153846153846154,0.717948717948718,0.02564102564102564,1.0,0.46438262120370066,0.0
video_c119,4,2,341.2330017089844,341.0999755859375,1P,1.0,fire_before_landing_interval,358.6000061035156,365.86700439453125,484,31,0.8888888888888888,341.13299560546875,0.9398058252427185,0.8461538461538461,0.6923076923076923,0.6666666666666666,0.0,1.0,0.09091413510889167,0.0
video_c119,4,3,350.5,350.0999755859375,2P,0.0,no_fire_before_landing_interval,367.13299560546875,367.7330017089844,734,69,0.9166666666666666,349.6669921875,0.9140722291407223,0.8461538461538461,0.46153846153846156,0.6794871794871795,0.0,1.0,0.45444858817261585,0.0
video_c119,5,0,393.8330078125,393.699951171875,2P,0.0,no_fire_before_landing_interval,393.86700439453125,395.0,81,1,0.8,393.4670104980469,0.9878048780487805,0.8461538461538461,0.6153846153846154,0.5641025641025641,0.0,1.0,0.26793413909430086,0.0
video_c119,7,0,490.29998779296875,488.7999572753906,1P,0.0,no_fire_before_landing_interval,491.8999938964844,493.0669860839844,127,5,0.8,488.9330139160156,0.9621212121212122,0.7692307692307693,0.3076923076923077,0.5,0.0,1.0,0.5775196297108083,0.0
video_c119,8,0,573.0,572.7666015625,2P,0.0,no_fire_before_landing_interval,573.2670288085938,573.7999877929688,43,6,0.8,571.2000122070312,0.8775510204081631,0.6923076923076923,0.6923076923076923,0.5897435897435898,0.0,1.0,0.6428555858310627,0.0
video_c119,12,5,841.8670043945312,841.7666015625,2P,0.0,no_fire_before_landing_interval,842.6669921875,843.1329956054688,5,2,0.8,841.2000122070312,0.7142857142857143,0.9230769230769231,0.7692307692307693,0.8461538461538461,0.16666666666666666,1.0,0.4001171646162859,0.0
video_c119,12,6,845.9329833984375,845.7999267578125,2P,0.0,no_fire_before_landing_interval,846.2329711914062,847.3670043945312,7,7,0.8571428571428571,844.2000122070312,0.5,0.9230769230769231,0.7692307692307693,0.8589743589743589,0.16666666666666666,1.0,0.6340978627420327,0.0
video_c119,16,1,1114.3330078125,1114.1998291015625,2P,0.0,no_fire_before_landing_interval,1118.199951171875,1120.5,109,27,0.8571428571428571,1109.5,0.8014705882352942,0.9230769230769231,0.6153846153846154,0.6538461538461539,0.02564102564102564,1.0,0.828561861711033,0.0
video_c119,21,3,1359.7669677734375,1359.66650390625,2P,0.0,no_fire_before_landing_interval,1366.2330322265625,1367.0670166015625,91,20,0.8571428571428571,1359.366943359375,0.8198198198198198,0.9230769230769231,0.38461538461538464,0.6794871794871795,0.07692307692307693,1.0,0.28572674165140816,0.0
video_c119,21,4,1375.0999755859375,1374.8665771484375,2P,0.0,no_fire_before_landing_interval,1375.2330322265625,1379.133056640625,804,15,0.8333333333333334,1374.4000244140625,0.9816849816849816,0.9230769230769231,0.7692307692307693,0.8461538461538461,0.10256410256410256,1.0,0.41174780985207526,0.0
video_c119,22,0,1417.633056640625,1417.39990234375,1P,1.0,fire_before_landing_interval,1435.032958984375,1436.800048828125,168,5,0.8333333333333334,1417.2669677734375,0.9710982658959537,0.6153846153846154,0.38461538461538464,0.4230769230769231,0.0,1.0,0.2679832007863462,0.0
video_c119,26,3,1642.0660400390625,1641.7998046875,1P,0.0,no_fire_before_landing_interval,1642.0999755859375,1643.0999755859375,395,4,0.8,1641.8330078125,0.9899749373433584,0.8461538461538461,0.38461538461538464,0.6410256410256411,0.0,1.0,0.188991188991189,0.0
video_c119,30,3,1841.9329833984375,1841.7998046875,1P,1.0,fire_before_landing_interval,1876.4329833984375,1876.5999755859375,92,2,0.8,1841.0,0.9787234042553191,0.7692307692307693,0.6923076923076923,0.7051282051282052,0.01282051282051282,1.0,0.482664982633407,0.0
video_c119,30,4,1869.4659423828125,1868.3997802734375,2P,0.0,no_fire_before_landing_interval,1873.5660400390625,1874.5660400390625,98,98,0.9090909090909091,1869.3330078125,0.5,0.8461538461538461,0.7692307692307693,0.5897435897435898,0.0,1.0,0.11733649391229393,0.0
video_c119,37,0,2179.666015625,2178.633056640625,2P,1.0,fire_before_landing_interval,2182.8330078125,2183.633056640625,598,7,0.8,2177.56591796875,0.9884297520661157,0.9230769230769231,0.6153846153846154,0.7564102564102564,0.0,1.0,0.677429516459285,0.0
video_c119,42,2,2476.032958984375,2475.899658203125,2P,1.0,fire_before_landing_interval,2486.10009765625,2486.89990234375,50,1,0.8,2475.10009765625,0.9803921568627451,0.9230769230769231,0.8461538461538461,0.6666666666666666,0.05128205128205128,1.0,0.4826323102185171,0.0
video_c119,44,0,2597.3330078125,2596.899658203125,2P,0.0,no_fire_before_landing_interval,2598.666015625,2599.133056640625,136,37,0.9,2597.23291015625,0.7861271676300579,0.6153846153846154,0.3076923076923077,0.3333333333333333,0.0,1.0,0.09098979138925876,0.0
video_c12,0,3,169.60000610351562,169.60000610351562,2P,0.0,no_fire_before_landing_interval,172.33299255371094,174.56700134277344,9,6,0.8571428571428571,169.43299865722656,0.6,0.9230769230769231,0.15384615384615385,0.41025641025641024,0.21794871794871795,1.0,0.14310743844876506,0.0
video_c12,1,0,223.6999969482422,223.26666259765625,1P,1.0,fire_before_landing_interval,237.23300170898438,238.6999969482422,7,5,0.8333333333333334,220.56700134277344,0.5833333333333334,0.23076923076923078,0.23076923076923078,0.10256410256410256,0.0,1.0,0.758044746363435,0.0
video_c12,2,4,281.5329895019531,281.3999938964844,2P,0.0,no_fire_before_landing_interval,285.8330078125,286.6669921875,60,47,0.9,276.2330017089844,0.5607476635514019,0.9230769230769231,0.6923076923076923,0.6410256410256411,0.0,1.0,0.841269533709879,0.0
video_c12,3,0,319.6000061035156,319.4666748046875,2P,0.0,no_fire_before_landing_interval,320.2330017089844,321.3330078125,139,1,0.8,319.6000061035156,0.9928571428571429,0.9230769230769231,0.0,0.5384615384615384,0.0,1.0,0.0,0.0
video_c12,3,2,332.6000061035156,332.4666748046875,1P,1.0,fire_before_landing_interval,351.6669921875,353.2669982910156,426,50,0.8888888888888888,330.36700439453125,0.8949579831932774,0.7692307692307693,0.38461538461538464,0.5384615384615384,0.0,1.0,0.6906899253343906,0.0
video_c12,3,3,343.8330078125,343.4666748046875,2P,0.0,no_fire_before_landing_interval,355.5,355.79998779296875,379,14,0.875,341.3999938964844,0.9643765903307888,0.9230769230769231,0.5384615384615384,0.6410256410256411,0.01282051282051282,1.0,0.7087107642253295,0.0
video_c12,10,1,869.0,868.9000244140625,2P,1.0,fire_before_landing_interval,883.1669921875,884.0670166015625,102,19,0.8888888888888888,868.9000244140625,0.8429752066115702,0.9230769230769231,0.5384615384615384,0.6923076923076923,0.02564102564102564,1.0,0.09088891355010542,0.0
video_c12,19,2,1496.8330078125,1496.699951171875,2P,0.0,no_fire_before_landing_interval,1497.1669921875,1500.199951171875,931,36,0.9,1496.4000244140625,0.9627714581178903,0.9230769230769231,0.8461538461538461,0.8589743589743589,0.0,1.0,0.3021552091319533,0.0
video_c12,19,3,1528.133056640625,1527.699951171875,2P,0.0,no_fire_before_landing_interval,1538.300048828125,1538.4329833984375,200,6,0.8333333333333334,1527.866943359375,0.970873786407767,0.9230769230769231,0.8461538461538461,0.6410256410256411,0.0,1.0,0.21018125723100656,0.0
video_c12,26,1,1917.9000244140625,1917.800048828125,1P,0.0,no_fire_before_landing_interval,1917.9000244140625,1919.1669921875,38,1,0.8,1917.9000244140625,0.9743589743589743,0.9230769230769231,0.5384615384615384,0.7948717948717948,0.01282051282051282,1.0,0.0,0.0
video_c12,29,5,2066.967041015625,2066.86669921875,2P,0.0,no_fire_before_landing_interval,2068.967041015625,2071.967041015625,75,1,0.8,2066.133056640625,0.9868421052631579,1.0,0.5384615384615384,0.782051282051282,0.01282051282051282,1.0,0.4547390841320554,0.0
video_c12,29,8,2095.532958984375,2095.39990234375,1P,0.0,no_fire_before_landing_interval,2098.89990234375,2099.60009765625,1205,1,0.8,2092.300048828125,0.9991708126036484,0.9230769230769231,0.8461538461538461,0.8461538461538461,0.038461538461538464,1.0,0.7637559118698812,0.0
video_c12,31,1,2227.10009765625,2226.86669921875,1P,0.0,no_fire_before_landing_interval,2227.60009765625,2228.633056640625,74,1,0.8,2226.0,0.9866666666666667,0.6153846153846154,0.46153846153846156,0.38461538461538464,0.0,1.0,0.5238316670541735,0.0
video_c12,32,3,2315.8330078125,2315.699951171875,1P,0.0,no_fire_before_landing_interval,2316.133056640625,2316.3330078125,1686,233,0.9375,2311.10009765625,0.8785825951016154,0.9230769230769231,0.8461538461538461,0.8717948717948718,0.038461538461538464,0.0,0.8255685205689465,0.0
video_c12,34,0,2412.699951171875,2412.566650390625,1P,0.0,no_fire_before_landing_interval,2413.467041015625,2414.1669921875,349,5,0.8,2410.76708984375,0.9858757062146892,0.7692307692307693,0.6923076923076923,0.6410256410256411,0.0,1.0,0.6590360442853576,0.0
video_c12,36,3,2531.532958984375,2531.066650390625,1P,0.0,no_fire_before_landing_interval,2534.699951171875,2536.0,409,69,0.9166666666666666,2531.43310546875,0.8556485355648535,0.9230769230769231,0.6153846153846154,0.7435897435897436,0.0,1.0,0.09078801331853496,0.0
video_c12,39,0,2699.800048828125,2699.666748046875,2P,1.0,fire_before_landing_interval,2722.366943359375,2723.89990234375,404,12,0.8571428571428571,2698.56689453125,0.9711538461538461,0.7692307692307693,0.6923076923076923,0.5897435897435898,0.0,1.0,0.5522029080572866,0.0
video_c12,43,2,3011.39990234375,3011.2666015625,2P,0.0,no_fire_before_landing_interval,3019.133056640625,3019.3330078125,137,17,0.8571428571428571,3011.199951171875,0.8896103896103896,0.6153846153846154,0.46153846153846156,0.5128205128205128,0.0,1.0,0.16663275686673448,0.0
video_c12,44,0,3049.1669921875,3049.066650390625,1P,0.0,no_fire_before_landing_interval,3053.73291015625,3054.467041015625,127,23,0.8888888888888888,3048.633056640625,0.8466666666666667,0.8461538461538461,0.8461538461538461,0.44871794871794873,0.0,1.0,0.3480821263727519,0.0
video_c12,52,1,3479.10009765625,3478.966552734375,2P,1.0,fire_before_landing_interval,3484.23291015625,3484.6669921875,69,5,0.8571428571428571,3476.8330078125,0.9324324324324325,0.7692307692307693,0.6153846153846154,0.5512820512820513,0.0,1.0,0.6939172022119264,0.0
video_c12,54,5,3618.133056640625,3618.0,1P,1.0,fire_before_landing_interval,3635.633056640625,3636.26708984375,595,42,0.9,3615.06689453125,0.9340659340659341,0.8461538461538461,0.7692307692307693,0.7564102564102564,0.08974358974358974,1.0,0.7540678474932453,0.0
video_c120,0,2,84.0999984741211,83.96666717529297,2P,0.0,no_fire_before_landing_interval,87.69999694824219,88.06700134277344,161,23,0.8888888888888888,82.86699676513672,0.875,0.8461538461538461,0.5384615384615384,0.5769230769230769,0.0,1.0,0.5521723087015348,0.0
video_c120,5,0,359.2669982910156,358.9666748046875,1P,1.0,fire_before_landing_interval,372.79998779296875,387.3330078125,1121,3,0.8,357.9670104980469,0.9973309608540926,0.8461538461538461,0.6923076923076923,0.7435897435897436,0.0,1.0,0.5652150837247565,0.0
video_c120,5,1,361.9330139160156,361.79998779296875,2P,0.0,no_fire_before_landing_interval,362.63299560546875,363.0,14,2,0.8,360.9330139160156,0.875,0.7692307692307693,0.5384615384615384,0.5256410256410257,0.0,1.0,0.5,0.0
video_c120,9,0,612.1669921875,611.9000244140625,1P,0.0,no_fire_before_landing_interval,612.6669921875,612.9329833984375,225,7,0.8333333333333334,609.9329833984375,0.9698275862068966,0.9230769230769231,0.8461538461538461,0.8205128205128205,0.11538461538461539,1.0,0.6907862454233193,0.0
video_c120,9,4,624.0999755859375,623.9666748046875,2P,1.0,fire_before_landing_interval,628.5999755859375,629.6329956054688,47,26,0.8888888888888888,622.7329711914062,0.6438356164383562,0.6153846153846154,0.23076923076923078,0.38461538461538464,0.0,1.0,0.5775250767128233,0.0
video_c120,11,6,816.4329833984375,816.2999877929688,1P,1.0,fire_before_landing_interval,820.5999755859375,822.4669799804688,8,6,0.8571428571428571,815.0999755859375,0.5714285714285715,0.9230769230769231,0.0,0.46153846153846156,0.08974358974358974,1.0,0.5713687735454165,0.0
video_c120,11,7,820.7329711914062,820.5999755859375,2P,0.0,no_fire_before_landing_interval,821.9329833984375,823.4329833984375,25,1,0.8,820.6669921875,0.9615384615384616,0.7692307692307693,0.46153846153846156,0.34615384615384615,0.0,1.0,0.061895219009447465,0.0
video_c120,15,0,1095.0,1094.800048828125,1P,0.0,no_fire_before_landing_interval,1095.2330322265625,1096.0670166015625,8,5,0.8,1094.133056640625,0.6153846153846154,0.6153846153846154,0.15384615384615385,0.38461538461538464,0.0,1.0,0.46436511050085,0.0
video_c120,19,2,1297.5,1297.36669921875,2P,1.0,fire_before_landing_interval,1301.2669677734375,1301.4000244140625,71,6,0.8,1296.7669677734375,0.922077922077922,0.9230769230769231,0.5384615384615384,0.6410256410256411,0.0,1.0,0.42297668521518633,0.0
video_c120,21,1,1422.699951171875,1422.566650390625,1P,0.0,no_fire_before_landing_interval,1423.8330078125,1424.2330322265625,286,33,0.8888888888888888,1421.7669677734375,0.896551724137931,0.9230769230769231,0.8461538461538461,0.8076923076923077,0.0,1.0,0.482664982633407,0.0
video_c120,21,2,1435.9329833984375,1435.6666259765625,2P,1.0,fire_before_landing_interval,1451.366943359375,1451.4000244140625,656,264,0.9375,1435.199951171875,0.7130434782608696,0.9230769230769231,0.46153846153846156,0.7564102564102564,0.0,1.0,0.42297668521518633,0.0
video_c120,26,2,1702.967041015625,1702.5,2P,0.0,no_fire_before_landing_interval,1703.3330078125,1703.5999755859375,69,12,0.8333333333333334,1702.5,0.8518518518518519,0.7692307692307693,0.46153846153846156,0.5128205128205128,0.0,1.0,0.3183557996338825,0.0
video_c120,26,3,1715.967041015625,1715.699951171875,2P,0.0,no_fire_before_landing_interval,1717.199951171875,1720.2669677734375,234,6,0.8333333333333334,1715.9329833984375,0.975,0.7692307692307693,0.46153846153846156,0.6025641025641025,0.01282051282051282,1.0,0.032935898949356626,0.0
video_c120,32,0,2004.633056640625,2004.5,2P,1.0,fire_before_landing_interval,2016.5670166015625,2017.6669921875,231,6,0.8571428571428571,2004.5999755859375,0.9746835443037974,0.6923076923076923,0.5384615384615384,0.6153846153846154,0.0,1.0,0.032021741699161055,0.0
video_c120,33,0,2044.5999755859375,2044.4000244140625,1P,0.0,no_fire_before_landing_interval,2048.866943359375,2049.532958984375,69,58,0.9,2043.0670166015625,0.5433070866141733,0.6153846153846154,0.46153846153846156,0.47435897435897434,0.02564102564102564,1.0,0.6052048192771085,0.0
video_c120,39,3,2399.3330078125,2399.066650390625,2P,1.0,fire_before_landing_interval,2408.8330078125,2409.56689453125,102,90,0.9166666666666666,2398.8330078125,0.53125,0.6923076923076923,0.38461538461538464,0.4358974358974359,0.0,1.0,0.3333333333333333,0.0
video_c120,40,2,2452.8330078125,2452.699951171875,2P,0.0,no_fire_before_landing_interval,2454.967041015625,2455.5,120,12,0.8571428571428571,2452.366943359375,0.9090909090909091,0.9230769230769231,0.6923076923076923,0.7435897435897436,0.038461538461538464,1.0,0.31790174854288095,0.0
video_c120,41,0,2523.76708984375,2523.60009765625,1P,1.0,fire_before_landing_interval,2527.467041015625,2532.39990234375,660,20,0.8571428571428571,2523.56689453125,0.9705882352941176,0.9230769230769231,0.8461538461538461,0.8717948717948718,0.08974358974358974,1.0,0.16680227827502034,0.0
video_c120,43,0,2628.633056640625,2628.5,1P,1.0,fire_before_landing_interval,2634.43310546875,2635.43310546875,144,20,0.8888888888888888,2626.800048828125,0.878048780487805,0.9230769230769231,0.7692307692307693,0.717948717948718,0.0,1.0,0.64701826956222,0.0
video_c120,47,0,2819.89990234375,2819.7666015625,2P,0.0,no_fire_before_landing_interval,2820.39990234375,2821.6669921875,368,41,0.9,2819.6669921875,0.8997555012224939,0.8461538461538461,0.8461538461538461,0.7307692307692307,0.0,1.0,0.1889108910891089,0.0
video_c120,48,1,2871.6669921875,2870.36669921875,1P,0.0,no_fire_before_landing_interval,2871.8330078125,2872.3330078125,156,45,0.8888888888888888,2870.699951171875,0.7761194029850746,0.9230769230769231,0.6923076923076923,0.8333333333333334,0.038461538461538464,1.0,0.4916221918828348,0.0
video_c121,2,0,309.9330139160156,309.79998779296875,1P,1.0,fire_before_landing_interval,326.13299560546875,328.0329895019531,842,270,0.9375,307.63299560546875,0.7571942446043165,0.9230769230769231,0.6923076923076923,0.8461538461538461,0.0,1.0,0.6969713783696305,0.0
video_c121,7,0,538.5,538.4000244140625,2P,0.0,no_fire_before_landing_interval,538.7329711914062,539.2670288085938,7,1,0.8,538.4669799804688,0.875,0.7692307692307693,0.07692307692307693,0.34615384615384615,0.0,1.0,0.03196454948301329,0.0
video_c121,7,1,546.7670288085938,546.5999755859375,2P,0.0,no_fire_before_landing_interval,549.5999755859375,549.6669921875,88,19,0.8888888888888888,546.3330078125,0.822429906542056,0.7692307692307693,0.07692307692307693,0.41025641025641024,0.01282051282051282,1.0,0.30266014045541606,0.0
video_c121,12,0,827.5,827.3666381835938,2P,0.0,no_fire_before_landing_interval,830.0999755859375,830.9000244140625,441,6,0.8571428571428571,826.5999755859375,0.9865771812080537,0.6923076923076923,0.46153846153846156,0.5128205128205128,0.0,1.0,0.47369097333761645,0.0
video_c121,14,0,946.5999755859375,946.2666625976562,2P,0.0,no_fire_before_landing_interval,947.0,947.4329833984375,10,8,0.8333333333333334,946.2670288085938,0.5555555555555556,0.46153846153846156,0.3076923076923077,0.24358974358974358,0.0,1.0,0.24978249919868126,0.0
video_c121,24,3,1470.467041015625,1470.2667236328125,1P,0.0,no_fire_before_landing_interval,1472.199951171875,1472.8330078125,141,14,0.8571428571428571,1468.2330322265625,0.9096774193548387,0.6153846153846154,0.6153846153846154,0.5128205128205128,0.01282051282051282,1.0,0.6907862454233193,0.0
video_c121,25,0,1582.133056640625,1581.9000244140625,2P,0.0,no_fire_before_landing_interval,1582.7330322265625,1588.3330078125,343,227,0.9375,1579.2330322265625,0.6017543859649123,0.9230769230769231,0.6923076923076923,0.7692307692307693,0.0,1.0,0.7435913487120097,0.0
video_c121,36,0,2202.06689453125,2201.800048828125,2P,0.0,no_fire_before_landing_interval,2203.39990234375,2203.5,38,21,0.8333333333333334,2199.800048828125,0.6440677966101696,0.6923076923076923,0.23076923076923078,0.5897435897435898,0.0,1.0,0.6938943277781929,0.0
video_c121,37,1,2258.467041015625,2258.199951171875,2P,0.0,no_fire_before_landing_interval,2258.699951171875,2260.60009765625,43,2,0.8,2256.967041015625,0.9555555555555556,0.9230769230769231,0.8461538461538461,0.8205128205128205,0.11538461538461539,1.0,0.6,0.0
video_c121,39,1,2339.06689453125,2338.7666015625,2P,0.0,no_fire_before_landing_interval,2342.23291015625,2343.0,32,7,0.8333333333333334,2339.032958984375,0.8205128205128205,0.5384615384615384,0.5384615384615384,0.3717948717948718,0.10256410256410256,1.0,0.03282172373081464,0.0
video_c121,43,0,2530.10009765625,2529.60009765625,1P,1.0,fire_before_landing_interval,2536.5,2537.967041015625,16,3,0.75,2526.467041015625,0.8421052631578947,0.3076923076923077,0.23076923076923078,0.15384615384615385,0.0,1.0,0.7841597723560099,0.0
video_c121,47,0,2725.93310546875,2725.86669921875,2P,1.0,fire_before_landing_interval,2748.0,2752.43310546875,56,17,0.8888888888888888,2724.199951171875,0.7671232876712328,0.5384615384615384,0.5384615384615384,0.28205128205128205,0.0,1.0,0.6341223760607414,0.0
video_c121,49,0,2882.1669921875,2881.89990234375,2P,0.0,no_fire_before_landing_interval,2882.39990234375,2882.6669921875,774,5,0.8333333333333334,2879.8330078125,0.993581514762516,0.7692307692307693,0.7692307692307693,0.6666666666666666,0.0,1.0,0.700058582308143,0.0
video_c122,2,0,315.20001220703125,315.06658935546875,1P,0.0,no_fire_before_landing_interval,315.3999938964844,317.0329895019531,492,21,0.8571428571428571,314.20001220703125,0.9590643274853801,0.8461538461538461,0.3076923076923077,0.6666666666666666,0.0,1.0,0.5,0.0
video_c122,6,0,536.7999877929688,536.66650390625,2P,0.0,no_fire_before_landing_interval,538.3330078125,538.5670166015625,138,22,0.8888888888888888,536.7329711914062,0.8625,0.6153846153846154,0.46153846153846156,0.4230769230769231,0.0,1.0,0.06280745910078939,0.0
video_c122,6,4,555.9669799804688,555.733154296875,2P,0.0,no_fire_before_landing_interval,556.8670043945312,557.5330200195312,436,32,0.9,555.5330200195312,0.9316239316239316,0.9230769230769231,0.7692307692307693,0.8589743589743589,0.15384615384615385,1.0,0.30263045884055506,0.0
video_c122,21,0,1330.9000244140625,1329.6329345703125,2P,0.0,no_fire_before_landing_interval,1343.7659912109375,1345.3330078125,978,160,0.9230769230769231,1315.032958984375,0.859402460456942,1.0,0.7692307692307693,0.8076923076923077,0.0,1.0,0.940712864121585,0.0
video_c122,23,0,1406.865966796875,1406.6329345703125,2P,0.0,no_fire_before_landing_interval,1407.2330322265625,1407.365966796875,112,3,0.8,1404.8330078125,0.9739130434782609,0.6923076923076923,0.5384615384615384,0.48717948717948717,0.0,1.0,0.6702889801175239,0.0
video_c122,24,5,1462.2330322265625,1462.099609375,1P,1.0,fire_before_landing_interval,1466.532958984375,1466.8330078125,64,10,0.8571428571428571,1460.0,0.8648648648648649,0.9230769230769231,0.6923076923076923,0.7435897435897436,0.01282051282051282,1.0,0.6906928450066075,0.0
video_c122,27,0,1603.2330322265625,1603.0994873046875,2P,1.0,fire_before_landing_interval,1608.2330322265625,1612.5999755859375,78,1,0.8,1602.5660400390625,0.9873417721518988,0.8461538461538461,0.6923076923076923,0.6666666666666666,0.0,1.0,0.4001171646162859,0.0
video_c122,29,1,1750.133056640625,1750.0328369140625,2P,0.0,no_fire_before_landing_interval,1755.0,1755.2659912109375,318,15,0.8888888888888888,1747.3330078125,0.954954954954955,1.0,0.5384615384615384,0.7435897435897436,0.02564102564102564,1.0,0.7368454866688082,0.0
video_c122,31,1,1867.865966796875,1867.7327880859375,2P,1.0,fire_before_landing_interval,1875.3330078125,1876.666015625,506,3,0.8,1867.7330322265625,0.9941060903732809,1.0,0.38461538461538464,0.7307692307692307,0.0,1.0,0.11733649391229393,0.0
video_c122,33,0,1999.133056640625,1999.03271484375,2P,0.0,no_fire_before_landing_interval,1999.2330322265625,2000.633056640625,20,5,0.8571428571428571,1998.2659912109375,0.8,0.38461538461538464,0.15384615384615385,0.20512820512820512,0.0,1.0,0.46440013076168685,0.0
video_c122,34,3,2059.4990234375,2059.232666015625,2P,1.0,fire_before_landing_interval,2084.8330078125,2085.532958984375,782,30,0.875,2058.09912109375,0.9630541871921182,0.9230769230769231,0.6923076923076923,0.8076923076923077,0.0,1.0,0.5833163784333673,0.0
video_c122,42,1,2546.666015625,2546.56591796875,2P,0.0,no_fire_before_landing_interval,2546.799072265625,2548.032958984375,218,4,0.8,2545.799072265625,0.9819819819819819,0.6923076923076923,0.46153846153846156,0.4230769230769231,0.0,0.0,0.46436511050085,0.0
video_c122,43,2,2614.59912109375,2614.132568359375,2P,1.0,fire_before_landing_interval,2615.8330078125,2616.698974609375,599,4,0.75,2613.466064453125,0.9933665008291874,0.9230769230769231,0.5384615384615384,0.782051282051282,0.07692307692307693,1.0,0.5311891953759872,0.0
video_c122,43,4,2617.698974609375,2617.56591796875,2P,0.0,no_fire_before_landing_interval,2617.73291015625,2619.198974609375,676,1,0.8,2616.698974609375,0.9985228951255539,0.9230769230769231,0.5384615384615384,0.7564102564102564,0.0641025641025641,1.0,0.5,0.0
video_c122,47,3,2815.23291015625,2815.09912109375,2P,0.0,no_fire_before_landing_interval,2819.09912109375,2819.666015625,332,5,0.8571428571428571,2815.198974609375,0.9851632047477745,0.8461538461538461,0.46153846153846156,0.6282051282051282,0.0,1.0,0.03282172373081464,0.0
video_c122,48,0,2844.299072265625,2844.06591796875,1P,1.0,fire_before_landing_interval,2845.466064453125,2845.9990234375,86,2,0.8,2843.166015625,0.9772727272727273,0.6923076923076923,0.38461538461538464,0.41025641025641024,0.0,1.0,0.5311891953759872,0.0
video_c122,49,3,2937.299072265625,2937.165771484375,1P,0.0,no_fire_before_landing_interval,2937.39892578125,2937.632080078125,128,19,0.8888888888888888,2937.06591796875,0.8707482993197279,0.9230769230769231,0.38461538461538464,0.6923076923076923,0.038461538461538464,1.0,0.1890714709958424,0.0
video_c122,49,4,2946.33203125,2946.06591796875,2P,0.0,no_fire_before_landing_interval,2946.431884765625,2947.09912109375,80,22,0.875,2946.031982421875,0.784313725490196,0.9230769230769231,0.6153846153846154,0.7564102564102564,0.23076923076923078,1.0,0.2307981220657277,0.0
video_c123,3,0,301.0329895019531,300.76666259765625,1P,1.0,fire_before_landing_interval,310.6000061035156,313.13299560546875,351,13,0.8333333333333334,299.8330078125,0.9642857142857143,0.9230769230769231,0.6923076923076923,0.5384615384615384,0.0,0.0,0.545450762252216,0.0
video_c123,5,1,395.4330139160156,394.70001220703125,1P,0.0,no_fire_before_landing_interval,416.79998779296875,416.9330139160156,202,26,0.875,393.20001220703125,0.8859649122807016,0.9230769230769231,0.38461538461538464,0.6410256410256411,0.0,1.0,0.6906899253343906,0.0
video_c123,6,2,457.5329895019531,457.3666687011719,1P,0.0,no_fire_before_landing_interval,476.4670104980469,477.0329895019531,78,1,0.8,455.6669921875,0.9873417721518988,0.8461538461538461,0.15384615384615385,0.2948717948717949,0.0,1.0,0.6510813199450556,0.0
video_c123,20,0,1175.0999755859375,1173.9666748046875,1P,0.0,no_fire_before_landing_interval,1176.199951171875,1177.633056640625,342,34,0.8571428571428571,1172.9329833984375,0.9095744680851063,0.6923076923076923,0.46153846153846156,0.5,0.0,1.0,0.6842429848905335,0.0
video_c123,23,1,1322.0999755859375,1321.9666748046875,2P,0.0,no_fire_before_landing_interval,1327.133056640625,1328.0,40,40,0.9,1321.133056640625,0.5,0.5384615384615384,0.5384615384615384,0.48717948717948717,0.0,1.0,0.49159064109725065,0.0
video_c123,31,0,1712.800048828125,1712.6666259765625,2P,0.0,no_fire_before_landing_interval,1713.366943359375,1714.1669921875,224,20,0.8888888888888888,1712.0670166015625,0.9180327868852459,0.6153846153846154,0.6153846153846154,0.44871794871794873,0.0,1.0,0.42297668521518633,0.0
video_c123,40,2,2156.532958984375,2156.39990234375,2P,1.0,fire_before_landing_interval,2169.23291015625,2170.26708984375,148,14,0.8888888888888888,2156.133056640625,0.9135802469135802,0.6153846153846154,0.46153846153846156,0.48717948717948717,0.0,1.0,0.28566445762120685,0.0
video_c123,41,7,2287.199951171875,2286.966552734375,2P,0.0,no_fire_before_landing_interval,2287.800048828125,2287.967041015625,12,5,0.8333333333333334,2285.3330078125,0.7058823529411765,0.9230769230769231,0.6153846153846154,0.5897435897435898,0.2948717948717949,1.0,0.6511964574640211,0.0
video_c124,5,4,445.0,444.8999938964844,2P,0.0,no_fire_before_landing_interval,445.8999938964844,450.0,761,33,0.8888888888888888,443.79998779296875,0.9584382871536524,0.9230769230769231,0.5384615384615384,0.7692307692307693,0.07692307692307693,1.0,0.5454570675544458,0.0
video_c124,7,5,558.0,557.8666381835938,2P,0.0,no_fire_before_landing_interval,560.3330078125,560.4000244140625,177,27,0.8888888888888888,557.7670288085938,0.8676470588235294,0.6153846153846154,0.15384615384615385,0.38461538461538464,0.0,1.0,0.1889510420276224,0.0
video_c124,9,5,689.2329711914062,688.9666748046875,2P,1.0,fire_before_landing_interval,698.0670166015625,699.2999877929688,113,1,0.8,688.7999877929688,0.9912280701754386,0.9230769230769231,0.7692307692307693,0.5769230769230769,0.0,1.0,0.3021552091319533,0.0
video_c124,12,2,844.8330078125,844.5,1P,0.0,no_fire_before_landing_interval,848.0999755859375,848.5,567,28,0.875,842.9669799804688,0.9529411764705882,0.9230769230769231,0.6923076923076923,0.8076923076923077,0.19230769230769232,1.0,0.6510850352450114,0.0
video_c124,15,0,982.8670043945312,982.7666625976562,2P,0.0,no_fire_before_landing_interval,983.6669921875,983.9329833984375,5,1,0.8,982.7000122070312,0.8333333333333334,0.46153846153846156,0.15384615384615385,0.23076923076923078,0.0,1.0,0.14309623430962343,0.0
video_c124,16,2,1058.2330322265625,1058.0999755859375,2P,0.0,no_fire_before_landing_interval,1058.5670166015625,1059.7669677734375,240,46,0.9,1057.699951171875,0.8391608391608392,0.7692307692307693,0.23076923076923078,0.48717948717948717,0.0,1.0,0.34771876741778807,0.0
video_c124,17,3,1102.6669921875,1102.4666748046875,2P,0.0,no_fire_before_landing_interval,1105.2669677734375,1105.633056640625,36,5,0.8571428571428571,1102.5670166015625,0.878048780487805,1.0,0.7692307692307693,0.782051282051282,0.1282051282051282,1.0,0.09088891355010542,0.0
video_c124,18,1,1151.133056640625,1151.0,1P,1.0,fire_before_landing_interval,1167.8330078125,1175.366943359375,410,5,0.8571428571428571,1149.9329833984375,0.9879518072289156,0.7692307692307693,0.6923076923076923,0.6410256410256411,0.0,1.0,0.5454696776341341,0.0
video_c124,21,0,1300.9329833984375,1300.800048828125,2P,1.0,fire_before_landing_interval,1335.5670166015625,1336.133056640625,669,14,0.8571428571428571,1300.467041015625,0.9795021961932651,0.9230769230769231,0.8461538461538461,0.7692307692307693,0.0,1.0,0.3178449496211175,0.0
video_c124,24,1,1492.5,1492.36669921875,1P,1.0,fire_before_landing_interval,1517.532958984375,1517.7330322265625,625,560,0.9411764705882353,1491.866943359375,0.5274261603375527,0.7692307692307693,0.6923076923076923,0.7051282051282052,0.02564102564102564,1.0,0.38765136791747645,0.0
video_c124,26,1,1623.133056640625,1622.800048828125,1P,0.0,no_fire_before_landing_interval,1623.532958984375,1624.4329833984375,23,18,0.875,1621.1669921875,0.5609756097560975,0.8461538461538461,0.5384615384615384,0.7307692307692307,0.07692307692307693,1.0,0.6628529097045024,0.0
video_c124,31,4,1914.199951171875,1913.9666748046875,1P,0.0,no_fire_before_landing_interval,1921.0999755859375,1921.467041015625,331,1,0.8,1909.7330322265625,0.9969879518072289,0.9230769230769231,0.6153846153846154,0.6282051282051282,0.0,1.0,0.8170816121469242,0.0
video_c124,39,1,2310.300048828125,2310.066650390625,2P,1.0,fire_before_landing_interval,2337.366943359375,2337.39990234375,343,2,0.8,2309.699951171875,0.9942028985507246,0.7692307692307693,0.38461538461538464,0.5897435897435898,0.0,1.0,0.3750381446444919,0.0
video_c124,39,2,2313.300048828125,2313.199951171875,1P,0.0,no_fire_before_landing_interval,2313.532958984375,2313.967041015625,24,6,0.8571428571428571,2311.60009765625,0.8,0.6923076923076923,0.46153846153846156,0.5384615384615384,0.0,1.0,0.6296229315489646,0.0
video_c124,43,1,2530.199951171875,2529.800048828125,2P,0.0,no_fire_before_landing_interval,2536.967041015625,2538.866943359375,44,9,0.8333333333333334,2529.633056640625,0.8301886792452831,0.5384615384615384,0.3076923076923077,0.44871794871794873,0.0,1.0,0.3617949516983484,0.0
video_c125,9,1,689.1669921875,689.066650390625,2P,1.0,fire_before_landing_interval,692.3670043945312,693.7999877929688,127,24,0.8571428571428571,685.9329833984375,0.8410596026490066,0.6923076923076923,0.6153846153846154,0.5384615384615384,0.0,1.0,0.763817212051319,0.0
video_c125,12,0,904.7999877929688,904.4000244140625,2P,0.0,no_fire_before_landing_interval,906.3330078125,907.4669799804688,615,5,0.8333333333333334,904.6669921875,0.9919354838709677,0.8461538461538461,0.6153846153846154,0.6410256410256411,0.0,1.0,0.11738404352744707,0.0
video_c125,12,1,915.8330078125,915.566650390625,2P,0.0,no_fire_before_landing_interval,916.6669921875,919.5330200195312,143,21,0.875,912.8330078125,0.8719512195121951,0.9230769230769231,0.7692307692307693,0.7948717948717948,0.05128205128205128,1.0,0.75,0.0
video_c125,13,3,961.9329833984375,961.566650390625,1P,0.0,no_fire_before_landing_interval,967.8330078125,967.9669799804688,46,33,0.875,959.9669799804688,0.5822784810126582,0.6923076923076923,0.6923076923076923,0.34615384615384615,0.0,1.0,0.6628459718077991,0.0
video_c125,16,1,1124.0670166015625,1123.0,1P,1.0,fire_before_landing_interval,1166.0999755859375,1167.032958984375,901,15,0.75,1123.9000244140625,0.9836244541484717,0.8461538461538461,0.6153846153846154,0.7435897435897436,0.0,1.0,0.14309623430962343,0.0
video_c125,22,4,1610.9000244140625,1610.7667236328125,1P,0.0,no_fire_before_landing_interval,1611.5670166015625,1613.133056640625,704,13,0.8571428571428571,1609.532958984375,0.9818688981868898,0.9230769230769231,0.8461538461538461,0.8205128205128205,0.038461538461538464,1.0,0.5775359702954979,0.0
video_c125,22,5,1624.133056640625,1624.0,2P,1.0,fire_before_landing_interval,1626.9000244140625,1627.0670166015625,208,207,0.9375,1614.366943359375,0.5012048192771085,0.5384615384615384,0.38461538461538464,0.44871794871794873,0.0,1.0,0.9071159689781849,0.0
video_c125,22,6,1627.032958984375,1626.9000244140625,1P,0.0,no_fire_before_landing_interval,1629.3330078125,1629.532958984375,7,5,0.8571428571428571,1626.633056640625,0.5833333333333334,0.46153846153846156,0.15384615384615385,0.20512820512820512,0.0,1.0,0.28566445762120685,0.0
video_c125,24,0,1747.300048828125,1747.0999755859375,1P,0.0,no_fire_before_landing_interval,1748.5,1748.6669921875,18,7,0.8571428571428571,1744.9000244140625,0.72,0.6923076923076923,0.6923076923076923,0.6153846153846154,0.0,1.0,0.7058844648691344,0.0
video_c125,27,2,1968.366943359375,1968.0999755859375,1P,0.0,no_fire_before_landing_interval,1989.9329833984375,1990.366943359375,141,3,0.8,1967.366943359375,0.9791666666666666,0.9230769230769231,0.7692307692307693,0.8333333333333334,0.07692307692307693,1.0,0.5,0.0
video_c125,30,0,2179.467041015625,2179.36669921875,1P,1.0,fire_before_landing_interval,2180.5,2182.10009765625,97,3,0.8,2177.967041015625,0.97,0.7692307692307693,0.46153846153846156,0.5641025641025641,0.0,1.0,0.6,0.0
video_c125,30,6,2213.967041015625,2213.199951171875,2P,0.0,no_fire_before_landing_interval,2214.032958984375,2214.800048828125,157,10,0.8333333333333334,2212.300048828125,0.9401197604790419,0.9230769230769231,0.6153846153846154,0.8076923076923077,0.05128205128205128,1.0,0.6250457707799341,0.0
video_c125,32,1,2305.60009765625,2305.466552734375,1P,1.0,fire_before_landing_interval,2316.06689453125,2318.0,21,3,0.8,2305.1669921875,0.875,0.38461538461538464,0.38461538461538464,0.2564102564102564,0.0,1.0,0.30221465076660986,0.0
video_c125,32,2,2308.633056640625,2308.36669921875,2P,0.0,no_fire_before_landing_interval,2319.300048828125,2319.967041015625,14,12,0.8333333333333334,2307.199951171875,0.5384615384615384,0.7692307692307693,0.6153846153846154,0.38461538461538464,0.038461538461538464,1.0,0.5890026088701585,0.0
video_c125,33,0,2361.39990234375,2361.2666015625,1P,0.0,no_fire_before_landing_interval,2362.60009765625,2363.467041015625,145,28,0.8888888888888888,2358.532958984375,0.838150289017341,0.9230769230769231,0.6923076923076923,0.7564102564102564,0.0,1.0,0.7413978155186565,0.0
video_c125,40,5,2812.032958984375,2811.7666015625,1P,0.0,no_fire_before_landing_interval,2836.5,2836.89990234375,272,18,0.8333333333333334,2811.76708984375,0.9379310344827586,0.8461538461538461,0.38461538461538464,0.5,0.0,1.0,0.21002892960462874,0.0
video_c125,44,0,3033.199951171875,3033.066650390625,1P,0.0,no_fire_before_landing_interval,3033.23291015625,3033.89990234375,29,2,0.8,3032.06689453125,0.9354838709677419,0.5384615384615384,0.5384615384615384,0.358974358974359,0.0,1.0,0.5311891953759872,0.0
video_c125,44,3,3054.866943359375,3054.666748046875,1P,0.0,no_fire_before_landing_interval,3055.366943359375,3056.23291015625,55,2,0.8,3052.967041015625,0.9649122807017544,0.9230769230769231,0.6153846153846154,0.717948717948718,0.01282051282051282,1.0,0.655160801481731,0.0
video_c125,45,0,3117.06689453125,3116.966552734375,1P,1.0,fire_before_landing_interval,3139.866943359375,3141.06689453125,523,14,0.8888888888888888,3116.532958984375,0.9739292364990689,0.9230769230769231,0.6923076923076923,0.717948717948718,0.0,1.0,0.3480821263727519,0.0
video_c125,50,2,3502.1669921875,3501.60009765625,1P,1.0,fire_before_landing_interval,3514.3330078125,3514.366943359375,100,13,0.8333333333333334,3500.5,0.8849557522123893,0.8461538461538461,0.5384615384615384,0.6025641025641025,0.0,1.0,0.6250457707799341,0.0
video_c126,8,2,564.3330078125,564.199951171875,1P,0.0,no_fire_before_landing_interval,565.2329711914062,565.3670043945312,958,20,0.8888888888888888,563.2329711914062,0.9795501022494888,0.9230769230769231,0.7692307692307693,0.8076923076923077,0.02564102564102564,0.75,0.5238178277676054,0.0
video_c126,8,3,580.3330078125,580.0665893554688,2P,0.0,no_fire_before_landing_interval,600.2000122070312,601.5670166015625,724,407,0.9411764705882353,580.0670166015625,0.6401414677276747,0.9230769230769231,0.6153846153846154,0.6666666666666666,0.01282051282051282,1.0,0.21010510076173947,0.0
video_c126,10,0,708.9329833984375,708.7666015625,1P,0.0,no_fire_before_landing_interval,714.7329711914062,715.6669921875,42,17,0.8571428571428571,707.0999755859375,0.711864406779661,0.6923076923076923,0.6923076923076923,0.6410256410256411,0.0,1.0,0.64701826956222,0.0
video_c126,12,0,813.8670043945312,813.5665893554688,2P,0.0,no_fire_before_landing_interval,813.9329833984375,814.4669799804688,92,8,0.8333333333333334,812.9329833984375,0.92,0.7692307692307693,0.6153846153846154,0.6153846153846154,0.0,1.0,0.48294253163758005,0.0
video_c126,15,5,1040.7669677734375,1040.4998779296875,1P,0.0,no_fire_before_landing_interval,1040.9329833984375,1042.0,439,221,0.9375,1039.4000244140625,0.6651515151515152,0.9230769230769231,0.8461538461538461,0.8717948717948718,0.11538461538461539,1.0,0.5775141825683342,0.0
video_c126,16,0,1079.532958984375,1079.2666015625,2P,1.0,fire_before_landing_interval,1084.9329833984375,1085.133056640625,32,7,0.8333333333333334,1078.467041015625,0.8205128205128205,0.9230769230769231,0.8461538461538461,0.8461538461538461,0.0,1.0,0.5159536752540771,0.0
video_c126,16,1,1083.199951171875,1083.0665283203125,1P,0.0,no_fire_before_landing_interval,1083.633056640625,1084.2669677734375,107,32,0.8888888888888888,1082.1669921875,0.7697841726618705,0.9230769230769231,0.6153846153846154,0.6666666666666666,0.0,1.0,0.5081061606821184,0.0
video_c126,20,0,1290.7669677734375,1290.099853515625,1P,0.0,no_fire_before_landing_interval,1293.5999755859375,1294.2330322265625,1427,5,0.8333333333333334,1290.133056640625,0.9965083798882681,1.0,0.8461538461538461,0.9230769230769231,0.0,1.0,0.38797161001120656,0.0
video_c126,21,0,1321.7330322265625,1321.39990234375,2P,1.0,fire_before_landing_interval,1329.300048828125,1330.9329833984375,192,38,0.9,1321.0670166015625,0.8347826086956521,1.0,0.38461538461538464,0.6538461538461539,0.0,1.0,0.39976553341148885,0.0
video_c126,35,1,2089.23291015625,2089.099853515625,1P,1.0,fire_before_landing_interval,2124.800048828125,2124.93310546875,988,16,0.8888888888888888,2087.800048828125,0.9840637450199203,0.9230769230769231,0.7692307692307693,0.8205128205128205,0.07692307692307693,1.0,0.5889613647767186,0.0
video_c126,40,0,2375.032958984375,2374.899658203125,1P,0.0,no_fire_before_landing_interval,2375.76611328125,2375.865966796875,232,6,0.8,2373.8330078125,0.9747899159663865,0.8461538461538461,0.38461538461538464,0.6666666666666666,0.0,1.0,0.5454444567750527,0.0
video_c126,46,0,2690.06591796875,2689.93310546875,2P,1.0,fire_before_landing_interval,2718.666015625,2719.199951171875,747,42,0.8571428571428571,2689.532958984375,0.9467680608365019,0.9230769230769231,0.6153846153846154,0.7564102564102564,0.0,1.0,0.3476668259276955,0.0
video_c126,48,0,2814.56591796875,2814.43310546875,1P,0.0,no_fire_before_landing_interval,2814.865966796875,2815.8330078125,229,1,0.8,2813.800048828125,0.9956521739130435,0.7692307692307693,0.46153846153846156,0.5897435897435898,0.0,0.0,0.4337066224249965,0.0
video_c127,0,1,161.73300170898438,161.46664428710938,1P,1.0,fire_before_landing_interval,175.76699829101562,177.16700744628906,308,40,0.8,160.39999389648438,0.885057471264368,0.7692307692307693,0.7692307692307693,0.4230769230769231,0.0,0.0,0.5713687735454165,0.0
video_c127,0,2,167.39999389648438,166.96664428710938,2P,0.0,no_fire_before_landing_interval,175.83299255371094,175.9669952392578,1723,73,0.875,167.26699829101562,0.9593541202672606,1.0,0.8461538461538461,0.9102564102564102,0.3076923076923077,1.0,0.11738404352744707,0.0
video_c127,1,1,210.3000030517578,210.16664123535156,2P,0.0,no_fire_before_landing_interval,218.89999389648438,220.13299560546875,349,22,0.8571428571428571,210.0,0.9407008086253369,0.5384615384615384,0.5384615384615384,0.5,0.01282051282051282,1.0,0.23077103653884526,0.0
video_c127,3,0,322.9670104980469,322.7999572753906,2P,0.0,no_fire_before_landing_interval,332.1000061035156,332.5,216,3,0.8,322.7669982910156,0.9863013698630136,0.8461538461538461,0.5384615384615384,0.6923076923076923,0.0,1.0,0.1666751436854687,0.0
video_c127,5,3,409.8330078125,409.5999755859375,2P,0.0,no_fire_before_landing_interval,410.0329895019531,410.29998779296875,352,1,0.8,409.70001220703125,0.9971671388101983,0.8461538461538461,0.38461538461538464,0.5512820512820513,0.038461538461538464,1.0,0.11738404352744707,0.0
video_c127,6,1,476.4670104980469,476.199951171875,1P,1.0,fire_before_landing_interval,508.5669860839844,510.0,846,1,0.8,474.1669921875,0.9988193624557261,0.9230769230769231,0.7692307692307693,0.8589743589743589,0.0,1.0,0.6969713783696305,0.0
video_c127,11,0,836.4669799804688,836.1998901367188,2P,0.0,no_fire_before_landing_interval,836.7670288085938,838.1669921875,340,5,0.8333333333333334,835.4669799804688,0.9855072463768116,0.7692307692307693,0.6153846153846154,0.6666666666666666,0.0,1.0,0.5,0.0
video_c127,12,1,896.0,895.966552734375,1P,1.0,fire_before_landing_interval,908.2000122070312,908.8330078125,1094,2,0.8,887.4329833984375,0.9981751824817519,0.9230769230769231,0.6923076923076923,0.8333333333333334,0.038461538461538464,1.0,0.8954742066783203,0.0
video_c127,13,2,946.0670166015625,945.966552734375,2P,0.0,no_fire_before_landing_interval,950.7329711914062,951.4000244140625,794,4,0.8,942.7670288085938,0.9949874686716792,0.8461538461538461,0.6923076923076923,0.7435897435897436,0.0,1.0,0.7674412002668521,0.0
video_c127,19,1,1362.4329833984375,1362.2999267578125,2P,0.0,no_fire_before_landing_interval,1362.6669921875,1363.2330322265625,135,5,0.8571428571428571,1362.4000244140625,0.9642857142857143,0.9230769230769231,0.0,0.7435897435897436,0.02564102564102564,1.0,0.0319073505081541,0.0
video_c127,21,1,1470.7669677734375,1469.966552734375,2P,1.0,fire_before_landing_interval,1492.5999755859375,1496.300048828125,601,8,0.8333333333333334,1468.366943359375,0.986863711001642,0.7692307692307693,0.6923076923076923,0.6538461538461539,0.0,1.0,0.7058844648691344,0.0
video_c127,23,0,1582.2669677734375,1581.9998779296875,2P,1.0,fire_before_landing_interval,1610.532958984375,1611.133056640625,877,10,0.8333333333333334,1579.199951171875,0.9887260428410372,0.7692307692307693,0.6153846153846154,0.6923076923076923,0.0,1.0,0.7541195185640964,0.0
video_c127,25,0,1724.6669921875,1724.466552734375,1P,0.0,no_fire_before_landing_interval,1725.032958984375,1725.6669921875,52,1,0.8,1723.532958984375,0.9811320754716981,1.0,0.6923076923076923,0.7435897435897436,0.0,1.0,0.5314037295503947,0.0
video_c127,31,3,2085.89990234375,2085.7998046875,1P,0.0,no_fire_before_landing_interval,2087.633056640625,2087.76611328125,415,1,0.8,2085.133056640625,0.9975961538461539,0.9230769230769231,0.3076923076923077,0.7051282051282052,0.0,1.0,0.43401962139007877,0.0
video_c127,32,0,2154.73291015625,2154.69970703125,2P,0.0,no_fire_before_landing_interval,2156.133056640625,2156.39990234375,658,1,0.8,2153.365966796875,0.9984825493171472,0.8461538461538461,0.5384615384615384,0.6923076923076923,0.0,1.0,0.5775141825683342,0.0
video_c127,32,4,2171.06591796875,2170.93310546875,2P,0.0,no_fire_before_landing_interval,2173.699951171875,2174.365966796875,487,203,0.9375,2170.133056640625,0.7057971014492753,1.0,0.7692307692307693,0.782051282051282,0.01282051282051282,1.0,0.4826323102185171,0.0
video_c127,33,3,2236.865966796875,2236.69970703125,2P,0.0,no_fire_before_landing_interval,2238.032958984375,2239.56591796875,239,80,0.9,2233.032958984375,0.7492163009404389,0.9230769230769231,0.6923076923076923,0.8205128205128205,0.21794871794871795,0.0,0.793089513032936,0.0
video_c127,35,0,2368.133056640625,2367.8330078125,1P,0.0,no_fire_before_landing_interval,2371.06591796875,2371.43310546875,186,1,0.8,2366.73291015625,0.9946524064171123,0.7692307692307693,0.6153846153846154,0.6923076923076923,0.0,1.0,0.583358763096328,0.0
video_c127,35,5,2391.60009765625,2391.3330078125,2P,0.0,no_fire_before_landing_interval,2397.0,2397.5,72,1,0.8,2391.60009765625,0.9863013698630136,0.6923076923076923,0.38461538461538464,0.5512820512820513,0.05128205128205128,1.0,0.0,0.0
video_c127,36,3,2457.76611328125,2457.499755859375,2P,0.0,no_fire_before_landing_interval,2458.300048828125,2458.8330078125,193,25,0.8333333333333334,2456.73291015625,0.8853211009174313,0.9230769230769231,0.6923076923076923,0.717948717948718,0.05128205128205128,1.0,0.5081652257444764,0.0
video_c127,41,0,2735.666015625,2735.499755859375,2P,0.0,no_fire_before_landing_interval,2739.0,2740.0,521,1,0.8,2734.800048828125,0.9980842911877394,0.9230769230769231,0.5384615384615384,0.7692307692307693,0.0,1.0,0.4640847834619914,0.0
video_c127,42,1,2817.10009765625,2816.8330078125,2P,1.0,fire_before_landing_interval,2821.60009765625,2822.300048828125,296,5,0.8333333333333334,2815.032958984375,0.9833887043189369,0.9230769230769231,0.7692307692307693,0.7307692307692307,0.0,1.0,0.6739632253442649,0.0
video_c127,44,4,2916.60009765625,2916.133056640625,1P,0.0,no_fire_before_landing_interval,2918.300048828125,2919.0,575,455,0.9473684210526315,2915.60009765625,0.558252427184466,0.9230769230769231,0.7692307692307693,0.8589743589743589,0.0,1.0,0.5,0.0
video_c128,2,4,238.4669952392578,237.96664428710938,2P,0.0,no_fire_before_landing_interval,245.5330047607422,246.33299255371094,188,4,0.75,236.23300170898438,0.9791666666666666,0.8461538461538461,0.6153846153846154,0.7051282051282052,0.01282051282051282,1.0,0.690784786475609,0.0
video_c128,7,10,506.13299560546875,505.99993896484375,1P,1.0,fire_before_landing_interval,519.9329833984375,520.6329956054688,149,54,0.9,502.6000061035156,0.7339901477832512,0.9230769230769231,0.5384615384615384,0.717948717948718,0.01282051282051282,0.25,0.7793950328874287,0.0
video_c128,7,18,543.5670166015625,543.2666015625,1P,0.0,no_fire_before_landing_interval,554.1329956054688,555.5,343,8,0.8333333333333334,543.4669799804688,0.9772079772079773,1.0,0.5384615384615384,0.8333333333333334,0.08974358974358974,1.0,0.09093935526826832,0.0
video_c128,9,0,638.5999755859375,638.4666137695312,2P,0.0,no_fire_before_landing_interval,638.5999755859375,638.8330078125,231,15,0.8571428571428571,638.5999755859375,0.9390243902439025,0.6153846153846154,0.38461538461538464,0.5512820512820513,0.02564102564102564,1.0,0.0,0.0
video_c128,9,1,645.5999755859375,645.4999389648438,1P,0.0,no_fire_before_landing_interval,652.4329833984375,652.5,92,42,0.8571428571428571,644.9329833984375,0.6865671641791045,1.0,0.7692307692307693,0.7307692307692307,0.0,1.0,0.4001171646162859,0.0
video_c128,12,1,761.9000244140625,761.6665649414062,2P,1.0,fire_before_landing_interval,766.3670043945312,768.2999877929688,38,13,0.8333333333333334,761.8330078125,0.7450980392156863,0.7692307692307693,0.0,0.44871794871794873,0.0,1.0,0.06280745910078939,0.0
video_c128,16,1,1012.4000244140625,1012.2665405273438,1P,0.0,no_fire_before_landing_interval,1021.3330078125,1023.0,284,18,0.8571428571428571,1011.0999755859375,0.9403973509933775,0.8461538461538461,0.6153846153846154,0.7051282051282052,0.0,1.0,0.565226621377773,0.0
video_c128,16,2,1029.3330078125,1028.6666259765625,2P,1.0,fire_before_landing_interval,1032.866943359375,1034.1669921875,135,5,0.8333333333333334,1027.3330078125,0.9642857142857143,0.6923076923076923,0.6923076923076923,0.5641025641025641,0.0,1.0,0.6666666666666666,0.0
video_c128,17,1,1062.6669921875,1062.39990234375,2P,1.0,fire_before_landing_interval,1066.5670166015625,1066.967041015625,72,13,0.8333333333333334,1061.467041015625,0.8470588235294118,0.6923076923076923,0.6923076923076923,0.5897435897435898,0.0,1.0,0.5454444567750527,0.0
video_c128,17,2,1066.8330078125,1066.5665283203125,1P,0.0,no_fire_before_landing_interval,1070.532958984375,1071.699951171875,398,7,0.8333333333333334,1066.300048828125,0.9827160493827161,0.5384615384615384,0.38461538461538464,0.47435897435897434,0.0,1.0,0.3476668259276955,0.0
video_c128,21,1,1290.133056640625,1289.966552734375,2P,0.0,no_fire_before_landing_interval,1290.4329833984375,1290.967041015625,24,13,0.8571428571428571,1289.2669677734375,0.6486486486486487,0.7692307692307693,0.23076923076923078,0.5128205128205128,0.0,1.0,0.4641198403872571,0.0
video_c128,21,2,1303.2669677734375,1303.0665283203125,1P,0.0,no_fire_before_landing_interval,1306.5670166015625,1306.699951171875,36,1,0.8,1298.866943359375,0.972972972972973,0.6923076923076923,0.38461538461538464,0.3974358974358974,0.0,1.0,0.8148156520559713,0.0
video_c128,21,3,1312.5999755859375,1312.39990234375,1P,0.0,no_fire_before_landing_interval,1312.967041015625,1313.9000244140625,85,22,0.8571428571428571,1312.032958984375,0.7943925233644861,0.7692307692307693,0.38461538461538464,0.41025641025641024,0.02564102564102564,1.0,0.36184466775726415,0.0
video_c128,24,2,1453.4329833984375,1453.16650390625,2P,0.0,no_fire_before_landing_interval,1454.0,1454.5,152,18,0.875,1452.199951171875,0.8941176470588236,0.6923076923076923,0.23076923076923078,0.3333333333333333,0.0,1.0,0.5521784289072322,0.0
video_c128,24,4,1473.133056640625,1471.9998779296875,2P,0.0,no_fire_before_landing_interval,1473.532958984375,1473.5999755859375,534,45,0.8888888888888888,1469.866943359375,0.922279792746114,0.9230769230769231,0.6153846153846154,0.782051282051282,0.07692307692307693,1.0,0.7655945976879935,0.0
video_c128,24,11,1566.4329833984375,1566.2998046875,2P,1.0,fire_before_landing_interval,1579.1669921875,1579.532958984375,1943,482,0.9375,1562.967041015625,0.8012371134020618,0.9230769230769231,0.8461538461538461,0.8589743589743589,0.0641025641025641,0.0,0.776083094164275,0.0
video_c128,30,1,1883.8330078125,1883.6998291015625,1P,0.0,no_fire_before_landing_interval,1884.133056640625,1885.166015625,270,13,0.8571428571428571,1883.5999755859375,0.9540636042402827,1.0,0.38461538461538464,0.7307692307692307,0.0641025641025641,1.0,0.188991188991189,0.0
video_c128,31,0,1941.9659423828125,1941.599853515625,1P,1.0,fire_before_landing_interval,1978.532958984375,1984.365966796875,60,10,0.8333333333333334,1939.666015625,0.8571428571428571,0.6153846153846154,0.46153846153846156,0.5512820512820513,0.0,1.0,0.6969629711833685,0.0
video_c128,35,1,2168.10009765625,2167.999755859375,2P,0.0,no_fire_before_landing_interval,2170.133056640625,2170.26611328125,47,8,0.8571428571428571,2167.199951171875,0.8545454545454545,0.6153846153846154,0.5384615384615384,0.5,0.0,1.0,0.4737247847873571,0.0
video_c128,38,0,2324.532958984375,2324.43310546875,2P,0.0,no_fire_before_landing_interval,2325.23291015625,2325.93310546875,51,2,0.8,2323.10009765625,0.9622641509433962,0.6923076923076923,0.38461538461538464,0.4230769230769231,0.0,0.0,0.5889613647767186,0.0
video_c128,38,1,2332.666015625,2332.499755859375,2P,0.0,no_fire_before_landing_interval,2337.23291015625,2337.5,140,3,0.8,2332.43310546875,0.9790209790209791,0.7692307692307693,0.46153846153846156,0.6025641025641025,0.038461538461538464,1.0,0.1889108910891089,0.0
video_c128,40,1,2435.93310546875,2435.7998046875,2P,0.0,no_fire_before_landing_interval,2439.93310546875,2440.39990234375,88,38,0.9,2434.865966796875,0.6984126984126984,1.0,0.7692307692307693,0.6923076923076923,0.07692307692307693,1.0,0.5162395181292075,0.0
video_c128,41,3,2562.3330078125,2562.19970703125,2P,1.0,fire_before_landing_interval,2580.865966796875,2582.300048828125,350,15,0.8888888888888888,2559.166015625,0.958904109589041,0.6923076923076923,0.6923076923076923,0.5769230769230769,0.01282051282051282,1.0,0.7600187485352706,0.0
video_c128,44,5,2780.76611328125,2780.633056640625,2P,0.0,no_fire_before_landing_interval,2781.43310546875,2781.8330078125,7,1,0.8,2780.23291015625,0.875,0.9230769230769231,0.7692307692307693,0.8589743589743589,0.24358974358974358,1.0,0.34777070063694265,0.0
video_c128,47,0,2937.89990234375,2937.633056640625,1P,1.0,fire_before_landing_interval,2945.966064453125,2946.865966796875,52,17,0.8333333333333334,2936.3330078125,0.7536231884057971,0.6923076923076923,0.46153846153846156,0.5128205128205128,0.0,1.0,0.6104241963096824,0.0
video_c128,48,1,2998.199951171875,2997.93310546875,2P,0.0,no_fire_before_landing_interval,2998.300048828125,2999.199951171875,134,38,0.9,2996.73291015625,0.7790697674418604,0.7692307692307693,0.46153846153846156,0.48717948717948717,0.0,1.0,0.5946561108362197,0.0
video_c128,51,3,3196.43310546875,3196.3330078125,2P,0.0,no_fire_before_landing_interval,3201.0,3201.133056640625,32,26,0.8888888888888888,3196.300048828125,0.5517241379310345,1.0,0.38461538461538464,0.5,0.0,1.0,0.11743158801982331,0.0
video_c128,52,2,3243.865966796875,3243.599609375,1P,0.0,no_fire_before_landing_interval,3243.865966796875,3244.865966796875,96,10,0.8333333333333334,3243.865966796875,0.9056603773584906,0.6153846153846154,0.5384615384615384,0.4358974358974359,0.0,1.0,0.0,0.0
video_c128,52,7,3268.466064453125,3268.3330078125,1P,0.0,no_fire_before_landing_interval,3271.633056640625,3273.466064453125,203,16,0.8888888888888888,3268.26611328125,0.9269406392694064,0.9230769230769231,0.6923076923076923,0.6923076923076923,0.0641025641025641,1.0,0.16663275686673448,0.0
video_c128,53,0,3299.865966796875,3299.69970703125,1P,0.0,no_fire_before_landing_interval,3308.60009765625,3310.3330078125,442,21,0.8571428571428571,3299.133056640625,0.9546436285097192,0.8461538461538461,0.8461538461538461,0.6153846153846154,0.0,0.75,0.4229360383206537,0.0
video_c129,1,0,157.9669952392578,157.69998168945312,1P,1.0,fire_before_landing_interval,183.86700439453125,184.73300170898438,38,17,0.8333333333333334,156.93299865722656,0.6909090909090909,0.5384615384615384,0.3076923076923077,0.2564102564102564,0.0,1.0,0.508357089272318,0.0
video_c129,2,0,243.13299560546875,242.99996948242188,2P,0.0,no_fire_before_landing_interval,243.43299865722656,243.93299865722656,21,3,0.8,242.0,0.875,0.7692307692307693,0.3076923076923077,0.48717948717948717,0.0,1.0,0.5311757804675652,0.0
video_c129,2,4,284.7669982910156,283.6999816894531,2P,1.0,fire_before_landing_interval,312.2330017089844,312.5,37,19,0.8571428571428571,283.29998779296875,0.6607142857142857,0.9230769230769231,0.0,0.3974358974358974,0.01282051282051282,1.0,0.5946510966241542,0.0
video_c129,7,1,539.7000122070312,539.5665893554688,2P,0.0,no_fire_before_landing_interval,540.0330200195312,540.6669921875,22,17,0.8571428571428571,537.2670288085938,0.5641025641025642,0.6923076923076923,0.38461538461538464,0.46153846153846156,0.0,1.0,0.7087081748035415,0.0
video_c129,11,1,740.5670166015625,740.1665649414062,1P,0.0,no_fire_before_landing_interval,741.2670288085938,741.5330200195312,206,13,0.8333333333333334,740.2999877929688,0.9406392694063926,0.6153846153846154,0.23076923076923078,0.4230769230769231,0.0,1.0,0.21075196300399826,0.0
video_c129,11,2,749.8330078125,749.699951171875,2P,0.0,no_fire_before_landing_interval,759.7000122070312,760.9669799804688,452,5,0.8571428571428571,748.4329833984375,0.9890590809628009,0.6923076923076923,0.6153846153846154,0.5384615384615384,0.0,1.0,0.5833375718427344,0.0
video_c129,11,7,779.8670043945312,779.4999389648438,2P,0.0,no_fire_before_landing_interval,779.9000244140625,780.5,13,5,0.8333333333333334,779.6669921875,0.7222222222222222,0.9230769230769231,0.6153846153846154,0.7948717948717948,0.4358974358974359,1.0,0.1666751436854687,0.0
video_c129,28,3,1725.9659423828125,1725.6998291015625,2P,0.0,no_fire_before_landing_interval,1730.4659423828125,1732.0660400390625,87,56,0.9,1725.5660400390625,0.6083916083916083,1.0,0.0,0.44871794871794873,0.0641025641025641,1.0,0.28566445762120685,0.0
video_c129,33,2,1999.3330078125,1999.1998291015625,1P,0.0,no_fire_before_landing_interval,2005.633056640625,2006.7330322265625,8,6,0.8,1999.300048828125,0.5714285714285715,0.3076923076923077,0.23076923076923078,0.19230769230769232,0.0,1.0,0.0319073505081541,0.0
video_c129,33,5,2052.800048828125,2052.39990234375,1P,0.0,no_fire_before_landing_interval,2059.60009765625,2059.76611328125,44,24,0.875,2047.532958984375,0.6470588235294118,0.6923076923076923,0.15384615384615385,0.41025641025641024,0.05128205128205128,1.0,0.8404363069731203,0.0
video_c129,34,0,2108.966064453125,2108.7998046875,2P,1.0,fire_before_landing_interval,2112.133056640625,2113.06591796875,128,55,0.8888888888888888,2107.0,0.6994535519125683,0.7692307692307693,0.6923076923076923,0.5897435897435898,0.0,1.0,0.6628529097045024,0.0
video_c129,34,2,2116.800048828125,2116.633056640625,2P,0.0,no_fire_before_landing_interval,2117.0,2117.666015625,235,20,0.8888888888888888,2115.199951171875,0.9215686274509803,0.7692307692307693,0.46153846153846156,0.5384615384615384,0.08974358974358974,1.0,0.6153990610328639,0.0
video_c129,47,4,2825.633056640625,2825.499755859375,2P,0.0,no_fire_before_landing_interval,2827.300048828125,2828.43310546875,14,10,0.8571428571428571,2824.466064453125,0.5833333333333334,0.6923076923076923,0.38461538461538464,0.47435897435897434,0.0,1.0,0.5385308697611537,0.0
video_c129,48,3,2889.800048828125,2889.599609375,2P,0.0,no_fire_before_landing_interval,2890.76611328125,2891.3330078125,14,14,0.8571428571428571,2888.56591796875,0.5,0.9230769230769231,0.8461538461538461,0.8076923076923077,0.14102564102564102,1.0,0.5523986449568353,0.0
video_c13,2,0,209.36700439453125,209.1999969482422,1P,0.0,no_fire_before_landing_interval,209.56700134277344,210.63299560546875,690,1,0.8,209.36700439453125,0.9985528219971056,0.8461538461538461,0.46153846153846156,0.717948717948718,0.0,1.0,0.0,0.0
video_c13,4,2,333.5669860839844,333.20001220703125,2P,0.0,no_fire_before_landing_interval,333.7330017089844,334.4670104980469,83,13,0.8333333333333334,333.4670104980469,0.8645833333333334,0.8461538461538461,0.23076923076923078,0.44871794871794873,0.0,1.0,0.09088891355010542,0.0
video_c13,6,0,455.79998779296875,455.6666564941406,2P,0.0,no_fire_before_landing_interval,457.0,458.0329895019531,310,18,0.8571428571428571,454.5,0.9451219512195121,0.6153846153846154,0.6153846153846154,0.5512820512820513,0.0,1.0,0.5652150837247565,0.0
video_c13,8,0,610.2329711914062,610.2000122070312,1P,1.0,fire_before_landing_interval,615.8330078125,616.0670166015625,275,47,0.9090909090909091,598.1669921875,0.8540372670807453,0.9230769230769231,0.7692307692307693,0.7692307692307693,0.0,0.75,0.9234653599473077,0.0
video_c13,13,0,895.9669799804688,895.7999877929688,1P,0.0,no_fire_before_landing_interval,896.2329711914062,897.2670288085938,658,3,0.8,895.7670288085938,0.9954614220877458,0.8461538461538461,0.46153846153846156,0.6794871794871795,0.0,1.0,0.16663275686673448,0.0
video_c13,15,3,1058.4329833984375,1058.300048828125,1P,1.0,fire_before_landing_interval,1062.866943359375,1064.133056640625,103,62,0.9,1055.6669921875,0.6242424242424243,0.8461538461538461,0.5384615384615384,0.5769230769230769,0.0,1.0,0.7344656575151535,0.0
video_c13,16,3,1157.2330322265625,1157.0999755859375,1P,0.0,no_fire_before_landing_interval,1179.133056640625,1180.633056640625,951,1,0.8,1156.0670166015625,0.9989495798319328,0.9230769230769231,0.8461538461538461,0.6794871794871795,0.0,0.0,0.5383228133453561,0.0
video_c13,20,2,1369.0999755859375,1369.0,2P,0.0,no_fire_before_landing_interval,1370.4000244140625,1370.633056640625,49,3,0.8,1369.0,0.9423076923076923,0.8461538461538461,0.46153846153846156,0.5128205128205128,0.01282051282051282,1.0,0.09088891355010542,0.0
video_c13,20,4,1373.0999755859375,1373.0,2P,1.0,fire_before_landing_interval,1395.9329833984375,1396.633056640625,69,13,0.8571428571428571,1373.0,0.8414634146341463,0.8461538461538461,0.6153846153846154,0.6282051282051282,0.05128205128205128,1.0,0.09088891355010542,0.0
video_c13,22,1,1531.0670166015625,1530.4666748046875,1P,1.0,fire_before_landing_interval,1540.866943359375,1540.9329833984375,127,14,0.875,1530.967041015625,0.900709219858156,0.7692307692307693,0.46153846153846156,0.6025641025641025,0.0,1.0,0.09088891355010542,0.0
video_c13,25,1,1763.2669677734375,1762.9000244140625,1P,0.0,no_fire_before_landing_interval,1763.7669677734375,1764.532958984375,48,25,0.8333333333333334,1762.699951171875,0.6575342465753424,0.9230769230769231,0.5384615384615384,0.6794871794871795,0.0,1.0,0.36184466775726415,0.0
video_c13,28,0,1892.0,1891.800048828125,1P,0.0,no_fire_before_landing_interval,1904.133056640625,1904.4329833984375,238,27,0.8571428571428571,1891.3330078125,0.8981132075471698,1.0,0.6153846153846154,0.6153846153846154,0.0,1.0,0.4001171646162859,0.0
video_c13,34,3,2259.56689453125,2259.300048828125,2P,0.0,no_fire_before_landing_interval,2259.8330078125,2260.23291015625,87,4,0.8,2258.56689453125,0.9560439560439561,0.8461538461538461,0.38461538461538464,0.4358974358974359,0.02564102564102564,1.0,0.5,0.0
video_c13,36,1,2336.866943359375,2336.7666015625,1P,1.0,fire_before_landing_interval,2346.26708984375,2346.300048828125,109,7,0.8571428571428571,2336.76708984375,0.9396551724137931,1.0,0.6153846153846154,0.7435897435897436,0.02564102564102564,1.0,0.09078801331853496,0.0
video_c13,37,2,2389.300048828125,2389.166748046875,1P,0.0,no_fire_before_landing_interval,2394.73291015625,2395.23291015625,127,45,0.9,2388.467041015625,0.7383720930232558,0.8461538461538461,0.8461538461538461,0.7948717948717948,0.07692307692307693,1.0,0.45444858817261585,0.0
video_c13,45,0,2916.39990234375,2916.2666015625,1P,0.0,no_fire_before_landing_interval,2916.76708984375,2917.56689453125,39,1,0.8,2915.6669921875,0.975,0.8461538461538461,0.6153846153846154,0.7692307692307693,0.0,0.0,0.4229360383206537,0.0
video_c13,46,1,2971.10009765625,2971.0,2P,1.0,fire_before_landing_interval,2982.06689453125,2983.0,135,4,0.8,2970.866943359375,0.9712230215827338,0.9230769230769231,0.46153846153846156,0.358974358974359,0.0,1.0,0.1890714709958424,0.0
video_c13,46,10,3042.73291015625,3042.5,1P,0.0,no_fire_before_landing_interval,3050.73291015625,3051.56689453125,216,124,0.9285714285714286,3042.06689453125,0.6352941176470588,1.0,0.6923076923076923,0.6794871794871795,0.07692307692307693,1.0,0.39976553341148885,0.0
video_c130,0,3,91.46700286865234,90.89997863769531,1P,0.0,no_fire_before_landing_interval,99.26699829101562,99.5,146,7,0.8333333333333334,89.43299865722656,0.954248366013072,0.9230769230769231,0.7692307692307693,0.8076923076923077,0.02564102564102564,1.0,0.6704025669331335,0.0
video_c130,1,2,172.13299560546875,171.99996948242188,2P,0.0,no_fire_before_landing_interval,173.73300170898438,174.3000030517578,80,75,0.9166666666666666,171.93299865722656,0.5161290322580646,0.46153846153846156,0.38461538461538464,0.358974358974359,0.0,1.0,0.16666454738501837,0.0
video_c130,4,0,326.3999938964844,326.0999450683594,2P,1.0,fire_before_landing_interval,356.3330078125,356.5329895019531,199,23,0.8333333333333334,323.4670104980469,0.8963963963963963,0.8461538461538461,0.6153846153846154,0.717948717948718,0.0,1.0,0.7457400912505043,0.0
video_c130,6,2,483.2669982910156,483.16656494140625,2P,0.0,no_fire_before_landing_interval,502.0669860839844,502.7669982910156,231,17,0.8571428571428571,482.0329895019531,0.9314516129032258,0.9230769230769231,0.5384615384615384,0.6410256410256411,0.0,0.0,0.5523741872028851,0.0
video_c130,7,0,539.2000122070312,538.8665771484375,1P,1.0,fire_before_landing_interval,575.4669799804688,575.5999755859375,375,51,0.8333333333333334,538.8670043945312,0.8802816901408451,1.0,0.5384615384615384,0.7948717948717948,0.0,1.0,0.24981684981684982,0.0
video_c130,7,2,587.0670166015625,586.8665771484375,2P,1.0,fire_before_landing_interval,593.8670043945312,594.7000122070312,167,16,0.875,584.3330078125,0.912568306010929,0.7692307692307693,0.46153846153846156,0.5512820512820513,0.0,1.0,0.7321913106018504,0.0
video_c130,8,1,628.0,627.89990234375,2P,0.0,no_fire_before_landing_interval,628.7999877929688,629.2329711914062,127,6,0.8,627.2000122070312,0.9548872180451128,0.9230769230769231,0.5384615384615384,0.782051282051282,0.0,1.0,0.44444067681665594,0.0
video_c130,8,2,647.7329711914062,647.599853515625,1P,1.0,fire_before_landing_interval,669.2000122070312,669.3670043945312,754,47,0.9,646.9669799804688,0.9413233458177278,0.8461538461538461,0.5384615384615384,0.6666666666666666,0.0,1.0,0.4337457662265846,0.0
video_c130,20,1,1255.5999755859375,1255.2998046875,1P,0.0,no_fire_before_landing_interval,1255.7659912109375,1255.9329833984375,158,16,0.875,1255.5999755859375,0.9080459770114943,0.7692307692307693,0.46153846153846156,0.5641025641025641,0.0,1.0,0.0,0.0
video_c130,20,4,1285.365966796875,1285.0997314453125,1P,0.0,no_fire_before_landing_interval,1287.0660400390625,1288.699951171875,32,32,0.9,1285.2659912109375,0.5,0.9230769230769231,0.6153846153846154,0.8717948717948718,0.4358974358974359,1.0,0.09088891355010542,0.0
video_c130,22,5,1422.133056640625,1421.999755859375,2P,0.0,no_fire_before_landing_interval,1422.5660400390625,1423.7330322265625,31,29,0.8888888888888888,1421.7330322265625,0.5166666666666667,0.6153846153846154,0.23076923076923078,0.20512820512820512,0.0,1.0,0.28572674165140816,0.0
video_c130,24,5,1543.7330322265625,1543.5997314453125,2P,0.0,no_fire_before_landing_interval,1543.9659423828125,1544.0660400390625,98,5,0.8,1541.9000244140625,0.9514563106796117,0.9230769230769231,0.0,0.5128205128205128,0.0,1.0,0.64701826956222,0.0
video_c130,24,6,1550.633056640625,1550.0997314453125,2P,1.0,fire_before_landing_interval,1552.5,1552.532958984375,146,19,0.875,1548.800048828125,0.8848484848484849,0.9230769230769231,0.6153846153846154,0.7692307692307693,0.05128205128205128,1.0,0.64701826956222,0.0
video_c130,29,2,1755.7659912109375,1755.6329345703125,2P,0.0,no_fire_before_landing_interval,1755.8330078125,1757.133056640625,8,7,0.8571428571428571,1754.699951171875,0.5333333333333333,0.9230769230769231,0.38461538461538464,0.717948717948718,0.08974358974358974,1.0,0.5159822747415066,0.0
video_c130,29,7,1773.800048828125,1773.599609375,1P,0.0,no_fire_before_landing_interval,1777.8330078125,1777.9659423828125,100,17,0.8571428571428571,1773.365966796875,0.8547008547008547,0.8461538461538461,0.7692307692307693,0.6153846153846154,0.0,1.0,0.3026898195437521,0.0
video_c130,31,0,1878.8330078125,1878.73291015625,2P,0.0,no_fire_before_landing_interval,1878.8330078125,1879.532958984375,97,17,0.8571428571428571,1878.8330078125,0.8508771929824561,0.6923076923076923,0.6923076923076923,0.6282051282051282,0.0,1.0,0.0,0.0
video_c130,34,0,2021.4329833984375,2021.3328857421875,2P,0.0,no_fire_before_landing_interval,2021.7659912109375,2022.4659423828125,22,7,0.8571428571428571,2019.5660400390625,0.7586206896551725,0.8461538461538461,0.7692307692307693,0.6410256410256411,0.0,1.0,0.6511964574640211,0.0
video_c130,35,0,2069.5,2069.23291015625,2P,0.0,no_fire_before_landing_interval,2075.3330078125,2075.60009765625,26,8,0.8,2067.666015625,0.7647058823529411,1.0,0.3076923076923077,0.5256410256410257,0.0,1.0,0.6471399035148173,0.0
video_c130,36,1,2120.966064453125,2120.799560546875,1P,1.0,fire_before_landing_interval,2140.133056640625,2141.89990234375,132,19,0.8,2120.73291015625,0.8741721854304636,0.7692307692307693,0.5384615384615384,0.48717948717948717,0.0,1.0,0.1890714709958424,0.0
video_c130,38,0,2225.26611328125,2225.032958984375,2P,0.0,no_fire_before_landing_interval,2226.5,2228.300048828125,26,17,0.8333333333333334,2225.26611328125,0.6046511627906976,0.9230769230769231,0.5384615384615384,0.717948717948718,0.0,1.0,0.0,0.0
video_c130,39,2,2270.666015625,2270.399658203125,2P,1.0,fire_before_landing_interval,2285.699951171875,2287.032958984375,25,7,0.8333333333333334,2267.633056640625,0.7812500000000001,0.9230769230769231,0.7692307692307693,0.7435897435897436,0.038461538461538464,1.0,0.7520431018826805,0.0
video_c130,40,1,2342.26611328125,2341.99951171875,1P,0.0,no_fire_before_landing_interval,2342.532958984375,2342.56591796875,20,1,0.8,2341.966064453125,0.9523809523809523,0.9230769230769231,0.5384615384615384,0.6923076923076923,0.01282051282051282,1.0,0.2307981220657277,0.0
video_c130,41,1,2414.3330078125,2413.966064453125,1P,0.0,no_fire_before_landing_interval,2418.56591796875,2418.699951171875,58,36,0.875,2412.365966796875,0.6170212765957447,0.7692307692307693,0.7692307692307693,0.6410256410256411,0.19230769230769232,1.0,0.6629638772319592,0.0
video_c130,41,3,2430.532958984375,2430.432861328125,1P,1.0,fire_before_landing_interval,2441.56591796875,2442.5,69,59,0.8571428571428571,2430.032958984375,0.5390625,0.9230769230769231,0.5384615384615384,0.6410256410256411,0.15384615384615385,1.0,0.3333333333333333,0.0
video_c130,41,5,2451.365966796875,2451.23291015625,2P,0.0,no_fire_before_landing_interval,2451.60009765625,2452.466064453125,362,10,0.8,2451.032958984375,0.9731182795698925,1.0,0.7692307692307693,0.7435897435897436,0.11538461538461539,1.0,0.24981684981684982,0.0
video_c130,45,2,2715.39892578125,2715.166015625,1P,0.0,no_fire_before_landing_interval,2715.93310546875,2716.43310546875,157,1,0.8,2714.4990234375,0.9936708860759493,0.7692307692307693,0.5384615384615384,0.6410256410256411,0.05128205128205128,1.0,0.47365715754304805,0.0
video_c130,46,2,2771.299072265625,2771.166015625,2P,0.0,no_fire_before_landing_interval,2771.9990234375,2772.59912109375,920,86,0.9166666666666666,2770.299072265625,0.9145129224652088,0.8461538461538461,0.7692307692307693,0.8205128205128205,0.0,1.0,0.5,0.0
video_c130,52,2,3098.3330078125,3098.03271484375,1P,0.0,no_fire_before_landing_interval,3110.666015625,3112.59912109375,1201,5,0.8333333333333334,3097.76611328125,0.9958540630182421,1.0,0.6153846153846154,0.782051282051282,0.0,1.0,0.3617949516983484,0.0
video_c130,53,0,3173.73291015625,3173.53271484375,2P,0.0,no_fire_before_landing_interval,3173.76611328125,3175.032958984375,134,14,0.8571428571428571,3172.9990234375,0.9054054054054054,0.5384615384615384,0.5384615384615384,0.3974358974358974,0.0,1.0,0.4232610532244438,0.0
video_c131,0,6,258.9330139160156,258.6999206542969,1P,0.0,no_fire_before_landing_interval,266.2330017089844,266.6000061035156,1200,1140,0.9,256.2669982910156,0.5128205128205129,1.0,0.46153846153846156,0.7435897435897436,0.21794871794871795,0.0,0.727224294086308,0.0
video_c131,0,7,268.7330017089844,268.06658935546875,1P,0.0,no_fire_before_landing_interval,271.29998779296875,271.5329895019531,20,20,0.75,267.7330017089844,0.5,0.5384615384615384,0.0,0.08974358974358974,0.0,1.0,0.5,0.0
video_c131,4,1,491.3999938964844,491.099853515625,1P,0.0,no_fire_before_landing_interval,492.63299560546875,493.5669860839844,16,13,0.8333333333333334,490.7330017089844,0.5517241379310345,0.6923076923076923,0.46153846153846156,0.5512820512820513,0.0,1.0,0.4001171646162859,0.0
video_c131,4,2,496.13299560546875,495.9998474121094,1P,1.0,fire_before_landing_interval,504.63299560546875,505.0329895019531,80,2,0.8,494.4670104980469,0.975609756097561,0.9230769230769231,0.6923076923076923,0.782051282051282,0.21794871794871795,1.0,0.6249041312286084,0.0
video_c131,5,0,564.0,563.8998413085938,2P,0.0,no_fire_before_landing_interval,566.8330078125,567.3660278320312,284,6,0.8,563.0999755859375,0.9793103448275862,0.9230769230769231,0.6923076923076923,0.7435897435897436,0.0,1.0,0.47369097333761645,0.0
video_c131,15,2,910.2659912109375,910.19970703125,2P,0.0,no_fire_before_landing_interval,910.666015625,911.7659912109375,805,1,0.8,908.2000122070312,0.9987593052109182,1.0,0.5384615384615384,0.6794871794871795,0.0,0.0,0.6738399060378636,0.0
video_c131,15,4,925.9329833984375,925.7996826171875,1P,0.0,no_fire_before_landing_interval,926.4660034179688,927.5,6,5,0.8571428571428571,925.3660278320312,0.5454545454545454,0.9230769230769231,0.8461538461538461,0.782051282051282,0.07692307692307693,1.0,0.361819810696062,0.0
video_c131,16,1,956.2659912109375,956.0996704101562,1P,1.0,fire_before_landing_interval,983.2329711914062,984.1329956054688,33,10,0.8571428571428571,954.8330078125,0.7674418604651163,0.5384615384615384,0.5384615384615384,0.47435897435897434,0.0,1.0,0.5889819878581105,0.0
video_c131,16,2,958.2329711914062,957.5330200195312,2P,0.0,no_fire_before_landing_interval,990.0659790039062,991.4000244140625,236,26,0.875,956.9000244140625,0.9007633587786259,0.5384615384615384,0.5384615384615384,0.44871794871794873,0.01282051282051282,1.0,0.5713575595845434,0.0
video_c131,17,4,1067.0,1066.8330078125,1P,0.0,no_fire_before_landing_interval,1067.5999755859375,1068.166015625,149,13,0.8571428571428571,1066.9000244140625,0.9197530864197531,0.8461538461538461,0.46153846153846156,0.6410256410256411,0.02564102564102564,1.0,0.09088891355010542,0.0
video_c131,17,6,1076.300048828125,1076.099609375,1P,0.0,no_fire_before_landing_interval,1076.3330078125,1076.5660400390625,48,6,0.8571428571428571,1076.0,0.8888888888888888,1.0,0.5384615384615384,0.7692307692307693,0.08974358974358974,1.0,0.2307981220657277,0.0
video_c131,18,0,1111.7659912109375,1111.6329345703125,2P,1.0,fire_before_landing_interval,1116.199951171875,1116.9000244140625,240,17,0.8571428571428571,1110.5999755859375,0.933852140077821,0.7692307692307693,0.5384615384615384,0.5897435897435898,0.0,0.0,0.5383228133453561,0.0
video_c131,18,5,1144.0999755859375,1143.8330078125,2P,0.0,no_fire_before_landing_interval,1147.7659912109375,1149.0999755859375,228,17,0.875,1144.0999755859375,0.9306122448979592,0.8461538461538461,0.23076923076923078,0.5384615384615384,0.01282051282051282,1.0,0.0,0.0
video_c131,24,0,1443.666015625,1443.5328369140625,2P,0.0,no_fire_before_landing_interval,1448.032958984375,1448.0660400390625,926,10,0.8571428571428571,1439.699951171875,0.9893162393162394,0.9230769230769231,0.5384615384615384,0.7948717948717948,0.038461538461538464,1.0,0.798633302197532,0.0
video_c131,24,1,1453.7659912109375,1453.6328125,1P,0.0,no_fire_before_landing_interval,1457.4000244140625,1458.7659912109375,862,1,0.8,1453.0,0.9988412514484357,0.9230769230769231,0.7692307692307693,0.8461538461538461,0.05128205128205128,0.0,0.4337457662265846,0.0
video_c131,25,0,1489.865966796875,1489.7327880859375,2P,0.0,no_fire_before_landing_interval,1491.865966796875,1492.0660400390625,14,4,0.8,1488.9000244140625,0.7777777777777778,0.6923076923076923,0.5384615384615384,0.5897435897435898,0.0,1.0,0.49133809375970194,0.0
video_c131,31,4,1844.9659423828125,1844.832763671875,1P,1.0,fire_before_landing_interval,1853.666015625,1854.7659912109375,38,14,0.8888888888888888,1844.4329833984375,0.7307692307692307,0.5384615384615384,0.15384615384615385,0.28205128205128205,0.0,1.0,0.3476668259276955,0.0
video_c131,37,3,2206.89892578125,2206.765869140625,2P,0.0,no_fire_before_landing_interval,2210.39892578125,2210.966064453125,43,37,0.9,2206.299072265625,0.5375,0.3076923076923077,0.23076923076923078,0.21794871794871795,0.0,1.0,0.37494277430184647,0.0
video_c131,40,1,2412.966064453125,2412.165771484375,2P,0.0,no_fire_before_landing_interval,2421.9990234375,2422.3330078125,19,3,0.75,2411.56591796875,0.8636363636363636,0.9230769230769231,0.5384615384615384,0.7948717948717948,0.05128205128205128,1.0,0.583358763096328,0.0
video_c131,42,0,2491.8330078125,2491.33251953125,2P,0.0,no_fire_before_landing_interval,2510.89892578125,2512.032958984375,221,40,0.875,2490.23291015625,0.8467432950191571,0.9230769230769231,0.46153846153846156,0.6794871794871795,0.0,0.0,0.6153990610328639,0.0
video_c131,44,0,2579.431884765625,2578.86572265625,2P,0.0,no_fire_before_landing_interval,2591.365966796875,2591.632080078125,5,5,0.8333333333333334,2575.39892578125,0.5,0.38461538461538464,0.0,0.10256410256410256,0.0,1.0,0.8013097259277225,0.0
video_c131,49,0,2800.39892578125,2800.265625,1P,0.0,no_fire_before_landing_interval,2803.73193359375,2804.09912109375,626,10,0.8571428571428571,2799.56591796875,0.9842767295597484,0.7692307692307693,0.5384615384615384,0.6538461538461539,0.0,0.5,0.45444858817261585,0.0
video_c131,50,3,2882.365966796875,2882.09912109375,2P,1.0,fire_before_landing_interval,2884.365966796875,2885.23193359375,445,5,0.8333333333333334,2881.76611328125,0.9888888888888889,0.9230769230769231,0.7692307692307693,0.7435897435897436,0.1282051282051282,1.0,0.37494277430184647,0.0
video_c132,0,3,222.16700744628906,221.86659240722656,2P,1.0,fire_before_landing_interval,237.13299560546875,237.63299560546875,5050,220,0.8333333333333334,222.13299560546875,0.9582542694497154,1.0,0.38461538461538464,0.7435897435897436,0.02564102564102564,1.0,0.03289308640153472,0.0
video_c132,0,4,228.89999389648438,228.76658630371094,1P,0.0,no_fire_before_landing_interval,235.5330047607422,235.66700744628906,584,294,0.8571428571428571,228.60000610351562,0.6651480637813212,0.8461538461538461,0.5384615384615384,0.34615384615384615,0.0,1.0,0.2307620076059909,0.0
video_c132,5,0,517.1329956054688,516.9998168945312,2P,0.0,no_fire_before_landing_interval,517.7329711914062,519.666015625,231,216,0.9375,516.0,0.5167785234899328,1.0,0.7692307692307693,0.8205128205128205,0.0,1.0,0.5311757804675652,0.0
video_c132,6,0,572.9329833984375,572.7998046875,2P,1.0,fire_before_landing_interval,576.7999877929688,577.5,32,20,0.8888888888888888,571.9329833984375,0.6153846153846154,0.8461538461538461,0.6923076923076923,0.6923076923076923,0.0,1.0,0.5,0.0
video_c132,7,0,654.2999877929688,654.1997680664062,2P,0.0,no_fire_before_landing_interval,659.1329956054688,659.4000244140625,154,24,0.8571428571428571,653.9000244140625,0.8651685393258427,0.7692307692307693,0.6153846153846154,0.5641025641025641,0.0,1.0,0.28569560099402713,0.0
video_c132,9,0,765.8330078125,765.5997314453125,1P,0.0,no_fire_before_landing_interval,781.9329833984375,783.2999877929688,86,24,0.875,760.8330078125,0.7818181818181817,0.8461538461538461,0.46153846153846156,0.717948717948718,0.0,1.0,0.8333333333333334,0.0
video_c132,11,0,873.4000244140625,873.2996826171875,2P,0.0,no_fire_before_landing_interval,874.2000122070312,876.2329711914062,14,10,0.8571428571428571,872.0659790039062,0.5833333333333334,0.9230769230769231,0.5384615384615384,0.6923076923076923,0.0,1.0,0.5715593211474596,0.0
video_c132,12,0,936.5659790039062,936.4329833984375,2P,0.0,no_fire_before_landing_interval,936.9329833984375,937.9000244140625,42,14,0.8888888888888888,936.5659790039062,0.75,0.8461538461538461,0.46153846153846156,0.5897435897435898,0.0,1.0,0.0,0.0
video_c132,18,0,1268.4329833984375,1268.0328369140625,1P,0.0,no_fire_before_landing_interval,1268.666015625,1270.9329833984375,237,13,0.8333333333333334,1264.8330078125,0.948,0.8461538461538461,0.6153846153846154,0.7435897435897436,0.0,1.0,0.7826075418623782,0.0
video_c132,19,1,1303.9329833984375,1303.8995361328125,2P,0.0,no_fire_before_landing_interval,1304.133056640625,1304.666015625,50,38,0.9090909090909091,1302.699951171875,0.5681818181818182,0.46153846153846156,0.46153846153846156,0.20512820512820512,0.0,1.0,0.5521784289072322,0.0
video_c132,24,1,1562.4659423828125,1562.332763671875,1P,1.0,fire_before_landing_interval,1568.3330078125,1569.2989501953125,79,5,0.8571428571428571,1561.5989990234375,0.9404761904761905,0.7692307692307693,0.3076923076923077,0.4358974358974359,0.0,1.0,0.46436511050085,0.0
video_c132,28,0,1804.133056640625,1804.03271484375,2P,0.0,no_fire_before_landing_interval,1804.2330322265625,1805.0660400390625,792,1,0.8,1802.7330322265625,0.9987389659520807,1.0,0.6923076923076923,0.8974358974358975,0.05128205128205128,1.0,0.5833375718427344,0.0
video_c132,31,0,1965.166015625,1965.06591796875,2P,0.0,no_fire_before_landing_interval,1975.7659912109375,1975.8990478515625,1180,17,0.8571428571428571,1964.166015625,0.985797827903091,0.9230769230769231,0.7692307692307693,0.8461538461538461,0.02564102564102564,0.0,0.5,0.0
video_c132,32,1,2038.0989990234375,2037.9659423828125,1P,0.0,no_fire_before_landing_interval,2040.8330078125,2041.5989990234375,139,46,0.9,2037.166015625,0.7513513513513512,0.7692307692307693,0.46153846153846156,0.5256410256410257,0.0,1.0,0.482664982633407,0.0
video_c132,37,1,2280.56591796875,2280.299072265625,1P,1.0,fire_before_landing_interval,2283.666015625,2285.26611328125,64,1,0.8,2279.33203125,0.9846153846153847,1.0,0.6923076923076923,0.7948717948717948,0.01282051282051282,1.0,0.5523497267759563,0.0
video_c132,37,4,2291.365966796875,2291.06591796875,1P,0.0,no_fire_before_landing_interval,2294.031982421875,2295.198974609375,67,6,0.8,2290.865966796875,0.9178082191780822,0.9230769230769231,0.0,0.7307692307692307,0.1794871794871795,1.0,0.3333333333333333,0.0
video_c132,42,0,2538.9990234375,2538.86572265625,1P,0.0,no_fire_before_landing_interval,2540.031982421875,2540.26611328125,409,13,0.8571428571428571,2538.06591796875,0.9691943127962085,0.9230769230769231,0.5384615384615384,0.6282051282051282,0.0,1.0,0.48269765092195,0.0
video_c132,42,1,2548.799072265625,2548.665771484375,1P,1.0,fire_before_landing_interval,2559.931884765625,2560.23193359375,406,5,0.8571428571428571,2547.06591796875,0.9878345498783455,0.9230769230769231,0.5384615384615384,0.7307692307692307,0.0641025641025641,1.0,0.6341223760607414,0.0
video_c133,3,0,222.1999969482422,222.06666564941406,1P,0.0,no_fire_before_landing_interval,223.83299255371094,224.1999969482422,320,29,0.8888888888888888,220.83299255371094,0.9169054441260746,0.7692307692307693,0.6153846153846154,0.5641025641025641,0.0,1.0,0.5775250767128233,0.0
video_c133,3,1,227.5,227.26666259765625,1P,0.0,no_fire_before_landing_interval,227.5330047607422,228.10000610351562,387,17,0.875,226.4669952392578,0.9579207920792079,0.9230769230769231,0.7692307692307693,0.7435897435897436,0.1794871794871795,1.0,0.5081172364618907,0.0
video_c133,7,0,413.3999938964844,413.26666259765625,1P,0.0,no_fire_before_landing_interval,418.13299560546875,418.2669982910156,28,5,0.8571428571428571,412.7330017089844,0.8484848484848485,0.6153846153846154,0.6153846153846154,0.48717948717948717,0.0,1.0,0.4001171646162859,0.0
video_c133,8,1,465.70001220703125,465.6000061035156,1P,0.0,no_fire_before_landing_interval,470.5669860839844,470.9670104980469,374,21,0.8888888888888888,465.6000061035156,0.9468354430379747,0.9230769230769231,0.46153846153846156,0.6282051282051282,0.0,1.0,0.09091413510889167,0.0
video_c133,9,1,526.0330200195312,525.9000244140625,2P,1.0,fire_before_landing_interval,553.4000244140625,554.1329956054688,124,12,0.8571428571428571,525.8670043945312,0.9117647058823529,0.8461538461538461,0.8461538461538461,0.717948717948718,0.10256410256410256,1.0,0.1423785594639866,0.0
video_c133,13,0,733.0,732.8666381835938,1P,0.0,no_fire_before_landing_interval,757.5330200195312,758.7329711914062,65,35,0.9,731.4669799804688,0.65,0.9230769230769231,0.5384615384615384,0.6538461538461539,0.0,1.0,0.6052143321847666,0.0
video_c133,17,0,927.9329833984375,927.7999877929688,1P,0.0,no_fire_before_landing_interval,929.5670166015625,931.7999877929688,81,52,0.8888888888888888,925.6669921875,0.6090225563909775,0.9230769230769231,0.7692307692307693,0.8205128205128205,0.0,1.0,0.6938142403289105,0.0
video_c133,18,0,961.2000122070312,961.066650390625,1P,1.0,fire_before_landing_interval,990.5999755859375,990.8330078125,681,20,0.8571428571428571,960.5999755859375,0.9714693295292439,0.8461538461538461,0.6153846153846154,0.6923076923076923,0.0,1.0,0.3750143047873355,0.0
video_c133,20,1,1067.467041015625,1067.300048828125,1P,1.0,fire_before_landing_interval,1088.366943359375,1090.133056640625,340,19,0.8571428571428571,1067.300048828125,0.947075208913649,0.7692307692307693,0.5384615384615384,0.5,0.0,1.0,0.14309623430962343,0.0
video_c133,22,0,1190.3330078125,1189.86669921875,2P,0.0,no_fire_before_landing_interval,1191.0,1191.8330078125,142,3,0.75,1187.5,0.9793103448275862,0.7692307692307693,0.5384615384615384,0.6666666666666666,0.0,1.0,0.739108280254777,0.0
video_c133,23,1,1230.7669677734375,1229.5,1P,0.0,no_fire_before_landing_interval,1234.199951171875,1234.967041015625,217,22,0.8,1229.5,0.9079497907949791,0.7692307692307693,0.7692307692307693,0.6923076923076923,0.05128205128205128,1.0,0.5588821280491089,0.0
video_c133,27,12,1499.633056640625,1499.36669921875,1P,1.0,fire_before_landing_interval,1504.5999755859375,1505.7330322265625,41,4,0.8,1499.2330322265625,0.9111111111111111,0.7692307692307693,0.5384615384615384,0.4230769230769231,0.0,1.0,0.28572674165140816,0.0
video_c133,31,0,1674.4000244140625,1674.1666259765625,1P,0.0,no_fire_before_landing_interval,1674.4329833984375,1675.300048828125,90,2,0.8,1674.3330078125,0.9782608695652174,0.8461538461538461,0.38461538461538464,0.6153846153846154,0.0,1.0,0.06280745910078939,0.0
video_c133,34,0,1869.300048828125,1869.1666259765625,2P,0.0,no_fire_before_landing_interval,1870.366943359375,1870.5670166015625,882,187,0.9285714285714286,1867.366943359375,0.8250701590271282,0.9230769230769231,0.6153846153846154,0.7948717948717948,0.0,1.0,0.6590644248376893,0.0
video_c133,42,0,2355.26708984375,2355.066650390625,2P,0.0,no_fire_before_landing_interval,2357.1669921875,2357.43310546875,45,7,0.8571428571428571,2354.532958984375,0.8653846153846154,0.7692307692307693,0.23076923076923078,0.4230769230769231,0.02564102564102564,0.5,0.4233422497536252,0.0
video_c133,42,3,2369.56689453125,2369.300048828125,2P,1.0,fire_before_landing_interval,2376.60009765625,2376.866943359375,438,26,0.875,2368.532958984375,0.9439655172413793,0.9230769230769231,0.3076923076923077,0.6666666666666666,0.038461538461538464,1.0,0.5083423358540391,0.0
video_c133,42,4,2375.800048828125,2375.5,1P,0.0,no_fire_before_landing_interval,2375.8330078125,2376.532958984375,514,2,0.8,2375.73291015625,0.9961240310077519,0.9230769230769231,0.3076923076923077,0.6282051282051282,0.01282051282051282,1.0,0.06291466483642187,0.0
video_c133,44,0,2479.6669921875,2479.2666015625,1P,0.0,no_fire_before_landing_interval,2479.699951171875,2480.032958984375,80,1,0.8,2478.967041015625,0.9876543209876543,0.6153846153846154,0.46153846153846156,0.41025641025641024,0.0,1.0,0.41174780985207526,0.0
video_c134,0,1,100.56700134277344,100.36666870117188,2P,1.0,fire_before_landing_interval,103.46700286865234,104.63300323486328,321,8,0.8,100.4000015258789,0.9756838905775076,0.7692307692307693,0.6153846153846154,0.5897435897435898,0.0,1.0,0.14310183641581842,0.0
video_c134,0,5,122.86699676513672,122.5999984741211,2P,0.0,no_fire_before_landing_interval,128.66700744628906,130.76699829101562,988,1,0.8,122.46700286865234,0.9989888776541962,0.6923076923076923,0.5384615384615384,0.6153846153846154,0.01282051282051282,1.0,0.28571117166212534,0.0
video_c134,5,0,415.3330078125,415.1666564941406,1P,0.0,no_fire_before_landing_interval,415.3330078125,416.1669921875,1129,24,0.8571428571428571,415.3330078125,0.9791847354726799,0.9230769230769231,0.6153846153846154,0.7948717948717948,0.0,1.0,0.0,0.0
video_c134,11,0,766.0670166015625,765.9000244140625,2P,0.0,no_fire_before_landing_interval,766.5670166015625,766.9329833984375,583,2,0.8,764.9669799804688,0.9965811965811966,0.6153846153846154,0.46153846153846156,0.5641025641025641,0.0,1.0,0.5238178277676054,0.0
video_c134,11,2,779.4000244140625,779.2666625976562,1P,0.0,no_fire_before_landing_interval,781.7329711914062,782.4669799804688,78,1,0.8,777.4329833984375,0.9873417721518988,0.7692307692307693,0.5384615384615384,0.6025641025641025,0.0,1.0,0.6629638772319592,0.0
video_c134,17,1,1109.7669677734375,1109.4666748046875,2P,1.0,fire_before_landing_interval,1117.1669921875,1118.032958984375,78,32,0.8333333333333334,1109.7330322265625,0.7090909090909091,0.8461538461538461,0.38461538461538464,0.6282051282051282,0.038461538461538464,1.0,0.03282172373081464,0.0
video_c134,17,10,1175.7669677734375,1175.4000244140625,2P,0.0,no_fire_before_landing_interval,1176.2669677734375,1177.866943359375,166,10,0.8333333333333334,1175.532958984375,0.9431818181818182,0.7692307692307693,0.7692307692307693,0.44871794871794873,0.038461538461538464,1.0,0.18963300029676525,0.0
video_c134,20,0,1334.2330322265625,1334.066650390625,1P,0.0,no_fire_before_landing_interval,1334.633056640625,1335.5,253,2,0.8,1333.967041015625,0.9921568627450981,0.6923076923076923,0.6153846153846154,0.5641025641025641,0.0,1.0,0.21010510076173947,0.0
video_c134,23,9,1581.2669677734375,1581.1666259765625,1P,0.0,no_fire_before_landing_interval,1584.467041015625,1584.5670166015625,415,7,0.8571428571428571,1580.5670166015625,0.9834123222748815,0.9230769230769231,0.6923076923076923,0.8333333333333334,0.19230769230769232,0.0,0.41174780985207526,0.0
video_c134,25,0,1688.6669921875,1688.5,2P,1.0,fire_before_landing_interval,1694.866943359375,1695.032958984375,51,17,0.8571428571428571,1687.032958984375,0.75,0.9230769230769231,0.6153846153846154,0.6282051282051282,0.0641025641025641,1.0,0.6203540643247752,0.0
video_c134,26,1,1730.5999755859375,1730.199951171875,1P,0.0,no_fire_before_landing_interval,1748.532958984375,1755.7330322265625,325,34,0.8333333333333334,1729.9000244140625,0.9052924791086351,0.6923076923076923,0.5384615384615384,0.5128205128205128,0.0,1.0,0.41174780985207526,0.0
video_c134,29,0,1917.2669677734375,1916.699951171875,2P,1.0,fire_before_landing_interval,1924.9329833984375,1925.199951171875,76,11,0.75,1914.8330078125,0.8735632183908046,0.9230769230769231,0.6923076923076923,0.7051282051282052,0.0,1.0,0.7087910134726814,0.0
video_c134,30,1,1961.967041015625,1961.699951171875,1P,0.0,no_fire_before_landing_interval,1965.633056640625,1966.967041015625,34,20,0.875,1961.532958984375,0.6296296296296295,0.6153846153846154,0.46153846153846156,0.47435897435897434,0.0,1.0,0.3026898195437521,0.0
video_c134,31,4,2046.6669921875,2046.4666748046875,2P,1.0,fire_before_landing_interval,2053.467041015625,2054.06689453125,76,3,0.8,2044.6669921875,0.9620253164556962,0.9230769230769231,0.5384615384615384,0.8076923076923077,0.0,1.0,0.6666666666666666,0.0
video_c134,33,0,2160.8330078125,2160.699951171875,1P,0.0,no_fire_before_landing_interval,2162.3330078125,2163.60009765625,109,25,0.8571428571428571,2158.56689453125,0.8134328358208955,0.7692307692307693,0.5384615384615384,0.48717948717948717,0.0,1.0,0.6938256839587382,0.0
video_c134,36,1,2360.366943359375,2360.10009765625,2P,0.0,no_fire_before_landing_interval,2373.06689453125,2376.1669921875,335,1,0.8,2359.467041015625,0.9970238095238095,0.9230769230769231,0.6923076923076923,0.8076923076923077,0.11538461538461539,0.0,0.47365715754304805,0.0
video_c134,39,0,2544.199951171875,2544.066650390625,1P,0.0,no_fire_before_landing_interval,2544.8330078125,2545.633056640625,627,56,0.9,2542.866943359375,0.91800878477306,1.0,0.5384615384615384,0.7435897435897436,0.0,1.0,0.5713687735454165,0.0
video_c134,44,2,2922.366943359375,2922.10009765625,2P,0.0,no_fire_before_landing_interval,2942.199951171875,2942.866943359375,829,18,0.875,2921.467041015625,0.9787485242030697,0.9230769230769231,0.6923076923076923,0.782051282051282,0.02564102564102564,0.0,0.47365715754304805,0.0
video_c134,47,0,3072.26708984375,3071.86669921875,1P,0.0,no_fire_before_landing_interval,3072.699951171875,3073.366943359375,303,6,0.8333333333333334,3070.76708984375,0.9805825242718447,0.9230769230769231,0.6153846153846154,0.7948717948717948,0.0,1.0,0.6,0.0
video_c134,50,2,3230.699951171875,3230.466552734375,2P,0.0,no_fire_before_landing_interval,3230.8330078125,3231.39990234375,485,1,0.8,3230.23291015625,0.9979423868312757,0.6923076923076923,0.5384615384615384,0.5256410256410257,0.0,1.0,0.3183557996338825,0.0
video_c134,52,0,3360.967041015625,3360.666748046875,2P,0.0,no_fire_before_landing_interval,3361.89990234375,3362.3330078125,79,21,0.8333333333333334,3359.56689453125,0.79,0.7692307692307693,0.38461538461538464,0.46153846153846156,0.0,1.0,0.583358763096328,0.0
video_c134,53,0,3411.73291015625,3411.466552734375,2P,1.0,fire_before_landing_interval,3420.5,3421.300048828125,553,44,0.875,3410.032958984375,0.9262981574539364,0.8461538461538461,0.6923076923076923,0.6666666666666666,0.0,1.0,0.6296229315489646,0.0
video_c135,1,5,381.79998779296875,381.66656494140625,1P,0.0,no_fire_before_landing_interval,388.9330139160156,389.1669921875,128,5,0.8571428571428571,381.20001220703125,0.9624060150375939,1.0,0.5384615384615384,0.6025641025641025,0.0,1.0,0.37499046311131456,0.0
video_c135,2,0,448.2330017089844,448.0665283203125,1P,0.0,no_fire_before_landing_interval,454.1669921875,454.8999938964844,57,14,0.8571428571428571,448.0,0.8028169014084507,0.7692307692307693,0.6923076923076923,0.5897435897435898,0.0,1.0,0.18897111600623717,0.0
video_c135,11,0,950.4329833984375,950.2997436523438,2P,0.0,no_fire_before_landing_interval,956.5999755859375,956.7999877929688,72,14,0.8888888888888888,949.5330200195312,0.8372093023255814,0.7692307692307693,0.0,0.5,0.0,1.0,0.47367406598348805,0.0
video_c135,15,2,1184.2659912109375,1183.8330078125,1P,0.0,no_fire_before_landing_interval,1184.2659912109375,1184.7330322265625,26,14,0.875,1184.2659912109375,0.65,0.7692307692307693,0.6153846153846154,0.5384615384615384,0.0,1.0,0.0,0.0
video_c135,17,5,1305.699951171875,1304.9996337890625,2P,0.0,no_fire_before_landing_interval,1311.9659423828125,1312.7330322265625,295,5,0.8333333333333334,1303.4329833984375,0.9833333333333333,0.9230769230769231,0.7692307692307693,0.8717948717948718,0.2692307692307692,1.0,0.6939057654224116,0.0
video_c135,18,4,1389.532958984375,1388.23291015625,1P,0.0,no_fire_before_landing_interval,1390.300048828125,1390.365966796875,68,27,0.8571428571428571,1389.0,0.7157894736842105,0.9230769230769231,0.5384615384615384,0.6666666666666666,0.0641025641025641,1.0,0.3476668259276955,0.0
video_c135,18,6,1412.532958984375,1412.3995361328125,2P,0.0,no_fire_before_landing_interval,1412.633056640625,1412.666015625,32,21,0.8888888888888888,1412.4000244140625,0.6037735849056604,0.9230769230769231,0.0,0.7307692307692307,0.1282051282051282,1.0,0.11733649391229393,0.0
video_c135,19,2,1461.0999755859375,1460.799560546875,1P,1.0,fire_before_landing_interval,1465.7330322265625,1466.9000244140625,205,27,0.8,1458.800048828125,0.8836206896551725,0.6153846153846154,0.5384615384615384,0.48717948717948717,0.0,1.0,0.6969629711833685,0.0
video_c135,21,1,1583.865966796875,1583.73291015625,1P,0.0,no_fire_before_landing_interval,1587.5,1587.800048828125,244,31,0.8888888888888888,1583.8330078125,0.8872727272727273,0.7692307692307693,0.6923076923076923,0.6666666666666666,0.0,1.0,0.0319073505081541,0.0
video_c135,22,3,1637.2330322265625,1637.0994873046875,1P,0.0,no_fire_before_landing_interval,1640.9000244140625,1641.365966796875,248,170,0.9285714285714286,1636.7659912109375,0.5933014354066986,0.9230769230769231,0.7692307692307693,0.7948717948717948,0.0,0.0,0.3183557996338825,0.0
video_c135,23,2,1696.9329833984375,1696.799560546875,2P,0.0,no_fire_before_landing_interval,1696.9659423828125,1697.8330078125,620,7,0.8571428571428571,1693.633056640625,0.988835725677831,1.0,0.6153846153846154,0.8333333333333334,0.02564102564102564,1.0,0.7674378992193045,0.0
video_c135,28,0,2002.666015625,2002.53271484375,2P,0.0,no_fire_before_landing_interval,2004.4329833984375,2005.698974609375,85,83,0.9166666666666666,2001.2659912109375,0.5059523809523809,0.6923076923076923,0.6153846153846154,0.5641025641025641,0.0,1.0,0.5833375718427344,0.0
video_c135,34,4,2363.06591796875,2362.765869140625,2P,0.0,no_fire_before_landing_interval,2363.06591796875,2364.26611328125,83,1,0.8,2363.06591796875,0.9880952380952381,1.0,0.6923076923076923,0.7435897435897436,0.02564102564102564,1.0,0.0,0.0
video_c135,38,1,2575.39892578125,2575.265869140625,2P,0.0,no_fire_before_landing_interval,2575.76611328125,2576.3330078125,176,9,0.8571428571428571,2574.26611328125,0.9513513513513514,0.9230769230769231,0.46153846153846156,0.7307692307692307,0.02564102564102564,1.0,0.5311355311355311,0.0
video_c135,42,3,2807.8330078125,2807.399169921875,2P,1.0,fire_before_landing_interval,2826.666015625,2827.43310546875,141,5,0.8333333333333334,2805.8330078125,0.9657534246575342,0.9230769230769231,0.6923076923076923,0.782051282051282,0.02564102564102564,1.0,0.6666666666666666,0.0
video_c135,45,5,2983.23193359375,2983.09912109375,2P,0.0,no_fire_before_landing_interval,3006.632080078125,3006.73193359375,126,68,0.9,2983.06591796875,0.6494845360824743,0.6923076923076923,0.07692307692307693,0.5,0.0,1.0,0.1423785594639866,0.0
video_c136,0,2,104.16699981689453,103.99998474121094,1P,1.0,fire_before_landing_interval,114.06700134277344,114.66699981689453,799,55,0.8888888888888888,102.9000015258789,0.9355971896955504,0.9230769230769231,0.5384615384615384,0.7564102564102564,0.038461538461538464,0.5,0.5588880662314061,0.0
video_c136,1,0,166.23300170898438,166.0999755859375,1P,0.0,no_fire_before_landing_interval,196.83299255371094,196.86700439453125,722,44,0.8571428571428571,166.1999969482422,0.9425587467362925,0.9230769230769231,0.6153846153846154,0.6923076923076923,0.0,1.0,0.03195025037297449,0.0
video_c136,6,0,443.2330017089844,442.96661376953125,1P,0.0,no_fire_before_landing_interval,443.6000061035156,444.4330139160156,40,18,0.875,443.0669860839844,0.6896551724137931,0.6923076923076923,0.23076923076923078,0.5769230769230769,0.0,1.0,0.1423785594639866,0.0
video_c136,6,2,452.0329895019531,451.8666076660156,1P,0.0,no_fire_before_landing_interval,453.20001220703125,453.7669982910156,534,1,0.8,450.7330017089844,0.9981308411214953,0.9230769230769231,0.6153846153846154,0.7692307692307693,0.15384615384615385,1.0,0.5652150837247565,0.0
video_c136,6,3,455.8999938964844,455.699951171875,1P,0.0,no_fire_before_landing_interval,460.1669921875,461.1000061035156,665,6,0.8571428571428571,454.8999938964844,0.9910581222056631,0.8461538461538461,0.6153846153846154,0.717948717948718,0.1282051282051282,1.0,0.5,0.0
video_c136,8,1,567.9669799804688,567.7666015625,1P,0.0,no_fire_before_landing_interval,568.0999755859375,569.0999755859375,96,13,0.8571428571428571,567.8670043945312,0.8807339449541285,0.9230769230769231,0.46153846153846156,0.6410256410256411,0.0,1.0,0.09088891355010542,0.0
video_c136,8,3,578.9669799804688,578.5999145507812,1P,0.0,no_fire_before_landing_interval,579.9669799804688,583.2000122070312,646,18,0.875,578.6669921875,0.9728915662650602,1.0,0.6923076923076923,0.8589743589743589,0.07692307692307693,1.0,0.2307620076059909,0.0
video_c136,9,0,622.0999755859375,621.89990234375,1P,0.0,no_fire_before_landing_interval,623.2999877929688,624.3330078125,545,4,0.8,620.6329956054688,0.9927140255009107,0.8461538461538461,0.6153846153846154,0.6666666666666666,0.0,1.0,0.5946460822880328,0.0
video_c136,9,1,629.1329956054688,628.9999389648438,1P,1.0,fire_before_landing_interval,633.4000244140625,635.3330078125,46,1,0.8,628.9329833984375,0.9787234042553191,0.9230769230769231,0.6923076923076923,0.6923076923076923,0.038461538461538464,1.0,0.1666751436854687,0.0
video_c136,9,2,631.9329833984375,631.4999389648438,2P,0.0,no_fire_before_landing_interval,632.0999755859375,632.6329956054688,817,1,0.8,631.5670166015625,0.9987775061124694,0.9230769230769231,0.46153846153846156,0.7051282051282052,0.0,1.0,0.2679177837354781,0.0
video_c136,10,1,739.6329956054688,739.4666137695312,2P,0.0,no_fire_before_landing_interval,739.7000122070312,740.2670288085938,32,5,0.8571428571428571,739.5,0.8648648648648649,1.0,0.23076923076923078,0.5384615384615384,0.16666666666666666,1.0,0.11738404352744707,0.0
video_c136,15,0,1059.4329833984375,1059.2999267578125,1P,0.0,no_fire_before_landing_interval,1060.9000244140625,1062.2669677734375,208,106,0.9166666666666666,1058.633056640625,0.6624203821656051,0.7692307692307693,0.6923076923076923,0.5,0.01282051282051282,1.0,0.4444218379111563,0.0
video_c136,16,2,1136.4329833984375,1136.2999267578125,2P,0.0,no_fire_before_landing_interval,1136.5,1137.199951171875,416,1,0.8,1136.300048828125,0.9976019184652278,0.8461538461538461,0.3076923076923077,0.5897435897435898,0.0,1.0,0.11733649391229393,0.0
video_c136,17,0,1218.467041015625,1218.1998291015625,2P,0.0,no_fire_before_landing_interval,1219.199951171875,1219.2330322265625,14,2,0.8,1217.366943359375,0.875,0.8461538461538461,0.5384615384615384,0.6666666666666666,0.0,1.0,0.5238316670541735,0.0
video_c136,19,0,1333.800048828125,1333.66650390625,1P,0.0,no_fire_before_landing_interval,1334.2330322265625,1335.5,331,2,0.8,1333.032958984375,0.993993993993994,0.8461538461538461,0.46153846153846156,0.6410256410256411,0.0,1.0,0.4340978170765405,0.0
video_c136,24,4,1707.9329833984375,1707.7998046875,1P,0.0,no_fire_before_landing_interval,1708.4000244140625,1708.800048828125,893,1,0.8,1705.5,0.9988814317673378,0.9230769230769231,0.7692307692307693,0.7435897435897436,0.038461538461538464,1.0,0.7087081748035415,0.0
video_c136,25,1,1761.8330078125,1761.6998291015625,2P,0.0,no_fire_before_landing_interval,1763.2330322265625,1763.9659423828125,169,1,0.8,1760.5999755859375,0.9941176470588236,0.9230769230769231,0.3076923076923077,0.47435897435897434,0.0,1.0,0.5521784289072322,0.0
video_c136,27,2,1886.800048828125,1886.2998046875,2P,0.0,no_fire_before_landing_interval,1887.3330078125,1887.9659423828125,380,54,0.875,1883.3330078125,0.8755760368663593,0.9230769230769231,0.6153846153846154,0.717948717948718,0.05128205128205128,1.0,0.7761381647264579,0.0
video_c136,31,3,2132.699951171875,2132.2998046875,2P,0.0,no_fire_before_landing_interval,2133.633056640625,2134.0,704,13,0.8333333333333334,2129.800048828125,0.9818688981868898,0.9230769230769231,0.46153846153846156,0.7948717948717948,0.038461538461538464,1.0,0.7435833228997121,0.0
video_c136,35,0,2362.06591796875,2361.8330078125,2P,1.0,fire_before_landing_interval,2365.633056640625,2367.06591796875,358,20,0.8333333333333334,2360.365966796875,0.9470899470899471,0.8461538461538461,0.3076923076923077,0.5384615384615384,0.0,1.0,0.6296229315489646,0.0
video_c136,42,1,2845.966064453125,2845.8330078125,2P,1.0,fire_before_landing_interval,2861.699951171875,2862.3330078125,166,18,0.8888888888888888,2844.466064453125,0.9021739130434783,0.9230769230769231,0.6923076923076923,0.8205128205128205,0.15384615384615385,1.0,0.6,0.0
video_c136,43,0,2893.166015625,2892.899658203125,2P,0.0,no_fire_before_landing_interval,2914.60009765625,2915.26611328125,284,1,0.8,2893.166015625,0.9964912280701754,0.8461538461538461,0.46153846153846156,0.5897435897435898,0.0,1.0,0.0,0.0
video_c137,3,1,394.7330017089844,394.5999450683594,2P,0.0,no_fire_before_landing_interval,401.0669860839844,401.29998779296875,148,7,0.8571428571428571,394.63299560546875,0.9548387096774194,0.7692307692307693,0.46153846153846156,0.38461538461538464,0.0,1.0,0.09091413510889167,0.0
video_c137,4,0,435.5329895019531,435.39996337890625,2P,1.0,fire_before_landing_interval,440.8330078125,441.2669982910156,143,6,0.8571428571428571,434.2669982910156,0.959731543624161,0.8461538461538461,0.46153846153846156,0.6666666666666666,0.0,1.0,0.5586920217637236,0.0
video_c137,5,2,488.63299560546875,488.3666076660156,1P,1.0,fire_before_landing_interval,501.2330017089844,503.5,794,14,0.875,487.13299560546875,0.9826732673267327,1.0,0.6153846153846154,0.782051282051282,0.01282051282051282,1.0,0.6,0.0
video_c137,16,0,1263.532958984375,1263.2664794921875,2P,1.0,fire_before_landing_interval,1273.800048828125,1274.133056640625,576,6,0.8333333333333334,1260.5,0.9896907216494846,0.8461538461538461,0.5384615384615384,0.6666666666666666,0.0,1.0,0.7520431018826805,0.0
video_c137,18,2,1371.5670166015625,1371.466552734375,2P,0.0,no_fire_before_landing_interval,1372.800048828125,1374.366943359375,1207,5,0.8571428571428571,1368.6669921875,0.9958745874587459,1.0,0.7692307692307693,0.8846153846153846,0.038461538461538464,1.0,0.7435913487120097,0.0
video_c137,19,2,1478.7330322265625,1478.599853515625,2P,0.0,no_fire_before_landing_interval,1481.865966796875,1482.166015625,343,44,0.9,1478.699951171875,0.8863049095607234,0.6153846153846154,0.46153846153846156,0.4358974358974359,0.0,1.0,0.032021741699161055,0.0
video_c137,24,2,1721.532958984375,1721.3997802734375,2P,1.0,fire_before_landing_interval,1728.9659423828125,1729.2330322265625,109,6,0.8571428571428571,1719.800048828125,0.9478260869565217,0.8461538461538461,0.7692307692307693,0.6923076923076923,0.02564102564102564,1.0,0.6340896909058424,0.0
video_c137,26,0,1808.633056640625,1808.499755859375,2P,0.0,no_fire_before_landing_interval,1808.800048828125,1809.300048828125,133,1,0.8,1807.9659423828125,0.9925373134328358,0.9230769230769231,0.3076923076923077,0.6153846153846154,0.01282051282051282,1.0,0.40016108955114593,0.0
video_c137,26,2,1819.4329833984375,1819.2998046875,2P,0.0,no_fire_before_landing_interval,1820.800048828125,1821.0,446,19,0.8571428571428571,1818.8330078125,0.9591397849462365,0.9230769230769231,0.38461538461538464,0.6410256410256411,0.0,1.0,0.37499046311131456,0.0
video_c137,32,2,2266.56591796875,2266.19970703125,2P,0.0,no_fire_before_landing_interval,2291.666015625,2302.3330078125,321,23,0.875,2264.89990234375,0.9331395348837209,0.7692307692307693,0.7692307692307693,0.5384615384615384,0.0,1.0,0.6249084249084249,0.0
video_c137,36,2,2510.43310546875,2510.2998046875,1P,0.0,no_fire_before_landing_interval,2512.06591796875,2512.3330078125,776,474,0.9444444444444444,2509.43310546875,0.6208,0.9230769230769231,0.6153846153846154,0.8333333333333334,0.01282051282051282,1.0,0.5,0.0
video_c137,41,0,2770.39990234375,2769.8330078125,1P,1.0,fire_before_landing_interval,2773.0,2773.633056640625,131,5,0.8333333333333334,2769.166015625,0.9632352941176471,0.8461538461538461,0.6923076923076923,0.6923076923076923,0.0,1.0,0.5523497267759563,0.0
video_c137,41,3,2779.3330078125,2779.19970703125,1P,0.0,no_fire_before_landing_interval,2779.666015625,2780.26611328125,64,1,0.8,2779.166015625,0.9846153846153847,0.7692307692307693,0.0,0.5512820512820513,0.02564102564102564,1.0,0.14309623430962343,0.0
video_c138,1,2,432.4330139160156,432.1665344238281,1P,0.0,no_fire_before_landing_interval,432.70001220703125,432.7330017089844,197,17,0.8333333333333334,430.70001220703125,0.9205607476635514,0.7692307692307693,0.6153846153846154,0.6923076923076923,0.0,1.0,0.6341019485232539,0.0
video_c138,3,0,551.3330078125,550.8665161132812,1P,1.0,fire_before_landing_interval,566.3670043945312,566.5999755859375,75,3,0.75,550.7999877929688,0.9615384615384616,0.7692307692307693,0.6153846153846154,0.6666666666666666,0.0,1.0,0.3476927977067325,0.0
video_c138,13,0,1189.532958984375,1189.4329833984375,2P,0.0,no_fire_before_landing_interval,1197.699951171875,1199.532958984375,1,1,0.8,1189.4329833984375,0.5,0.3076923076923077,0.15384615384615385,0.10256410256410256,0.0,1.0,0.09088891355010542,0.0
video_c138,14,1,1247.365966796875,1247.2330322265625,2P,0.0,no_fire_before_landing_interval,1247.4000244140625,1248.2330322265625,424,7,0.8571428571428571,1247.2659912109375,0.9837587006960556,0.9230769230769231,0.6153846153846154,0.782051282051282,0.02564102564102564,1.0,0.09088891355010542,0.0
video_c138,18,2,1472.0,1471.73291015625,2P,1.0,fire_before_landing_interval,1481.699951171875,1481.9329833984375,154,10,0.8333333333333334,1467.032958984375,0.9390243902439025,0.6153846153846154,0.3076923076923077,0.38461538461538464,0.0,1.0,0.832412749069187,0.0
video_c138,21,0,1722.4000244140625,1722.199462890625,1P,0.0,no_fire_before_landing_interval,1724.2330322265625,1725.7659912109375,117,42,0.9,1721.4000244140625,0.7358490566037735,0.9230769230769231,0.46153846153846156,0.5897435897435898,0.0,1.0,0.5,0.0
video_c138,25,1,1925.865966796875,1925.6328125,2P,1.0,fire_before_landing_interval,1937.633056640625,1940.5660400390625,754,415,0.9444444444444444,1923.198974609375,0.6449957228400343,0.8461538461538461,0.6923076923076923,0.7051282051282052,0.0,1.0,0.7272969374167776,0.0
video_c138,30,0,2172.89892578125,2172.76611328125,1P,0.0,no_fire_before_landing_interval,2172.89892578125,2174.06591796875,22,6,0.8,2172.89892578125,0.7857142857142858,0.6153846153846154,0.5384615384615384,0.5128205128205128,0.0,1.0,0.0,0.0
video_c138,31,1,2216.466064453125,2216.332763671875,1P,0.0,no_fire_before_landing_interval,2219.93310546875,2220.06591796875,145,46,0.9,2213.09912109375,0.7591623036649213,0.8461538461538461,0.6923076923076923,0.7051282051282052,0.0641025641025641,1.0,0.7710068765024879,0.0
video_c138,39,3,2705.59912109375,2705.265869140625,2P,0.0,no_fire_before_landing_interval,2709.26611328125,2709.666015625,152,6,0.8333333333333334,2700.93310546875,0.9620253164556962,1.0,0.6153846153846154,0.7435897435897436,0.2564102564102564,1.0,0.82350913478111,0.0
video_c138,39,4,2728.06591796875,2727.56591796875,2P,0.0,no_fire_before_landing_interval,2736.032958984375,2736.9990234375,190,1,0.75,2727.8330078125,0.9947643979057592,0.9230769230769231,0.6153846153846154,0.5897435897435898,0.14102564102564102,1.0,0.1889108910891089,0.0
video_c138,41,1,2842.133056640625,2841.9326171875,2P,0.0,no_fire_before_landing_interval,2853.9990234375,2855.133056640625,85,2,0.8,2839.633056640625,0.9770114942528736,0.46153846153846156,0.3076923076923077,0.32051282051282054,0.0,1.0,0.7142857142857143,0.0
video_c138,41,2,2867.23291015625,2867.09912109375,2P,0.0,no_fire_before_landing_interval,2867.698974609375,2871.799072265625,90,2,0.8,2866.26611328125,0.9782608695652174,0.8461538461538461,0.7692307692307693,0.6153846153846154,0.08974358974358974,1.0,0.4915590863952334,0.0
video_c138,44,10,3062.83203125,3062.4658203125,1P,0.0,no_fire_before_landing_interval,3063.09912109375,3063.4990234375,47,2,0.8,3061.666015625,0.9591836734693877,0.9230769230769231,0.5384615384615384,0.6282051282051282,0.08974358974358974,1.0,0.5383228133453561,0.0
video_c138,45,7,3184.76611328125,3184.4990234375,2P,1.0,fire_before_landing_interval,3209.73193359375,3209.89892578125,100,8,0.8333333333333334,3182.466064453125,0.9259259259259259,1.0,0.8461538461538461,0.8974358974358975,0.23076923076923078,1.0,0.6969741806613894,0.0
video_c139,2,2,239.8000030517578,239.0,2P,0.0,no_fire_before_landing_interval,240.10000610351562,241.5,16,1,0.75,237.56700134277344,0.9411764705882353,0.8461538461538461,0.6923076923076923,0.6153846153846154,0.0,1.0,0.6906899253343906,0.0
video_c139,2,5,250.39999389648438,250.26666259765625,2P,0.0,no_fire_before_landing_interval,261.6669921875,262.63299560546875,544,47,0.9,249.63299560546875,0.9204737732656515,0.8461538461538461,0.5384615384615384,0.6794871794871795,0.0,1.0,0.4340684962263173,0.0
video_c139,7,0,528.7000122070312,528.566650390625,2P,1.0,fire_before_landing_interval,532.0670166015625,532.9000244140625,32,7,0.8571428571428571,526.3670043945312,0.8205128205128205,0.7692307692307693,0.7692307692307693,0.6666666666666666,0.0,1.0,0.6999707002636977,0.0
video_c139,12,1,785.0,784.8666381835938,1P,0.0,no_fire_before_landing_interval,790.7000122070312,791.8670043945312,231,7,0.8571428571428571,784.1329956054688,0.9705882352941176,0.9230769230769231,0.5384615384615384,0.717948717948718,0.0,1.0,0.46438262120370066,0.0
video_c139,16,1,983.0330200195312,982.7666625976562,2P,1.0,fire_before_landing_interval,990.5330200195312,991.7670288085938,48,7,0.8333333333333334,982.7670288085938,0.8727272727272727,0.6923076923076923,0.38461538461538464,0.5256410256410257,0.0,1.0,0.21010510076173947,0.0
video_c139,16,2,986.4669799804688,986.3666381835938,1P,0.0,no_fire_before_landing_interval,988.0,988.0670166015625,32,6,0.8571428571428571,984.0670166015625,0.8421052631578947,0.7692307692307693,0.6923076923076923,0.6538461538461539,0.1282051282051282,1.0,0.7058791849923706,0.0
video_c139,16,4,1010.7329711914062,1010.566650390625,2P,0.0,no_fire_before_landing_interval,1012.5,1012.5999755859375,60,38,0.9,1008.3330078125,0.6122448979591837,1.0,0.6153846153846154,0.7948717948717948,0.0641025641025641,1.0,0.7058791849923706,0.0
video_c139,22,0,1353.699951171875,1353.566650390625,2P,0.0,no_fire_before_landing_interval,1362.9329833984375,1363.199951171875,1089,26,0.8888888888888888,1352.2330322265625,0.9766816143497757,0.9230769230769231,0.6923076923076923,0.7692307692307693,0.0,1.0,0.5946360532436044,0.0
video_c139,23,0,1394.5,1394.2667236328125,2P,0.0,no_fire_before_landing_interval,1394.7330322265625,1395.866943359375,86,1,0.8,1393.4000244140625,0.9885057471264368,0.8461538461538461,0.6153846153846154,0.6153846153846154,0.0,1.0,0.523803987676568,0.0
video_c139,23,2,1424.8330078125,1424.699951171875,2P,0.0,no_fire_before_landing_interval,1432.0,1432.4329833984375,10,5,0.8571428571428571,1424.3330078125,0.6666666666666666,0.6153846153846154,0.0,0.23076923076923078,0.0,1.0,0.3333333333333333,0.0
video_c139,24,1,1466.199951171875,1466.066650390625,2P,0.0,no_fire_before_landing_interval,1466.300048828125,1467.0999755859375,588,7,0.8571428571428571,1464.866943359375,0.9882352941176471,0.9230769230769231,0.6923076923076923,0.6410256410256411,0.0,1.0,0.5713687735454165,0.0
video_c139,25,3,1549.2330322265625,1548.86669921875,2P,0.0,no_fire_before_landing_interval,1552.199951171875,1552.4000244140625,840,21,0.875,1546.8330078125,0.975609756097561,0.9230769230769231,0.6923076923076923,0.782051282051282,0.038461538461538464,1.0,0.7058844648691344,0.0
video_c139,25,4,1560.0999755859375,1559.9666748046875,2P,0.0,no_fire_before_landing_interval,1560.2669677734375,1561.633056640625,516,5,0.8571428571428571,1559.133056640625,0.9904030710172744,0.9230769230769231,0.5384615384615384,0.717948717948718,0.038461538461538464,1.0,0.49159064109725065,0.0
video_c139,25,6,1574.532958984375,1574.4000244140625,1P,0.0,no_fire_before_landing_interval,1575.532958984375,1576.032958984375,127,5,0.8571428571428571,1573.199951171875,0.9621212121212122,1.0,0.6153846153846154,0.7051282051282052,0.038461538461538464,1.0,0.5713687735454165,0.0
video_c139,27,0,1716.2669677734375,1716.0999755859375,1P,1.0,fire_before_landing_interval,1717.300048828125,1718.300048828125,14,4,0.8,1714.8330078125,0.7777777777777778,0.5384615384615384,0.5384615384615384,0.2564102564102564,0.0,1.0,0.589146898039019,0.0
video_c139,29,0,1887.4000244140625,1886.86669921875,2P,0.0,no_fire_before_landing_interval,1890.9329833984375,1891.967041015625,335,18,0.875,1887.133056640625,0.9490084985835694,0.7692307692307693,0.38461538461538464,0.5512820512820513,0.0,1.0,0.21071394161287216,0.0
video_c139,31,0,1967.4000244140625,1967.0,2P,0.0,no_fire_before_landing_interval,1968.0,1968.699951171875,127,1,0.8,1965.133056640625,0.9921875,0.6923076923076923,0.46153846153846156,0.5897435897435898,0.0,1.0,0.6939057654224116,0.0
video_c139,39,0,2443.199951171875,2442.966552734375,2P,0.0,no_fire_before_landing_interval,2443.3330078125,2444.032958984375,38,24,0.8333333333333334,2443.199951171875,0.6129032258064516,0.8461538461538461,0.46153846153846156,0.5128205128205128,0.0,1.0,0.0,0.0
video_c139,43,1,2631.133056640625,2631.0,1P,0.0,no_fire_before_landing_interval,2641.23291015625,2641.8330078125,135,5,0.8571428571428571,2630.633056640625,0.9642857142857143,0.46153846153846156,0.23076923076923078,0.3333333333333333,0.0,1.0,0.3333333333333333,0.0
video_c139,44,0,2689.3330078125,2689.199951171875,2P,1.0,fire_before_landing_interval,2717.56689453125,2718.56689453125,981,7,0.8571428571428571,2689.3330078125,0.992914979757085,0.9230769230769231,0.6923076923076923,0.6666666666666666,0.0,1.0,0.0,0.0
video_c139,44,1,2693.866943359375,2693.5,1P,0.0,no_fire_before_landing_interval,2713.032958984375,2715.032958984375,267,16,0.875,2691.76708984375,0.9434628975265018,0.8461538461538461,0.6153846153846154,0.6025641025641025,0.0,1.0,0.6774041112073719,0.0
video_c139,48,3,2966.866943359375,2966.7666015625,2P,1.0,fire_before_landing_interval,2967.5,2968.56689453125,126,19,0.8571428571428571,2963.60009765625,0.8689655172413793,0.9230769230769231,0.7692307692307693,0.782051282051282,0.16666666666666666,1.0,0.765634834353722,0.0
video_c139,48,7,2999.8330078125,2999.699951171875,2P,0.0,no_fire_before_landing_interval,3009.1669921875,3009.26708984375,14,7,0.8571428571428571,2999.699951171875,0.6666666666666666,0.3076923076923077,0.15384615384615385,0.14102564102564102,0.0,1.0,0.11743158801982331,0.0
video_c139,55,1,3400.467041015625,3400.300048828125,2P,0.0,no_fire_before_landing_interval,3400.6669921875,3401.800048828125,42,7,0.8571428571428571,3399.967041015625,0.8571428571428571,0.7692307692307693,0.38461538461538464,0.5384615384615384,0.0,1.0,0.3333333333333333,0.0
video_c139,56,3,3466.300048828125,3466.199951171875,2P,0.0,no_fire_before_landing_interval,3468.06689453125,3468.8330078125,50,29,0.8888888888888888,3465.76708984375,0.6329113924050632,0.46153846153846156,0.38461538461538464,0.38461538461538464,0.0,1.0,0.3476668259276955,0.0
video_c14,0,0,273.29998779296875,273.26666259765625,1P,1.0,fire_before_landing_interval,300.9330139160156,301.3330078125,50,20,0.8,272.4670104980469,0.7142857142857143,0.3076923076923077,0.0,0.08974358974358974,0.0,1.0,0.4544395051862211,0.0
video_c14,0,4,319.9330139160156,319.79998779296875,1P,0.0,no_fire_before_landing_interval,328.70001220703125,329.4670104980469,31970,40,0.8,319.79998779296875,0.9987503905029679,1.0,0.6153846153846154,0.6923076923076923,0.038461538461538464,1.0,0.11740781641393057,0.0
video_c14,7,3,737.0,736.9666748046875,2P,0.0,no_fire_before_landing_interval,737.0999755859375,738.1669921875,810,27,0.8888888888888888,735.5670166015625,0.967741935483871,0.9230769230769231,0.6153846153846154,0.6794871794871795,0.0,1.0,0.5889819878581105,0.0
video_c14,10,2,913.9329833984375,913.5999755859375,2P,0.0,no_fire_before_landing_interval,923.0670166015625,923.4329833984375,423,224,0.9375,913.5670166015625,0.6537867078825348,0.9230769230769231,0.23076923076923078,0.6410256410256411,0.0,1.0,0.2679177837354781,0.0
video_c14,11,4,1000.5670166015625,1000.2999877929688,1P,0.0,no_fire_before_landing_interval,1001.0330200195312,1001.9329833984375,316,8,0.8333333333333334,999.9000244140625,0.9753086419753086,0.9230769230769231,0.6923076923076923,0.782051282051282,0.0,1.0,0.4001171646162859,0.0
video_c14,28,0,2012.0,2011.86669921875,2P,0.0,no_fire_before_landing_interval,2013.2669677734375,2014.4000244140625,89,3,0.8,2010.9329833984375,0.967391304347826,0.6923076923076923,0.6923076923076923,0.5641025641025641,0.0,1.0,0.5162109490344298,0.0
video_c14,29,4,2093.967041015625,2093.800048828125,2P,0.0,no_fire_before_landing_interval,2098.23291015625,2098.73291015625,164,13,0.8571428571428571,2093.89990234375,0.9265536723163842,0.9230769230769231,0.46153846153846156,0.6923076923076923,0.0,1.0,0.06291466483642187,0.0
video_c14,34,0,2343.800048828125,2343.666748046875,1P,0.0,no_fire_before_landing_interval,2343.93310546875,2344.699951171875,246,1,0.8,2343.1669921875,0.9959514170040485,0.7692307692307693,0.6923076923076923,0.6794871794871795,0.038461538461538464,1.0,0.38765136791747645,0.0
video_c14,39,2,2584.967041015625,2584.699951171875,2P,0.0,no_fire_before_landing_interval,2599.032958984375,2599.1669921875,986,651,0.95,2581.967041015625,0.6023213194868662,1.0,0.6153846153846154,0.8717948717948718,0.0,1.0,0.75,0.0
video_c14,41,1,2693.3330078125,2693.066650390625,1P,0.0,no_fire_before_landing_interval,2694.366943359375,2694.39990234375,21,8,0.8333333333333334,2693.23291015625,0.7241379310344828,0.38461538461538464,0.38461538461538464,0.14102564102564102,0.0,1.0,0.09098979138925876,0.0
video_c14,45,3,2951.8330078125,2951.5,2P,1.0,fire_before_landing_interval,2952.60009765625,2953.89990234375,58,17,0.8333333333333334,2946.73291015625,0.7733333333333332,0.9230769230769231,0.38461538461538464,0.5897435897435898,0.01282051282051282,1.0,0.836068198190987,0.0
video_c14,45,5,2960.133056640625,2960.0,1P,1.0,fire_before_landing_interval,2961.967041015625,2963.6669921875,162,18,0.8571428571428571,2959.39990234375,0.9,0.6153846153846154,0.6153846153846154,0.48717948717948717,0.0,1.0,0.42301732638399775,0.0
video_c14,45,6,2962.10009765625,2961.966552734375,2P,0.0,no_fire_before_landing_interval,2965.1669921875,2965.199951171875,42,2,0.8,2961.60009765625,0.9545454545454546,0.9230769230769231,0.38461538461538464,0.5,0.08974358974358974,1.0,0.3333333333333333,0.0
video_c140,4,0,401.9670104980469,401.6666564941406,2P,0.0,no_fire_before_landing_interval,402.0329895019531,403.4330139160156,18,10,0.8333333333333334,400.9330139160156,0.6428571428571429,0.46153846153846156,0.23076923076923078,0.23076923076923078,0.0,1.0,0.508357089272318,0.0
video_c140,8,1,621.5,621.4000244140625,2P,0.0,no_fire_before_landing_interval,622.0999755859375,622.2670288085938,19,1,0.8,621.3670043945312,0.95,0.7692307692307693,0.46153846153846156,0.44871794871794873,0.0,1.0,0.11738404352744707,0.0
video_c140,9,4,721.2999877929688,721.1666870117188,1P,1.0,fire_before_landing_interval,725.1669921875,726.9000244140625,147,10,0.8571428571428571,718.5330200195312,0.9363057324840764,0.6923076923076923,0.46153846153846156,0.47435897435897434,0.0,1.0,0.7345344956090606,0.0
video_c140,17,1,1153.967041015625,1153.699951171875,1P,0.0,no_fire_before_landing_interval,1154.300048828125,1155.967041015625,50,5,0.8333333333333334,1153.866943359375,0.9090909090909091,0.8461538461538461,0.5384615384615384,0.6794871794871795,0.21794871794871795,1.0,0.09098979138925876,0.0
video_c140,24,0,1546.699951171875,1546.5,2P,0.0,no_fire_before_landing_interval,1547.4000244140625,1550.5670166015625,87,41,0.8571428571428571,1545.2669677734375,0.6796875,0.9230769230769231,0.3076923076923077,0.3974358974358974,0.0,1.0,0.5889819878581105,0.0
video_c140,25,1,1588.1669921875,1587.9666748046875,1P,0.0,no_fire_before_landing_interval,1588.3330078125,1588.7669677734375,197,23,0.875,1587.1669921875,0.8954545454545455,1.0,0.7692307692307693,0.8333333333333334,0.16666666666666666,1.0,0.5,0.0
video_c140,29,0,1785.699951171875,1785.0999755859375,1P,0.0,no_fire_before_landing_interval,1786.4000244140625,1786.633056640625,38,32,0.9,1785.199951171875,0.5428571428571428,0.6923076923076923,0.23076923076923078,0.38461538461538464,0.0,1.0,0.3333333333333333,0.0
video_c140,34,1,2080.633056640625,2080.2666015625,1P,0.0,no_fire_before_landing_interval,2086.26708984375,2086.60009765625,275,5,0.8333333333333334,2079.6669921875,0.9821428571428571,0.7692307692307693,0.5384615384615384,0.6538461538461539,0.02564102564102564,1.0,0.49136967589718117,0.0
video_c140,35,0,2140.699951171875,2140.566650390625,1P,0.0,no_fire_before_landing_interval,2141.133056640625,2142.467041015625,469,7,0.8571428571428571,2140.6669921875,0.9852941176470589,0.8461538461538461,0.46153846153846156,0.6923076923076923,0.0,1.0,0.0319073505081541,0.0
video_c140,36,0,2184.06689453125,2183.86669921875,1P,1.0,fire_before_landing_interval,2186.866943359375,2188.3330078125,18,15,0.8571428571428571,2182.8330078125,0.5454545454545454,0.6923076923076923,0.5384615384615384,0.48717948717948717,0.0,0.0,0.5523497267759563,0.0
video_c140,40,1,2410.23291015625,2410.10009765625,2P,1.0,fire_before_landing_interval,2441.39990234375,2441.8330078125,1331,13,0.8571428571428571,2409.633056640625,0.9903273809523809,0.8461538461538461,0.7692307692307693,0.7564102564102564,0.0,1.0,0.37494277430184647,0.0
video_c140,40,2,2432.532958984375,2432.2666015625,1P,0.0,no_fire_before_landing_interval,2439.699951171875,2439.8330078125,307,3,0.8,2429.60009765625,0.9903225806451613,1.0,0.7692307692307693,0.6153846153846154,0.0,1.0,0.7457321993916444,0.0
video_c140,43,2,2577.032958984375,2576.89990234375,2P,1.0,fire_before_landing_interval,2585.5,2585.532958984375,424,1,0.8,2576.467041015625,0.9976470588235294,0.6923076923076923,0.6923076923076923,0.6538461538461539,0.01282051282051282,1.0,0.36139694418459617,0.0
video_c140,47,1,2786.467041015625,2786.199951171875,2P,0.0,no_fire_before_landing_interval,2787.133056640625,2787.199951171875,406,1,0.8,2784.8330078125,0.9975429975429976,0.6923076923076923,0.6923076923076923,0.5897435897435898,0.0,1.0,0.6203540643247752,0.0
video_c140,49,1,2867.73291015625,2867.60009765625,2P,1.0,fire_before_landing_interval,2897.3330078125,2897.532958984375,96,13,0.8571428571428571,2866.467041015625,0.8807339449541285,0.8461538461538461,0.23076923076923078,0.47435897435897434,0.0,0.0,0.5586682469561469,0.0
video_c140,51,3,2985.60009765625,2985.466552734375,2P,1.0,fire_before_landing_interval,2999.032958984375,3000.967041015625,15,8,0.8,2985.3330078125,0.6521739130434783,0.6923076923076923,0.46153846153846156,0.38461538461538464,0.038461538461538464,1.0,0.21078998073217725,0.0
video_c140,51,5,3013.133056640625,3012.89990234375,2P,0.0,no_fire_before_landing_interval,3013.133056640625,3014.133056640625,131,84,0.9166666666666666,3013.133056640625,0.6093023255813954,0.7692307692307693,0.5384615384615384,0.5641025641025641,0.0641025641025641,1.0,0.0,0.0
video_c140,55,1,3213.56689453125,3213.300048828125,2P,1.0,fire_before_landing_interval,3227.26708984375,3228.199951171875,351,1,0.8,3212.10009765625,0.9971590909090909,0.8461538461538461,0.38461538461538464,0.5512820512820513,0.0,1.0,0.5946159936658749,0.0
video_c140,55,7,3264.300048828125,3264.2666015625,1P,0.0,no_fire_before_landing_interval,3265.5,3265.73291015625,42,42,0.9090909090909091,3262.699951171875,0.5,0.8461538461538461,0.8461538461538461,0.6666666666666666,0.32051282051282054,1.0,0.6153990610328639,0.0
video_c140,55,8,3276.93310546875,3276.800048828125,1P,0.0,no_fire_before_landing_interval,3279.967041015625,3280.3330078125,122,5,0.8571428571428571,3276.1669921875,0.9606299212598425,0.6923076923076923,0.5384615384615384,0.5384615384615384,0.1794871794871795,1.0,0.43378490461708596,0.0
video_c140,55,9,3285.800048828125,3285.666748046875,1P,1.0,fire_before_landing_interval,3297.6669921875,3301.56689453125,182,28,0.8571428571428571,3285.1669921875,0.8666666666666667,0.8461538461538461,0.46153846153846156,0.6282051282051282,0.19230769230769232,1.0,0.38765136791747645,0.0
video_c141,0,4,171.43299865722656,171.29995727539062,1P,0.0,no_fire_before_landing_interval,172.6999969482422,173.13299560546875,415,2,0.8,168.6999969482422,0.9952038369304557,0.9230769230769231,0.3076923076923077,0.7307692307692307,0.0,1.0,0.7321190618281108,0.0
video_c141,3,0,318.8999938964844,318.7666015625,2P,0.0,no_fire_before_landing_interval,330.6669921875,331.36700439453125,189,20,0.8888888888888888,316.3330078125,0.9043062200956937,0.8461538461538461,0.6923076923076923,0.7051282051282052,0.01282051282051282,1.0,0.7196512752068308,0.0
video_c141,10,0,712.0999755859375,711.9998779296875,1P,0.0,no_fire_before_landing_interval,714.5670166015625,714.8330078125,18,7,0.8571428571428571,710.7999877929688,0.72,0.9230769230769231,0.6153846153846154,0.6666666666666666,0.0,1.0,0.5652150837247565,0.0
video_c141,14,0,915.9329833984375,915.5997924804688,2P,0.0,no_fire_before_landing_interval,918.5999755859375,919.4660034179688,170,25,0.8333333333333334,914.7659912109375,0.8717948717948718,0.6923076923076923,0.38461538461538464,0.5384615384615384,0.0,1.0,0.5385308697611537,0.0
video_c141,16,0,1011.2999877929688,1011.0997924804688,2P,0.0,no_fire_before_landing_interval,1024.133056640625,1024.8330078125,69,8,0.8,1009.9329833984375,0.8961038961038961,0.9230769230769231,0.6153846153846154,0.7051282051282052,0.0,1.0,0.5775250767128233,0.0
video_c141,17,0,1061.2659912109375,1061.133056640625,1P,0.0,no_fire_before_landing_interval,1061.865966796875,1063.166015625,237,8,0.8571428571428571,1060.666015625,0.9673469387755103,0.8461538461538461,0.5384615384615384,0.7051282051282052,0.0,1.0,0.37499046311131456,0.0
video_c141,17,7,1107.3330078125,1107.1998291015625,1P,0.0,no_fire_before_landing_interval,1116.5,1117.0660400390625,95,1,0.8,1104.133056640625,0.9895833333333334,0.9230769230769231,0.07692307692307693,0.6666666666666666,0.01282051282051282,1.0,0.761901993838284,0.0
video_c141,20,2,1266.2330322265625,1265.69970703125,2P,0.0,no_fire_before_landing_interval,1267.9329833984375,1268.133056640625,7,7,0.8333333333333334,1265.9329833984375,0.5,0.38461538461538464,0.23076923076923078,0.2564102564102564,0.0,1.0,0.2307981220657277,0.0
video_c141,23,0,1394.9329833984375,1394.69970703125,2P,0.0,no_fire_before_landing_interval,1395.4000244140625,1396.5,340,24,0.8333333333333334,1394.5999755859375,0.9340659340659341,0.7692307692307693,0.6923076923076923,0.6025641025641025,0.0,1.0,0.24981684981684982,0.0
video_c141,26,0,1515.5660400390625,1515.2996826171875,2P,1.0,fire_before_landing_interval,1520.9659423828125,1521.532958984375,80,5,0.8333333333333334,1514.365966796875,0.9411764705882353,0.8461538461538461,0.7692307692307693,0.717948717948718,0.01282051282051282,0.0,0.5454696776341341,0.0
video_c141,28,0,1590.3330078125,1590.19970703125,2P,0.0,no_fire_before_landing_interval,1590.532958984375,1594.4329833984375,766,24,0.8571428571428571,1589.9329833984375,0.9696202531645569,1.0,0.5384615384615384,0.7692307692307693,0.0,1.0,0.28572674165140816,0.0
video_c141,31,0,1709.3330078125,1709.19970703125,1P,0.0,no_fire_before_landing_interval,1710.4329833984375,1710.5999755859375,206,22,0.8571428571428571,1706.5999755859375,0.9035087719298246,0.7692307692307693,0.7692307692307693,0.6666666666666666,0.0,1.0,0.7321212517576273,0.0
video_c141,34,2,1879.032958984375,1878.899658203125,1P,0.0,no_fire_before_landing_interval,1883.0,1884.666015625,18,7,0.8571428571428571,1878.532958984375,0.72,0.6923076923076923,0.23076923076923078,0.44871794871794873,0.21794871794871795,1.0,0.3333333333333333,0.0
video_c141,35,1,1929.4329833984375,1929.23291015625,1P,0.0,no_fire_before_landing_interval,1933.166015625,1934.7659912109375,1060,38,0.8571428571428571,1927.865966796875,0.9653916211293261,0.8461538461538461,0.7692307692307693,0.7948717948717948,0.05128205128205128,1.0,0.610442721955395,0.0
video_c141,41,1,2252.3330078125,2252.23291015625,1P,0.0,no_fire_before_landing_interval,2256.133056640625,2257.43310546875,997,4,0.8,2252.23291015625,0.996003996003996,1.0,0.6923076923076923,0.8974358974358975,0.01282051282051282,1.0,0.09098979138925876,0.0
video_c141,43,0,2382.699951171875,2382.432861328125,2P,0.0,no_fire_before_landing_interval,2383.10009765625,2384.666015625,236,8,0.8333333333333334,2382.3330078125,0.9672131147540983,0.8461538461538461,0.6153846153846154,0.6923076923076923,0.0,1.0,0.2684407929987498,0.0
video_c141,47,0,2639.06591796875,2638.932861328125,1P,1.0,fire_before_landing_interval,2642.166015625,2643.73291015625,327,47,0.9,2637.666015625,0.874331550802139,0.9230769230769231,0.8461538461538461,0.8333333333333334,0.0,1.0,0.5833163784333673,0.0
video_c141,55,0,3017.26611328125,3016.76611328125,2P,1.0,fire_before_landing_interval,3024.966064453125,3025.198974609375,72,5,0.8333333333333334,3016.09912109375,0.935064935064935,0.7692307692307693,0.7692307692307693,0.5769230769230769,0.0,1.0,0.5385308697611537,0.0
video_c141,55,2,3032.532958984375,3031.06591796875,1P,1.0,fire_before_landing_interval,3050.43310546875,3051.032958984375,23,8,0.8,3031.9990234375,0.7419354838709677,0.9230769230769231,0.7692307692307693,0.8333333333333334,0.0641025641025641,1.0,0.3480821263727519,0.0
video_c142,6,0,419.13299560546875,418.86651611328125,1P,0.0,no_fire_before_landing_interval,419.3330078125,419.79998779296875,584,14,0.875,418.20001220703125,0.9765886287625418,1.0,0.6153846153846154,0.7692307692307693,0.0,1.0,0.482664982633407,0.0
video_c142,10,8,645.666015625,645.3997802734375,2P,0.0,no_fire_before_landing_interval,645.7000122070312,646.3660278320312,26,5,0.8333333333333334,645.666015625,0.8387096774193549,0.9230769230769231,0.5384615384615384,0.48717948717948717,0.1282051282051282,1.0,0.0,0.0
video_c142,11,1,706.5659790039062,706.3997802734375,2P,1.0,fire_before_landing_interval,720.7329711914062,721.2000122070312,298,1,0.8,705.2329711914062,0.9966555183946488,0.8461538461538461,0.46153846153846156,0.6538461538461539,0.0,1.0,0.5713687735454165,0.0
video_c142,16,0,951.7329711914062,951.6329956054688,2P,0.0,no_fire_before_landing_interval,951.9000244140625,952.666015625,77,2,0.8,950.9000244140625,0.9746835443037974,0.7692307692307693,0.38461538461538464,0.46153846153846156,0.0,1.0,0.4544304218973727,0.0
video_c142,17,0,1016.1329956054688,1015.9996948242188,2P,1.0,fire_before_landing_interval,1030.4659423828125,1030.5,420,34,0.8888888888888888,1015.5330200195312,0.9251101321585903,0.7692307692307693,0.3076923076923077,0.5256410256410257,0.0,1.0,0.37499046311131456,0.0
video_c142,24,3,1338.4659423828125,1338.3328857421875,1P,0.0,no_fire_before_landing_interval,1342.4329833984375,1343.9659423828125,86,46,0.9,1336.4000244140625,0.6515151515151515,1.0,0.46153846153846156,0.5384615384615384,0.0,1.0,0.6738334129638478,0.0
video_c142,24,4,1345.633056640625,1345.49951171875,1P,0.0,no_fire_before_landing_interval,1346.0,1346.8330078125,1,1,0.8,1344.8330078125,0.5,1.0,0.8461538461538461,0.8974358974358975,0.2564102564102564,1.0,0.44445951444459514,0.0
video_c142,25,5,1392.532958984375,1392.1995849609375,2P,1.0,fire_before_landing_interval,1395.4329833984375,1395.9659423828125,254,1,0.8,1390.365966796875,0.996078431372549,0.7692307692307693,0.5384615384615384,0.6794871794871795,0.11538461538461539,1.0,0.6842429848905335,0.0
video_c142,28,0,1523.8330078125,1523.3328857421875,1P,0.0,no_fire_before_landing_interval,1525.8330078125,1526.4990234375,318,1,0.75,1523.666015625,0.9968652037617555,0.7692307692307693,0.5384615384615384,0.48717948717948717,0.0,1.0,0.14309623430962343,0.0
video_c142,33,1,1753.9329833984375,1753.6328125,2P,0.0,no_fire_before_landing_interval,1754.3990478515625,1755.2330322265625,214,6,0.8,1753.5660400390625,0.9727272727272728,1.0,0.46153846153846156,0.717948717948718,0.14102564102564102,1.0,0.2684407929987498,0.0
video_c142,33,4,1763.2330322265625,1763.03271484375,2P,0.0,no_fire_before_landing_interval,1771.8990478515625,1772.9329833984375,32,6,0.8571428571428571,1763.2330322265625,0.8421052631578947,0.9230769230769231,0.38461538461538464,0.7435897435897436,0.14102564102564102,1.0,0.0,0.0
video_c142,37,1,1894.9659423828125,1894.5660400390625,1P,0.0,no_fire_before_landing_interval,1923.7659912109375,1924.198974609375,685,5,0.8333333333333334,1890.9329833984375,0.9927536231884058,0.9230769230769231,0.6923076923076923,0.7051282051282052,0.0,1.0,0.8013097259277225,0.0
video_c142,43,5,2198.59912109375,2198.4326171875,1P,0.0,no_fire_before_landing_interval,2198.73291015625,2202.09912109375,408,29,0.8888888888888888,2196.865966796875,0.9336384439359268,0.9230769230769231,0.5384615384615384,0.717948717948718,0.14102564102564102,1.0,0.6341223760607414,0.0
video_c142,44,0,2233.299072265625,2233.132568359375,1P,0.0,no_fire_before_landing_interval,2234.59912109375,2235.032958984375,954,1,0.8,2232.966064453125,0.9989528795811519,0.9230769230769231,0.8461538461538461,0.7564102564102564,0.01282051282051282,1.0,0.24981684981684982,0.0
video_c142,46,0,2329.23291015625,2329.09912109375,2P,0.0,no_fire_before_landing_interval,2329.633056640625,2330.4990234375,711,1,0.8,2329.09912109375,0.9985955056179775,0.9230769230769231,0.38461538461538464,0.6410256410256411,0.0,1.0,0.11800172265288544,0.0
video_c142,47,0,2403.466064453125,2403.265869140625,2P,0.0,no_fire_before_landing_interval,2403.73291015625,2404.532958984375,53,3,0.8,2403.26611328125,0.9464285714285714,0.6923076923076923,0.5384615384615384,0.5384615384615384,0.02564102564102564,1.0,0.16663275686673448,0.0
video_c142,56,2,2935.632080078125,2935.4990234375,1P,0.0,no_fire_before_landing_interval,2945.966064453125,2958.23193359375,90,22,0.8,2930.531982421875,0.8035714285714286,0.8461538461538461,0.38461538461538464,0.47435897435897434,0.02564102564102564,1.0,0.836068198190987,0.0
video_c143,2,0,327.0,326.8665771484375,2P,0.0,no_fire_before_landing_interval,333.29998779296875,334.5329895019531,156,1,0.8,326.5669860839844,0.9936305732484076,0.7692307692307693,0.46153846153846156,0.44871794871794873,0.0,1.0,0.3021700704900228,0.0
video_c143,2,2,352.1000061035156,351.966552734375,2P,1.0,fire_before_landing_interval,360.9670104980469,366.6669921875,472,205,0.9285714285714286,351.4330139160156,0.6971935007385525,0.8461538461538461,0.8461538461538461,0.6410256410256411,0.01282051282051282,1.0,0.4001171646162859,0.0
video_c143,13,0,903.0999755859375,902.69970703125,2P,0.0,no_fire_before_landing_interval,903.4000244140625,903.4329833984375,7,4,0.8,902.1329956054688,0.6363636363636364,0.3076923076923077,0.15384615384615385,0.1794871794871795,0.0,0.0,0.4916064169795513,0.0
video_c143,14,0,972.8660278320312,972.69970703125,2P,0.0,no_fire_before_landing_interval,986.7659912109375,987.2659912109375,814,38,0.8888888888888888,971.666015625,0.9553990610328639,0.8461538461538461,0.6923076923076923,0.717948717948718,0.0,1.0,0.5454570675544458,0.0
video_c143,18,0,1172.300048828125,1171.7996826171875,2P,0.0,no_fire_before_landing_interval,1172.3330078125,1173.5,781,17,0.8333333333333334,1171.865966796875,0.9786967418546366,0.9230769230769231,0.6153846153846154,0.717948717948718,0.0,1.0,0.3026898195437521,0.0
video_c143,19,3,1231.7659912109375,1231.6329345703125,2P,0.0,no_fire_before_landing_interval,1233.666015625,1243.633056640625,260,125,0.9166666666666666,1231.7659912109375,0.6753246753246753,1.0,0.3076923076923077,0.7051282051282052,0.01282051282051282,1.0,0.0,0.0
video_c143,22,2,1388.532958984375,1388.432861328125,1P,0.0,no_fire_before_landing_interval,1389.4000244140625,1389.5660400390625,38,3,0.8,1387.300048828125,0.926829268292683,0.6923076923076923,0.46153846153846156,0.5512820512820513,0.0,1.0,0.552153947080691,0.0
video_c143,26,2,1554.7330322265625,1554.5994873046875,1P,0.0,no_fire_before_landing_interval,1555.4000244140625,1555.9000244140625,37,5,0.8571428571428571,1552.032958984375,0.8809523809523809,0.7692307692307693,0.7692307692307693,0.4230769230769231,0.038461538461538464,1.0,0.7297350796740457,0.0
video_c143,29,2,1720.3330078125,1719.9327392578125,1P,0.0,no_fire_before_landing_interval,1722.032958984375,1722.2989501953125,32,1,0.8,1719.9329833984375,0.9696969696969697,0.9230769230769231,0.8461538461538461,0.9102564102564102,0.15384615384615385,1.0,0.28572674165140816,0.0
video_c143,37,0,2137.39892578125,2137.26611328125,2P,0.0,no_fire_before_landing_interval,2138.89892578125,2140.532958984375,937,16,0.8888888888888888,2136.166015625,0.9832109129066107,0.9230769230769231,0.6153846153846154,0.7307692307692307,0.0,1.0,0.552153947080691,0.0
video_c143,42,1,2409.032958984375,2408.265869140625,2P,0.0,no_fire_before_landing_interval,2409.06591796875,2409.198974609375,41,8,0.8333333333333334,2408.299072265625,0.8367346938775511,0.9230769230769231,0.6153846153846154,0.6410256410256411,0.0,1.0,0.4232610532244438,0.0
video_c143,42,2,2414.8330078125,2414.532470703125,1P,0.0,no_fire_before_landing_interval,2418.299072265625,2419.466064453125,51,5,0.8333333333333334,2412.59912109375,0.9107142857142857,0.9230769230769231,0.7692307692307693,0.8076923076923077,0.07692307692307693,1.0,0.6907745734561377,0.0
video_c143,51,3,2851.23193359375,2851.09912109375,2P,0.0,no_fire_before_landing_interval,2851.26611328125,2852.06591796875,69,5,0.8571428571428571,2851.09912109375,0.9324324324324325,0.8461538461538461,0.46153846153846156,0.6666666666666666,0.0641025641025641,1.0,0.11724137931034483,0.0
video_c143,52,1,2899.966064453125,2899.799072265625,2P,0.0,no_fire_before_landing_interval,2900.198974609375,2902.365966796875,79,10,0.8571428571428571,2898.365966796875,0.8876404494382023,0.9230769230769231,0.46153846153846156,0.7051282051282052,0.1282051282051282,0.0,0.6153990610328639,0.0
video_c143,53,0,2941.166015625,2940.9658203125,1P,0.0,no_fire_before_landing_interval,2941.26611328125,2943.06591796875,37,3,0.8,2940.865966796875,0.925,0.8461538461538461,0.23076923076923078,0.5,0.0,1.0,0.2307981220657277,0.0
video_c144,0,5,186.4669952392578,186.36666870117188,1P,0.0,no_fire_before_landing_interval,215.73300170898438,216.5,6563,8,0.8,186.43299865722656,0.9987825292953888,0.9230769230769231,0.7692307692307693,0.8589743589743589,0.02564102564102564,1.0,0.03287881470987545,0.0
video_c144,6,0,441.2669982910156,441.0666809082031,2P,0.0,no_fire_before_landing_interval,441.4670104980469,442.0669860839844,26,1,0.8,441.2330017089844,0.9629629629629629,0.8461538461538461,0.3076923076923077,0.41025641025641024,0.0,1.0,0.03287881470987545,0.0
video_c144,7,1,523.7670288085938,523.5999755859375,1P,0.0,no_fire_before_landing_interval,523.8670043945312,527.7329711914062,145,3,0.8,523.4329833984375,0.9797297297297297,0.8461538461538461,0.6153846153846154,0.6794871794871795,0.0,0.5,0.2504003294139177,0.0
video_c144,11,3,698.7000122070312,698.566650390625,1P,0.0,no_fire_before_landing_interval,700.5670166015625,700.7329711914062,97,10,0.8571428571428571,698.2000122070312,0.9065420560747663,0.9230769230769231,0.46153846153846156,0.6153846153846154,0.0,1.0,0.3333333333333333,0.0
video_c144,12,0,750.9669799804688,750.4666748046875,1P,1.0,fire_before_landing_interval,763.5670166015625,766.0,76,5,0.8333333333333334,748.7670288085938,0.9382716049382716,0.46153846153846156,0.07692307692307693,0.2948717948717949,0.0,1.0,0.6874952315556573,0.0
video_c144,13,2,811.7670288085938,811.4000244140625,2P,1.0,fire_before_landing_interval,814.6669921875,815.4329833984375,324,10,0.8333333333333334,810.2670288085938,0.9700598802395209,0.9230769230769231,0.3076923076923077,0.6025641025641025,0.05128205128205128,1.0,0.6,0.0
video_c144,19,2,1194.032958984375,1193.9000244140625,1P,0.0,no_fire_before_landing_interval,1194.3330078125,1194.800048828125,841,39,0.8888888888888888,1193.467041015625,0.9556818181818182,1.0,0.7692307692307693,0.8589743589743589,0.14102564102564102,1.0,0.36139694418459617,0.0
video_c144,21,6,1314.3330078125,1314.066650390625,2P,1.0,fire_before_landing_interval,1321.2669677734375,1326.0670166015625,169,17,0.875,1309.866943359375,0.9086021505376344,0.9230769230769231,0.5384615384615384,0.6923076923076923,0.05128205128205128,1.0,0.8170530171066148,0.0
video_c144,22,5,1373.0670166015625,1372.9000244140625,2P,0.0,no_fire_before_landing_interval,1373.532958984375,1374.366943359375,321,7,0.8571428571428571,1372.5999755859375,0.9786585365853658,0.8461538461538461,0.3076923076923077,0.5897435897435898,0.01282051282051282,1.0,0.3183557996338825,0.0
video_c144,25,1,1540.699951171875,1540.566650390625,2P,0.0,no_fire_before_landing_interval,1541.800048828125,1542.0670166015625,1,1,0.8,1539.633056640625,0.5,0.9230769230769231,0.6923076923076923,0.8333333333333334,0.2564102564102564,1.0,0.5161823765650838,0.0
video_c144,26,3,1591.866943359375,1591.699951171875,1P,1.0,fire_before_landing_interval,1598.9000244140625,1600.5670166015625,773,14,0.8888888888888888,1591.7330322265625,0.9822109275730623,1.0,0.8461538461538461,0.9230769230769231,0.07692307692307693,1.0,0.11809667348476693,0.0
video_c144,28,5,1760.5999755859375,1760.300048828125,2P,0.0,no_fire_before_landing_interval,1761.199951171875,1762.4000244140625,55,1,0.8,1759.6669921875,0.9821428571428571,0.9230769230769231,0.6923076923076923,0.5897435897435898,0.23076923076923078,1.0,0.482664982633407,0.0
video_c144,32,0,1962.300048828125,1962.066650390625,1P,0.0,no_fire_before_landing_interval,1964.9000244140625,1966.1669921875,414,37,0.875,1959.800048828125,0.917960088691796,0.9230769230769231,0.3076923076923077,0.6153846153846154,0.0,1.0,0.7142857142857143,0.0
video_c144,33,4,2022.366943359375,2022.199951171875,1P,0.0,no_fire_before_landing_interval,2023.7330322265625,2024.467041015625,41,18,0.8888888888888888,2021.5999755859375,0.6949152542372882,0.9230769230769231,0.5384615384615384,0.5128205128205128,0.15384615384615385,1.0,0.4340587219343696,0.0
video_c144,35,0,2077.89990234375,2077.60009765625,1P,0.0,no_fire_before_landing_interval,2078.032958984375,2079.23291015625,22,21,0.8333333333333334,2077.26708984375,0.5116279069767442,0.46153846153846156,0.15384615384615385,0.28205128205128205,0.0,0.0,0.3875598086124402,0.0
video_c144,40,0,2376.133056640625,2375.86669921875,1P,0.0,no_fire_before_landing_interval,2376.56689453125,2378.0,77,74,0.9166666666666666,2375.967041015625,0.5099337748344371,0.9230769230769231,0.5384615384615384,0.7435897435897436,0.0,1.0,0.1423785594639866,0.0
video_c144,44,2,2617.43310546875,2617.199951171875,2P,1.0,fire_before_landing_interval,2626.39990234375,2626.532958984375,73,13,0.8333333333333334,2617.39990234375,0.8488372093023255,0.8461538461538461,0.6153846153846154,0.6025641025641025,0.038461538461538464,1.0,0.03213610586011342,0.0
video_c144,46,0,2720.60009765625,2720.566650390625,1P,0.0,no_fire_before_landing_interval,2723.8330078125,2724.5,33,3,0.8,2719.6669921875,0.9166666666666666,0.8461538461538461,0.6923076923076923,0.5769230769230769,0.0,1.0,0.48269765092195,0.0
video_c144,46,1,2733.699951171875,2733.466552734375,2P,0.0,no_fire_before_landing_interval,2735.133056640625,2736.8330078125,43,33,0.9,2732.6669921875,0.5657894736842106,0.9230769230769231,0.07692307692307693,0.5641025641025641,0.0,0.0,0.5081061606821184,0.0
video_c144,47,3,2817.699951171875,2817.566650390625,1P,0.0,no_fire_before_landing_interval,2817.967041015625,2818.467041015625,555,3,0.8,2815.89990234375,0.9946236559139785,0.9230769230769231,0.3076923076923077,0.7564102564102564,0.02564102564102564,1.0,0.6428633708257041,0.0
video_c144,48,0,2872.800048828125,2872.5,1P,1.0,fire_before_landing_interval,2879.06689453125,2879.800048828125,943,20,0.8333333333333334,2871.366943359375,0.9792315680166147,0.9230769230769231,0.6153846153846154,0.7564102564102564,0.0,0.0,0.5890026088701585,0.0
video_c15,6,6,519.2999877929688,519.1666870117188,1P,0.0,no_fire_before_landing_interval,532.9329833984375,533.9000244140625,30,26,0.8888888888888888,518.0670166015625,0.5357142857142857,0.6923076923076923,0.15384615384615385,0.2564102564102564,0.0,1.0,0.5521661883285499,0.0
video_c15,6,7,541.1669921875,540.9666748046875,2P,1.0,fire_before_landing_interval,549.6669921875,550.4669799804688,150,52,0.875,541.1329956054688,0.7425742574257426,0.9230769230769231,0.8461538461538461,0.8461538461538461,0.34615384615384615,1.0,0.03287881470987545,0.0
video_c15,7,0,581.7000122070312,581.566650390625,2P,0.0,no_fire_before_landing_interval,584.8670043945312,585.7999877929688,137,12,0.8571428571428571,580.5330200195312,0.9194630872483222,0.6923076923076923,0.6153846153846154,0.6153846153846154,0.0,0.0,0.5385308697611537,0.0
video_c15,13,0,932.1669921875,932.066650390625,2P,0.0,no_fire_before_landing_interval,932.2999877929688,933.1329956054688,148,10,0.8571428571428571,932.1669921875,0.9367088607594937,0.6923076923076923,0.6923076923076923,0.5384615384615384,0.0,1.0,0.0,0.0
video_c15,17,0,1123.6669921875,1123.5,1P,1.0,fire_before_landing_interval,1138.5,1139.9000244140625,75,13,0.8571428571428571,1123.6669921875,0.8522727272727273,0.7692307692307693,0.7692307692307693,0.5,0.038461538461538464,1.0,0.0,0.0
video_c15,19,0,1232.2330322265625,1231.9666748046875,2P,0.0,no_fire_before_landing_interval,1233.199951171875,1233.8330078125,165,2,0.8,1231.9000244140625,0.9880239520958084,0.9230769230769231,0.6923076923076923,0.7051282051282052,0.0,1.0,0.24981684981684982,0.0
video_c15,20,3,1341.4329833984375,1341.300048828125,2P,0.0,no_fire_before_landing_interval,1348.532958984375,1349.467041015625,5,1,0.8,1340.699951171875,0.8333333333333334,0.3076923076923077,0.3076923076923077,0.15384615384615385,0.0,1.0,0.42297668521518633,0.0
video_c15,25,0,1658.0999755859375,1658.0,2P,1.0,fire_before_landing_interval,1686.5,1686.9329833984375,687,20,0.8571428571428571,1656.5999755859375,0.9717114568599717,0.8461538461538461,0.6923076923076923,0.6666666666666666,0.0,1.0,0.6,0.0
video_c15,28,0,1826.4000244140625,1826.2667236328125,1P,0.0,no_fire_before_landing_interval,1828.4329833984375,1829.1669921875,139,13,0.8571428571428571,1826.2669677734375,0.9144736842105263,0.6153846153846154,0.46153846153846156,0.5384615384615384,0.0,1.0,0.11743158801982331,0.0
video_c15,29,1,1873.4000244140625,1873.1666259765625,2P,1.0,fire_before_landing_interval,1891.5670166015625,1893.7330322265625,202,96,0.9166666666666666,1871.5999755859375,0.6778523489932886,0.8461538461538461,0.5384615384615384,0.6666666666666666,0.05128205128205128,1.0,0.6428633708257041,0.0
video_c15,29,2,1880.7330322265625,1880.5999755859375,1P,0.0,no_fire_before_landing_interval,1889.7330322265625,1891.467041015625,466,18,0.8888888888888888,1880.300048828125,0.9628099173553719,0.7692307692307693,0.5384615384615384,0.46153846153846156,0.0,0.5,0.3021552091319533,0.0
video_c15,32,3,2072.76708984375,2072.5,1P,0.0,no_fire_before_landing_interval,2082.6669921875,2083.26708984375,883,6,0.8333333333333334,2071.1669921875,0.9932508436445444,0.9230769230769231,0.6153846153846154,0.7435897435897436,0.05128205128205128,1.0,0.6153990610328639,0.0
video_c15,35,2,2230.76708984375,2230.566650390625,2P,1.0,fire_before_landing_interval,2236.032958984375,2237.06689453125,199,10,0.8571428571428571,2229.93310546875,0.9521531100478469,1.0,0.6153846153846154,0.8461538461538461,0.02564102564102564,1.0,0.4547390841320554,0.0
video_c15,35,3,2234.3330078125,2234.066650390625,1P,0.0,no_fire_before_landing_interval,2234.60009765625,2236.56689453125,729,45,0.9,2233.199951171875,0.9418604651162791,1.0,0.6153846153846154,0.6923076923076923,0.0,1.0,0.5311891953759872,0.0
video_c15,38,2,2371.467041015625,2371.36669921875,2P,1.0,fire_before_landing_interval,2383.699951171875,2385.43310546875,82,5,0.8571428571428571,2369.89990234375,0.9425287356321839,1.0,0.5384615384615384,0.6410256410256411,0.0,1.0,0.6104612458392772,0.0
video_c15,38,3,2374.76708984375,2374.36669921875,1P,0.0,no_fire_before_landing_interval,2374.800048828125,2375.532958984375,139,17,0.875,2374.0,0.891025641025641,0.8461538461538461,0.46153846153846156,0.6153846153846154,0.0,1.0,0.4340978170765405,0.0
video_c15,39,4,2456.6669921875,2456.466552734375,1P,0.0,no_fire_before_landing_interval,2459.032958984375,2459.10009765625,128,7,0.8571428571428571,2456.60009765625,0.9481481481481482,0.9230769230769231,0.46153846153846156,0.46153846153846156,0.0,1.0,0.06270022883295194,0.0
video_c15,40,3,2564.699951171875,2564.300048828125,2P,1.0,fire_before_landing_interval,2591.26708984375,2594.76708984375,104,21,0.875,2563.800048828125,0.832,1.0,0.6153846153846154,0.8076923076923077,0.21794871794871795,1.0,0.47365715754304805,0.0
video_c15,40,4,2567.93310546875,2567.800048828125,1P,0.0,no_fire_before_landing_interval,2583.56689453125,2583.699951171875,301,5,0.8571428571428571,2567.3330078125,0.9836601307189542,0.8461538461538461,0.6923076923076923,0.7435897435897436,0.24358974358974358,0.0,0.3750381446444919,0.0
video_c15,42,4,2703.0,2702.86669921875,1P,0.0,no_fire_before_landing_interval,2703.43310546875,2704.699951171875,140,26,0.8888888888888888,2702.26708984375,0.8433734939759037,1.0,0.46153846153846156,0.5897435897435898,0.0,1.0,0.4229360383206537,0.0
video_c15,44,1,2824.10009765625,2824.066650390625,2P,0.0,no_fire_before_landing_interval,2831.76708984375,2832.60009765625,754,22,0.8888888888888888,2821.8330078125,0.9716494845360825,0.9230769230769231,0.6923076923076923,0.7051282051282052,0.0,1.0,0.6939172022119264,0.0
video_c15,47,0,2980.5,2980.36669921875,1P,1.0,fire_before_landing_interval,2993.866943359375,2994.467041015625,1302,1,0.8,2978.699951171875,0.9992325402916347,0.9230769230769231,0.6923076923076923,0.8461538461538461,0.0,1.0,0.6428633708257041,0.0
video_c15,49,0,3096.1669921875,3095.89990234375,2P,0.0,no_fire_before_landing_interval,3098.10009765625,3098.633056640625,1172,5,0.8333333333333334,3094.5,0.9957519116397621,0.9230769230769231,0.5384615384615384,0.8205128205128205,0.0,1.0,0.6250457707799341,0.0
video_c15,49,6,3158.300048828125,3158.166748046875,1P,0.0,no_fire_before_landing_interval,3159.3330078125,3159.60009765625,451,1,0.8,3158.032958984375,0.9977876106194691,0.9230769230769231,0.3076923076923077,0.6282051282051282,0.05128205128205128,1.0,0.21078998073217725,0.0
video_c15,54,1,3391.23291015625,3390.966552734375,2P,0.0,no_fire_before_landing_interval,3391.800048828125,3393.23291015625,200,7,0.8333333333333334,3388.800048828125,0.966183574879227,0.8461538461538461,0.8461538461538461,0.717948717948718,0.0,1.0,0.7086978166559988,0.0
video_c15,55,2,3441.39990234375,3441.2666015625,1P,0.0,no_fire_before_landing_interval,3444.532958984375,3444.89990234375,1175,1,0.8,3441.133056640625,0.9991496598639455,0.9230769230769231,0.6923076923076923,0.8333333333333334,0.02564102564102564,1.0,0.2106378878396608,0.0
video_c15,56,1,3482.93310546875,3482.800048828125,2P,1.0,fire_before_landing_interval,3501.300048828125,3503.133056640625,352,44,0.8888888888888888,3482.89990234375,0.8888888888888888,0.8461538461538461,0.3076923076923077,0.6025641025641025,0.0,1.0,0.03213610586011342,0.0
video_c15,57,0,3540.300048828125,3539.966552734375,2P,0.0,no_fire_before_landing_interval,3541.60009765625,3541.967041015625,292,10,0.8333333333333334,3536.699951171875,0.9668874172185431,0.8461538461538461,0.8461538461538461,0.7692307692307693,0.0,1.0,0.7826133106888865,0.0
video_c16,1,4,341.2330017089844,341.1000061035156,1P,0.0,no_fire_before_landing_interval,345.0,345.0329895019531,994,28,0.8571428571428571,339.8999938964844,0.9726027397260274,0.9230769230769231,0.8461538461538461,0.8333333333333334,0.10256410256410256,1.0,0.5713687735454165,0.0
video_c16,2,0,377.6000061035156,377.29998779296875,2P,0.0,no_fire_before_landing_interval,377.6000061035156,377.7669982910156,75,1,0.8,377.6000061035156,0.9868421052631579,0.9230769230769231,0.5384615384615384,0.7564102564102564,0.0,1.0,0.0,0.0
video_c16,4,1,512.4000244140625,512.2666625976562,2P,1.0,fire_before_landing_interval,514.1329956054688,515.1669921875,22,18,0.8571428571428571,506.9330139160156,0.55,0.8461538461538461,0.5384615384615384,0.5,0.0,1.0,0.8453690464393071,0.0
video_c16,6,4,668.5,668.4000244140625,2P,0.0,no_fire_before_landing_interval,668.6669921875,669.6329956054688,295,30,0.8888888888888888,668.4000244140625,0.9076923076923077,0.9230769230769231,0.38461538461538464,0.6794871794871795,0.0,1.0,0.09088891355010542,0.0
video_c16,6,5,675.6669921875,675.2999877929688,1P,0.0,no_fire_before_landing_interval,676.0330200195312,676.9669799804688,724,35,0.9,675.0,0.9538866930171278,0.9230769230769231,0.38461538461538464,0.8205128205128205,0.0641025641025641,0.0,0.4001171646162859,0.0
video_c16,8,1,801.7999877929688,801.6333618164062,2P,1.0,fire_before_landing_interval,807.9000244140625,809.2999877929688,455,23,0.8571428571428571,800.1329956054688,0.9518828451882845,0.7692307692307693,0.46153846153846156,0.6282051282051282,0.0,1.0,0.6250457707799341,0.0
video_c16,9,0,854.8670043945312,854.5999755859375,1P,0.0,no_fire_before_landing_interval,855.1669921875,856.7670288085938,139,85,0.9,852.7000122070312,0.6205357142857143,1.0,0.6153846153846154,0.8205128205128205,0.038461538461538464,1.0,0.6842429848905335,0.0
video_c16,10,3,945.1329956054688,944.7000122070312,2P,0.0,no_fire_before_landing_interval,945.2000122070312,945.2670288085938,168,1,0.8,944.9000244140625,0.9940828402366864,0.6923076923076923,0.6153846153846154,0.48717948717948717,0.02564102564102564,1.0,0.1889510420276224,0.0
video_c16,12,1,1018.1669921875,1017.2000122070312,2P,0.0,no_fire_before_landing_interval,1019.4329833984375,1019.8670043945312,124,2,0.75,1016.2329711914062,0.9841269841269841,0.6923076923076923,0.6923076923076923,0.6153846153846154,0.0,1.0,0.6591708098437727,0.0
video_c16,12,6,1035.7330322265625,1035.5999755859375,2P,1.0,fire_before_landing_interval,1046.5999755859375,1047.699951171875,352,42,0.9,1035.0670166015625,0.8934010152284264,0.9230769230769231,0.6153846153846154,0.6025641025641025,0.0641025641025641,1.0,0.39976553341148885,0.0
video_c16,16,0,1275.133056640625,1274.9000244140625,1P,0.0,no_fire_before_landing_interval,1275.2669677734375,1275.9329833984375,582,41,0.8333333333333334,1274.967041015625,0.9341894060995185,0.9230769230769231,0.46153846153846156,0.6794871794871795,0.0,1.0,0.1423785594639866,0.0
video_c16,17,0,1358.9000244140625,1358.7667236328125,2P,1.0,fire_before_landing_interval,1363.199951171875,1364.133056640625,104,4,0.8,1357.633056640625,0.9629629629629629,0.8461538461538461,0.0,0.6282051282051282,0.0,1.0,0.5588821280491089,0.0
video_c16,25,6,1885.4329833984375,1885.2667236328125,1P,0.0,no_fire_before_landing_interval,1885.7669677734375,1886.866943359375,402,2,0.8,1884.1669921875,0.995049504950495,1.0,0.5384615384615384,0.782051282051282,0.0641025641025641,1.0,0.5586920217637236,0.0
video_c16,25,9,1905.7330322265625,1905.5999755859375,2P,1.0,fire_before_landing_interval,1915.532958984375,1916.5999755859375,323,131,0.9285714285714286,1905.5999755859375,0.711453744493392,0.9230769230769231,0.46153846153846156,0.7307692307692307,0.02564102564102564,1.0,0.11743158801982331,0.0
video_c16,26,0,1946.9329833984375,1946.7667236328125,1P,0.0,no_fire_before_landing_interval,1954.8330078125,1956.633056640625,85,18,0.8571428571428571,1945.7330322265625,0.8252427184466019,0.7692307692307693,0.6923076923076923,0.5641025641025641,0.0,0.0,0.5454444567750527,0.0
video_c16,28,3,2142.699951171875,2142.566650390625,1P,0.0,no_fire_before_landing_interval,2143.5,2144.133056640625,302,8,0.8571428571428571,2141.73291015625,0.9741935483870968,0.7692307692307693,0.7692307692307693,0.7307692307692307,0.0,1.0,0.4916221918828348,0.0
video_c16,29,1,2183.199951171875,2183.066650390625,2P,1.0,fire_before_landing_interval,2197.300048828125,2198.60009765625,268,22,0.8888888888888888,2181.366943359375,0.9241379310344827,0.7692307692307693,0.46153846153846156,0.46153846153846156,0.0,1.0,0.64701826956222,0.0
video_c16,30,2,2247.76708984375,2246.800048828125,2P,0.0,no_fire_before_landing_interval,2248.93310546875,2249.6669921875,41,13,0.8,2247.76708984375,0.7592592592592593,0.6153846153846154,0.23076923076923078,0.5128205128205128,0.05128205128205128,1.0,0.0,0.0
video_c16,35,3,2542.60009765625,2542.466552734375,1P,0.0,no_fire_before_landing_interval,2555.60009765625,2557.133056640625,660,155,0.9285714285714286,2540.5,0.8098159509202454,0.9230769230769231,0.5384615384615384,0.7307692307692307,0.01282051282051282,1.0,0.677429516459285,0.0
video_c16,39,0,2698.133056640625,2697.86669921875,1P,0.0,no_fire_before_landing_interval,2698.3330078125,2699.967041015625,235,10,0.8,2698.10009765625,0.9591836734693877,0.6923076923076923,0.3076923076923077,0.5128205128205128,0.0,1.0,0.0319073505081541,0.0
video_c16,43,1,2906.199951171875,2905.966552734375,1P,0.0,no_fire_before_landing_interval,2906.39990234375,2907.866943359375,65,10,0.8333333333333334,2905.06689453125,0.8666666666666667,0.7692307692307693,0.15384615384615385,0.32051282051282054,0.0,1.0,0.5311891953759872,0.0
video_c16,45,3,3006.300048828125,3006.166748046875,1P,0.0,no_fire_before_landing_interval,3011.89990234375,3012.032958984375,1549,168,0.9285714285714286,3003.73291015625,0.9021549213744904,1.0,0.6923076923076923,0.8461538461538461,0.038461538461538464,1.0,0.7196632674012731,0.0
video_c16,48,0,3155.633056640625,3155.5,2P,1.0,fire_before_landing_interval,3163.6669921875,3164.800048828125,33,20,0.8571428571428571,3155.60009765625,0.6226415094339622,0.7692307692307693,0.38461538461538464,0.5,0.0,1.0,0.0319073505081541,0.0
video_c17,0,3,153.0330047607422,152.89999389648438,2P,0.0,no_fire_before_landing_interval,153.83299255371094,154.1999969482422,1086,16,0.8571428571428571,152.39999389648438,0.985480943738657,1.0,0.6153846153846154,0.7948717948717948,0.0,1.0,0.3876342026331281,0.0
video_c17,1,4,265.2669982910156,264.6000061035156,1P,1.0,fire_before_landing_interval,285.8999938964844,295.2330017089844,454,44,0.9,263.70001220703125,0.9116465863453815,0.8461538461538461,0.46153846153846156,0.6410256410256411,0.01282051282051282,1.0,0.6104380907091482,0.0
video_c17,1,5,276.2330017089844,275.79998779296875,2P,0.0,no_fire_before_landing_interval,296.9670104980469,297.63299560546875,762,295,0.9285714285714286,274.4330139160156,0.7209082308420057,0.9230769230769231,0.6923076923076923,0.6410256410256411,0.0,1.0,0.6428555858310627,0.0
video_c17,2,0,326.63299560546875,326.5666809082031,1P,0.0,no_fire_before_landing_interval,326.63299560546875,327.3999938964844,79,1,0.8,326.63299560546875,0.9875,0.6923076923076923,0.6923076923076923,0.6153846153846154,0.0,1.0,0.0,0.0
video_c17,4,0,406.5,406.3999938964844,2P,0.0,no_fire_before_landing_interval,406.9670104980469,409.2669982910156,870,10,0.8571428571428571,405.0669860839844,0.9886363636363636,0.9230769230769231,0.6923076923076923,0.7435897435897436,0.0,0.0,0.5889871433051114,0.0
video_c17,5,0,458.13299560546875,458.0,1P,1.0,fire_before_landing_interval,488.4330139160156,489.3330078125,161,73,0.9,456.9330139160156,0.688034188034188,0.9230769230769231,0.7692307692307693,0.8333333333333334,0.0641025641025641,1.0,0.545450762252216,0.0
video_c17,6,0,537.1669921875,537.0,2P,1.0,fire_before_landing_interval,547.2329711914062,551.3330078125,427,2,0.8,536.0999755859375,0.9953379953379954,1.0,0.6923076923076923,0.8846153846153846,0.05128205128205128,1.0,0.5162109490344298,0.0
video_c17,9,2,693.2329711914062,693.066650390625,1P,0.0,no_fire_before_landing_interval,704.7670288085938,706.4000244140625,102,26,0.8888888888888888,690.2000122070312,0.7968749999999999,0.6153846153846154,0.38461538461538464,0.46153846153846156,0.0,1.0,0.7520431018826805,0.0
video_c17,12,0,878.0330200195312,877.2999877929688,2P,1.0,fire_before_landing_interval,885.5670166015625,886.3330078125,117,2,0.75,875.6329956054688,0.9831932773109243,0.7692307692307693,0.6153846153846154,0.6153846153846154,0.0,1.0,0.7058844648691344,0.0
video_c17,13,2,923.6669921875,923.4666748046875,2P,0.0,no_fire_before_landing_interval,923.6669921875,924.0,94,1,0.8,923.6669921875,0.9894736842105263,0.8461538461538461,0.7692307692307693,0.6794871794871795,0.0641025641025641,1.0,0.0,0.0
video_c17,15,2,1024.6669921875,1024.4000244140625,1P,0.0,no_fire_before_landing_interval,1024.699951171875,1025.699951171875,229,2,0.8,1024.5670166015625,0.9913419913419913,0.6923076923076923,0.6923076923076923,0.6666666666666666,0.0,1.0,0.09088891355010542,0.0
video_c17,19,2,1239.532958984375,1239.36669921875,1P,0.0,no_fire_before_landing_interval,1239.633056640625,1240.199951171875,32,32,0.9,1239.5,0.5,0.7692307692307693,0.6153846153846154,0.5897435897435898,0.20512820512820512,1.0,0.0319073505081541,0.0
video_c17,20,1,1278.8330078125,1278.699951171875,1P,0.0,no_fire_before_landing_interval,1279.300048828125,1279.3330078125,316,32,0.9,1278.467041015625,0.9080459770114943,0.9230769230769231,0.6153846153846154,0.7948717948717948,0.0,1.0,0.2679177837354781,0.0
video_c17,21,3,1353.800048828125,1352.9666748046875,2P,0.0,no_fire_before_landing_interval,1355.0999755859375,1356.4000244140625,134,32,0.8888888888888888,1352.5670166015625,0.8072289156626506,0.7692307692307693,0.7692307692307693,0.41025641025641024,0.01282051282051282,0.0,0.5521784289072322,0.0
video_c17,27,1,1667.0999755859375,1666.9000244140625,1P,0.0,no_fire_before_landing_interval,1676.366943359375,1677.9329833984375,374,41,0.9,1665.633056640625,0.9012048192771084,0.9230769230769231,0.6153846153846154,0.6666666666666666,0.0,1.0,0.5946360532436044,0.0
video_c17,29,2,1794.3330078125,1793.800048828125,2P,0.0,no_fire_before_landing_interval,1794.532958984375,1796.4329833984375,119,1,0.75,1794.2330322265625,0.9916666666666667,0.8461538461538461,0.5384615384615384,0.6025641025641025,0.05128205128205128,1.0,0.09088891355010542,0.0
video_c17,29,4,1820.8330078125,1820.699951171875,2P,1.0,fire_before_landing_interval,1828.9329833984375,1829.8330078125,218,39,0.8888888888888888,1817.6669921875,0.8482490272373541,0.9230769230769231,0.38461538461538464,0.5769230769230769,0.02564102564102564,1.0,0.7599624941397093,0.0
video_c17,37,0,2310.10009765625,2309.86669921875,1P,0.0,no_fire_before_landing_interval,2310.76708984375,2311.73291015625,333,2,0.8,2309.300048828125,0.9940298507462687,1.0,0.7692307692307693,0.8717948717948718,0.0,0.0,0.44445951444459514,0.0
video_c17,37,1,2318.89990234375,2318.566650390625,2P,1.0,fire_before_landing_interval,2326.10009765625,2326.5,922,5,0.8333333333333334,2318.800048828125,0.9946062567421791,1.0,0.7692307692307693,0.8461538461538461,0.0,1.0,0.09078801331853496,0.0
video_c17,43,1,2701.133056640625,2701.0,2P,0.0,no_fire_before_landing_interval,2701.467041015625,2701.866943359375,118,5,0.8571428571428571,2699.467041015625,0.959349593495935,0.9230769230769231,0.5384615384615384,0.6794871794871795,0.0,1.0,0.6249084249084249,0.0
video_c18,0,3,217.16700744628906,217.0,2P,0.0,no_fire_before_landing_interval,218.5,218.5330047607422,32,20,0.8888888888888888,215.73300170898438,0.6153846153846154,1.0,0.46153846153846156,0.6923076923076923,0.01282051282051282,0.0,0.5891546249569006,0.0
video_c18,2,5,408.3999938964844,407.4666748046875,2P,0.0,no_fire_before_landing_interval,425.5,427.6000061035156,408,10,0.8333333333333334,406.7669982910156,0.9760765550239234,0.8461538461538461,0.6923076923076923,0.7435897435897436,0.05128205128205128,1.0,0.6202044553652147,0.0
video_c18,11,7,970.8670043945312,970.5999755859375,2P,0.0,no_fire_before_landing_interval,971.0670166015625,972.0670166015625,42,1,0.8,969.2670288085938,0.9767441860465116,0.46153846153846156,0.38461538461538464,0.34615384615384615,0.0,1.0,0.6153810038029954,0.0
video_c18,12,0,1045.1669921875,1044.9666748046875,2P,0.0,no_fire_before_landing_interval,1052.532958984375,1052.967041015625,396,15,0.875,1042.699951171875,0.9635036496350365,0.9230769230769231,0.6923076923076923,0.8461538461538461,0.11538461538461539,1.0,0.7115696077741004,0.0
video_c18,13,1,1116.4329833984375,1116.2667236328125,2P,0.0,no_fire_before_landing_interval,1124.532958984375,1125.7669677734375,96,30,0.8571428571428571,1115.4000244140625,0.7619047619047619,0.8461538461538461,0.7692307692307693,0.7307692307692307,0.038461538461538464,1.0,0.5081061606821184,0.0
video_c18,15,1,1216.0670166015625,1215.9000244140625,2P,0.0,no_fire_before_landing_interval,1216.7330322265625,1217.0,23,14,0.8888888888888888,1216.032958984375,0.6216216216216216,0.6153846153846154,0.46153846153846156,0.38461538461538464,0.0,1.0,0.032935898949356626,0.0
video_c18,22,0,1646.9000244140625,1646.86669921875,1P,0.0,no_fire_before_landing_interval,1651.5999755859375,1652.5670166015625,178,1,0.8,1646.2330322265625,0.994413407821229,1.0,0.6153846153846154,0.717948717948718,0.0,1.0,0.4001171646162859,0.0
video_c18,26,0,1881.0999755859375,1881.0,2P,0.0,no_fire_before_landing_interval,1882.0999755859375,1882.7669677734375,1331,1,0.8,1881.0,0.9992492492492493,1.0,0.5384615384615384,0.8333333333333334,0.0,1.0,0.09088891355010542,0.0
video_c18,27,2,1971.633056640625,1971.5,1P,0.0,no_fire_before_landing_interval,1972.5,1977.366943359375,43,26,0.8888888888888888,1970.800048828125,0.6231884057971014,0.9230769230769231,0.6153846153846154,0.6794871794871795,0.02564102564102564,1.0,0.45444858817261585,0.0
video_c18,30,3,2181.06689453125,2180.966552734375,1P,0.0,no_fire_before_landing_interval,2193.5,2193.76708984375,19,6,0.8571428571428571,2180.133056640625,0.7600000000000001,0.5384615384615384,0.46153846153846156,0.34615384615384615,0.0,1.0,0.48289357404368133,0.0
video_c18,31,0,2282.366943359375,2282.066650390625,1P,0.0,no_fire_before_landing_interval,2285.300048828125,2285.633056640625,19,2,0.8,2282.26708984375,0.9047619047619048,0.9230769230769231,0.8461538461538461,0.7692307692307693,0.0,1.0,0.09078801331853496,0.0
video_c18,31,2,2334.633056640625,2334.566650390625,2P,0.0,no_fire_before_landing_interval,2335.967041015625,2338.5,612,2,0.8,2334.1669921875,0.996742671009772,0.9230769230769231,0.6923076923076923,0.7051282051282052,0.038461538461538464,1.0,0.31790174854288095,0.0
video_c18,36,0,2591.032958984375,2590.89990234375,2P,1.0,fire_before_landing_interval,2592.10009765625,2594.93310546875,149,29,0.8571428571428571,2589.3330078125,0.8370786516853933,1.0,0.6923076923076923,0.6282051282051282,0.0,1.0,0.6296229315489646,0.0
video_c18,37,0,2645.1669921875,2644.89990234375,1P,0.0,no_fire_before_landing_interval,2649.93310546875,2650.60009765625,182,26,0.875,2644.76708984375,0.875,0.6153846153846154,0.6153846153846154,0.6025641025641025,0.0,1.0,0.28566445762120685,0.0
video_c18,37,1,2665.26708984375,2665.0,2P,0.0,no_fire_before_landing_interval,2667.3330078125,2668.6669921875,287,77,0.9,2661.56689453125,0.7884615384615385,0.9230769230769231,0.6923076923076923,0.782051282051282,0.0,1.0,0.7872428838562228,0.0
video_c18,38,0,2735.5,2735.36669921875,1P,0.0,no_fire_before_landing_interval,2739.93310546875,2741.300048828125,168,5,0.8571428571428571,2735.5,0.9710982658959537,0.9230769230769231,0.6153846153846154,0.5384615384615384,0.0,1.0,0.0,0.0
video_c18,45,5,3284.532958984375,3284.5,2P,1.0,fire_before_landing_interval,3294.73291015625,3295.60009765625,378,4,0.8,3283.133056640625,0.9895287958115183,0.8461538461538461,0.6153846153846154,0.6666666666666666,0.0,1.0,0.5833163784333673,0.0
video_c18,46,11,3400.93310546875,3400.800048828125,2P,1.0,fire_before_landing_interval,3406.56689453125,3406.800048828125,75,1,0.8,3399.366943359375,0.9868421052631579,0.6923076923076923,0.38461538461538464,0.3333333333333333,0.0,1.0,0.6103130054228904,0.0
video_c19,5,2,519.0330200195312,518.7999877929688,2P,0.0,no_fire_before_landing_interval,520.6329956054688,521.6669921875,360,22,0.8333333333333334,518.9329833984375,0.9424083769633508,0.9230769230769231,0.7692307692307693,0.7051282051282052,0.02564102564102564,1.0,0.09093935526826832,0.0
video_c19,6,0,552.7670288085938,552.566650390625,2P,0.0,no_fire_before_landing_interval,552.7999877929688,559.8670043945312,42,38,0.875,552.5670166015625,0.525,0.8461538461538461,0.8461538461538461,0.6282051282051282,0.0,1.0,0.1666751436854687,0.0
video_c19,8,2,681.0999755859375,680.566650390625,2P,1.0,fire_before_landing_interval,687.7000122070312,688.8330078125,180,117,0.9166666666666666,678.2329711914062,0.6060606060606061,0.6153846153846154,0.46153846153846156,0.4358974358974359,0.01282051282051282,1.0,0.7414018971857884,0.0
video_c19,10,2,842.3330078125,842.2000122070312,2P,0.0,no_fire_before_landing_interval,842.3330078125,843.1669921875,92,16,0.8888888888888888,842.3330078125,0.8518518518518519,0.9230769230769231,0.8461538461538461,0.8076923076923077,0.1794871794871795,1.0,0.0,0.0
video_c19,14,1,1061.366943359375,1061.2667236328125,2P,0.0,no_fire_before_landing_interval,1062.5670166015625,1062.8330078125,207,15,0.8571428571428571,1058.032958984375,0.9324324324324325,0.9230769230769231,0.6923076923076923,0.8846153846153846,0.2564102564102564,1.0,0.7692654348805769,0.0
video_c19,16,1,1153.9329833984375,1153.699951171875,1P,1.0,fire_before_landing_interval,1156.8330078125,1157.0999755859375,650,4,0.8,1152.9329833984375,0.9938837920489296,0.9230769230769231,0.6153846153846154,0.8076923076923077,0.038461538461538464,1.0,0.5,0.0
video_c19,21,1,1427.9329833984375,1427.800048828125,2P,0.0,no_fire_before_landing_interval,1430.032958984375,1430.2330322265625,726,37,0.8888888888888888,1423.199951171875,0.9515072083879423,0.9230769230769231,0.6153846153846154,0.7564102564102564,0.038461538461538464,1.0,0.8255722346428191,0.0
video_c19,24,2,1604.300048828125,1604.0999755859375,2P,0.0,no_fire_before_landing_interval,1605.032958984375,1605.0670166015625,396,6,0.8571428571428571,1603.2669677734375,0.9850746268656716,0.9230769230769231,0.6923076923076923,0.8205128205128205,0.05128205128205128,1.0,0.5081356949864906,0.0
video_c19,26,1,1685.6669921875,1685.4000244140625,1P,1.0,fire_before_landing_interval,1696.133056640625,1696.6669921875,850,1,0.8,1685.6669921875,0.9988249118683902,0.9230769230769231,0.6923076923076923,0.7435897435897436,0.0,1.0,0.0,0.0
video_c19,27,1,1754.300048828125,1754.1666259765625,1P,0.0,no_fire_before_landing_interval,1755.8330078125,1756.7330322265625,155,36,0.9,1751.9329833984375,0.8115183246073299,0.5384615384615384,0.38461538461538464,0.41025641025641024,0.0,1.0,0.7030054743863974,0.0
video_c19,27,2,1771.9329833984375,1771.6666259765625,2P,0.0,no_fire_before_landing_interval,1776.467041015625,1777.366943359375,548,6,0.8333333333333334,1771.032958984375,0.9891696750902527,0.9230769230769231,0.38461538461538464,0.6538461538461539,0.0,1.0,0.47369097333761645,0.0
video_c19,27,6,1805.3330078125,1805.0999755859375,2P,0.0,no_fire_before_landing_interval,1805.967041015625,1806.3330078125,145,5,0.8333333333333334,1804.0670166015625,0.9666666666666667,1.0,0.6923076923076923,0.6923076923076923,0.0,1.0,0.5586920217637236,0.0
video_c19,31,0,2013.300048828125,2013.199951171875,2P,0.0,no_fire_before_landing_interval,2013.300048828125,2014.4000244140625,604,2,0.8,2013.300048828125,0.9966996699669967,0.7692307692307693,0.46153846153846156,0.6410256410256411,0.0,1.0,0.0,0.0
video_c19,31,1,2022.4329833984375,2022.300048828125,2P,1.0,fire_before_landing_interval,2046.1669921875,2046.9329833984375,877,242,0.9375,2021.1669921875,0.7837354781054513,0.9230769230769231,0.6923076923076923,0.7435897435897436,0.07692307692307693,1.0,0.5586920217637236,0.0
video_c19,35,1,2271.6669921875,2271.566650390625,2P,0.0,no_fire_before_landing_interval,2276.967041015625,2277.23291015625,55,3,0.8,2269.8330078125,0.9482758620689655,1.0,0.8461538461538461,0.8846153846153846,0.0641025641025641,1.0,0.6471399035148173,0.0
video_c19,41,0,2562.532958984375,2562.39990234375,1P,0.0,no_fire_before_landing_interval,2563.60009765625,2564.6669921875,316,20,0.8571428571428571,2561.300048828125,0.9404761904761905,0.7692307692307693,0.3076923076923077,0.48717948717948717,0.0,1.0,0.552153947080691,0.0
video_c19,43,0,2670.199951171875,2670.066650390625,2P,1.0,fire_before_landing_interval,2676.032958984375,2676.73291015625,35,12,0.8571428571428571,2669.800048828125,0.7446808510638298,0.6153846153846154,0.3076923076923077,0.32051282051282054,0.0,1.0,0.28566445762120685,0.0
video_c19,43,1,2674.6669921875,2674.5,1P,0.0,no_fire_before_landing_interval,2674.6669921875,2675.26708984375,11,10,0.8571428571428571,2674.6669921875,0.5238095238095238,0.8461538461538461,0.6153846153846154,0.717948717948718,0.21794871794871795,1.0,0.0,0.0
video_c19,44,0,2707.10009765625,2706.966552734375,2P,0.0,no_fire_before_landing_interval,2708.06689453125,2708.5,246,7,0.8571428571428571,2705.56689453125,0.9723320158102767,1.0,0.6153846153846154,0.6666666666666666,0.0,1.0,0.605242868157286,0.0
video_c2,2,3,348.20001220703125,348.066650390625,2P,0.0,no_fire_before_landing_interval,348.6000061035156,349.1669921875,38,16,0.8888888888888888,347.9670104980469,0.7037037037037037,0.6153846153846154,0.3076923076923077,0.358974358974359,0.0,1.0,0.18897111600623717,0.0
video_c2,11,0,871.2999877929688,870.6665649414062,1P,0.0,no_fire_before_landing_interval,871.5,872.7000122070312,77,13,0.8333333333333334,871.0999755859375,0.8555555555555555,0.9230769230769231,0.0,0.5641025641025641,0.0,1.0,0.1666751436854687,0.0
video_c2,12,1,908.7999877929688,908.6998901367188,2P,0.0,no_fire_before_landing_interval,911.2000122070312,911.4000244140625,332,5,0.8571428571428571,905.9000244140625,0.9851632047477745,0.7692307692307693,0.46153846153846156,0.6666666666666666,0.0,0.0,0.7435873358686637,0.0
video_c2,14,2,1021.3670043945312,1021.1998901367188,2P,1.0,fire_before_landing_interval,1022.9669799804688,1023.6329956054688,24,2,0.8,1021.2329711914062,0.9230769230769231,0.9230769230769231,0.6153846153846154,0.7948717948717948,0.0,1.0,0.11819160387513455,0.0
video_c2,14,8,1053.0,1052.1666259765625,2P,0.0,no_fire_before_landing_interval,1053.800048828125,1055.032958984375,65,58,0.8888888888888888,1052.3330078125,0.5284552845528455,0.6923076923076923,0.15384615384615385,0.32051282051282054,0.0,1.0,0.4001171646162859,0.0
video_c2,19,5,1285.7330322265625,1285.466552734375,1P,0.0,no_fire_before_landing_interval,1285.8330078125,1288.032958984375,97,82,0.9166666666666666,1285.7330322265625,0.5418994413407822,0.9230769230769231,0.5384615384615384,0.5,0.0,1.0,0.0,0.0
video_c2,28,0,1777.199951171875,1777.0665283203125,1P,1.0,fire_before_landing_interval,1780.800048828125,1782.199951171875,141,11,0.8,1776.4000244140625,0.9276315789473685,0.9230769230769231,0.6153846153846154,0.7435897435897436,0.0,1.0,0.4444218379111563,0.0
video_c2,31,5,1976.133056640625,1975.9998779296875,1P,0.0,no_fire_before_landing_interval,1980.8330078125,1981.699951171875,143,92,0.9166666666666666,1976.133056640625,0.6085106382978723,0.9230769230769231,0.5384615384615384,0.5897435897435898,0.038461538461538464,1.0,0.0,0.0
video_c2,40,2,2518.06591796875,2517.899658203125,2P,0.0,no_fire_before_landing_interval,2518.666015625,2519.365966796875,38,14,0.8888888888888888,2516.76611328125,0.7307692307692307,0.9230769230769231,0.38461538461538464,0.5,0.0,1.0,0.5651804670912951,0.0
video_c2,43,1,2703.633056640625,2703.43310546875,1P,0.0,no_fire_before_landing_interval,2704.032958984375,2705.300048828125,20,20,0.8571428571428571,2703.365966796875,0.5,0.5384615384615384,0.23076923076923078,0.34615384615384615,0.0,1.0,0.21078998073217725,0.0
video_c2,44,4,2802.10009765625,2801.899658203125,2P,0.0,no_fire_before_landing_interval,2802.199951171875,2802.466064453125,189,6,0.8,2800.300048828125,0.9692307692307692,0.9230769230769231,0.8461538461538461,0.8846153846153846,0.038461538461538464,1.0,0.6428633708257041,0.0
video_c2,48,0,3017.23291015625,3016.999755859375,1P,0.0,no_fire_before_landing_interval,3017.23291015625,3017.865966796875,165,3,0.8,3017.23291015625,0.9821428571428571,0.7692307692307693,0.46153846153846156,0.48717948717948717,0.0,1.0,0.0,0.0
video_c2,53,0,3377.532958984375,3377.23291015625,1P,0.0,no_fire_before_landing_interval,3388.8330078125,3390.43310546875,10,7,0.8333333333333334,3374.466064453125,0.588235294117647,0.23076923076923078,0.15384615384615385,0.11538461538461539,0.0,1.0,0.7541121383119223,0.0
video_c20,5,5,484.5329895019531,484.36651611328125,1P,1.0,fire_before_landing_interval,505.5,505.8999938964844,881,118,0.9166666666666666,481.20001220703125,0.8818818818818819,0.9230769230769231,0.7692307692307693,0.782051282051282,0.0,1.0,0.7692118070473226,0.0
video_c20,7,3,599.5,599.099853515625,2P,0.0,no_fire_before_landing_interval,600.0999755859375,600.3660278320312,131,10,0.8333333333333334,599.4000244140625,0.9290780141843972,0.6153846153846154,0.23076923076923078,0.3717948717948718,0.0,1.0,0.09088891355010542,0.0
video_c20,8,2,707.0330200195312,706.8997802734375,1P,0.0,no_fire_before_landing_interval,712.1329956054688,712.5,753,51,0.9,705.9329833984375,0.9365671641791045,0.9230769230769231,0.8461538461538461,0.7051282051282052,0.0,1.0,0.5238178277676054,0.0
video_c20,21,4,1433.9000244140625,1433.532958984375,1P,0.0,no_fire_before_landing_interval,1447.4000244140625,1448.133056640625,164,11,0.8333333333333334,1433.699951171875,0.9371428571428572,0.8461538461538461,0.46153846153846156,0.6153846153846154,0.01282051282051282,1.0,0.1667175261926559,0.0
video_c20,26,0,1702.3330078125,1702.199462890625,1P,0.0,no_fire_before_landing_interval,1702.4659423828125,1706.2330322265625,74,22,0.8888888888888888,1701.5660400390625,0.7708333333333334,1.0,0.5384615384615384,0.6923076923076923,0.0,0.0,0.4340587219343696,0.0
video_c20,27,0,1744.7989501953125,1744.432861328125,1P,0.0,no_fire_before_landing_interval,1747.0989990234375,1748.5989990234375,1291,17,0.8333333333333334,1743.3330078125,0.9870030581039755,0.9230769230769231,0.8461538461538461,0.8205128205128205,0.0,1.0,0.5944755210138112,0.0
video_c20,33,4,2078.032958984375,2077.732666015625,2P,1.0,fire_before_landing_interval,2082.23291015625,2082.799072265625,97,2,0.8,2076.032958984375,0.9797979797979798,0.7692307692307693,0.6923076923076923,0.44871794871794873,0.0,1.0,0.6666666666666666,0.0
video_c20,36,0,2231.43310546875,2231.332763671875,2P,0.0,no_fire_before_landing_interval,2231.633056640625,2232.26611328125,197,4,0.8,2230.365966796875,0.9800995024875622,0.9230769230769231,0.6153846153846154,0.6538461538461539,0.0,1.0,0.5162395181292075,0.0
video_c20,40,0,2424.299072265625,2423.9326171875,1P,0.0,no_fire_before_landing_interval,2424.299072265625,2424.8330078125,8,7,0.8333333333333334,2424.299072265625,0.5333333333333333,0.38461538461538464,0.07692307692307693,0.23076923076923078,0.0,1.0,0.0,0.0
video_c20,42,0,2517.198974609375,2517.06591796875,2P,1.0,fire_before_landing_interval,2534.365966796875,2535.23291015625,1015,20,0.8571428571428571,2516.09912109375,0.9806763285024155,0.9230769230769231,0.5384615384615384,0.717948717948718,0.0,1.0,0.5237763050808045,0.0
video_c20,46,0,2662.06591796875,2661.83251953125,2P,0.0,no_fire_before_landing_interval,2663.032958984375,2663.299072265625,32,4,0.8,2661.06591796875,0.8888888888888888,0.3076923076923077,0.3076923076923077,0.15384615384615385,0.0,1.0,0.5,0.0
video_c20,49,4,2818.166015625,2818.032470703125,2P,0.0,no_fire_before_landing_interval,2818.799072265625,2819.666015625,594,376,0.9444444444444444,2817.799072265625,0.6123711340206186,0.9230769230769231,0.6923076923076923,0.7564102564102564,0.01282051282051282,0.25,0.2684407929987498,0.0
video_c20,50,0,2863.166015625,2862.9658203125,1P,1.0,fire_before_landing_interval,2883.532958984375,2884.39892578125,646,40,0.875,2861.466064453125,0.9416909620991254,0.9230769230769231,0.6923076923076923,0.8076923076923077,0.0,1.0,0.6296229315489646,0.0
video_c21,0,6,180.23300170898438,180.09996032714844,2P,0.0,no_fire_before_landing_interval,182.1999969482422,183.33299255371094,30,30,0.8571428571428571,179.6999969482422,0.5,0.6923076923076923,0.0,0.24358974358974358,0.0,1.0,0.3476863049558562,0.0
video_c21,1,0,212.0330047607422,211.8999481201172,1P,0.0,no_fire_before_landing_interval,213.10000610351562,213.66700744628906,26,22,0.8888888888888888,211.93299865722656,0.5416666666666667,0.6153846153846154,0.6153846153846154,0.5,0.0,1.0,0.09091413510889167,0.0
video_c21,1,1,229.5,228.89993286132812,1P,1.0,fire_before_landing_interval,247.0330047607422,247.89999389648438,270,2,0.75,228.76699829101562,0.9926470588235294,0.9230769230769231,0.7692307692307693,0.7051282051282052,0.0,1.0,0.4229665240283868,0.0
video_c21,3,2,348.79998779296875,348.56658935546875,1P,0.0,no_fire_before_landing_interval,349.0669860839844,349.7669982910156,271,7,0.8333333333333334,348.2669982910156,0.9748201438848921,0.7692307692307693,0.7692307692307693,0.6794871794871795,0.0,1.0,0.3476798120757271,0.0
video_c21,4,8,442.5329895019531,442.26654052734375,1P,0.0,no_fire_before_landing_interval,447.63299560546875,448.3330078125,189,17,0.8333333333333334,440.5,0.9174757281553398,1.0,0.6923076923076923,0.6538461538461539,0.08974358974358974,1.0,0.6702922976304271,0.0
video_c21,5,1,512.7000122070312,512.599853515625,2P,0.0,no_fire_before_landing_interval,513.4000244140625,513.5670166015625,227,1,0.8,512.4669799804688,0.9956140350877193,0.6153846153846154,0.38461538461538464,0.47435897435897434,0.038461538461538464,1.0,0.188991188991189,0.0
video_c21,6,1,559.4000244140625,558.9998779296875,2P,1.0,fire_before_landing_interval,581.7670288085938,589.4329833984375,36,12,0.8333333333333334,557.7000122070312,0.75,0.5384615384615384,0.46153846153846156,0.3974358974358974,0.0,1.0,0.6296313041119425,0.0
video_c21,11,1,875.4329833984375,875.3997802734375,2P,0.0,no_fire_before_landing_interval,888.0999755859375,888.4329833984375,41,32,0.9090909090909091,874.5,0.5616438356164384,0.6153846153846154,0.0,0.20512820512820512,0.0,1.0,0.482664982633407,0.0
video_c21,11,3,925.2000122070312,924.2997436523438,2P,0.0,no_fire_before_landing_interval,926.5330200195312,927.5659790039062,1099,1,0.75,923.5330200195312,0.9990909090909091,0.9230769230769231,0.6153846153846154,0.7692307692307693,0.0,1.0,0.6250457707799341,0.0
video_c21,12,6,1055.2659912109375,1054.999755859375,2P,0.0,no_fire_before_landing_interval,1056.0999755859375,1060.4329833984375,207,32,0.875,1053.666015625,0.8661087866108786,0.9230769230769231,0.6153846153846154,0.7051282051282052,0.0641025641025641,1.0,0.6153810038029954,0.0
video_c21,12,7,1065.0999755859375,1064.7330322265625,1P,1.0,fire_before_landing_interval,1067.3330078125,1068.532958984375,193,17,0.8333333333333334,1063.666015625,0.919047619047619,0.8461538461538461,0.6153846153846154,0.7564102564102564,0.02564102564102564,1.0,0.589146898039019,0.0
video_c21,20,3,1547.800048828125,1547.532958984375,1P,0.0,no_fire_before_landing_interval,1548.699951171875,1549.166015625,111,1,0.8,1547.666015625,0.9910714285714286,0.7692307692307693,0.5384615384615384,0.6538461538461539,0.02564102564102564,1.0,0.11819160387513455,0.0
video_c21,20,7,1597.133056640625,1596.9996337890625,1P,0.0,no_fire_before_landing_interval,1599.0,1599.133056640625,264,5,0.8571428571428571,1596.300048828125,0.9814126394052045,0.6153846153846154,0.46153846153846156,0.5,0.0,1.0,0.45444858817261585,0.0
video_c21,37,5,2575.666015625,2575.53271484375,2P,0.0,no_fire_before_landing_interval,2579.26611328125,2579.73291015625,32,1,0.8,2574.89892578125,0.9696969696969697,0.38461538461538464,0.38461538461538464,0.2948717948717949,0.0,1.0,0.4340978170765405,0.0
video_c21,40,2,2763.76611328125,2761.466064453125,2P,0.0,no_fire_before_landing_interval,2765.56591796875,2766.166015625,751,19,0.8333333333333334,2763.59912109375,0.9753246753246754,0.9230769230769231,0.7692307692307693,0.8333333333333334,0.0641025641025641,1.0,0.14309623430962343,0.0
video_c21,41,0,2850.198974609375,2850.06591796875,2P,0.0,no_fire_before_landing_interval,2850.59912109375,2851.43310546875,1026,42,0.8888888888888888,2849.9990234375,0.9606741573033708,0.9230769230769231,0.5384615384615384,0.7948717948717948,0.02564102564102564,1.0,0.16663275686673448,0.0
video_c21,44,1,3049.43310546875,3049.232421875,1P,0.0,no_fire_before_landing_interval,3079.89892578125,3080.56591796875,822,93,0.9166666666666666,3047.966064453125,0.898360655737705,0.9230769230769231,0.7692307692307693,0.7948717948717948,0.038461538461538464,1.0,0.5946561108362197,0.0
video_c21,45,1,3113.56591796875,3113.4326171875,2P,0.0,no_fire_before_landing_interval,3116.73291015625,3118.032958984375,207,111,0.9166666666666666,3113.43310546875,0.6509433962264151,0.6153846153846154,0.15384615384615385,0.4230769230769231,0.0,1.0,0.11724137931034483,0.0
video_c21,46,1,3172.966064453125,3172.765869140625,2P,0.0,no_fire_before_landing_interval,3182.59912109375,3183.93310546875,21,8,0.8571428571428571,3171.698974609375,0.7241379310344828,0.8461538461538461,0.6923076923076923,0.7564102564102564,0.3333333333333333,0.0,0.5589058798190825,0.0
video_c21,48,0,3292.06591796875,3290.4658203125,1P,0.0,no_fire_before_landing_interval,3306.23193359375,3307.698974609375,130,4,0.6666666666666666,3290.531982421875,0.9701492537313433,0.9230769230769231,0.7692307692307693,0.7435897435897436,0.0,1.0,0.605356970806436,0.0
video_c21,50,4,3400.198974609375,3400.09912109375,2P,1.0,fire_before_landing_interval,3402.06591796875,3403.031982421875,20,15,0.8,3398.799072265625,0.5714285714285715,0.9230769230769231,0.5384615384615384,0.7307692307692307,0.15384615384615385,1.0,0.5833163784333673,0.0
video_c22,0,1,220.13299560546875,219.86666870117188,2P,1.0,fire_before_landing_interval,231.76699829101562,232.33299255371094,1212,40,0.8,219.5330047607422,0.9680511182108626,1.0,0.6153846153846154,0.7051282051282052,0.0,1.0,0.37499642370084973,0.0
video_c22,1,0,267.0329895019531,266.8999938964844,1P,0.0,no_fire_before_landing_interval,267.1000061035156,268.7330017089844,47,2,0.8,265.8330078125,0.9591836734693877,0.9230769230769231,0.6923076923076923,0.7564102564102564,0.01282051282051282,0.0,0.545450762252216,0.0
video_c22,3,5,422.2330017089844,422.1666564941406,2P,1.0,fire_before_landing_interval,435.0329895019531,435.70001220703125,160,26,0.8888888888888888,420.0,0.8602150537634409,0.6923076923076923,0.3076923076923077,0.46153846153846156,0.01282051282051282,1.0,0.6906899253343906,0.0
video_c22,5,0,507.63299560546875,507.4666748046875,2P,0.0,no_fire_before_landing_interval,508.0,508.70001220703125,844,6,0.8,506.63299560546875,0.9929411764705882,0.8461538461538461,0.5384615384615384,0.717948717948718,0.0,1.0,0.5,0.0
video_c22,8,0,688.5,688.3666381835938,2P,1.0,fire_before_landing_interval,702.5,702.8670043945312,819,6,0.8571428571428571,687.7000122070312,0.9927272727272727,0.9230769230769231,0.46153846153846156,0.6538461538461539,0.0,1.0,0.44444067681665594,0.0
video_c22,13,3,1053.0999755859375,1051.699951171875,2P,0.0,no_fire_before_landing_interval,1056.5670166015625,1057.0999755859375,1,1,0.6666666666666666,1052.6669921875,0.5,0.38461538461538464,0.3076923076923077,0.23076923076923078,0.0,1.0,0.3021552091319533,0.0
video_c22,16,0,1248.199951171875,1248.066650390625,1P,1.0,fire_before_landing_interval,1261.9329833984375,1262.5999755859375,237,6,0.8,1246.5,0.9753086419753086,0.9230769230769231,0.7692307692307693,0.7435897435897436,0.0,1.0,0.6296229315489646,0.0
video_c22,16,2,1265.7330322265625,1265.5999755859375,1P,1.0,fire_before_landing_interval,1274.633056640625,1276.467041015625,676,230,0.9375,1263.4000244140625,0.7461368653421634,0.9230769230769231,0.6153846153846154,0.8076923076923077,0.0,0.0,0.6999707002636977,0.0
video_c22,20,3,1533.0,1532.86669921875,2P,0.0,no_fire_before_landing_interval,1536.4329833984375,1537.6669921875,349,35,0.9,1532.7669677734375,0.9088541666666666,0.6923076923076923,0.6153846153846154,0.48717948717948717,0.0,1.0,0.188991188991189,0.0
video_c22,22,0,1647.699951171875,1647.4000244140625,2P,0.0,no_fire_before_landing_interval,1648.0999755859375,1652.532958984375,247,22,0.8333333333333334,1647.6669921875,0.9182156133828996,0.9230769230769231,0.46153846153846156,0.6282051282051282,0.0,1.0,0.0319073505081541,0.0
video_c22,24,1,1747.866943359375,1747.6666259765625,1P,0.0,no_fire_before_landing_interval,1748.366943359375,1750.300048828125,197,51,0.875,1747.0999755859375,0.7943548387096774,0.9230769230769231,0.5384615384615384,0.5128205128205128,0.0,1.0,0.4340587219343696,0.0
video_c22,25,3,1817.2330322265625,1816.9666748046875,1P,0.0,no_fire_before_landing_interval,1819.7330322265625,1820.0,1074,24,0.875,1817.199951171875,0.9781420765027322,0.9230769230769231,0.5384615384615384,0.8076923076923077,0.038461538461538464,1.0,0.032021741699161055,0.0
video_c22,28,3,2067.1669921875,2066.89990234375,2P,0.0,no_fire_before_landing_interval,2069.89990234375,2071.39990234375,144,18,0.875,2066.10009765625,0.8888888888888888,0.6923076923076923,0.5384615384615384,0.44871794871794873,0.02564102564102564,1.0,0.5161823765650838,0.0
video_c22,30,1,2241.89990234375,2241.60009765625,2P,0.0,no_fire_before_landing_interval,2249.1669921875,2249.39990234375,586,20,0.875,2241.6669921875,0.966996699669967,0.9230769230769231,0.6923076923076923,0.7435897435897436,0.0,1.0,0.1889108910891089,0.0
video_c22,37,0,2584.199951171875,2584.066650390625,1P,1.0,fire_before_landing_interval,2607.199951171875,2607.800048828125,748,10,0.8571428571428571,2583.366943359375,0.9868073878627969,0.9230769230769231,0.46153846153846156,0.6794871794871795,0.0,1.0,0.45444858817261585,0.0
video_c22,44,2,3211.8330078125,3211.699951171875,1P,1.0,fire_before_landing_interval,3216.3330078125,3216.532958984375,365,21,0.8571428571428571,3211.39990234375,0.9455958549222798,0.7692307692307693,0.38461538461538464,0.5384615384615384,0.01282051282051282,1.0,0.30221465076660986,0.0
video_c22,46,2,3329.10009765625,3329.066650390625,1P,0.0,no_fire_before_landing_interval,3329.43310546875,3330.89990234375,219,8,0.8,3328.633056640625,0.9647577092511013,0.6153846153846154,0.3076923076923077,0.41025641025641024,0.0,1.0,0.3183557996338825,0.0
video_c22,46,3,3351.23291015625,3350.966552734375,1P,0.0,no_fire_before_landing_interval,3352.967041015625,3353.76708984375,131,5,0.8333333333333334,3350.532958984375,0.9632352941176471,1.0,0.38461538461538464,0.6282051282051282,0.16666666666666666,1.0,0.41174780985207526,0.0
video_c22,46,4,3357.800048828125,3357.5,1P,0.0,no_fire_before_landing_interval,3358.0,3359.300048828125,85,49,0.875,3357.06689453125,0.6343283582089552,0.9230769230769231,0.46153846153846156,0.7692307692307693,0.2692307692307692,1.0,0.42301732638399775,0.0
video_c22,49,0,3483.23291015625,3482.966552734375,2P,0.0,no_fire_before_landing_interval,3483.532958984375,3483.56689453125,89,5,0.8,3481.967041015625,0.9468085106382979,0.8461538461538461,0.6153846153846154,0.5897435897435898,0.0,1.0,0.5586682469561469,0.0
video_c22,53,2,3733.73291015625,3733.60009765625,1P,0.0,no_fire_before_landing_interval,3735.06689453125,3735.26708984375,7,6,0.8,3732.8330078125,0.5384615384615384,0.7692307692307693,0.38461538461538464,0.48717948717948717,0.0641025641025641,1.0,0.47365715754304805,0.0
video_c22,54,4,3825.1669921875,3824.566650390625,1P,1.0,fire_before_landing_interval,3833.366943359375,3835.133056640625,94,21,0.875,3824.699951171875,0.8173913043478261,0.6153846153846154,0.46153846153846156,0.3974358974358974,0.01282051282051282,1.0,0.3183557996338825,0.0
video_c22,55,0,3893.866943359375,3893.60009765625,2P,1.0,fire_before_landing_interval,3900.89990234375,3901.43310546875,292,2,0.8,3893.39990234375,0.9931972789115646,1.0,0.6153846153846154,0.5769230769230769,0.0,0.0,0.3183557996338825,0.0
video_c23,2,3,376.13299560546875,375.8999938964844,1P,1.0,fire_before_landing_interval,378.70001220703125,380.13299560546875,708,2,0.8,364.5669860839844,0.9971830985915493,0.9230769230769231,0.6923076923076923,0.8205128205128205,0.0,1.0,0.9204202417410015,0.0
video_c23,4,1,557.2000122070312,557.066650390625,1P,0.0,no_fire_before_landing_interval,557.4000244140625,558.0670166015625,238,1,0.8,556.3670043945312,0.99581589958159,0.9230769230769231,0.46153846153846156,0.7435897435897436,0.0,1.0,0.45444858817261585,0.0
video_c23,6,3,687.7329711914062,687.5999755859375,1P,0.0,no_fire_before_landing_interval,699.0,703.2670288085938,222,18,0.8571428571428571,687.5330200195312,0.925,1.0,0.8461538461538461,0.8205128205128205,0.07692307692307693,1.0,0.16663275686673448,0.0
video_c23,14,0,1121.5999755859375,1121.4666748046875,2P,0.0,no_fire_before_landing_interval,1122.0999755859375,1122.9329833984375,36,6,0.8,1121.4000244140625,0.8571428571428571,0.6923076923076923,0.0,0.44871794871794873,0.0,1.0,0.16663275686673448,0.0
video_c23,14,2,1135.5670166015625,1135.4666748046875,2P,0.0,no_fire_before_landing_interval,1135.699951171875,1136.3330078125,124,2,0.8,1134.0670166015625,0.9841269841269841,0.9230769230769231,0.6923076923076923,0.7051282051282052,0.02564102564102564,1.0,0.6,0.0
video_c23,15,0,1173.6669921875,1173.4000244140625,1P,0.0,no_fire_before_landing_interval,1173.866943359375,1174.2669677734375,78,1,0.8,1172.300048828125,0.9873417721518988,0.8461538461538461,0.6153846153846154,0.6153846153846154,0.0,1.0,0.5775141825683342,0.0
video_c23,15,3,1191.4000244140625,1191.2667236328125,2P,1.0,fire_before_landing_interval,1200.2330322265625,1200.4329833984375,140,6,0.8571428571428571,1190.4000244140625,0.958904109589041,0.8461538461538461,0.6923076923076923,0.7564102564102564,0.0,1.0,0.5,0.0
video_c23,17,0,1315.633056640625,1315.4666748046875,2P,1.0,fire_before_landing_interval,1322.633056640625,1323.0670166015625,200,10,0.8571428571428571,1314.5999755859375,0.9523809523809523,0.9230769230769231,0.6153846153846154,0.8333333333333334,0.0,1.0,0.5081356949864906,0.0
video_c23,22,10,1608.8330078125,1608.699951171875,1P,0.0,no_fire_before_landing_interval,1613.4329833984375,1614.0,16,5,0.8571428571428571,1608.532958984375,0.7619047619047619,0.8461538461538461,0.3076923076923077,0.47435897435897434,0.02564102564102564,0.5,0.2307981220657277,0.0
video_c23,23,1,1669.7330322265625,1668.9666748046875,2P,0.0,no_fire_before_landing_interval,1670.1669921875,1670.699951171875,197,25,0.75,1669.467041015625,0.8873873873873874,0.6923076923076923,0.38461538461538464,0.5256410256410257,0.0,1.0,0.21010510076173947,0.0
video_c23,26,0,1827.6669921875,1827.5,1P,0.0,no_fire_before_landing_interval,1830.467041015625,1830.5999755859375,188,37,0.8888888888888888,1825.366943359375,0.8355555555555555,0.7692307692307693,0.6153846153846154,0.6410256410256411,0.0,1.0,0.6969741806613894,0.0
video_c23,27,0,1899.1669921875,1898.9666748046875,2P,0.0,no_fire_before_landing_interval,1899.633056640625,1900.133056640625,390,7,0.8571428571428571,1898.9329833984375,0.982367758186398,0.7692307692307693,0.5384615384615384,0.5769230769230769,0.0,1.0,0.18963300029676525,0.0
video_c23,31,2,2198.8330078125,2198.7666015625,2P,0.0,no_fire_before_landing_interval,2202.866943359375,2203.0,7,2,0.8,2198.76708984375,0.7777777777777778,0.3076923076923077,0.3076923076923077,0.15384615384615385,0.0,1.0,0.06184150251946862,0.0
video_c23,32,0,2236.89990234375,2236.800048828125,2P,1.0,fire_before_landing_interval,2241.199951171875,2241.89990234375,360,1,0.8,2236.633056640625,0.997229916897507,0.8461538461538461,0.5384615384615384,0.717948717948718,0.038461538461538464,1.0,0.2106378878396608,0.0
video_c23,36,0,2442.06689453125,2442.0,2P,0.0,no_fire_before_landing_interval,2447.300048828125,2447.93310546875,705,701,0.9411764705882353,2441.10009765625,0.5014224751066857,1.0,0.8461538461538461,0.8974358974358975,0.02564102564102564,1.0,0.4915590863952334,0.0
video_c23,41,1,2739.199951171875,2739.0,2P,0.0,no_fire_before_landing_interval,2739.467041015625,2740.532958984375,243,2,0.8,2738.8330078125,0.9918367346938776,0.9230769230769231,0.6153846153846154,0.7564102564102564,0.0,1.0,0.2684407929987498,0.0
video_c23,43,0,2848.800048828125,2848.60009765625,1P,0.0,no_fire_before_landing_interval,2873.199951171875,2874.10009765625,80,2,0.8,2848.76708984375,0.975609756097561,0.9230769230769231,0.6153846153846154,0.7564102564102564,0.0,1.0,0.0319073505081541,0.0
video_c23,46,0,3045.43310546875,3045.300048828125,2P,1.0,fire_before_landing_interval,3069.60009765625,3070.56689453125,1022,18,0.8571428571428571,3042.8330078125,0.9826923076923076,0.9230769230769231,0.6153846153846154,0.7948717948717948,0.0,1.0,0.7222297572222975,0.0
video_c23,48,1,3160.76708984375,3160.60009765625,1P,1.0,fire_before_landing_interval,3178.23291015625,3184.43310546875,17,8,0.8,3160.26708984375,0.68,0.46153846153846156,0.38461538461538464,0.38461538461538464,0.0,1.0,0.3333333333333333,0.0
video_c23,49,2,3234.467041015625,3234.36669921875,2P,0.0,no_fire_before_landing_interval,3238.0,3239.199951171875,830,91,0.9166666666666666,3231.5,0.9011943539630836,1.0,0.6923076923076923,0.8076923076923077,0.038461538461538464,1.0,0.7479229491045603,0.0
video_c23,50,5,3316.133056640625,3315.699951171875,1P,0.0,no_fire_before_landing_interval,3320.56689453125,3320.8330078125,17,8,0.8333333333333334,3312.3330078125,0.68,1.0,0.8461538461538461,0.8717948717948718,0.41025641025641024,1.0,0.7916687859213671,0.0
video_c23,52,2,3440.60009765625,3440.466552734375,2P,0.0,no_fire_before_landing_interval,3440.93310546875,3443.8330078125,219,5,0.8571428571428571,3439.73291015625,0.9776785714285714,0.9230769230769231,0.6923076923076923,0.8205128205128205,0.01282051282051282,1.0,0.46443514644351463,0.0
video_c23,53,2,3506.800048828125,3506.666748046875,1P,0.0,no_fire_before_landing_interval,3507.6669921875,3508.56689453125,214,8,0.8571428571428571,3505.89990234375,0.963963963963964,0.9230769230769231,0.6153846153846154,0.8205128205128205,0.02564102564102564,1.0,0.4737247847873571,0.0
video_c23,54,0,3549.199951171875,3548.966552734375,2P,0.0,no_fire_before_landing_interval,3553.6669921875,3555.06689453125,315,22,0.8333333333333334,3548.967041015625,0.9347181008902077,1.0,0.8461538461538461,0.8717948717948718,0.07692307692307693,1.0,0.1889108910891089,0.0
video_c24,0,3,135.43299865722656,135.39999389648438,2P,0.0,no_fire_before_landing_interval,138.4669952392578,138.66700744628906,12,1,0.8,133.4669952392578,0.9230769230769231,0.7692307692307693,0.0,0.3076923076923077,0.11538461538461539,0.75,0.6628459718077991,0.0
video_c24,8,1,674.2329711914062,674.0999755859375,1P,1.0,fire_before_landing_interval,688.2000122070312,689.3330078125,688,26,0.8888888888888888,673.5,0.9635854341736695,0.9230769230769231,0.5384615384615384,0.717948717948718,0.0,1.0,0.42295636248371077,0.0
video_c24,11,0,808.6329956054688,808.5,1P,0.0,no_fire_before_landing_interval,830.5,831.4329833984375,230,5,0.8571428571428571,808.0999755859375,0.9787234042553191,0.8461538461538461,0.38461538461538464,0.6282051282051282,0.0,1.0,0.3476927977067325,0.0
video_c24,13,0,924.2000122070312,924.066650390625,2P,0.0,no_fire_before_landing_interval,925.9669799804688,928.2329711914062,168,27,0.8571428571428571,924.0330200195312,0.8615384615384616,1.0,0.5384615384615384,0.6666666666666666,0.0,1.0,0.14309623430962343,0.0
video_c24,16,1,1041.6669921875,1041.4000244140625,1P,0.0,no_fire_before_landing_interval,1046.0,1046.9329833984375,145,18,0.875,1028.5670166015625,0.8895705521472392,0.9230769230769231,0.7692307692307693,0.8974358974358975,0.0641025641025641,1.0,0.9290778913832062,0.0
video_c24,20,1,1249.7669677734375,1249.5999755859375,1P,0.0,no_fire_before_landing_interval,1250.0999755859375,1251.4000244140625,286,23,0.8,1248.2330322265625,0.9255663430420712,0.7692307692307693,0.7692307692307693,0.6538461538461539,0.02564102564102564,0.0,0.605356970806436,0.0
video_c24,22,4,1354.0670166015625,1353.800048828125,1P,0.0,no_fire_before_landing_interval,1354.2669677734375,1354.9329833984375,36,12,0.8333333333333334,1352.532958984375,0.75,0.6923076923076923,0.0,0.3974358974358974,0.0,1.0,0.6053759815019991,0.0
video_c24,22,13,1392.0670166015625,1391.800048828125,1P,0.0,no_fire_before_landing_interval,1396.0670166015625,1397.5999755859375,19,5,0.8333333333333334,1391.967041015625,0.7916666666666666,0.7692307692307693,0.3076923076923077,0.46153846153846156,0.14102564102564102,1.0,0.09088891355010542,0.0
video_c24,27,1,1680.9329833984375,1680.800048828125,2P,1.0,fire_before_landing_interval,1693.532958984375,1694.633056640625,82,51,0.9,1680.199951171875,0.6165413533834586,0.5384615384615384,0.23076923076923078,0.358974358974359,0.0,1.0,0.42297668521518633,0.0
video_c24,29,0,1782.133056640625,1782.0,1P,1.0,fire_before_landing_interval,1785.967041015625,1787.3330078125,310,17,0.8571428571428571,1782.133056640625,0.9480122324159022,0.7692307692307693,0.5384615384615384,0.5769230769230769,0.0,1.0,0.0,0.0
video_c24,36,0,2180.532958984375,2180.300048828125,1P,1.0,fire_before_landing_interval,2191.26708984375,2191.73291015625,257,18,0.8333333333333334,2180.43310546875,0.9345454545454546,0.9230769230769231,0.5384615384615384,0.5897435897435898,0.0,1.0,0.09078801331853496,0.0
video_c24,41,4,2462.76708984375,2462.60009765625,2P,0.0,no_fire_before_landing_interval,2462.93310546875,2463.532958984375,137,10,0.8,2460.5,0.9319727891156463,0.8461538461538461,0.5384615384615384,0.6794871794871795,0.0,1.0,0.6939172022119264,0.0
video_c24,47,5,2815.89990234375,2815.60009765625,1P,0.0,no_fire_before_landing_interval,2815.93310546875,2816.633056640625,32,10,0.8,2814.26708984375,0.7619047619047619,0.6923076923076923,0.6923076923076923,0.5641025641025641,0.14102564102564102,1.0,0.6201780415430267,0.0
video_c24,48,2,2853.56689453125,2853.300048828125,1P,0.0,no_fire_before_landing_interval,2878.39990234375,2879.0,785,14,0.875,2850.467041015625,0.9824780976220275,0.9230769230769231,0.6923076923076923,0.7051282051282052,0.038461538461538464,1.0,0.7560888465432025,0.0
video_c24,50,0,2950.10009765625,2949.966552734375,1P,0.0,no_fire_before_landing_interval,2950.1669921875,2950.56689453125,38,3,0.8,2949.366943359375,0.926829268292683,0.9230769230769231,0.6923076923076923,0.7307692307692307,0.0,0.0,0.42301732638399775,0.0
video_c25,6,0,404.5,404.3665771484375,1P,0.0,no_fire_before_landing_interval,405.5669860839844,405.8330078125,218,146,0.9166666666666666,401.3999938964844,0.5989010989010989,0.9230769230769231,0.6153846153846154,0.8205128205128205,0.0,1.0,0.7560979240634467,0.0
video_c25,7,0,455.70001220703125,455.4999084472656,1P,0.0,no_fire_before_landing_interval,464.1000061035156,473.79998779296875,94,13,0.8571428571428571,454.4670104980469,0.8785046728971964,0.6923076923076923,0.6923076923076923,0.5897435897435898,0.0,1.0,0.5521723087015348,0.0
video_c25,8,3,521.5,521.1998901367188,2P,0.0,no_fire_before_landing_interval,526.1669921875,526.5670166015625,232,167,0.9285714285714286,518.1329956054688,0.581453634085213,1.0,0.38461538461538464,0.6538461538461539,0.05128205128205128,1.0,0.7710100770101609,0.0
video_c25,12,6,769.8670043945312,769.599853515625,1P,0.0,no_fire_before_landing_interval,771.2999877929688,771.5330200195312,720,453,0.95,769.4329833984375,0.6138107416879794,0.7692307692307693,0.7692307692307693,0.6538461538461539,0.0,1.0,0.30266014045541606,0.0
video_c25,15,1,938.2659912109375,937.8998413085938,2P,0.0,no_fire_before_landing_interval,946.2999877929688,947.0999755859375,477,71,0.9166666666666666,934.5330200195312,0.8704379562043796,0.9230769230769231,0.46153846153846156,0.6410256410256411,0.0,0.0,0.7887162292862209,0.0
video_c25,18,0,1054.0999755859375,1053.8997802734375,1P,0.0,no_fire_before_landing_interval,1054.532958984375,1055.7659912109375,84,17,0.8571428571428571,1052.666015625,0.8316831683168316,0.9230769230769231,0.3076923076923077,0.41025641025641024,0.0,1.0,0.589146898039019,0.0
video_c25,26,0,1425.5,1425.0997314453125,1P,1.0,fire_before_landing_interval,1444.0660400390625,1444.3330078125,235,1,0.8,1425.4329833984375,0.9957627118644068,0.7692307692307693,0.38461538461538464,0.44871794871794873,0.0,1.0,0.06280745910078939,0.0
video_c25,30,0,1648.5,1648.2996826171875,1P,0.0,no_fire_before_landing_interval,1648.800048828125,1649.9329833984375,26,25,0.8571428571428571,1647.666015625,0.5098039215686274,0.6153846153846154,0.6153846153846154,0.46153846153846156,0.0,0.0,0.4547390841320554,0.0
video_c25,37,0,1994.199951171875,1993.9329833984375,1P,0.0,no_fire_before_landing_interval,1994.3330078125,1995.7330322265625,288,14,0.875,1993.4329833984375,0.9536423841059603,0.9230769230769231,0.3076923076923077,0.5897435897435898,0.0,0.0,0.4340587219343696,0.0
video_c25,37,2,2008.666015625,2008.399658203125,1P,0.0,no_fire_before_landing_interval,2012.166015625,2013.7659912109375,429,123,0.9166666666666666,2004.5,0.7771739130434782,0.9230769230769231,0.5384615384615384,0.6794871794871795,0.11538461538461539,1.0,0.8064272211720227,0.0
video_c25,41,1,2216.39990234375,2215.6328125,2P,0.0,no_fire_before_landing_interval,2217.699951171875,2219.300048828125,253,18,0.875,2216.365966796875,0.933579335793358,0.6923076923076923,0.23076923076923078,0.4358974358974359,0.0,1.0,0.03282172373081464,0.0
video_c25,41,7,2243.8330078125,2243.699462890625,2P,1.0,fire_before_landing_interval,2260.699951171875,2261.89990234375,22,1,0.8,2243.39990234375,0.9565217391304348,0.6153846153846154,0.46153846153846156,0.41025641025641024,0.02564102564102564,1.0,0.30221465076660986,0.0
video_c25,42,0,2286.39990234375,2286.199462890625,2P,0.0,no_fire_before_landing_interval,2311.166015625,2311.43310546875,321,17,0.8571428571428571,2285.10009765625,0.9497041420118343,0.7692307692307693,0.46153846153846156,0.5128205128205128,0.0,1.0,0.5651804670912951,0.0
video_c25,44,0,2447.365966796875,2447.23291015625,1P,0.0,no_fire_before_landing_interval,2449.43310546875,2450.300048828125,47,2,0.8,2446.56591796875,0.9591836734693877,0.8461538461538461,0.7692307692307693,0.5384615384615384,0.0,1.0,0.44445951444459514,0.0
video_c25,46,3,2576.865966796875,2575.26611328125,2P,1.0,fire_before_landing_interval,2577.966064453125,2581.23291015625,86,41,0.875,2573.699951171875,0.6771653543307087,0.9230769230769231,0.6153846153846154,0.7435897435897436,0.38461538461538464,1.0,0.7599624941397093,0.0
video_c25,54,4,3070.698974609375,3070.432861328125,2P,0.0,no_fire_before_landing_interval,3090.032958984375,3091.06591796875,691,600,0.9411764705882353,3068.23291015625,0.5352439969016267,0.8461538461538461,0.5384615384615384,0.6282051282051282,0.0,1.0,0.7114883426075932,0.0
video_c26,0,4,202.5330047607422,202.36659240722656,1P,0.0,no_fire_before_landing_interval,211.89999389648438,212.36700439453125,438,60,0.8571428571428571,201.13299560546875,0.8795180722891566,0.8461538461538461,0.6923076923076923,0.6410256410256411,0.0,1.0,0.5833349227844641,0.0
video_c26,0,5,215.1999969482422,214.56658935546875,1P,0.0,no_fire_before_landing_interval,215.89999389648438,216.56700134277344,57,14,0.75,214.33299255371094,0.8028169014084507,0.7692307692307693,0.46153846153846156,0.44871794871794873,0.0,1.0,0.46438262120370066,0.0
video_c26,0,7,234.8000030517578,234.69992065429688,1P,0.0,no_fire_before_landing_interval,235.66700744628906,237.43299865722656,804,108,0.8571428571428571,234.23300170898438,0.881578947368421,0.6923076923076923,0.3076923076923077,0.2948717948717949,0.0,1.0,0.3618384536734992,0.0
video_c26,0,15,450.8330078125,450.2665100097656,2P,0.0,no_fire_before_landing_interval,451.6000061035156,451.7669982910156,1440,1380,0.8333333333333334,450.5669860839844,0.5106382978723404,0.46153846153846156,0.38461538461538464,0.3333333333333333,0.0,1.0,0.2101241412558756,0.0
video_c26,0,18,520.0999755859375,519.7998046875,2P,0.0,no_fire_before_landing_interval,523.3660278320312,524.0,8650,680,0.8333333333333334,519.2659912109375,0.9271168274383709,0.8461538461538461,0.6153846153846154,0.6153846153846154,0.0,1.0,0.4547390841320554,0.0
video_c26,0,20,540.2329711914062,540.0997924804688,2P,0.0,no_fire_before_landing_interval,540.9329833984375,542.166015625,12260,600,0.8,539.2329711914062,0.9533437013996889,0.9230769230769231,0.3076923076923077,0.46153846153846156,0.02564102564102564,1.0,0.5,0.0
video_c26,0,24,634.8660278320312,634.5997924804688,2P,0.0,no_fire_before_landing_interval,634.9000244140625,635.4000244140625,20620,100,0.8,634.5659790039062,0.9951737451737451,0.9230769230769231,0.7692307692307693,0.7435897435897436,0.0,1.0,0.2307981220657277,0.0
video_c26,0,33,779.8330078125,779.6997680664062,1P,0.0,no_fire_before_landing_interval,780.0659790039062,780.4329833984375,9230,40,0.8,779.5330200195312,0.9956850053937433,0.8461538461538461,0.46153846153846156,0.6666666666666666,0.0,1.0,0.2307620076059909,0.0
video_c26,0,54,1059.300048828125,1058.69970703125,1P,0.0,no_fire_before_landing_interval,1060.300048828125,1060.3330078125,21260,100,0.75,1054.9329833984375,0.9953183520599251,0.8461538461538461,0.7692307692307693,0.6666666666666666,0.05128205128205128,1.0,0.8136784406486683,0.0
video_c26,0,62,1202.4659423828125,1202.1995849609375,2P,0.0,no_fire_before_landing_interval,1205.532958984375,1208.7659912109375,1320,180,0.8,1202.2330322265625,0.8800000000000001,0.6923076923076923,0.6923076923076923,0.47435897435897434,0.05128205128205128,1.0,0.1889108910891089,0.0
video_c26,0,95,1657.9659423828125,1657.4327392578125,1P,0.0,no_fire_before_landing_interval,1662.7989501953125,1665.9329833984375,1180,40,0.75,1657.7989501953125,0.9672131147540983,0.9230769230769231,0.6153846153846154,0.5897435897435898,0.15384615384615385,1.0,0.14309623430962343,0.0
video_c26,0,101,1832.532958984375,1832.332763671875,1P,0.0,no_fire_before_landing_interval,1835.4990234375,1835.5660400390625,3440,450,0.8,1831.666015625,0.884318766066838,0.6923076923076923,0.5384615384615384,0.47435897435897434,0.0,1.0,0.46436511050085,0.0
video_c26,0,109,1905.698974609375,1905.5660400390625,2P,0.0,no_fire_before_landing_interval,1907.633056640625,1908.2989501953125,11440,420,0.8571428571428571,1905.4329833984375,0.9645868465430016,0.9230769230769231,0.7692307692307693,0.7307692307692307,0.038461538461538464,1.0,0.21010510076173947,0.0
video_c26,0,113,1959.5989990234375,1959.3326416015625,2P,0.0,no_fire_before_landing_interval,1983.2659912109375,1984.2989501953125,1000,770,0.8333333333333334,1959.5660400390625,0.5649717514124294,0.3076923076923077,0.23076923076923078,0.2564102564102564,0.0,1.0,0.0319073505081541,0.0
video_c26,0,114,1993.865966796875,1993.6326904296875,1P,0.0,no_fire_before_landing_interval,1998.0660400390625,1998.5660400390625,4770,40,0.8,1992.5989990234375,0.9916839916839917,0.9230769230769231,0.6153846153846154,0.5512820512820513,0.038461538461538464,0.75,0.5588821280491089,0.0
video_c26,0,118,2098.59912109375,2098.56591796875,2P,0.0,no_fire_before_landing_interval,2100.43310546875,2101.032958984375,12320,40,0.8,2098.59912109375,0.9967637540453075,0.6923076923076923,0.5384615384615384,0.4230769230769231,0.0,1.0,0.0,0.0
video_c26,0,121,2151.89892578125,2151.765869140625,2P,0.0,no_fire_before_landing_interval,2154.89892578125,2155.8330078125,2220,100,0.8,2151.3330078125,0.9568965517241379,0.8461538461538461,0.5384615384615384,0.4230769230769231,0.01282051282051282,1.0,0.36139694418459617,0.0
video_c26,0,128,2225.633056640625,2225.599365234375,1P,0.0,no_fire_before_landing_interval,2227.698974609375,2229.06591796875,360,100,0.8,2225.466064453125,0.782608695652174,0.15384615384615385,0.15384615384615385,0.08974358974358974,0.0,1.0,0.14309623430962343,0.0
video_c26,0,136,2378.56591796875,2377.4658203125,1P,0.0,no_fire_before_landing_interval,2385.39892578125,2388.365966796875,14280,360,0.8,2377.93310546875,0.9754098360655737,0.7692307692307693,0.5384615384615384,0.6410256410256411,0.0,1.0,0.3875598086124402,0.0
video_c26,0,138,2421.466064453125,2421.165771484375,2P,0.0,no_fire_before_landing_interval,2422.93310546875,2423.198974609375,11740,240,0.8,2420.8330078125,0.9799666110183639,0.8461538461538461,0.6153846153846154,0.6153846153846154,0.0,0.75,0.38765136791747645,0.0
video_c26,0,141,2480.43310546875,2479.9658203125,2P,0.0,no_fire_before_landing_interval,2483.76611328125,2485.09912109375,12120,1060,0.8333333333333334,2479.799072265625,0.9195751138088012,0.6923076923076923,0.38461538461538464,0.5,0.0,1.0,0.38801733154041534,0.0
video_c26,0,142,2487.93310546875,2487.732421875,2P,0.0,no_fire_before_landing_interval,2492.633056640625,2493.23291015625,360,100,0.8,2487.59912109375,0.782608695652174,0.9230769230769231,0.5384615384615384,0.5384615384615384,0.05128205128205128,1.0,0.25036603221083453,0.0
video_c26,0,148,2551.9990234375,2551.36572265625,1P,0.0,no_fire_before_landing_interval,2554.531982421875,2555.431884765625,25700,40,0.75,2550.698974609375,0.9984459984459985,0.8461538461538461,0.23076923076923078,0.6410256410256411,0.0,1.0,0.565226621377773,0.0
video_c26,0,151,2598.33203125,2598.165771484375,1P,1.0,fire_before_landing_interval,2601.698974609375,2602.23193359375,78580,500,0.8571428571428571,2597.26611328125,0.9936772888214467,0.9230769230769231,0.6923076923076923,0.7948717948717948,0.05128205128205128,0.0,0.5159536752540771,0.0
video_c26,0,153,2647.09912109375,2646.9658203125,1P,0.0,no_fire_before_landing_interval,2647.83203125,2648.632080078125,1000,40,0.8,2646.73193359375,0.9615384615384616,0.7692307692307693,0.7692307692307693,0.5128205128205128,0.0,1.0,0.26857142857142857,0.0
video_c26,0,158,2737.09912109375,2736.86572265625,2P,0.0,no_fire_before_landing_interval,2742.198974609375,2742.89892578125,15040,940,0.8333333333333334,2737.09912109375,0.9411764705882353,0.7692307692307693,0.46153846153846156,0.5384615384615384,0.0,1.0,0.0,0.0
video_c27,7,1,929.9329833984375,929.7999267578125,1P,0.0,no_fire_before_landing_interval,929.9669799804688,930.0999755859375,45,35,0.8888888888888888,929.7000122070312,0.5625000000000001,0.9230769230769231,0.0,0.5256410256410257,0.0,1.0,0.1889510420276224,0.0
video_c27,8,2,978.0330200195312,977.7666015625,1P,0.0,no_fire_before_landing_interval,978.5999755859375,979.5670166015625,142,4,0.8,978.0,0.9726027397260274,0.6923076923076923,0.46153846153846156,0.5641025641025641,0.0,1.0,0.03196454948301329,0.0
video_c27,9,2,1056.5670166015625,1056.466552734375,2P,1.0,fire_before_landing_interval,1064.199951171875,1066.2669677734375,817,10,0.8571428571428571,1055.5670166015625,0.9879081015719468,0.9230769230769231,0.5384615384615384,0.7948717948717948,0.0,1.0,0.5,0.0
video_c27,9,3,1059.0,1058.89990234375,1P,1.0,fire_before_landing_interval,1089.133056640625,1090.5,172,10,0.8571428571428571,1058.866943359375,0.945054945054945,0.7692307692307693,0.7692307692307693,0.7051282051282052,0.0,1.0,0.11743158801982331,0.0
video_c27,11,0,1168.467041015625,1168.1666259765625,2P,0.0,no_fire_before_landing_interval,1168.8330078125,1169.800048828125,14,1,0.8,1168.467041015625,0.9333333333333333,0.9230769230769231,0.6923076923076923,0.5,0.0,1.0,0.0,0.0
video_c27,12,9,1320.3330078125,1320.1666259765625,2P,0.0,no_fire_before_landing_interval,1320.4000244140625,1321.032958984375,30,1,0.8,1320.2330322265625,0.967741935483871,0.46153846153846156,0.0,0.19230769230769232,0.0,1.0,0.09088891355010542,0.0
video_c27,14,0,1423.032958984375,1422.8665771484375,1P,0.0,no_fire_before_landing_interval,1426.3330078125,1426.532958984375,247,204,0.9375,1422.9329833984375,0.5476718403547671,0.7692307692307693,0.7692307692307693,0.5769230769230769,0.0,1.0,0.09088891355010542,0.0
video_c27,18,0,1621.0670166015625,1620.966552734375,1P,0.0,no_fire_before_landing_interval,1621.2330322265625,1621.9000244140625,96,1,0.8,1619.8330078125,0.9896907216494846,0.7692307692307693,0.46153846153846156,0.5384615384615384,0.0,1.0,0.5523741872028851,0.0
video_c27,22,0,1880.6669921875,1880.3665771484375,1P,1.0,fire_before_landing_interval,1884.0,1885.532958984375,207,1,0.8,1879.032958984375,0.9951923076923077,0.9230769230769231,0.5384615384615384,0.782051282051282,0.02564102564102564,1.0,0.6203540643247752,0.0
video_c27,26,1,2129.032958984375,2127.699951171875,1P,1.0,fire_before_landing_interval,2142.467041015625,2144.1669921875,34,22,0.8,2128.23291015625,0.6071428571428571,0.9230769230769231,0.0,0.5897435897435898,0.01282051282051282,1.0,0.44445951444459514,0.0
video_c27,26,2,2142.60009765625,2142.466552734375,2P,0.0,no_fire_before_landing_interval,2143.0,2143.43310546875,16,1,0.8,2142.300048828125,0.9411764705882353,0.5384615384615384,0.15384615384615385,0.20512820512820512,0.0,1.0,0.2307981220657277,0.0
video_c27,27,0,2202.26708984375,2202.16650390625,2P,1.0,fire_before_landing_interval,2218.699951171875,2219.8330078125,182,2,0.8,2201.699951171875,0.9891304347826086,0.8461538461538461,0.6923076923076923,0.7435897435897436,0.0,1.0,0.3618943760710391,0.0
video_c27,27,4,2228.93310546875,2228.7998046875,1P,0.0,no_fire_before_landing_interval,2229.3330078125,2233.133056640625,40,32,0.8888888888888888,2228.699951171875,0.5555555555555556,0.9230769230769231,0.3076923076923077,0.47435897435897434,0.02564102564102564,1.0,0.1890714709958424,0.0
video_c27,28,0,2273.5,2273.39990234375,2P,0.0,no_fire_before_landing_interval,2277.1669921875,2277.699951171875,163,8,0.8571428571428571,2272.967041015625,0.9532163742690059,0.8461538461538461,0.6153846153846154,0.717948717948718,0.0,1.0,0.3476668259276955,0.0
video_c27,28,2,2313.26611328125,2313.133056640625,2P,0.0,no_fire_before_landing_interval,2316.199951171875,2317.5,344,48,0.9,2313.26611328125,0.8775510204081631,0.9230769230769231,0.23076923076923078,0.48717948717948717,0.0,1.0,0.0,0.0
video_c27,32,0,2540.76611328125,2540.633056640625,2P,1.0,fire_before_landing_interval,2556.365966796875,2557.5,33,22,0.8571428571428571,2539.699951171875,0.6,1.0,0.6153846153846154,0.8461538461538461,0.0,1.0,0.5160108708495805,0.0
video_c27,40,5,3116.466064453125,3116.133056640625,2P,1.0,fire_before_landing_interval,3126.133056640625,3126.89990234375,257,6,0.8333333333333334,3114.8330078125,0.9771863117870723,0.6923076923076923,0.5384615384615384,0.47435897435897434,0.0,1.0,0.6202132591562355,0.0
video_c27,47,0,3488.0,3487.8330078125,1P,0.0,no_fire_before_landing_interval,3509.199951171875,3509.60009765625,173,45,0.9,3485.166015625,0.793577981651376,0.9230769230769231,0.7692307692307693,0.8076923076923077,0.0,1.0,0.739174732552216,0.0
video_c27,53,1,3880.199951171875,3879.93310546875,1P,1.0,fire_before_landing_interval,3897.666015625,3898.633056640625,158,10,0.8333333333333334,3879.466064453125,0.9404761904761905,0.9230769230769231,0.6923076923076923,0.6538461538461539,0.0,1.0,0.4232610532244438,0.0
video_c27,56,0,4076.06591796875,4075.93310546875,1P,1.0,fire_before_landing_interval,4109.166015625,4109.23291015625,134,6,0.8571428571428571,4075.466064453125,0.9571428571428572,0.6923076923076923,0.6153846153846154,0.5512820512820513,0.0,1.0,0.37494277430184647,0.0
video_c27,56,1,4097.2001953125,4096.3662109375,2P,0.0,no_fire_before_landing_interval,4097.8330078125,4100.1328125,6,4,0.75,4095.865966796875,0.6,0.8461538461538461,0.46153846153846156,0.6538461538461539,0.0,1.0,0.5715929296098734,0.0
video_c27,56,3,4106.7998046875,4106.43310546875,2P,0.0,no_fire_before_landing_interval,4106.93310546875,4107.2998046875,47,11,0.8333333333333334,4104.56591796875,0.8103448275862069,0.9230769230769231,0.8461538461538461,0.5897435897435898,0.16666666666666666,1.0,0.6907745734561377,0.0
video_c27,57,1,4149.39990234375,4148.69970703125,1P,0.0,no_fire_before_landing_interval,4155.3330078125,4156.89990234375,313,42,0.9,4148.533203125,0.8816901408450705,0.9230769230769231,0.6923076923076923,0.6666666666666666,0.08974358974358974,1.0,0.4642950562385561,0.0
video_c27,57,2,4159.033203125,4158.8330078125,2P,1.0,fire_before_landing_interval,4167.3662109375,4170.23291015625,120,1,0.8,4158.4658203125,0.9917355371900827,0.8461538461538461,0.8461538461538461,0.38461538461538464,0.0,1.0,0.36199376947040496,0.0
video_c28,0,1,129.89999389648438,129.5999755859375,2P,0.0,no_fire_before_landing_interval,132.26699829101562,132.83299255371094,3,1,0.8,124.13300323486328,0.75,0.3076923076923077,0.3076923076923077,0.1794871794871795,0.07692307692307693,0.75,0.8522238244436352,0.0
video_c28,1,2,230.3000030517578,230.29994201660156,2P,0.0,no_fire_before_landing_interval,239.73300170898438,241.5,39,1,0.8,229.06700134277344,0.975,0.9230769230769231,0.38461538461538464,0.5256410256410257,0.20512820512820512,1.0,0.5521723087015348,0.0
video_c28,17,2,1194.3330078125,1194.0997314453125,2P,0.0,no_fire_before_landing_interval,1194.633056640625,1195.699951171875,86,54,0.9,1194.166015625,0.6142857142857143,1.0,0.6153846153846154,0.8717948717948718,0.0,1.0,0.14309623430962343,0.0
video_c28,24,2,1602.699951171875,1601.9996337890625,1P,0.0,no_fire_before_landing_interval,1604.633056640625,1605.2330322265625,34,12,0.8333333333333334,1602.5,0.7391304347826088,0.9230769230769231,0.0,0.7564102564102564,0.11538461538461539,1.0,0.16663275686673448,0.0
video_c28,28,0,1807.5660400390625,1807.432861328125,2P,0.0,no_fire_before_landing_interval,1808.7330322265625,1808.800048828125,151,1,0.8,1806.4659423828125,0.993421052631579,1.0,0.6923076923076923,0.7692307692307693,0.0,1.0,0.5238316670541735,0.0
video_c28,31,0,1981.800048828125,1981.5994873046875,1P,0.0,no_fire_before_landing_interval,1983.666015625,1984.5660400390625,319,3,0.8,1981.699951171875,0.9906832298136646,0.9230769230769231,0.46153846153846156,0.6923076923076923,0.0,1.0,0.09098979138925876,0.0
video_c28,36,2,2293.666015625,2293.53271484375,2P,0.0,no_fire_before_landing_interval,2293.93310546875,2294.89892578125,34,4,0.8,2292.633056640625,0.8947368421052632,0.7692307692307693,0.6923076923076923,0.6282051282051282,0.038461538461538464,1.0,0.5081061606821184,0.0
video_c28,36,3,2306.93310546875,2306.6328125,1P,0.0,no_fire_before_landing_interval,2328.43310546875,2329.666015625,660,20,0.875,2304.198974609375,0.9705882352941176,0.9230769230769231,0.5384615384615384,0.7435897435897436,0.07692307692307693,1.0,0.7322000653808434,0.0
video_c28,38,3,2427.032958984375,2426.76611328125,2P,0.0,no_fire_before_landing_interval,2427.698974609375,2427.73291015625,40,2,0.8,2424.3330078125,0.9523809523809523,1.0,0.3076923076923077,0.7051282051282052,0.05128205128205128,1.0,0.729726162982514,0.0
video_c28,38,5,2457.166015625,2456.966064453125,1P,0.0,no_fire_before_landing_interval,2457.23291015625,2458.532958984375,640,10,0.8571428571428571,2456.9990234375,0.9846153846153847,1.0,0.5384615384615384,0.6410256410256411,0.0641025641025641,1.0,0.14309623430962343,0.0
video_c28,40,2,2541.799072265625,2541.53271484375,2P,1.0,fire_before_landing_interval,2546.166015625,2546.799072265625,37,2,0.8,2540.09912109375,0.9487179487179487,0.6923076923076923,0.38461538461538464,0.46153846153846156,0.10256410256410256,1.0,0.6296229315489646,0.0
video_c28,41,2,2593.9990234375,2593.865966796875,1P,0.0,no_fire_before_landing_interval,2594.89892578125,2595.799072265625,818,2,0.8,2592.865966796875,0.9975609756097561,1.0,0.6153846153846154,0.7948717948717948,0.05128205128205128,1.0,0.5311891953759872,0.0
video_c28,42,1,2638.56591796875,2638.53271484375,1P,0.0,no_fire_before_landing_interval,2639.3330078125,2639.966064453125,361,1,0.8,2637.966064453125,0.9972375690607734,0.6923076923076923,0.23076923076923078,0.41025641025641024,0.0,1.0,0.37494277430184647,0.0
video_c29,4,0,558.7659912109375,556.9998168945312,1P,0.0,no_fire_before_landing_interval,558.7659912109375,560.2329711914062,231,35,0.875,558.7659912109375,0.868421052631579,1.0,0.8461538461538461,0.8076923076923077,0.0,1.0,0.0,0.0
video_c29,11,2,898.5999755859375,898.4996948242188,2P,1.0,fire_before_landing_interval,921.3330078125,922.5,758,29,0.8888888888888888,897.0330200195312,0.963151207115629,0.9230769230769231,0.6153846153846154,0.7564102564102564,0.0,1.0,0.6104334593527831,0.0
video_c29,13,0,1001.1329956054688,1000.9996948242188,1P,0.0,no_fire_before_landing_interval,1026.532958984375,1026.9659423828125,1403,7,0.8571428571428571,998.7329711914062,0.9950354609929078,0.9230769230769231,0.7692307692307693,0.8846153846153846,0.0,1.0,0.7058844648691344,0.0
video_c29,18,1,1307.865966796875,1307.4329833984375,2P,0.0,no_fire_before_landing_interval,1308.133056640625,1308.4000244140625,10,5,0.8333333333333334,1306.7659912109375,0.6666666666666666,0.9230769230769231,0.6153846153846154,0.5769230769230769,0.0,1.0,0.523803987676568,0.0
video_c29,24,0,1563.865966796875,1563.699462890625,1P,0.0,no_fire_before_landing_interval,1564.0660400390625,1564.4659423828125,61,1,0.8,1562.5,0.9838709677419355,0.6923076923076923,0.46153846153846156,0.4358974358974359,0.0,1.0,0.5773397998142606,0.0
video_c29,24,4,1582.0660400390625,1581.932861328125,1P,0.0,no_fire_before_landing_interval,1587.699951171875,1588.7330322265625,478,69,0.9166666666666666,1581.4000244140625,0.8738574040219378,0.9230769230769231,0.5384615384615384,0.7564102564102564,0.038461538461538464,1.0,0.39976553341148885,0.0
video_c29,29,0,1934.7989501953125,1934.666015625,1P,0.0,no_fire_before_landing_interval,1936.532958984375,1936.9990234375,294,15,0.8571428571428571,1934.198974609375,0.9514563106796117,1.0,0.6153846153846154,0.8333333333333334,0.0,1.0,0.37499046311131456,0.0
video_c29,35,1,2227.56591796875,2227.4326171875,1P,1.0,fire_before_landing_interval,2235.299072265625,2235.698974609375,106,1,0.8,2226.76611328125,0.9906542056074766,0.8461538461538461,0.0,0.6025641025641025,0.0,1.0,0.44438415626695604,0.0
video_c29,37,1,2330.93310546875,2330.865966796875,2P,0.0,no_fire_before_landing_interval,2331.89892578125,2331.9990234375,48,10,0.8571428571428571,2329.666015625,0.8275862068965517,0.6923076923076923,0.23076923076923078,0.3717948717948718,0.0,1.0,0.5589058798190825,0.0
video_c29,40,2,2571.3330078125,2570.765869140625,2P,0.0,no_fire_before_landing_interval,2573.166015625,2574.09912109375,560,5,0.8333333333333334,2570.966064453125,0.9911504424778761,0.9230769230769231,0.6153846153846154,0.6923076923076923,0.02564102564102564,1.0,0.2684407929987498,0.0
video_c3,7,1,524.9329833984375,524.7999877929688,2P,1.0,fire_before_landing_interval,542.9669799804688,544.0999755859375,243,10,0.8571428571428571,524.7329711914062,0.9604743083003953,1.0,0.46153846153846156,0.5256410256410257,0.0,1.0,0.1666751436854687,0.0
video_c3,10,1,735.2000122070312,735.0,1P,0.0,no_fire_before_landing_interval,736.7000122070312,736.8670043945312,216,5,0.8571428571428571,734.4000244140625,0.9773755656108597,0.8461538461538461,0.6923076923076923,0.717948717948718,0.038461538461538464,1.0,0.44444067681665594,0.0
video_c3,14,0,953.5330200195312,953.3666381835938,1P,0.0,no_fire_before_landing_interval,953.9669799804688,954.3330078125,163,13,0.8571428571428571,952.5999755859375,0.9261363636363636,0.7692307692307693,0.46153846153846156,0.48717948717948717,0.0,1.0,0.482681317293423,0.0
video_c3,15,4,1023.4329833984375,1021.7000122070312,2P,0.0,no_fire_before_landing_interval,1023.6329956054688,1024.3330078125,14,14,0.8333333333333334,1022.5999755859375,0.5,0.8461538461538461,0.38461538461538464,0.5256410256410257,0.05128205128205128,1.0,0.45444858817261585,0.0
video_c3,20,0,1289.4000244140625,1289.2667236328125,1P,0.0,no_fire_before_landing_interval,1289.699951171875,1290.2330322265625,82,1,0.8,1287.032958984375,0.9879518072289156,0.7692307692307693,0.6153846153846154,0.6666666666666666,0.0,1.0,0.7030054743863974,0.0
video_c3,24,0,1504.366943359375,1503.5999755859375,2P,0.0,no_fire_before_landing_interval,1504.4000244140625,1504.5670166015625,660,1,0.75,1504.133056640625,0.9984871406959153,0.8461538461538461,0.46153846153846156,0.7051282051282052,0.038461538461538464,0.0,0.18955282944202612,0.0
video_c3,28,1,1758.800048828125,1758.4666748046875,1P,0.0,no_fire_before_landing_interval,1761.800048828125,1762.3330078125,111,90,0.9166666666666666,1753.866943359375,0.5522388059701493,0.9230769230769231,0.5384615384615384,0.6923076923076923,0.0,0.0,0.8314542013003045,0.0
video_c3,32,0,2047.4000244140625,2046.86669921875,1P,1.0,fire_before_landing_interval,2053.89990234375,2054.699951171875,17,14,0.875,2047.0,0.5483870967741935,0.6153846153846154,0.38461538461538464,0.2692307692307692,0.0,1.0,0.28572674165140816,0.0
video_c3,35,4,2280.633056640625,2280.2666015625,1P,1.0,fire_before_landing_interval,2284.866943359375,2285.89990234375,143,22,0.8333333333333334,2280.199951171875,0.8666666666666667,0.9230769230769231,0.8461538461538461,0.8205128205128205,0.038461538461538464,0.5,0.30221465076660986,0.0
video_c3,36,1,2326.0,2325.86669921875,1P,0.0,no_fire_before_landing_interval,2332.366943359375,2332.39990234375,84,75,0.9166666666666666,2325.699951171875,0.5283018867924528,0.8461538461538461,0.6923076923076923,0.6923076923076923,0.0,1.0,0.2307981220657277,0.0
video_c3,43,3,2727.23291015625,2726.86669921875,1P,1.0,fire_before_landing_interval,2739.23291015625,2740.300048828125,553,17,0.8333333333333334,2726.89990234375,0.9701754385964912,0.6923076923076923,0.5384615384615384,0.6666666666666666,0.0,1.0,0.24981684981684982,0.0
video_c3,44,0,2783.532958984375,2783.39990234375,1P,0.0,no_fire_before_landing_interval,2784.39990234375,2784.76708984375,132,30,0.8571428571428571,2780.6669921875,0.8148148148148149,0.7692307692307693,0.46153846153846156,0.5384615384615384,0.0,1.0,0.7413324913167035,0.0
video_c3,44,3,2799.199951171875,2799.0,1P,0.0,no_fire_before_landing_interval,2803.300048828125,2803.76708984375,449,5,0.8571428571428571,2797.0,0.9889867841409692,0.9230769230769231,0.3076923076923077,0.6794871794871795,0.07692307692307693,1.0,0.6874952315556573,0.0
video_c3,44,4,2814.699951171875,2814.566650390625,1P,0.0,no_fire_before_landing_interval,2815.60009765625,2816.0,213,4,0.8,2813.967041015625,0.9815668202764977,1.0,0.6153846153846154,0.8461538461538461,0.10256410256410256,0.0,0.4229360383206537,0.0
video_c3,47,0,2978.032958984375,2977.89990234375,2P,0.0,no_fire_before_landing_interval,2978.199951171875,2978.8330078125,42,4,0.8,2978.0,0.9130434782608695,0.7692307692307693,0.6923076923076923,0.5384615384615384,0.0,1.0,0.0319073505081541,0.0
video_c3,53,3,3367.93310546875,3367.800048828125,2P,0.0,no_fire_before_landing_interval,3371.23291015625,3372.800048828125,285,5,0.8571428571428571,3363.23291015625,0.9827586206896551,0.8461538461538461,0.23076923076923078,0.5512820512820513,0.0,1.0,0.8245674147678602,0.0
video_c3,54,0,3405.1669921875,3404.89990234375,2P,0.0,no_fire_before_landing_interval,3405.467041015625,3406.467041015625,686,1,0.8,3405.06689453125,0.9985443959243085,0.7692307692307693,0.6153846153846154,0.6153846153846154,0.0,1.0,0.09098979138925876,0.0
video_c3,54,5,3424.56689453125,3424.39990234375,1P,0.0,no_fire_before_landing_interval,3430.8330078125,3432.73291015625,780,14,0.8888888888888888,3423.76708984375,0.982367758186398,0.9230769230769231,0.46153846153846156,0.8205128205128205,0.05128205128205128,1.0,0.44438415626695604,0.0
video_c3,54,8,3446.0,3445.966552734375,2P,0.0,no_fire_before_landing_interval,3454.133056640625,3455.699951171875,778,1,0.8,3444.699951171875,0.9987163029525032,0.9230769230769231,0.6153846153846154,0.8589743589743589,0.02564102564102564,1.0,0.565226621377773,0.0
video_c3,55,2,3500.467041015625,3499.10009765625,1P,1.0,fire_before_landing_interval,3503.10009765625,3514.199951171875,322,30,0.8,3496.10009765625,0.9147727272727273,0.9230769230769231,0.8461538461538461,0.8717948717948718,0.07692307692307693,1.0,0.8136742027930673,0.0
video_c30,0,2,195.23300170898438,195.0999755859375,2P,0.0,no_fire_before_landing_interval,202.0,202.66700744628906,12797,26,0.8,195.16700744628906,0.997972393355689,0.9230769230769231,0.6153846153846154,0.8333333333333334,0.0,1.0,0.06190864717081061,0.0
video_c30,0,6,248.39999389648438,247.7999725341797,1P,0.0,no_fire_before_landing_interval,251.56700134277344,257.1000061035156,3160,620,0.8333333333333334,248.0330047607422,0.8359788359788359,0.6153846153846154,0.5384615384615384,0.48717948717948717,0.02564102564102564,1.0,0.26846529072298436,0.0
video_c30,0,8,306.1669921875,305.566650390625,2P,1.0,fire_before_landing_interval,320.6000061035156,321.4330139160156,9180,1000,0.875,306.0669860839844,0.9017681728880157,0.6923076923076923,0.38461538461538464,0.44871794871794873,0.0,1.0,0.09091413510889167,0.0
video_c30,0,16,426.1000061035156,425.96661376953125,2P,0.0,no_fire_before_landing_interval,434.9330139160156,435.36700439453125,10320,1840,0.8888888888888888,425.7330017089844,0.8486842105263158,0.6923076923076923,0.6153846153846154,0.47435897435897434,0.0,1.0,0.26847345626646424,0.0
video_c30,0,17,440.0,439.86663818359375,1P,0.0,no_fire_before_landing_interval,443.1000061035156,444.2330017089844,420,100,0.8,439.9670104980469,0.8076923076923077,0.7692307692307693,0.15384615384615385,0.2948717948717949,0.0,0.0,0.0319359508404975,0.0
video_c30,0,20,587.0330200195312,586.7666015625,1P,1.0,fire_before_landing_interval,595.2000122070312,595.5330200195312,5880,1560,0.875,586.4000244140625,0.7903225806451613,0.7692307692307693,0.7692307692307693,0.6153846153846154,0.0,1.0,0.38762848065782096,0.0
video_c30,0,21,590.7000122070312,590.2999267578125,2P,0.0,no_fire_before_landing_interval,591.3330078125,591.3670043945312,8840,1800,0.8333333333333334,590.7000122070312,0.8308270676691729,0.9230769230769231,0.6153846153846154,0.5897435897435898,0.038461538461538464,1.0,0.0,0.0
video_c30,0,28,671.6329956054688,671.4999389648438,1P,1.0,fire_before_landing_interval,711.5670166015625,712.2329711914062,2830,2520,0.9,669.9669799804688,0.5289719626168224,0.9230769230769231,0.46153846153846156,0.6410256410256411,0.0,1.0,0.6249084249084249,0.0
video_c30,0,29,676.9329833984375,676.8999633789062,2P,0.0,no_fire_before_landing_interval,678.4329833984375,679.0330200195312,29100,2520,0.9090909090909091,676.5999755859375,0.920303605313093,0.6923076923076923,0.46153846153846156,0.47435897435897434,0.0,1.0,0.24981684981684982,0.0
video_c30,0,33,758.5670166015625,758.1666259765625,2P,0.0,no_fire_before_landing_interval,760.3670043945312,761.4000244140625,1060,40,0.8,758.4000244140625,0.9636363636363636,0.9230769230769231,0.46153846153846156,0.4230769230769231,0.01282051282051282,1.0,0.14309623430962343,0.0
video_c30,0,35,834.5999755859375,834.4666137695312,2P,0.0,no_fire_before_landing_interval,839.8330078125,840.5330200195312,32530,4330,0.9,833.1669921875,0.8825284861638633,0.8461538461538461,0.46153846153846156,0.6025641025641025,0.0,1.0,0.5889819878581105,0.0
video_c30,0,36,889.0,888.89990234375,2P,0.0,no_fire_before_landing_interval,891.7670288085938,892.5330200195312,2960,1210,0.8571428571428571,888.5999755859375,0.709832134292566,0.9230769230769231,0.3076923076923077,0.5256410256410257,0.11538461538461539,1.0,0.28572674165140816,0.0
video_c30,0,40,977.2000122070312,977.0665893554688,2P,0.0,no_fire_before_landing_interval,977.9669799804688,978.7999877929688,3360,40,0.8,974.3670043945312,0.9882352941176471,0.9230769230769231,0.7692307692307693,0.5769230769230769,0.10256410256410256,1.0,0.739108280254777,0.0
video_c30,0,50,1123.866943359375,1123.7666015625,2P,0.0,no_fire_before_landing_interval,1126.0670166015625,1126.2669677734375,1260,40,0.8,1123.5,0.9692307692307692,0.3076923076923077,0.3076923076923077,0.21794871794871795,0.0,0.0,0.2684407929987498,0.0
video_c30,0,52,1153.3330078125,1152.966552734375,1P,1.0,fire_before_landing_interval,1170.4000244140625,1171.633056640625,4060,40,0.8,1153.2669677734375,0.9902439024390244,0.6923076923076923,0.5384615384615384,0.5384615384615384,0.0,1.0,0.061948929348448416,0.0
video_c30,0,53,1166.0999755859375,1165.8665771484375,2P,0.0,no_fire_before_landing_interval,1172.0670166015625,1172.3330078125,5690,40,0.8,1165.0670166015625,0.9930191972076788,0.9230769230769231,0.3076923076923077,0.7307692307692307,0.0,1.0,0.5081061606821184,0.0
video_c30,0,60,1271.3330078125,1271.0665283203125,2P,0.0,no_fire_before_landing_interval,1272.8330078125,1273.300048828125,1520,770,0.8,1269.133056640625,0.6637554585152838,0.9230769230769231,0.5384615384615384,0.6794871794871795,0.01282051282051282,1.0,0.6874952315556573,0.0
video_c30,0,73,1464.0999755859375,1463.966552734375,2P,0.0,no_fire_before_landing_interval,1470.0,1471.4329833984375,2540,360,0.8571428571428571,1464.0999755859375,0.8758620689655172,0.46153846153846156,0.38461538461538464,0.38461538461538464,0.0,1.0,0.0,0.0
video_c30,0,79,1492.1669921875,1491.7664794921875,1P,0.0,no_fire_before_landing_interval,1495.2669677734375,1496.6669921875,8890,700,0.8333333333333334,1491.9000244140625,0.927007299270073,0.7692307692307693,0.46153846153846156,0.4230769230769231,0.0,1.0,0.21071394161287216,0.0
video_c30,0,89,1680.300048828125,1679.9998779296875,2P,1.0,fire_before_landing_interval,1688.2669677734375,1689.699951171875,27420,2950,0.9,1678.633056640625,0.9028646690813302,0.8461538461538461,0.5384615384615384,0.5128205128205128,0.0,1.0,0.6250457707799341,0.0
video_c30,0,111,1970.300048828125,1969.6998291015625,1P,0.0,no_fire_before_landing_interval,1971.3330078125,1973.365966796875,5150,40,0.75,1969.133056640625,0.9922928709055877,0.9230769230769231,0.3076923076923077,0.5897435897435898,0.0,1.0,0.5385308697611537,0.0
video_c30,0,116,2073.532958984375,2073.133056640625,2P,0.0,no_fire_before_landing_interval,2074.60009765625,2075.06591796875,12000,40,0.8,2072.800048828125,0.9966777408637874,0.7692307692307693,0.6153846153846154,0.5128205128205128,0.0,1.0,0.4229360383206537,0.0
video_c30,0,121,2188.60009765625,2188.2998046875,1P,0.0,no_fire_before_landing_interval,2195.532958984375,2195.73291015625,2960,450,0.8,2187.73291015625,0.8680351906158358,0.7692307692307693,0.6923076923076923,0.5256410256410257,0.01282051282051282,0.0,0.46443514644351463,0.0
video_c30,0,129,2333.06591796875,2332.999755859375,1P,0.0,no_fire_before_landing_interval,2333.93310546875,2334.166015625,15180,100,0.8,2332.199951171875,0.993455497382199,0.8461538461538461,0.5384615384615384,0.5897435897435898,0.0,1.0,0.4640847834619914,0.0
video_c30,0,130,2340.3330078125,2339.69970703125,1P,1.0,fire_before_landing_interval,2344.60009765625,2345.10009765625,9840,2600,0.9,2339.89990234375,0.7909967845659164,0.8461538461538461,0.38461538461538464,0.5256410256410257,0.0,1.0,0.30221465076660986,0.0
video_c30,0,160,2741.76611328125,2741.399658203125,1P,1.0,fire_before_landing_interval,2743.43310546875,2744.633056640625,4720,40,0.8,2740.300048828125,0.9915966386554622,0.9230769230769231,0.8461538461538461,0.7307692307692307,0.05128205128205128,1.0,0.5944955944955945,0.0
video_c30,0,162,2755.532958984375,2755.399658203125,1P,0.0,no_fire_before_landing_interval,2756.8330078125,2757.300048828125,2460,540,0.8571428571428571,2754.699951171875,0.82,0.9230769230769231,0.8461538461538461,0.7435897435897436,0.02564102564102564,1.0,0.45444858817261585,0.0
video_c30,0,170,2868.032958984375,2867.93310546875,1P,0.0,no_fire_before_landing_interval,2869.23291015625,2870.8330078125,27920,16910,0.9375,2867.89990234375,0.6227972339950925,0.8461538461538461,0.46153846153846156,0.5769230769230769,0.0,1.0,0.11743158801982331,0.0
video_c30,0,174,2938.166015625,2937.899658203125,2P,0.0,no_fire_before_landing_interval,2938.23291015625,2938.39990234375,3560,40,0.8,2937.133056640625,0.9888888888888889,0.9230769230769231,0.5384615384615384,0.6153846153846154,0.02564102564102564,1.0,0.5081061606821184,0.0
video_c30,0,178,2952.43310546875,2952.399658203125,1P,0.0,no_fire_before_landing_interval,2953.73291015625,2953.89990234375,7220,40,0.8,2951.43310546875,0.9944903581267218,0.8461538461538461,0.23076923076923078,0.5,0.01282051282051282,1.0,0.5,0.0
video_c30,0,190,3106.466064453125,3106.19970703125,1P,0.0,no_fire_before_landing_interval,3108.532958984375,3110.532958984375,5990,1200,0.875,3106.39990234375,0.8331015299026425,0.8461538461538461,0.5384615384615384,0.5897435897435898,0.0,1.0,0.06205633157774216,0.0
video_c30,0,191,3152.966064453125,3152.93310546875,1P,1.0,fire_before_landing_interval,3194.166015625,3195.06591796875,37130,280,0.8,3152.89990234375,0.9925153702218659,0.8461538461538461,0.5384615384615384,0.7307692307692307,0.02564102564102564,1.0,0.06205633157774216,0.0
video_c30,0,205,3338.39990234375,3338.133056640625,1P,0.0,no_fire_before_landing_interval,3340.60009765625,3342.8330078125,14070,500,0.8333333333333334,3338.166015625,0.9656829100892245,0.9230769230769231,0.6153846153846154,0.6538461538461539,0.0,0.0,0.18955282944202612,0.0
video_c30,0,206,3349.8330078125,3349.69970703125,1P,0.0,no_fire_before_landing_interval,3350.0,3350.8330078125,100,100,0.8,3349.532958984375,0.5,1.0,0.8461538461538461,0.9230769230769231,0.02564102564102564,1.0,0.2307981220657277,0.0
video_c31,0,4,208.10000610351562,207.89999389648438,2P,0.0,no_fire_before_landing_interval,208.43299865722656,209.13299560546875,140,111,0.875,207.43299865722656,0.5577689243027888,0.7692307692307693,0.3076923076923077,0.5384615384615384,0.0,1.0,0.40012265558494814,0.0
video_c31,0,6,214.5,214.36666870117188,2P,0.0,no_fire_before_landing_interval,216.5330047607422,217.0330047607422,2721,2497,0.9375,214.39999389648438,0.5214641625143733,0.9230769230769231,0.38461538461538464,0.7051282051282052,0.10256410256410256,1.0,0.09091413510889167,0.0
video_c31,6,0,589.4329833984375,588.7000122070312,1P,0.0,no_fire_before_landing_interval,593.6329956054688,594.0,139,71,0.9166666666666666,587.7999877929688,0.6619047619047619,0.8461538461538461,0.7692307692307693,0.6923076923076923,0.0,1.0,0.6202044553652147,0.0
video_c31,18,5,1206.2669677734375,1206.1666259765625,1P,0.0,no_fire_before_landing_interval,1209.3330078125,1210.199951171875,98,7,0.8571428571428571,1206.0999755859375,0.9333333333333333,0.8461538461538461,0.8461538461538461,0.6538461538461539,0.14102564102564102,1.0,0.14309623430962343,0.0
video_c31,20,1,1291.800048828125,1291.4666748046875,2P,0.0,no_fire_before_landing_interval,1292.032958984375,1292.366943359375,59,3,0.8,1289.800048828125,0.9516129032258065,0.6923076923076923,0.6923076923076923,0.46153846153846156,0.01282051282051282,1.0,0.6666666666666666,0.0
video_c31,20,4,1305.467041015625,1305.2667236328125,1P,0.0,no_fire_before_landing_interval,1311.4329833984375,1311.5670166015625,42,39,0.875,1304.800048828125,0.5185185185185186,0.6153846153846154,0.46153846153846156,0.46153846153846156,0.038461538461538464,1.0,0.4001171646162859,0.0
video_c31,20,8,1334.7330322265625,1334.5,1P,1.0,fire_before_landing_interval,1339.467041015625,1341.6669921875,15,5,0.8333333333333334,1334.7330322265625,0.75,0.3076923076923077,0.15384615384615385,0.1282051282051282,0.0,1.0,0.0,0.0
video_c31,22,0,1439.300048828125,1439.1666259765625,2P,0.0,no_fire_before_landing_interval,1439.300048828125,1440.3330078125,18,1,0.8,1439.300048828125,0.9473684210526315,0.6923076923076923,0.38461538461538464,0.46153846153846156,0.0,1.0,0.0,0.0
video_c31,23,2,1504.4000244140625,1504.2667236328125,1P,1.0,fire_before_landing_interval,1507.5,1510.366943359375,162,5,0.8571428571428571,1503.2669677734375,0.9700598802395209,0.9230769230769231,0.5384615384615384,0.7435897435897436,0.08974358974358974,1.0,0.5311891953759872,0.0
video_c31,32,7,2061.199951171875,2061.066650390625,2P,0.0,no_fire_before_landing_interval,2064.73291015625,2064.76708984375,7,7,0.8571428571428571,2059.23291015625,0.5,0.6153846153846154,0.07692307692307693,0.24358974358974358,0.0,1.0,0.6629638772319592,0.0
video_c31,36,3,2280.199951171875,2280.066650390625,2P,0.0,no_fire_before_landing_interval,2282.0,2282.26708984375,83,27,0.8888888888888888,2277.89990234375,0.7545454545454544,0.7692307692307693,0.6153846153846154,0.6666666666666666,0.02564102564102564,1.0,0.6969741806613894,0.0
video_c31,38,1,2404.10009765625,2403.966552734375,1P,0.0,no_fire_before_landing_interval,2404.133056640625,2404.93310546875,1,1,0.8,2403.89990234375,0.5,0.6153846153846154,0.5384615384615384,0.44871794871794873,0.0,1.0,0.16680227827502034,0.0
video_c31,39,0,2464.866943359375,2464.36669921875,1P,1.0,fire_before_landing_interval,2492.967041015625,2493.532958984375,314,13,0.8333333333333334,2464.800048828125,0.9602446483180428,0.9230769230769231,0.5384615384615384,0.6282051282051282,0.0,1.0,0.06270022883295194,0.0
video_c31,40,0,2540.800048828125,2540.60009765625,1P,1.0,fire_before_landing_interval,2555.366943359375,2566.699951171875,611,54,0.9,2539.633056640625,0.9187969924812031,0.9230769230769231,0.6153846153846154,0.7692307692307693,0.05128205128205128,1.0,0.5385308697611537,0.0
video_c31,40,6,2590.6669921875,2590.2666015625,2P,1.0,fire_before_landing_interval,2594.800048828125,2595.06689453125,6,1,0.8,2590.532958984375,0.8571428571428571,0.9230769230769231,0.8461538461538461,0.6923076923076923,0.1794871794871795,1.0,0.11819160387513455,0.0
video_c31,47,3,2956.467041015625,2955.699951171875,2P,1.0,fire_before_landing_interval,2959.06689453125,2960.1669921875,70,7,0.8333333333333334,2954.39990234375,0.9090909090909091,0.8461538461538461,0.7692307692307693,0.7307692307692307,0.0,1.0,0.6739632253442649,0.0
video_c31,47,5,2966.1669921875,2965.89990234375,1P,1.0,fire_before_landing_interval,2985.60009765625,2986.60009765625,72,36,0.875,2963.199951171875,0.6666666666666666,0.7692307692307693,0.5384615384615384,0.6025641025641025,0.0,1.0,0.7479229491045603,0.0
video_c32,0,2,183.06700134277344,182.49996948242188,2P,0.0,no_fire_before_landing_interval,183.93299865722656,186.8000030517578,6125,8,0.75,180.43299865722656,0.9986955812815914,0.9230769230769231,0.6923076923076923,0.8717948717948718,0.02564102564102564,1.0,0.7248213370955416,0.0
video_c32,3,0,345.86700439453125,345.6999206542969,1P,0.0,no_fire_before_landing_interval,350.8999938964844,351.36700439453125,696,7,0.8571428571428571,343.6000061035156,0.9900426742532006,0.9230769230769231,0.7692307692307693,0.7692307692307693,0.0,1.0,0.693908624699915,0.0
video_c32,14,3,1023.5999755859375,1023.4998168945312,2P,0.0,no_fire_before_landing_interval,1024.2659912109375,1024.5,1653,1,0.8,1022.0,0.9993954050785974,0.9230769230769231,0.8461538461538461,0.8974358974358975,0.038461538461538464,1.0,0.6153810038029954,0.0
video_c32,16,1,1139.5660400390625,1139.0997314453125,1P,0.0,no_fire_before_landing_interval,1141.2330322265625,1141.633056640625,1238,14,0.875,1136.699951171875,0.9888178913738019,0.9230769230769231,0.7692307692307693,0.782051282051282,0.0,1.0,0.7413406586467115,0.0
video_c32,18,0,1259.5660400390625,1259.2998046875,1P,1.0,fire_before_landing_interval,1266.300048828125,1266.7659912109375,550,7,0.8333333333333334,1259.3330078125,0.9874326750448833,0.7692307692307693,0.7692307692307693,0.6282051282051282,0.0,1.0,0.188991188991189,0.0
video_c32,24,0,1565.0660400390625,1564.899658203125,2P,0.0,no_fire_before_landing_interval,1565.166015625,1566.0660400390625,560,2,0.8,1565.032958984375,0.99644128113879,0.6923076923076923,0.6923076923076923,0.6153846153846154,0.0,1.0,0.032021741699161055,0.0
video_c32,26,3,1691.365966796875,1691.099609375,1P,0.0,no_fire_before_landing_interval,1694.5,1695.0660400390625,98,56,0.9,1690.0,0.6363636363636364,0.8461538461538461,0.38461538461538464,0.3076923076923077,0.0,1.0,0.5773397998142606,0.0
video_c32,29,1,1864.699951171875,1864.599609375,2P,1.0,fire_before_landing_interval,1883.800048828125,1884.9659423828125,232,2,0.8,1862.9000244140625,0.9914529914529915,0.9230769230769231,0.5384615384615384,0.7307692307692307,0.0,1.0,0.6428478004970135,0.0
video_c32,29,2,1867.199951171875,1866.899658203125,1P,0.0,no_fire_before_landing_interval,1882.0660400390625,1883.133056640625,226,18,0.875,1865.199951171875,0.9262295081967213,0.8461538461538461,0.6153846153846154,0.7435897435897436,0.0,1.0,0.6666666666666666,0.0
video_c32,31,0,1981.4659423828125,1981.099609375,1P,0.0,no_fire_before_landing_interval,1983.5,1984.4329833984375,18,14,0.875,1981.4329833984375,0.5625000000000001,0.8461538461538461,0.38461538461538464,0.47435897435897434,0.19230769230769232,1.0,0.0319073505081541,0.0
video_c32,31,3,2000.633056640625,2000.4996337890625,2P,0.0,no_fire_before_landing_interval,2004.0660400390625,2008.365966796875,16,5,0.8571428571428571,2000.0660400390625,0.7619047619047619,0.5384615384615384,0.38461538461538464,0.24358974358974358,0.0,1.0,0.36184466775726415,0.0
video_c32,32,0,2070.865966796875,2070.73291015625,2P,0.0,no_fire_before_landing_interval,2094.0,2094.43310546875,702,3,0.8,2063.56591796875,0.9957446808510638,0.8461538461538461,0.6153846153846154,0.717948717948718,0.038461538461538464,1.0,0.8795187810689179,0.0
video_c32,33,0,2134.26611328125,2134.099609375,1P,1.0,fire_before_landing_interval,2138.300048828125,2139.032958984375,550,4,0.8,2134.23291015625,0.9927797833935018,1.0,0.6923076923076923,0.8205128205128205,0.0,1.0,0.03213610586011342,0.0
video_c32,33,1,2138.76611328125,2138.299560546875,2P,0.0,no_fire_before_landing_interval,2161.39990234375,2161.865966796875,1461,26,0.875,2137.10009765625,0.9825151311365165,1.0,0.6923076923076923,0.8717948717948718,0.01282051282051282,1.0,0.6249084249084249,0.0
video_c32,34,3,2201.8330078125,2201.532958984375,1P,0.0,no_fire_before_landing_interval,2202.56591796875,2202.60009765625,206,28,0.8333333333333334,2200.43310546875,0.8803418803418802,0.8461538461538461,0.7692307692307693,0.6282051282051282,0.05128205128205128,1.0,0.5833163784333673,0.0
video_c32,35,4,2272.10009765625,2271.599609375,1P,0.0,no_fire_before_landing_interval,2284.43310546875,2285.166015625,1067,517,0.9411764705882353,2270.133056640625,0.6736111111111112,1.0,0.5384615384615384,0.8076923076923077,0.0,1.0,0.6629638772319592,0.0
video_c33,3,1,399.4330139160156,399.29998779296875,2P,0.0,no_fire_before_landing_interval,399.8999938964844,400.1669921875,130,72,0.9,399.29998779296875,0.6435643564356436,0.9230769230769231,0.6923076923076923,0.782051282051282,0.14102564102564102,1.0,0.11740781641393057,0.0
video_c33,4,2,449.9670104980469,448.8666687011719,2P,0.0,no_fire_before_landing_interval,451.20001220703125,451.2330017089844,125,5,0.75,447.7330017089844,0.9615384615384616,1.0,0.7692307692307693,0.8205128205128205,0.038461538461538464,1.0,0.6907862454233193,0.0
video_c33,4,4,476.70001220703125,476.4666748046875,1P,0.0,no_fire_before_landing_interval,478.29998779296875,478.6669921875,89,29,0.8333333333333334,474.7330017089844,0.7542372881355933,1.0,0.8461538461538461,0.8461538461538461,0.19230769230769232,1.0,0.6629604106024295,0.0
video_c33,9,0,751.3330078125,751.2000122070312,2P,0.0,no_fire_before_landing_interval,751.9329833984375,752.4669799804688,1562,10,0.8571428571428571,750.4329833984375,0.9936386768447837,0.9230769230769231,0.7692307692307693,0.8717948717948718,0.0,1.0,0.47369097333761645,0.0
video_c33,12,0,888.2670288085938,888.066650390625,2P,1.0,fire_before_landing_interval,891.0999755859375,892.3330078125,59,54,0.8571428571428571,886.7329711914062,0.5221238938053098,0.6923076923076923,0.6153846153846154,0.6410256410256411,0.0,1.0,0.6053759815019991,0.0
video_c33,13,2,964.6669921875,964.2999877929688,2P,0.0,no_fire_before_landing_interval,964.7000122070312,965.0999755859375,38,30,0.875,964.6669921875,0.5588235294117647,0.8461538461538461,0.6923076923076923,0.7435897435897436,0.0,1.0,0.0,0.0
video_c33,21,1,1480.7330322265625,1480.5999755859375,1P,0.0,no_fire_before_landing_interval,1482.0,1483.4000244140625,328,10,0.8571428571428571,1479.8330078125,0.9704142011834319,0.8461538461538461,0.38461538461538464,0.5256410256410257,0.0,1.0,0.47369097333761645,0.0
video_c33,22,3,1536.300048828125,1536.1666259765625,2P,0.0,no_fire_before_landing_interval,1536.967041015625,1537.300048828125,78,18,0.8571428571428571,1534.9329833984375,0.8125,0.9230769230769231,0.0,0.6794871794871795,0.01282051282051282,1.0,0.5775359702954979,0.0
video_c33,27,2,1835.032958984375,1834.9000244140625,2P,0.0,no_fire_before_landing_interval,1836.9000244140625,1838.3330078125,215,212,0.9375,1834.032958984375,0.5035128805620609,0.9230769230769231,0.5384615384615384,0.7307692307692307,0.0,1.0,0.5,0.0
video_c33,29,2,1960.532958984375,1960.2667236328125,2P,0.0,no_fire_before_landing_interval,1962.2669677734375,1963.133056640625,56,12,0.8333333333333334,1959.4000244140625,0.8235294117647058,0.6923076923076923,0.6923076923076923,0.6282051282051282,0.0,1.0,0.5311623647913924,0.0
video_c33,31,1,2134.199951171875,2133.7666015625,1P,1.0,fire_before_landing_interval,2153.532958984375,2154.967041015625,967,15,0.875,2130.967041015625,0.984725050916497,0.9230769230769231,0.7692307692307693,0.8205128205128205,0.0,1.0,0.7637559118698812,0.0
video_c33,34,0,2272.5,2272.39990234375,1P,1.0,fire_before_landing_interval,2299.6669921875,2300.633056640625,89,6,0.8,2271.8330078125,0.9368421052631579,0.6923076923076923,0.6153846153846154,0.5897435897435898,0.0,1.0,0.4001171646162859,0.0
video_c33,39,1,2551.39990234375,2551.0,1P,0.0,no_fire_before_landing_interval,2553.76708984375,2554.43310546875,567,44,0.8333333333333334,2548.199951171875,0.9279869067103109,0.8461538461538461,0.6923076923076923,0.6794871794871795,0.038461538461538464,1.0,0.761901993838284,0.0
video_c33,40,0,2599.89990234375,2599.7666015625,1P,0.0,no_fire_before_landing_interval,2600.133056640625,2600.633056640625,24,2,0.8,2599.8330078125,0.9230769230769231,0.6923076923076923,0.5384615384615384,0.5641025641025641,0.0,1.0,0.06270022883295194,0.0
video_c33,40,2,2631.8330078125,2631.699951171875,1P,0.0,no_fire_before_landing_interval,2638.699951171875,2640.26708984375,227,149,0.9285714285714286,2624.43310546875,0.6037234042553191,0.9230769230769231,0.6153846153846154,0.7435897435897436,0.14102564102564102,1.0,0.880950996919142,0.0
video_c33,42,2,2727.73291015625,2727.60009765625,2P,0.0,no_fire_before_landing_interval,2728.1669921875,2730.6669921875,1163,7,0.8571428571428571,2727.3330078125,0.994017094017094,1.0,0.7692307692307693,0.8717948717948718,0.07692307692307693,1.0,0.28566445762120685,0.0
video_c33,43,2,2769.0,2768.86669921875,1P,0.0,no_fire_before_landing_interval,2772.532958984375,2773.300048828125,159,15,0.8571428571428571,2768.1669921875,0.9137931034482759,0.9230769230769231,0.7692307692307693,0.7435897435897436,0.0,1.0,0.45444858817261585,0.0
video_c33,44,1,2818.866943359375,2818.7666015625,1P,0.0,no_fire_before_landing_interval,2820.699951171875,2821.76708984375,17,3,0.8,2818.699951171875,0.85,0.9230769230769231,0.8461538461538461,0.8589743589743589,0.0641025641025641,1.0,0.14309623430962343,0.0
video_c33,46,0,2912.300048828125,2912.166748046875,2P,1.0,fire_before_landing_interval,2919.89990234375,2921.967041015625,47,4,0.8,2910.633056640625,0.9215686274509803,0.9230769230769231,0.8461538461538461,0.7948717948717948,0.0,1.0,0.6250457707799341,0.0
video_c33,48,0,3021.56689453125,3020.199951171875,1P,1.0,fire_before_landing_interval,3026.39990234375,3026.699951171875,25,2,0.6666666666666666,3019.76708984375,0.9259259259259259,0.9230769230769231,0.6923076923076923,0.7948717948717948,0.0,1.0,0.6428322288106034,0.0
video_c33,49,0,3057.3330078125,3057.10009765625,2P,1.0,fire_before_landing_interval,3060.866943359375,3061.6669921875,54,1,0.8,3057.26708984375,0.9818181818181818,0.8461538461538461,0.5384615384615384,0.5641025641025641,0.0,1.0,0.06184150251946862,0.0
video_c33,54,2,3346.3330078125,3346.199951171875,1P,0.0,no_fire_before_landing_interval,3346.8330078125,3348.199951171875,315,1,0.8,3345.532958984375,0.9968354430379747,0.9230769230769231,0.7692307692307693,0.8717948717948718,0.0641025641025641,0.0,0.44445951444459514,0.0
video_c33,55,1,3390.10009765625,3389.699951171875,1P,1.0,fire_before_landing_interval,3393.133056640625,3395.89990234375,336,18,0.875,3390.10009765625,0.9491525423728814,1.0,0.7692307692307693,0.8461538461538461,0.02564102564102564,1.0,0.0,0.0
video_c33,57,1,3519.43310546875,3519.166748046875,1P,0.0,no_fire_before_landing_interval,3521.60009765625,3524.133056640625,723,7,0.8333333333333334,3517.26708984375,0.9904109589041096,0.8461538461538461,0.6153846153846154,0.7307692307692307,0.0,1.0,0.6841455891425047,0.0
video_c33,57,3,3534.467041015625,3533.89990234375,2P,0.0,no_fire_before_landing_interval,3544.89990234375,3554.5,120,21,0.875,3533.0,0.851063829787234,0.46153846153846156,0.23076923076923078,0.38461538461538464,0.0,1.0,0.5946561108362197,0.0
video_c34,1,0,161.56700134277344,161.2666015625,2P,1.0,fire_before_landing_interval,174.4669952392578,175.89999389648438,133,41,0.8333333333333334,159.5,0.764367816091954,0.8461538461538461,0.5384615384615384,0.6923076923076923,0.0,1.0,0.6739486266100826,0.0
video_c34,2,3,210.60000610351562,210.3665771484375,2P,1.0,fire_before_landing_interval,232.23300170898438,233.43299865722656,130,52,0.8333333333333334,210.16700744628906,0.7142857142857143,0.7692307692307693,0.23076923076923078,0.4230769230769231,0.0,1.0,0.30216263989011105,0.0
video_c34,15,0,792.666015625,792.399658203125,2P,0.0,no_fire_before_landing_interval,792.7329711914062,793.666015625,32,8,0.8333333333333334,792.5,0.8,0.7692307692307693,0.3076923076923077,0.358974358974359,0.0,1.0,0.1423785594639866,0.0
video_c34,15,3,808.6329956054688,808.4329833984375,2P,0.0,no_fire_before_landing_interval,818.4329833984375,818.7000122070312,98,50,0.875,806.6329956054688,0.6621621621621622,0.9230769230769231,0.8461538461538461,0.8333333333333334,0.21794871794871795,1.0,0.6666666666666666,0.0
video_c34,19,0,993.0999755859375,992.9329223632812,1P,0.0,no_fire_before_landing_interval,993.3660278320312,994.2999877929688,262,4,0.8,992.7999877929688,0.9849624060150376,0.8461538461538461,0.3076923076923077,0.5,0.0,1.0,0.2307620076059909,0.0
video_c34,25,2,1297.7330322265625,1296.2327880859375,1P,0.0,no_fire_before_landing_interval,1298.2659912109375,1298.5989990234375,378,32,0.8571428571428571,1294.0660400390625,0.9219512195121952,0.9230769230769231,0.7692307692307693,0.7435897435897436,0.0641025641025641,1.0,0.7857292320569157,0.0
video_c34,47,0,2263.4990234375,2263.265625,1P,0.0,no_fire_before_landing_interval,2269.73193359375,2282.198974609375,88,35,0.875,2262.26611328125,0.7154471544715447,0.5384615384615384,0.3076923076923077,0.32051282051282054,0.0,0.5,0.552153947080691,0.0
video_c35,6,0,478.4670104980469,477.8666687011719,1P,0.0,no_fire_before_landing_interval,479.3330078125,479.4330139160156,314,1,0.75,478.20001220703125,0.9968253968253968,0.7692307692307693,0.5384615384615384,0.5512820512820513,0.0,1.0,0.2107329527663367,0.0
video_c35,8,4,610.5,610.2666625976562,1P,0.0,no_fire_before_landing_interval,611.4669799804688,611.7329711914062,14,10,0.8333333333333334,609.2999877929688,0.5833333333333334,1.0,0.5384615384615384,0.8717948717948718,0.2692307692307692,1.0,0.5454570675544458,0.0
video_c35,10,0,714.2670288085938,714.1666870117188,2P,0.0,no_fire_before_landing_interval,715.3330078125,716.5670166015625,838,2,0.8,713.4329833984375,0.9976190476190476,0.8461538461538461,0.6153846153846154,0.717948717948718,0.0,1.0,0.4547572298578988,0.0
video_c35,14,0,980.4329833984375,980.2999877929688,1P,0.0,no_fire_before_landing_interval,984.2329711914062,984.5,21,21,0.8571428571428571,979.0999755859375,0.5,0.9230769230769231,0.7692307692307693,0.7564102564102564,0.34615384615384615,1.0,0.5713687735454165,0.0
video_c35,15,0,1048.133056640625,1048.0,2P,0.0,no_fire_before_landing_interval,1048.467041015625,1054.0,22,3,0.8,1047.0,0.8800000000000001,0.9230769230769231,0.6923076923076923,0.6025641025641025,0.0,0.5,0.5311891953759872,0.0
video_c35,16,0,1106.800048828125,1106.6666259765625,1P,1.0,fire_before_landing_interval,1115.1669921875,1115.967041015625,377,19,0.8888888888888888,1106.532958984375,0.952020202020202,0.9230769230769231,0.46153846153846156,0.6666666666666666,0.0,1.0,0.21078998073217725,0.0
video_c35,17,3,1170.9329833984375,1170.9000244140625,2P,0.0,no_fire_before_landing_interval,1190.0,1190.866943359375,877,21,0.8571428571428571,1169.2669677734375,0.9766146993318485,1.0,0.38461538461538464,0.717948717948718,0.01282051282051282,1.0,0.6249084249084249,0.0
video_c35,18,0,1222.633056640625,1222.5,2P,0.0,no_fire_before_landing_interval,1228.0670166015625,1229.2330322265625,518,6,0.8,1221.300048828125,0.9885496183206107,0.7692307692307693,0.46153846153846156,0.5897435897435898,0.0,1.0,0.5713687735454165,0.0
video_c35,18,2,1237.866943359375,1237.7667236328125,1P,0.0,no_fire_before_landing_interval,1238.6669921875,1238.800048828125,60,17,0.8571428571428571,1236.633056640625,0.7792207792207793,0.5384615384615384,0.3076923076923077,0.41025641025641024,0.0,1.0,0.5523497267759563,0.0
video_c35,18,4,1242.800048828125,1242.7667236328125,2P,0.0,no_fire_before_landing_interval,1254.800048828125,1257.0670166015625,263,4,0.8,1241.133056640625,0.9850187265917603,0.9230769230769231,0.3076923076923077,0.6025641025641025,0.05128205128205128,1.0,0.6250457707799341,0.0
video_c35,20,0,1344.6669921875,1344.566650390625,2P,0.0,no_fire_before_landing_interval,1344.9000244140625,1346.0,669,1,0.8,1343.6669921875,0.9985074626865672,0.9230769230769231,0.46153846153846156,0.717948717948718,0.0,1.0,0.5,0.0
video_c35,21,3,1435.532958984375,1435.4000244140625,1P,0.0,no_fire_before_landing_interval,1437.199951171875,1437.4000244140625,24,5,0.8571428571428571,1435.2669677734375,0.8275862068965517,0.5384615384615384,0.0,0.24358974358974358,0.0,1.0,0.21010510076173947,0.0
video_c35,25,0,1664.6669921875,1664.4000244140625,2P,1.0,fire_before_landing_interval,1681.199951171875,1681.3330078125,30,1,0.8,1663.3330078125,0.967741935483871,0.8461538461538461,0.6153846153846154,0.5384615384615384,0.0,1.0,0.5715481171548117,0.0
video_c35,28,3,1807.0999755859375,1806.9000244140625,1P,0.0,no_fire_before_landing_interval,1807.633056640625,1808.6669921875,45,42,0.875,1806.7669677734375,0.5172413793103449,0.8461538461538461,0.38461538461538464,0.3974358974358974,0.01282051282051282,1.0,0.24981684981684982,0.0
video_c35,31,5,1995.0670166015625,1994.9000244140625,1P,0.0,no_fire_before_landing_interval,1995.5670166015625,1996.800048828125,245,17,0.8571428571428571,1995.0670166015625,0.9351145038167938,0.9230769230769231,0.6923076923076923,0.7564102564102564,0.15384615384615385,1.0,0.0,0.0
video_c35,33,2,2103.133056640625,2103.0,2P,1.0,fire_before_landing_interval,2112.10009765625,2112.467041015625,61,3,0.8,2103.06689453125,0.953125,1.0,0.6153846153846154,0.8717948717948718,0.02564102564102564,1.0,0.06205633157774216,0.0
video_c35,33,3,2112.366943359375,2112.10009765625,1P,0.0,no_fire_before_landing_interval,2114.133056640625,2115.0,767,207,0.9285714285714286,2112.032958984375,0.7874743326488707,0.9230769230769231,0.6153846153846154,0.7564102564102564,0.0,1.0,0.25036603221083453,0.0
video_c35,34,2,2153.3330078125,2153.10009765625,2P,0.0,no_fire_before_landing_interval,2153.39990234375,2154.43310546875,723,8,0.8,2152.366943359375,0.9890560875512996,0.8461538461538461,0.6923076923076923,0.7307692307692307,0.0,1.0,0.49136967589718117,0.0
video_c35,40,2,2557.866943359375,2557.60009765625,2P,1.0,fire_before_landing_interval,2563.699951171875,2564.633056640625,96,5,0.8333333333333334,2556.60009765625,0.9504950495049505,0.9230769230769231,0.6153846153846154,0.5641025641025641,0.0,1.0,0.5588583737210555,0.0
video_c35,41,0,2597.3330078125,2597.066650390625,2P,1.0,fire_before_landing_interval,2618.967041015625,2619.133056640625,90,5,0.8333333333333334,2596.1669921875,0.9473684210526315,0.6923076923076923,0.46153846153846156,0.5128205128205128,0.0,1.0,0.5383228133453561,0.0
video_c35,41,1,2599.633056640625,2599.36669921875,1P,0.0,no_fire_before_landing_interval,2600.300048828125,2600.366943359375,69,30,0.8333333333333334,2598.3330078125,0.6969696969696969,0.38461538461538464,0.3076923076923077,0.2692307692307692,0.0,0.0,0.565226621377773,0.0
video_c35,44,1,2764.76708984375,2764.60009765625,2P,1.0,fire_before_landing_interval,2768.5,2778.5,734,7,0.8571428571428571,2761.699951171875,0.99055330634278,0.9230769230769231,0.7692307692307693,0.7692307692307693,0.05128205128205128,1.0,0.7541268983732516,0.0
video_c35,48,1,3025.967041015625,3025.86669921875,2P,0.0,no_fire_before_landing_interval,3026.3330078125,3027.26708984375,151,10,0.8571428571428571,3025.866943359375,0.9378881987577639,0.8461538461538461,0.5384615384615384,0.6282051282051282,0.0641025641025641,1.0,0.09098979138925876,0.0
video_c36,1,0,221.56700134277344,221.46665954589844,2P,1.0,fire_before_landing_interval,226.33299255371094,226.4669952392578,170,19,0.8571428571428571,219.86700439453125,0.8994708994708994,0.6923076923076923,0.5384615384615384,0.5384615384615384,0.0,1.0,0.6296292110066856,0.0
video_c36,2,0,291.70001220703125,291.5666809082031,1P,1.0,fire_before_landing_interval,332.0669860839844,333.4330139160156,124,17,0.8571428571428571,290.2669982910156,0.8794326241134752,0.9230769230769231,0.5384615384615384,0.7307692307692307,0.0,1.0,0.5889871433051114,0.0
video_c36,3,2,417.3330078125,417.1000061035156,1P,0.0,no_fire_before_landing_interval,417.5329895019531,418.13299560546875,38,22,0.875,417.2669982910156,0.6333333333333333,0.7692307692307693,0.7692307692307693,0.7435897435897436,0.2564102564102564,1.0,0.06192207494775415,0.0
video_c36,5,3,488.3330078125,488.0666809082031,2P,0.0,no_fire_before_landing_interval,489.0,489.0329895019531,8,2,0.8,488.0329895019531,0.8,1.0,0.7692307692307693,0.8205128205128205,0.01282051282051282,1.0,0.23078006525974787,0.0
video_c36,13,0,944.7329711914062,944.5999755859375,2P,0.0,no_fire_before_landing_interval,946.7000122070312,947.5,541,1,0.8,943.7000122070312,0.9981549815498155,1.0,0.7692307692307693,0.782051282051282,0.038461538461538464,1.0,0.5081061606821184,0.0
video_c36,14,0,984.4669799804688,984.066650390625,2P,0.0,no_fire_before_landing_interval,985.3670043945312,986.7000122070312,38,22,0.8333333333333334,980.9329833984375,0.6333333333333333,0.6923076923076923,0.6153846153846154,0.5128205128205128,0.0,1.0,0.779444033115703,0.0
video_c36,23,0,1521.467041015625,1521.300048828125,2P,0.0,no_fire_before_landing_interval,1555.2669677734375,1555.800048828125,41,14,0.8888888888888888,1520.7669677734375,0.7454545454545455,0.3076923076923077,0.23076923076923078,0.2564102564102564,0.0,1.0,0.4117900481079917,0.0
video_c36,25,4,1661.4329833984375,1661.300048828125,2P,1.0,fire_before_landing_interval,1667.866943359375,1668.9329833984375,1070,589,0.95,1651.0999755859375,0.6449668474984931,1.0,0.7692307692307693,0.8717948717948718,0.07692307692307693,1.0,0.9117621714778112,0.0
video_c36,26,0,1700.199951171875,1699.9666748046875,1P,0.0,no_fire_before_landing_interval,1700.199951171875,1700.9000244140625,131,43,0.8333333333333334,1700.199951171875,0.7528735632183908,0.6923076923076923,0.6923076923076923,0.5128205128205128,0.0,1.0,0.0,0.0
video_c36,31,0,2055.300048828125,2054.966552734375,1P,0.0,no_fire_before_landing_interval,2055.5,2056.467041015625,61,22,0.8333333333333334,2055.23291015625,0.7349397590361446,0.9230769230769231,0.0,0.6410256410256411,0.0,1.0,0.06291466483642187,0.0
video_c36,33,0,2175.39990234375,2175.2666015625,1P,0.0,no_fire_before_landing_interval,2175.43310546875,2176.06689453125,147,2,0.8,2175.366943359375,0.9865771812080537,0.7692307692307693,0.6153846153846154,0.5897435897435898,0.0,1.0,0.0319073505081541,0.0
video_c36,33,1,2183.39990234375,2183.199951171875,1P,0.0,no_fire_before_landing_interval,2184.6669921875,2184.699951171875,460,14,0.875,2181.23291015625,0.9704641350210971,0.9230769230769231,0.6153846153846154,0.782051282051282,0.0641025641025641,1.0,0.6842429848905335,0.0
video_c36,34,0,2240.032958984375,2239.89990234375,1P,1.0,fire_before_landing_interval,2265.800048828125,2266.8330078125,18,6,0.8571428571428571,2239.10009765625,0.75,0.6923076923076923,0.0,0.4230769230769231,0.0,1.0,0.4826323102185171,0.0
video_c36,35,0,2304.633056640625,2304.36669921875,2P,1.0,fire_before_landing_interval,2320.366943359375,2320.5,146,5,0.8,2303.1669921875,0.9668874172185431,0.6923076923076923,0.6153846153846154,0.6153846153846154,0.0,1.0,0.5944955944955945,0.0
video_c36,38,3,2526.699951171875,2526.39990234375,2P,0.0,no_fire_before_landing_interval,2526.800048828125,2527.3330078125,824,432,0.9411764705882353,2523.699951171875,0.6560509554140127,0.9230769230769231,0.7692307692307693,0.782051282051282,0.05128205128205128,1.0,0.75,0.0
video_c36,48,1,2996.73291015625,2996.466552734375,1P,0.0,no_fire_before_landing_interval,2996.73291015625,2997.43310546875,10,5,0.8333333333333334,2996.73291015625,0.6666666666666666,0.7692307692307693,0.38461538461538464,0.5256410256410257,0.01282051282051282,1.0,0.0,0.0
video_c36,53,3,3339.89990234375,3339.7666015625,1P,0.0,no_fire_before_landing_interval,3340.6669921875,3342.1669921875,73,16,0.8888888888888888,3339.699951171875,0.8202247191011236,0.6153846153846154,0.46153846153846156,0.3717948717948718,0.0,1.0,0.16663275686673448,0.0
video_c36,54,2,3435.56689453125,3435.39990234375,1P,0.0,no_fire_before_landing_interval,3439.032958984375,3439.1669921875,38,1,0.8,3433.1669921875,0.9743589743589743,0.5384615384615384,0.38461538461538464,0.28205128205128205,0.038461538461538464,1.0,0.7058739049260376,0.0
video_c37,4,0,419.9670104980469,419.70001220703125,1P,0.0,no_fire_before_landing_interval,421.0,423.1669921875,61,3,0.8,418.7669982910156,0.953125,0.7692307692307693,0.7692307692307693,0.5769230769230769,0.0,1.0,0.5454570675544458,0.0
video_c37,5,8,520.3330078125,520.0,2P,1.0,fire_before_landing_interval,530.7000122070312,531.5670166015625,380,5,0.8333333333333334,520.0330200195312,0.987012987012987,0.9230769230769231,0.3076923076923077,0.7051282051282052,0.0,1.0,0.2307620076059909,0.0
video_c37,8,1,673.0670166015625,672.9666748046875,1P,0.0,no_fire_before_landing_interval,676.5,678.2000122070312,422,10,0.8571428571428571,671.7000122070312,0.9768518518518519,0.8461538461538461,0.6153846153846154,0.5897435897435898,0.0,1.0,0.5775250767128233,0.0
video_c37,9,5,742.6329956054688,742.5,2P,0.0,no_fire_before_landing_interval,744.5,745.9329833984375,8,2,0.8,742.1329956054688,0.8,0.8461538461538461,0.15384615384615385,0.4230769230769231,0.0,1.0,0.3333333333333333,0.0
video_c37,13,1,921.7000122070312,921.4666748046875,1P,0.0,no_fire_before_landing_interval,921.8670043945312,922.2999877929688,602,10,0.8333333333333334,920.3330078125,0.9836601307189542,1.0,0.7692307692307693,0.6794871794871795,0.0,1.0,0.5775250767128233,0.0
video_c37,14,0,967.2999877929688,967.1666870117188,1P,0.0,no_fire_before_landing_interval,968.2329711914062,968.3670043945312,109,7,0.8571428571428571,965.7329711914062,0.9396551724137931,0.7692307692307693,0.6153846153846154,0.7051282051282052,0.0,1.0,0.610442721955395,0.0
video_c37,14,2,990.3330078125,990.2000122070312,1P,0.0,no_fire_before_landing_interval,991.0999755859375,992.5670166015625,246,78,0.9,989.7999877929688,0.7592592592592593,0.6923076923076923,0.6153846153846154,0.5,0.0,1.0,0.3476927977067325,0.0
video_c37,16,4,1118.633056640625,1118.36669921875,2P,1.0,fire_before_landing_interval,1148.5999755859375,1149.5670166015625,348,26,0.875,1117.9000244140625,0.93048128342246,0.6923076923076923,0.46153846153846156,0.5,0.01282051282051282,1.0,0.42297668521518633,0.0
video_c37,16,5,1122.866943359375,1122.0999755859375,1P,0.0,no_fire_before_landing_interval,1124.0670166015625,1124.5999755859375,130,38,0.875,1121.532958984375,0.7738095238095238,0.6923076923076923,0.46153846153846156,0.48717948717948717,0.0,1.0,0.5715481171548117,0.0
video_c37,20,0,1336.5,1336.0,2P,0.0,no_fire_before_landing_interval,1337.0999755859375,1337.2669677734375,56,1,0.75,1336.366943359375,0.9824561403508771,0.8461538461538461,0.6153846153846154,0.5512820512820513,0.0,1.0,0.11743158801982331,0.0
video_c37,26,2,1700.467041015625,1699.5,2P,1.0,fire_before_landing_interval,1732.1669921875,1735.2669677734375,1610,24,0.8571428571428571,1698.3330078125,0.98531211750306,1.0,0.6923076923076923,0.8974358974358975,0.038461538461538464,1.0,0.6809223338786321,0.0
video_c37,31,0,1971.0,1970.7667236328125,2P,0.0,no_fire_before_landing_interval,1974.967041015625,1976.2669677734375,309,17,0.8333333333333334,1970.1669921875,0.9478527607361963,0.8461538461538461,0.46153846153846156,0.5897435897435898,0.0,0.0,0.45444858817261585,0.0
video_c37,36,1,2286.199951171875,2285.7666015625,1P,0.0,no_fire_before_landing_interval,2286.800048828125,2287.06689453125,216,2,0.8,2281.866943359375,0.9908256880733946,0.9230769230769231,0.6923076923076923,0.782051282051282,0.10256410256410256,1.0,0.8124885552096686,0.0
video_c37,41,1,2542.866943359375,2542.60009765625,2P,1.0,fire_before_landing_interval,2555.032958984375,2555.366943359375,95,5,0.8333333333333334,2542.800048828125,0.95,0.8461538461538461,0.6153846153846154,0.6025641025641025,0.0,1.0,0.06270022883295194,0.0
video_c37,42,1,2586.73291015625,2586.36669921875,2P,0.0,no_fire_before_landing_interval,2587.06689453125,2587.8330078125,163,16,0.875,2585.800048828125,0.9106145251396648,0.6923076923076923,0.23076923076923078,0.46153846153846156,0.0,1.0,0.4826323102185171,0.0
video_c37,43,0,2663.032958984375,2662.86669921875,1P,0.0,no_fire_before_landing_interval,2674.5,2675.3330078125,504,34,0.8571428571428571,2662.73291015625,0.9368029739776952,1.0,0.8461538461538461,0.7692307692307693,0.0,1.0,0.2307981220657277,0.0
video_c37,45,4,2787.699951171875,2787.466552734375,2P,0.0,no_fire_before_landing_interval,2787.76708984375,2788.032958984375,46,39,0.875,2786.73291015625,0.5411764705882353,0.8461538461538461,0.46153846153846156,0.46153846153846156,0.038461538461538464,0.0,0.4916221918828348,0.0
video_c37,47,0,2876.73291015625,2876.166748046875,1P,0.0,no_fire_before_landing_interval,2877.133056640625,2877.1669921875,21,5,0.8333333333333334,2875.3330078125,0.8076923076923077,0.9230769230769231,0.0,0.5897435897435898,0.0,1.0,0.5833163784333673,0.0
video_c4,1,2,229.10000610351562,228.96665954589844,2P,0.0,no_fire_before_landing_interval,229.60000610351562,229.83299255371094,220,4,0.8,228.86700439453125,0.9821428571428571,0.9230769230769231,0.7692307692307693,0.8205128205128205,0.0641025641025641,1.0,0.18897111600623717,0.0
video_c4,10,1,724.5330200195312,724.2999877929688,1P,1.0,fire_before_landing_interval,730.9669799804688,732.0330200195312,48,12,0.8333333333333334,722.4000244140625,0.8,0.6153846153846154,0.38461538461538464,0.44871794871794873,0.0,1.0,0.6808166604975551,0.0
video_c4,12,0,922.4329833984375,922.2999877929688,2P,1.0,fire_before_landing_interval,934.7000122070312,936.2000122070312,279,5,0.8571428571428571,920.9000244140625,0.9823943661971831,0.6923076923076923,0.6923076923076923,0.5641025641025641,0.0,1.0,0.6052048192771085,0.0
video_c4,12,1,927.5330200195312,927.2666625976562,1P,0.0,no_fire_before_landing_interval,928.0999755859375,929.2670288085938,89,18,0.875,926.7670288085938,0.8317757009345794,0.6923076923076923,0.3076923076923077,0.4230769230769231,0.0,1.0,0.4337457662265846,0.0
video_c4,12,2,947.5,947.3666381835938,2P,0.0,no_fire_before_landing_interval,949.4329833984375,949.5,1070,21,0.8888888888888888,944.5670166015625,0.9807516040329972,1.0,0.6153846153846154,0.8846153846153846,0.0641025641025641,1.0,0.7457400912505043,0.0
video_c4,17,3,1283.8330078125,1283.6666259765625,2P,0.0,no_fire_before_landing_interval,1284.5670166015625,1285.3330078125,705,13,0.8571428571428571,1283.0999755859375,0.9818941504178273,0.6923076923076923,0.5384615384615384,0.6025641025641025,0.0,1.0,0.42297668521518633,0.0
video_c4,19,3,1421.2330322265625,1421.0999755859375,1P,0.0,no_fire_before_landing_interval,1434.6669921875,1435.3330078125,414,56,0.8888888888888888,1417.967041015625,0.8808510638297873,0.9230769230769231,0.6153846153846154,0.6923076923076923,0.0,1.0,0.7655878902337826,0.0
video_c4,21,0,1536.300048828125,1536.1666259765625,1P,0.0,no_fire_before_landing_interval,1536.532958984375,1537.2669677734375,34,1,0.8,1535.0670166015625,0.9714285714285714,0.7692307692307693,0.7692307692307693,0.6410256410256411,0.0,1.0,0.5521784289072322,0.0
video_c4,24,0,1687.4329833984375,1687.0999755859375,2P,1.0,fire_before_landing_interval,1692.3330078125,1692.4000244140625,32,26,0.8333333333333334,1686.5,0.5517241379310345,0.8461538461538461,0.38461538461538464,0.5128205128205128,0.0,0.0,0.482664982633407,0.0
video_c4,24,1,1689.7330322265625,1689.699951171875,1P,0.0,no_fire_before_landing_interval,1701.866943359375,1702.300048828125,39,1,0.8,1688.8330078125,0.975,0.46153846153846156,0.46153846153846156,0.28205128205128205,0.0,1.0,0.47369097333761645,0.0
video_c4,27,0,1904.0,1903.86669921875,2P,0.0,no_fire_before_landing_interval,1906.133056640625,1907.5670166015625,39,16,0.8888888888888888,1903.5,0.7090909090909091,0.9230769230769231,0.6923076923076923,0.6410256410256411,0.3076923076923077,1.0,0.3333333333333333,0.0
video_c4,32,0,2137.0,2136.86669921875,2P,0.0,no_fire_before_landing_interval,2151.76708984375,2152.26708984375,420,3,0.8,2135.199951171875,0.9929078014184397,0.6923076923076923,0.5384615384615384,0.5384615384615384,0.0,1.0,0.6428633708257041,0.0
video_c4,33,1,2192.0,2191.86669921875,2P,1.0,fire_before_landing_interval,2215.967041015625,2224.60009765625,158,33,0.8888888888888888,2191.3330078125,0.8272251308900523,0.9230769230769231,0.46153846153846156,0.6410256410256411,0.038461538461538464,0.75,0.4001171646162859,0.0
video_c4,37,0,2492.23291015625,2491.966552734375,2P,1.0,fire_before_landing_interval,2503.967041015625,2504.1669921875,304,77,0.9166666666666666,2490.699951171875,0.7979002624671917,1.0,0.46153846153846156,0.48717948717948717,0.0,1.0,0.6052048192771085,0.0
video_c4,39,3,2589.23291015625,2589.10009765625,2P,0.0,no_fire_before_landing_interval,2590.133056640625,2590.5,19,13,0.8,2587.56689453125,0.5937499999999999,1.0,0.8461538461538461,0.8974358974358975,0.24358974358974358,1.0,0.6249084249084249,0.0
video_c4,47,0,3109.0,3108.966552734375,1P,0.0,no_fire_before_landing_interval,3109.133056640625,3110.3330078125,51,4,0.8,3105.866943359375,0.9272727272727272,0.7692307692307693,0.5384615384615384,0.5384615384615384,0.0,1.0,0.7580483194518283,0.0
video_c4,49,0,3241.76708984375,3241.666748046875,1P,0.0,no_fire_before_landing_interval,3251.199951171875,3251.633056640625,86,16,0.8571428571428571,3241.10009765625,0.8431372549019608,0.6153846153846154,0.6153846153846154,0.48717948717948717,0.0,1.0,0.4001171646162859,0.0
video_c4,52,0,3406.3330078125,3406.199951171875,2P,0.0,no_fire_before_landing_interval,3406.366943359375,3407.199951171875,390,9,0.8571428571428571,3405.0,0.9774436090225563,0.6923076923076923,0.38461538461538464,0.5128205128205128,0.0,1.0,0.5713687735454165,0.0
video_c4,54,2,3519.93310546875,3519.800048828125,1P,0.0,no_fire_before_landing_interval,3520.3330078125,3521.199951171875,297,14,0.8888888888888888,3517.8330078125,0.954983922829582,0.7692307692307693,0.5384615384615384,0.6025641025641025,0.0,1.0,0.677429516459285,0.0
video_c40,6,1,477.5669860839844,477.39996337890625,2P,0.0,no_fire_before_landing_interval,477.7669982910156,477.79998779296875,149,10,0.8571428571428571,477.36700439453125,0.9371069182389937,0.9230769230769231,0.5384615384615384,0.5897435897435898,0.0,1.0,0.16665395081508608,0.0
video_c40,8,1,589.2000122070312,589.0665893554688,2P,1.0,fire_before_landing_interval,601.0999755859375,601.9000244140625,308,53,0.8888888888888888,587.8670043945312,0.853185595567867,0.7692307692307693,0.23076923076923078,0.5,0.01282051282051282,1.0,0.5713687735454165,0.0
video_c40,8,2,596.7999877929688,596.4999389648438,1P,0.0,no_fire_before_landing_interval,596.9329833984375,597.7999877929688,546,10,0.8333333333333334,595.2000122070312,0.9820143884892086,0.9230769230769231,0.6923076923076923,0.7948717948717948,0.14102564102564102,1.0,0.6153810038029954,0.0
video_c40,12,3,863.4329833984375,863.2999267578125,2P,0.0,no_fire_before_landing_interval,863.5,864.2999877929688,8,3,0.8,863.3330078125,0.7272727272727273,1.0,0.8461538461538461,0.7564102564102564,0.0,1.0,0.09088891355010542,0.0
video_c40,13,0,898.5,898.2999267578125,1P,0.0,no_fire_before_landing_interval,901.2670288085938,902.6669921875,250,8,0.8571428571428571,898.2329711914062,0.9689922480620154,0.9230769230769231,0.5384615384615384,0.6282051282051282,0.01282051282051282,1.0,0.21075196300399826,0.0
video_c40,13,1,910.5999755859375,910.39990234375,1P,0.0,no_fire_before_landing_interval,911.6329956054688,912.1669921875,211,43,0.9,909.7000122070312,0.8307086614173228,0.8461538461538461,0.8461538461538461,0.5641025641025641,0.0,1.0,0.47367406598348805,0.0
video_c40,16,1,1104.0670166015625,1103.8665771484375,1P,1.0,fire_before_landing_interval,1119.532958984375,1120.967041015625,339,29,0.875,1099.8330078125,0.9211956521739131,0.9230769230769231,0.46153846153846156,0.6025641025641025,0.0,1.0,0.808941856939618,0.0
video_c40,20,0,1319.967041015625,1319.66650390625,2P,0.0,no_fire_before_landing_interval,1322.300048828125,1325.6669921875,128,29,0.875,1319.032958984375,0.8152866242038217,0.9230769230769231,0.6153846153846154,0.7692307692307693,0.01282051282051282,0.0,0.4829588487755617,0.0
video_c40,22,5,1488.199951171875,1487.6998291015625,1P,0.0,no_fire_before_landing_interval,1488.5,1494.532958984375,56,18,0.875,1487.0,0.7567567567567568,0.9230769230769231,0.6153846153846154,0.5384615384615384,0.0,0.0,0.5454444567750527,0.0
video_c40,23,3,1536.9329833984375,1535.2998046875,1P,1.0,fire_before_landing_interval,1556.032958984375,1557.3330078125,252,130,0.9166666666666666,1536.5,0.6596858638743455,0.46153846153846156,0.38461538461538464,0.41025641025641024,0.0,1.0,0.3021552091319533,0.0
video_c40,23,4,1547.6669921875,1547.466552734375,2P,0.0,no_fire_before_landing_interval,1559.199951171875,1559.9000244140625,244,222,0.9375,1546.032958984375,0.5236051502145922,0.9230769230769231,0.38461538461538464,0.6025641025641025,0.0,1.0,0.6203540643247752,0.0
video_c40,29,5,1928.9329833984375,1927.1998291015625,1P,0.0,no_fire_before_landing_interval,1931.199951171875,1931.633056640625,197,150,0.9166666666666666,1928.5999755859375,0.5677233429394812,0.6153846153846154,0.23076923076923078,0.4358974358974359,0.0,0.0,0.24981684981684982,0.0
video_c40,38,1,2404.76611328125,2404.633056640625,2P,1.0,fire_before_landing_interval,2419.39990234375,2420.800048828125,152,8,0.8571428571428571,2403.73291015625,0.95,0.6923076923076923,0.5384615384615384,0.46153846153846156,0.0,1.0,0.5081652257444764,0.0
video_c40,39,3,2479.56591796875,2479.2998046875,2P,1.0,fire_before_landing_interval,2486.76611328125,2487.89990234375,25,5,0.8333333333333334,2479.133056640625,0.8333333333333334,0.8461538461538461,0.46153846153846156,0.5384615384615384,0.0,1.0,0.30209575736922817,0.0
video_c40,41,1,2590.56591796875,2590.399658203125,1P,1.0,fire_before_landing_interval,2593.60009765625,2593.966064453125,25,17,0.8571428571428571,2589.865966796875,0.5952380952380952,0.6153846153846154,0.5384615384615384,0.5641025641025641,0.0,1.0,0.41174780985207526,0.0
video_c40,41,3,2598.06591796875,2597.899658203125,1P,0.0,no_fire_before_landing_interval,2598.10009765625,2598.8330078125,39,10,0.8571428571428571,2597.532958984375,0.7959183673469387,1.0,0.46153846153846156,0.6538461538461539,0.07692307692307693,1.0,0.3476668259276955,0.0
video_c40,45,1,2846.3330078125,2846.2998046875,1P,0.0,no_fire_before_landing_interval,2846.73291015625,2851.39990234375,38,4,0.8,2845.26611328125,0.9047619047619048,0.7692307692307693,0.46153846153846156,0.5897435897435898,0.0,1.0,0.5161823765650838,0.0
video_c40,45,2,2854.966064453125,2854.633056640625,1P,0.0,no_fire_before_landing_interval,2859.23291015625,2859.5,35,16,0.875,2854.39990234375,0.6862745098039216,0.8461538461538461,0.6923076923076923,0.7051282051282052,0.15384615384615385,1.0,0.36149649259547934,0.0
video_c40,46,0,2905.966064453125,2905.69970703125,1P,0.0,no_fire_before_landing_interval,2908.60009765625,2910.633056640625,138,47,0.8333333333333334,2904.666015625,0.745945945945946,0.6923076923076923,0.6153846153846154,0.6410256410256411,0.0,0.5,0.565226621377773,0.0
video_c40,48,1,3007.93310546875,3007.633056640625,2P,1.0,fire_before_landing_interval,3010.199951171875,3011.300048828125,21,20,0.8333333333333334,3006.43310546875,0.5121951219512195,1.0,0.7692307692307693,0.7435897435897436,0.07692307692307693,1.0,0.6,0.0
video_c40,48,4,3017.76611328125,3017.499755859375,1P,0.0,no_fire_before_landing_interval,3018.0,3023.666015625,217,47,0.9,3017.39990234375,0.821969696969697,0.7692307692307693,0.3076923076923077,0.48717948717948717,0.0,1.0,0.268048606147248,0.0
video_c41,1,0,160.5330047607422,160.36666870117188,1P,0.0,no_fire_before_landing_interval,162.4669952392578,163.0,96,26,0.8571428571428571,159.23300170898438,0.7868852459016393,0.6923076923076923,0.6923076923076923,0.5769230769230769,0.0,1.0,0.5652179681954184,0.0
video_c41,6,1,385.1000061035156,384.9666748046875,2P,0.0,no_fire_before_landing_interval,391.5,392.63299560546875,442,14,0.8571428571428571,384.2330017089844,0.9692982456140352,0.7692307692307693,0.7692307692307693,0.7307692307692307,0.0,1.0,0.46438262120370066,0.0
video_c41,11,3,718.8330078125,718.7000122070312,1P,0.0,no_fire_before_landing_interval,719.2000122070312,719.4329833984375,61,1,0.8,718.4669799804688,0.9838709677419355,0.9230769230769231,0.46153846153846156,0.8076923076923077,0.16666666666666666,1.0,0.2679504937223538,0.0
video_c41,11,4,725.9329833984375,725.7999877929688,2P,0.0,no_fire_before_landing_interval,726.0330200195312,726.4329833984375,240,5,0.8571428571428571,725.9329833984375,0.9795918367346939,1.0,0.8461538461538461,0.8333333333333334,0.28205128205128205,1.0,0.0,0.0
video_c41,17,1,1120.7330322265625,1120.5999755859375,2P,1.0,fire_before_landing_interval,1128.2669677734375,1128.866943359375,10,9,0.8571428571428571,1116.133056640625,0.5263157894736842,0.5384615384615384,0.38461538461538464,0.2692307692307692,0.0,1.0,0.8214277929155314,0.0
video_c41,20,0,1314.1669921875,1314.066650390625,1P,0.0,no_fire_before_landing_interval,1314.3330078125,1315.1669921875,139,18,0.8571428571428571,1313.0,0.8853503184713377,0.7692307692307693,0.38461538461538464,0.5384615384615384,0.0,1.0,0.5385308697611537,0.0
video_c41,25,3,1669.1669921875,1668.7667236328125,2P,0.0,no_fire_before_landing_interval,1670.4329833984375,1671.8330078125,62,1,0.8,1668.633056640625,0.9841269841269841,0.5384615384615384,0.3076923076923077,0.32051282051282054,0.0,1.0,0.3480821263727519,0.0
video_c41,27,0,1762.4000244140625,1762.2667236328125,1P,0.0,no_fire_before_landing_interval,1762.467041015625,1763.3330078125,7,1,0.8,1760.8330078125,0.875,1.0,0.5384615384615384,0.7307692307692307,0.0,1.0,0.610442721955395,0.0
video_c41,33,3,2081.1669921875,2080.89990234375,2P,1.0,fire_before_landing_interval,2087.032958984375,2087.866943359375,545,2,0.8,2081.1669921875,0.9963436928702011,0.9230769230769231,0.6153846153846154,0.7692307692307693,0.038461538461538464,1.0,0.0,0.0
video_c41,34,2,2123.6669921875,2123.466552734375,1P,0.0,no_fire_before_landing_interval,2130.73291015625,2130.800048828125,88,10,0.8571428571428571,2123.60009765625,0.8979591836734694,0.6923076923076923,0.5384615384615384,0.5769230769230769,0.0,1.0,0.06270022883295194,0.0
video_c41,38,0,2379.26708984375,2379.0,1P,0.0,no_fire_before_landing_interval,2383.467041015625,2384.0,85,36,0.9,2377.89990234375,0.7024793388429752,0.9230769230769231,0.6923076923076923,0.7692307692307693,0.0,1.0,0.5775577557755776,0.0
video_c41,40,4,2516.8330078125,2516.699951171875,1P,1.0,fire_before_landing_interval,2527.866943359375,2528.133056640625,30,24,0.8571428571428571,2516.800048828125,0.5555555555555556,1.0,0.8461538461538461,0.8333333333333334,0.3717948717948718,1.0,0.0319073505081541,0.0
video_c41,50,1,3102.73291015625,3102.60009765625,2P,0.0,no_fire_before_landing_interval,3102.89990234375,3104.23291015625,41,35,0.9,3102.1669921875,0.5394736842105263,0.8461538461538461,0.07692307692307693,0.2948717948717949,0.0,1.0,0.36139694418459617,0.0
video_c41,57,0,3609.73291015625,3609.60009765625,1P,1.0,fire_before_landing_interval,3631.39990234375,3632.532958984375,40,20,0.8571428571428571,3607.0,0.6666666666666666,0.6923076923076923,0.6153846153846154,0.48717948717948717,0.0,1.0,0.732112491824722,0.0
video_c42,0,1,131.5,131.3666534423828,2P,0.0,no_fire_before_landing_interval,133.13299560546875,133.5,181,33,0.8571428571428571,130.63299560546875,0.8457943925233645,0.8461538461538461,0.7692307692307693,0.6410256410256411,0.1282051282051282,1.0,0.46438262120370066,0.0
video_c42,12,0,681.8670043945312,681.5999145507812,1P,0.0,no_fire_before_landing_interval,683.9329833984375,685.2000122070312,74,14,0.8333333333333334,680.8330078125,0.8409090909090909,0.8461538461538461,0.6923076923076923,0.5,0.0,1.0,0.508357089272318,0.0
video_c42,18,4,1045.199951171875,1044.9998779296875,1P,1.0,fire_before_landing_interval,1050.366943359375,1050.9000244140625,78,15,0.875,1045.133056640625,0.8387096774193549,1.0,0.8461538461538461,0.8846153846153846,0.19230769230769232,1.0,0.06270022883295194,0.0
video_c42,22,0,1296.4329833984375,1296.2664794921875,1P,1.0,fire_before_landing_interval,1298.2669677734375,1300.133056640625,55,2,0.8,1295.699951171875,0.9649122807017544,0.6923076923076923,0.6153846153846154,0.5512820512820513,0.0,0.0,0.42297668521518633,0.0
video_c42,29,0,1702.8330078125,1702.6998291015625,1P,0.0,no_fire_before_landing_interval,1716.633056640625,1717.4329833984375,246,1,0.8,1701.2659912109375,0.9959514170040485,0.7692307692307693,0.7692307692307693,0.6923076923076923,0.0,1.0,0.610442721955395,0.0
video_c42,34,0,1985.8330078125,1985.5997314453125,1P,1.0,fire_before_landing_interval,1991.0999755859375,1991.2659912109375,238,21,0.8333333333333334,1985.2659912109375,0.918918918918919,1.0,0.6923076923076923,0.6794871794871795,0.0,1.0,0.36184466775726415,0.0
video_c42,35,9,2084.5,2084.19970703125,1P,1.0,fire_before_landing_interval,2100.466064453125,2101.76611328125,199,43,0.9,2084.23291015625,0.8223140495867769,0.8461538461538461,0.5384615384615384,0.6025641025641025,0.0,1.0,0.21078998073217725,0.0
video_c42,37,1,2213.532958984375,2213.399658203125,1P,0.0,no_fire_before_landing_interval,2222.666015625,2223.39990234375,91,52,0.9,2209.032958984375,0.6363636363636364,0.9230769230769231,0.6153846153846154,0.6025641025641025,0.07692307692307693,1.0,0.8181818181818182,0.0
video_c42,41,2,2468.865966796875,2468.599609375,2P,1.0,fire_before_landing_interval,2490.365966796875,2491.56591796875,892,26,0.875,2465.966064453125,0.971677559912854,0.9230769230769231,0.6923076923076923,0.7692307692307693,0.01282051282051282,1.0,0.7435833228997121,0.0
video_c42,41,3,2481.8330078125,2481.69970703125,1P,0.0,no_fire_before_landing_interval,2489.666015625,2490.199951171875,357,105,0.9166666666666666,2481.73291015625,0.7727272727272726,0.9230769230769231,0.46153846153846156,0.6153846153846154,0.01282051282051282,1.0,0.09098979138925876,0.0
video_c42,47,2,2846.865966796875,2846.69970703125,2P,0.0,no_fire_before_landing_interval,2847.532958984375,2847.93310546875,184,18,0.8888888888888888,2846.26611328125,0.9108910891089109,0.7692307692307693,0.23076923076923078,0.4358974358974359,0.0,1.0,0.37494277430184647,0.0
video_c43,2,3,332.20001220703125,332.0666198730469,2P,0.0,no_fire_before_landing_interval,334.6000061035156,336.4670104980469,1304,10,0.8571428571428571,332.0,0.9923896499238964,0.9230769230769231,0.7692307692307693,0.8076923076923077,0.01282051282051282,1.0,0.1666751436854687,0.0
video_c43,4,2,457.79998779296875,457.39996337890625,1P,0.0,no_fire_before_landing_interval,467.8999938964844,469.5669860839844,53,32,0.875,453.7330017089844,0.6235294117647059,0.9230769230769231,0.3076923076923077,0.5512820512820513,0.01282051282051282,1.0,0.8026440208389798,0.0
video_c43,6,2,578.2000122070312,578.0665893554688,1P,0.0,no_fire_before_landing_interval,582.7670288085938,583.1329956054688,1052,515,0.9444444444444444,577.5999755859375,0.6713465220165923,1.0,0.5384615384615384,0.8333333333333334,0.0,1.0,0.3750143047873355,0.0
video_c43,10,2,811.4329833984375,811.1665649414062,1P,0.0,no_fire_before_landing_interval,832.2329711914062,833.0999755859375,38,6,0.8,810.7000122070312,0.8636363636363636,0.5384615384615384,0.46153846153846156,0.38461538461538464,0.0,1.0,0.42295636248371077,0.0
video_c43,11,1,900.7329711914062,900.5999145507812,1P,0.0,no_fire_before_landing_interval,903.4000244140625,905.2000122070312,18,10,0.8571428571428571,900.0,0.6428571428571429,0.9230769230769231,0.6923076923076923,0.6923076923076923,0.038461538461538464,1.0,0.42295636248371077,0.0
video_c43,11,5,919.9329833984375,919.7999267578125,1P,1.0,fire_before_landing_interval,928.2670288085938,929.9669799804688,377,13,0.8571428571428571,916.6669921875,0.9666666666666667,0.6923076923076923,0.3076923076923077,0.5384615384615384,0.01282051282051282,1.0,0.7655878902337826,0.0
video_c43,13,0,1012.8670043945312,1012.5999145507812,1P,0.0,no_fire_before_landing_interval,1033.967041015625,1035.0999755859375,300,38,0.8333333333333334,1012.2000122070312,0.8875739644970413,0.8461538461538461,0.8461538461538461,0.6666666666666666,0.0,1.0,0.4001171646162859,0.0
video_c43,14,0,1065.4000244140625,1064.966552734375,1P,0.0,no_fire_before_landing_interval,1065.4000244140625,1065.967041015625,91,5,0.8333333333333334,1065.4000244140625,0.9479166666666666,0.8461538461538461,0.6923076923076923,0.6410256410256411,0.0,1.0,0.0,0.0
video_c43,15,0,1124.2330322265625,1123.7999267578125,2P,1.0,fire_before_landing_interval,1125.6669921875,1126.467041015625,14,4,0.8,1122.8330078125,0.7777777777777778,0.6923076923076923,0.6153846153846154,0.5897435897435898,0.0,1.0,0.5833375718427344,0.0
video_c43,15,2,1134.3330078125,1134.0665283203125,1P,0.0,no_fire_before_landing_interval,1140.9329833984375,1141.2669677734375,155,7,0.8333333333333334,1133.199951171875,0.9567901234567902,0.7692307692307693,0.7692307692307693,0.7307692307692307,0.0,1.0,0.5311891953759872,0.0
video_c43,18,1,1285.3330078125,1285.1998291015625,1P,0.0,no_fire_before_landing_interval,1286.2669677734375,1286.300048828125,29,18,0.8571428571428571,1283.199951171875,0.6170212765957447,1.0,0.46153846153846156,0.5641025641025641,0.15384615384615385,1.0,0.6808228785163251,0.0
video_c43,23,2,1582.0999755859375,1581.9998779296875,2P,0.0,no_fire_before_landing_interval,1593.0660400390625,1594.0,145,14,0.8571428571428571,1581.7659912109375,0.9119496855345912,1.0,0.7692307692307693,0.8333333333333334,0.14102564102564102,1.0,0.25036603221083453,0.0
video_c43,27,0,1808.9329833984375,1808.7998046875,2P,0.0,no_fire_before_landing_interval,1808.9329833984375,1809.2330322265625,351,22,0.8571428571428571,1808.9329833984375,0.9410187667560322,0.6923076923076923,0.6153846153846154,0.5641025641025641,0.02564102564102564,1.0,0.0,0.0
video_c43,31,0,1967.7330322265625,1967.5997314453125,1P,0.0,no_fire_before_landing_interval,1976.666015625,1977.4659423828125,50,14,0.8571428571428571,1964.7659912109375,0.7812500000000001,0.7692307692307693,0.6153846153846154,0.6666666666666666,0.0,1.0,0.7479229491045603,0.0
video_c43,37,3,2361.166015625,2360.7998046875,2P,0.0,no_fire_before_landing_interval,2362.39990234375,2364.300048828125,605,8,0.8333333333333334,2359.43310546875,0.9869494290375204,1.0,0.8461538461538461,0.8717948717948718,0.05128205128205128,1.0,0.6340896909058424,0.0
video_c43,44,7,2869.633056640625,2869.19970703125,2P,0.0,no_fire_before_landing_interval,2891.26611328125,2891.5,47,10,0.8333333333333334,2869.532958984375,0.8245614035087719,0.46153846153846156,0.46153846153846156,0.3333333333333333,0.01282051282051282,1.0,0.09098979138925876,0.0
video_c44,0,2,184.93299865722656,184.89999389648438,2P,1.0,fire_before_landing_interval,194.83299255371094,195.63299560546875,830,20,0.8,184.36700439453125,0.9764705882352941,0.6153846153846154,0.23076923076923078,0.4230769230769231,0.0,1.0,0.3614280563973146,0.0
video_c44,1,0,223.9669952392578,222.76666259765625,1P,1.0,fire_before_landing_interval,234.26699829101562,235.56700134277344,572,6,0.6666666666666666,223.89999389648438,0.9896193771626297,0.7692307692307693,0.5384615384615384,0.5641025641025641,0.0,1.0,0.06279405665908733,0.0
video_c44,2,0,254.56700134277344,254.1999969482422,2P,1.0,fire_before_landing_interval,271.29998779296875,272.0669860839844,94,37,0.9,252.83299255371094,0.7175572519083969,0.6153846153846154,0.5384615384615384,0.358974358974359,0.0,1.0,0.6342367281332322,0.0
video_c44,15,2,956.0330200195312,955.7666625976562,1P,0.0,no_fire_before_landing_interval,963.0999755859375,963.2329711914062,246,34,0.875,955.9329833984375,0.8785714285714287,0.7692307692307693,0.5384615384615384,0.5769230769230769,0.11538461538461539,1.0,0.09093935526826832,0.0
video_c44,16,4,1060.0999755859375,1059.9666748046875,2P,0.0,no_fire_before_landing_interval,1061.9000244140625,1062.6669921875,208,5,0.8571428571428571,1059.3330078125,0.9765258215962441,0.7692307692307693,0.46153846153846156,0.6410256410256411,0.0,1.0,0.4340587219343696,0.0
video_c44,21,1,1346.133056640625,1346.0,1P,1.0,fire_before_landing_interval,1361.5670166015625,1362.300048828125,309,17,0.8571428571428571,1345.366943359375,0.9478527607361963,0.6923076923076923,0.5384615384615384,0.4358974358974359,0.0,1.0,0.43378490461708596,0.0
video_c44,22,2,1413.0,1412.800048828125,2P,0.0,no_fire_before_landing_interval,1413.199951171875,1414.2330322265625,124,6,0.8571428571428571,1411.7669677734375,0.9538461538461539,0.6923076923076923,0.6923076923076923,0.5384615384615384,0.0,1.0,0.5521784289072322,0.0
video_c44,22,3,1423.300048828125,1423.1666259765625,1P,1.0,fire_before_landing_interval,1430.199951171875,1430.2330322265625,378,2,0.8,1423.0670166015625,0.9947368421052631,0.8461538461538461,0.6923076923076923,0.7435897435897436,0.01282051282051282,1.0,0.188991188991189,0.0
video_c44,22,4,1426.532958984375,1426.4000244140625,2P,0.0,no_fire_before_landing_interval,1436.800048828125,1439.2669677734375,131,12,0.8571428571428571,1424.699951171875,0.916083916083916,0.7692307692307693,0.6153846153846154,0.6282051282051282,0.05128205128205128,1.0,0.64701826956222,0.0
video_c44,23,0,1473.532958984375,1473.4000244140625,2P,1.0,fire_before_landing_interval,1498.9329833984375,1499.133056640625,225,1,0.8,1473.2669677734375,0.995575221238938,0.6153846153846154,0.38461538461538464,0.4358974358974359,0.0,1.0,0.21010510076173947,0.0
video_c44,25,1,1593.9000244140625,1593.7667236328125,1P,1.0,fire_before_landing_interval,1607.9329833984375,1608.532958984375,386,1,0.8,1592.4000244140625,0.9974160206718347,0.9230769230769231,0.5384615384615384,0.6153846153846154,0.0,1.0,0.6,0.0
video_c44,28,4,1774.366943359375,1774.2667236328125,2P,0.0,no_fire_before_landing_interval,1774.9000244140625,1777.5999755859375,89,19,0.8571428571428571,1772.9329833984375,0.8240740740740741,0.9230769230769231,0.6923076923076923,0.6666666666666666,0.0641025641025641,0.5,0.589146898039019,0.0
video_c44,33,3,2112.39990234375,2112.2666015625,1P,0.0,no_fire_before_landing_interval,2119.76708984375,2120.866943359375,213,157,0.9285714285714286,2110.10009765625,0.5756756756756757,0.9230769230769231,0.6153846153846154,0.7948717948717948,0.08974358974358974,1.0,0.6969517608759989,0.0
video_c44,35,1,2195.032958984375,2194.800048828125,2P,0.0,no_fire_before_landing_interval,2198.032958984375,2199.1669921875,197,1,0.8,2193.967041015625,0.9949494949494949,0.7692307692307693,0.7692307692307693,0.6025641025641025,0.0,1.0,0.5159536752540771,0.0
video_c44,35,4,2218.39990234375,2218.2666015625,1P,1.0,fire_before_landing_interval,2230.800048828125,2236.199951171875,732,219,0.9375,2217.56689453125,0.7697160883280757,1.0,0.6923076923076923,0.7307692307692307,0.0,1.0,0.45444858817261585,0.0
video_c44,36,1,2270.532958984375,2270.2666015625,2P,0.0,no_fire_before_landing_interval,2271.199951171875,2272.26708984375,20,17,0.875,2270.3330078125,0.5405405405405405,0.46153846153846156,0.3076923076923077,0.3974358974358974,0.0,1.0,0.16663275686673448,0.0
video_c44,38,0,2369.800048828125,2369.60009765625,1P,1.0,fire_before_landing_interval,2380.39990234375,2382.032958984375,946,38,0.8571428571428571,2367.89990234375,0.9613821138211383,0.9230769230769231,0.5384615384615384,0.7435897435897436,0.0,1.0,0.6551898307938379,0.0
video_c44,40,6,2521.06689453125,2520.966552734375,2P,1.0,fire_before_landing_interval,2522.06689453125,2523.10009765625,462,2,0.8,2519.26708984375,0.9956896551724138,0.7692307692307693,0.7692307692307693,0.5641025641025641,0.02564102564102564,1.0,0.6428322288106034,0.0
video_c44,44,2,2755.3330078125,2755.199951171875,2P,0.0,no_fire_before_landing_interval,2756.300048828125,2758.1669921875,910,7,0.8571428571428571,2754.1669921875,0.9923664122137404,0.9230769230769231,0.8461538461538461,0.782051282051282,0.0641025641025641,1.0,0.5383228133453561,0.0
video_c44,48,0,3021.3330078125,3021.199951171875,1P,0.0,no_fire_before_landing_interval,3034.6669921875,3034.866943359375,5,1,0.8,3020.43310546875,0.8333333333333334,0.8461538461538461,0.0,0.5,0.0,1.0,0.47365715754304805,0.0
video_c44,48,1,3041.6669921875,3041.39990234375,1P,0.0,no_fire_before_landing_interval,3042.366943359375,3043.633056640625,439,302,0.9375,3041.6669921875,0.5924426450742241,0.9230769230769231,0.7692307692307693,0.8205128205128205,0.0,1.0,0.0,0.0
video_c44,49,0,3072.43310546875,3072.166748046875,2P,0.0,no_fire_before_landing_interval,3090.89990234375,3092.26708984375,251,20,0.875,3071.10009765625,0.9261992619926199,0.6923076923076923,0.5384615384615384,0.5897435897435898,0.0,1.0,0.5713687735454165,0.0
video_c44,52,3,3293.967041015625,3293.699951171875,2P,1.0,fire_before_landing_interval,3314.76708984375,3324.73291015625,56,16,0.8333333333333334,3292.467041015625,0.7777777777777778,0.9230769230769231,0.6153846153846154,0.6410256410256411,0.038461538461538464,1.0,0.6,0.0
video_c44,53,0,3375.300048828125,3375.166748046875,1P,1.0,fire_before_landing_interval,3408.60009765625,3408.73291015625,747,14,0.8888888888888888,3374.467041015625,0.9816031537450722,0.9230769230769231,0.6923076923076923,0.8333333333333334,0.0,1.0,0.45444858817261585,0.0
video_c45,0,5,246.89999389648438,246.7666473388672,2P,0.0,no_fire_before_landing_interval,261.70001220703125,263.0669860839844,6090,253,0.8571428571428571,245.60000610351562,0.9601135109569604,0.7692307692307693,0.38461538461538464,0.5256410256410257,0.0,1.0,0.5652150837247565,0.0
video_c45,3,3,395.86700439453125,395.5666198730469,2P,0.0,no_fire_before_landing_interval,401.20001220703125,401.4330139160156,36,7,0.8333333333333334,395.7330017089844,0.8372093023255814,0.6153846153846154,0.23076923076923078,0.34615384615384615,0.0,1.0,0.11816787319357357,0.0
video_c45,8,1,680.8670043945312,680.6666259765625,2P,0.0,no_fire_before_landing_interval,680.9000244140625,682.5,221,39,0.9,680.7670288085938,0.85,1.0,0.0,0.4230769230769231,0.0,1.0,0.09088891355010542,0.0
video_c45,10,8,857.9669799804688,857.5665893554688,2P,0.0,no_fire_before_landing_interval,859.4669799804688,860.1669921875,49,18,0.875,857.5,0.7313432835820896,0.8461538461538461,0.8461538461538461,0.48717948717948717,0.16666666666666666,1.0,0.3183274391512378,0.0
video_c45,15,0,1179.866943359375,1179.2999267578125,1P,0.0,no_fire_before_landing_interval,1192.8330078125,1193.3330078125,453,8,0.8333333333333334,1178.4329833984375,0.982646420824295,0.8461538461538461,0.7692307692307693,0.6923076923076923,0.0,1.0,0.589146898039019,0.0
video_c45,21,1,1468.9329833984375,1468.6998291015625,2P,0.0,no_fire_before_landing_interval,1480.5670166015625,1482.1669921875,973,906,0.95,1467.2330322265625,0.5178286322511974,0.8461538461538461,0.7692307692307693,0.7948717948717948,0.0,1.0,0.6296229315489646,0.0
video_c45,22,4,1532.9329833984375,1532.7998046875,2P,0.0,no_fire_before_landing_interval,1535.133056640625,1536.199951171875,34,21,0.8888888888888888,1532.9329833984375,0.6181818181818182,0.7692307692307693,0.0,0.358974358974359,0.01282051282051282,1.0,0.0,0.0
video_c45,23,11,1640.633056640625,1640.3665771484375,2P,0.0,no_fire_before_landing_interval,1655.8330078125,1655.866943359375,294,1,0.8,1639.1669921875,0.9966101694915255,0.8461538461538461,0.6153846153846154,0.717948717948718,0.11538461538461539,1.0,0.5944955944955945,0.0
video_c45,25,2,1743.532958984375,1742.7998046875,2P,0.0,no_fire_before_landing_interval,1745.7669677734375,1745.8330078125,36,14,0.875,1741.6669921875,0.72,0.8461538461538461,0.3076923076923077,0.5769230769230769,0.01282051282051282,1.0,0.6510776045659766,0.0
video_c45,30,0,1946.4659423828125,1946.2998046875,1P,1.0,fire_before_landing_interval,1982.032958984375,1983.9659423828125,615,7,0.8571428571428571,1945.8330078125,0.9887459807073955,0.8461538461538461,0.8461538461538461,0.6666666666666666,0.0,1.0,0.38760559168722436,0.0
video_c45,32,1,2071.10009765625,2070.7998046875,2P,0.0,no_fire_before_landing_interval,2089.3330078125,2090.0,99,36,0.9,2069.699951171875,0.7333333333333333,0.9230769230769231,0.6153846153846154,0.5512820512820513,0.0,1.0,0.583358763096328,0.0
video_c45,33,1,2125.3330078125,2125.19970703125,1P,1.0,fire_before_landing_interval,2137.73291015625,2138.10009765625,165,14,0.8571428571428571,2125.300048828125,0.9217877094972067,0.7692307692307693,0.38461538461538464,0.44871794871794873,0.0,1.0,0.0319073505081541,0.0
video_c45,35,2,2209.300048828125,2209.19970703125,2P,1.0,fire_before_landing_interval,2215.89990234375,2216.76611328125,153,14,0.8888888888888888,2208.133056640625,0.9161676646706587,0.7692307692307693,0.23076923076923078,0.44871794871794873,0.0,0.0,0.5385308697611537,0.0
video_c45,39,1,2489.466064453125,2489.2998046875,1P,0.0,no_fire_before_landing_interval,2489.966064453125,2490.666015625,320,8,0.8571428571428571,2488.73291015625,0.975609756097561,0.9230769230769231,0.46153846153846156,0.7435897435897436,0.0,1.0,0.42301732638399775,0.0
video_c45,43,0,2729.93310546875,2729.633056640625,1P,0.0,no_fire_before_landing_interval,2735.666015625,2736.39990234375,839,1,0.8,2729.666015625,0.9988095238095238,0.7692307692307693,0.46153846153846156,0.6282051282051282,0.0,1.0,0.21078998073217725,0.0
video_c45,45,0,2825.26611328125,2825.133056640625,1P,0.0,no_fire_before_landing_interval,2825.26611328125,2826.60009765625,329,1,0.8,2825.26611328125,0.996969696969697,0.8461538461538461,0.7692307692307693,0.7435897435897436,0.0,1.0,0.0,0.0
video_c45,46,1,2878.8330078125,2878.633056640625,2P,1.0,fire_before_landing_interval,2895.300048828125,2903.633056640625,225,15,0.8571428571428571,2877.0,0.9375,0.6153846153846154,0.46153846153846156,0.38461538461538464,0.0,1.0,0.64701826956222,0.0
video_c45,47,0,2939.93310546875,2939.7998046875,2P,0.0,no_fire_before_landing_interval,2964.699951171875,2964.800048828125,17,1,0.8,2938.73291015625,0.9444444444444444,0.8461538461538461,0.6923076923076923,0.7435897435897436,0.0,1.0,0.5454948956946294,0.0
video_c45,50,2,3099.532958984375,3099.2998046875,1P,1.0,fire_before_landing_interval,3128.3330078125,3129.966064453125,988,17,0.8333333333333334,3098.633056640625,0.9830845771144279,0.9230769230769231,0.6923076923076923,0.7692307692307693,0.0,1.0,0.47365715754304805,0.0
video_c45,51,2,3177.199951171875,3176.93310546875,2P,0.0,no_fire_before_landing_interval,3181.532958984375,3182.633056640625,739,427,0.95,3176.56591796875,0.6337907375643225,0.9230769230769231,0.5384615384615384,0.6666666666666666,0.0,1.0,0.38801733154041534,0.0
video_c45,55,2,3361.73291015625,3361.599609375,2P,0.0,no_fire_before_landing_interval,3369.56591796875,3371.166015625,697,89,0.9166666666666666,3357.5,0.8867684478371503,0.9230769230769231,0.8461538461538461,0.8076923076923077,0.0,1.0,0.8089017448912942,0.0
video_c45,56,0,3406.633056640625,3406.499755859375,2P,1.0,fire_before_landing_interval,3424.865966796875,3426.365966796875,240,13,0.8571428571428571,3405.06591796875,0.9486166007905138,0.5384615384615384,0.46153846153846156,0.41025641025641024,0.0,1.0,0.6104612458392772,0.0
video_c46,2,0,220.26699829101562,220.10000610351562,2P,1.0,fire_before_landing_interval,221.76699829101562,223.0,261,1,0.8,219.5330047607422,0.9961832061068703,0.9230769230769231,0.3076923076923077,0.6410256410256411,0.0,0.0,0.4232965795193552,0.0
video_c46,3,0,286.2330017089844,286.1000061035156,1P,1.0,fire_before_landing_interval,301.4330139160156,302.70001220703125,40,1,0.8,285.2669982910156,0.975609756097561,0.6923076923076923,0.46153846153846156,0.5384615384615384,0.0,1.0,0.49135388531867996,0.0
video_c46,3,1,288.9670104980469,288.79998779296875,2P,0.0,no_fire_before_landing_interval,289.13299560546875,290.1000061035156,222,1,0.8,288.8330078125,0.9955156950672646,0.7692307692307693,0.5384615384615384,0.6025641025641025,0.0,1.0,0.11816787319357357,0.0
video_c46,5,0,416.9330139160156,416.70001220703125,2P,0.0,no_fire_before_landing_interval,417.20001220703125,418.5,329,22,0.8333333333333334,416.86700439453125,0.9373219373219374,0.9230769230769231,0.23076923076923078,0.5128205128205128,0.0,1.0,0.06192207494775415,0.0
video_c46,10,0,700.2329711914062,700.0,1P,0.0,no_fire_before_landing_interval,708.6669921875,708.7999877929688,487,238,0.9285714285714286,697.4000244140625,0.6717241379310345,0.9230769230769231,0.6923076923076923,0.6923076923076923,0.0,0.0,0.7391041258618768,0.0
video_c46,16,1,1015.5999755859375,1015.4666748046875,1P,0.0,no_fire_before_landing_interval,1019.5,1025.5670166015625,565,1,0.8,1015.0330200195312,0.9982332155477032,0.7692307692307693,0.46153846153846156,0.6025641025641025,0.0,1.0,0.361819810696062,0.0
video_c46,19,0,1156.366943359375,1156.199951171875,2P,0.0,no_fire_before_landing_interval,1157.7330322265625,1157.866943359375,103,35,0.8571428571428571,1153.8330078125,0.7463768115942029,0.9230769230769231,0.3076923076923077,0.5128205128205128,0.0,0.0,0.7170293609671848,0.0
video_c46,25,0,1492.2330322265625,1492.0999755859375,2P,1.0,fire_before_landing_interval,1495.0670166015625,1495.2330322265625,690,4,0.8,1490.9000244140625,0.9942363112391931,0.9230769230769231,0.5384615384615384,0.6794871794871795,0.0,0.0,0.5713687735454165,0.0
video_c46,29,0,1709.4000244140625,1709.199951171875,1P,1.0,fire_before_landing_interval,1710.5670166015625,1711.633056640625,16,10,0.8571428571428571,1707.8330078125,0.6153846153846154,0.6923076923076923,0.23076923076923078,0.3333333333333333,0.0,1.0,0.610442721955395,0.0
video_c46,41,2,2397.032958984375,2396.7666015625,2P,1.0,fire_before_landing_interval,2400.0,2401.133056640625,360,2,0.8,2395.366943359375,0.994475138121547,0.9230769230769231,0.7692307692307693,0.7692307692307693,0.07692307692307693,1.0,0.6249084249084249,0.0
video_c46,44,0,2529.133056640625,2528.86669921875,1P,1.0,fire_before_landing_interval,2540.800048828125,2542.26708984375,182,20,0.875,2526.06689453125,0.900990099009901,0.9230769230769231,0.38461538461538464,0.6538461538461539,0.0,1.0,0.7540678474932453,0.0
video_c46,45,2,2583.5,2583.36669921875,2P,0.0,no_fire_before_landing_interval,2591.8330078125,2592.532958984375,252,22,0.8888888888888888,2581.866943359375,0.9197080291970803,0.9230769230769231,0.6153846153846154,0.6410256410256411,0.0,1.0,0.6202132591562355,0.0
video_c47,2,1,295.2330017089844,294.76666259765625,2P,0.0,no_fire_before_landing_interval,295.79998779296875,296.29998779296875,328,5,0.8333333333333334,293.4330139160156,0.984984984984985,0.7692307692307693,0.3076923076923077,0.5769230769230769,0.0,1.0,0.6428555858310627,0.0
video_c47,4,2,412.2669982910156,412.1000061035156,1P,0.0,no_fire_before_landing_interval,416.8999938964844,417.4330139160156,37,34,0.8571428571428571,412.2669982910156,0.5211267605633804,0.8461538461538461,0.38461538461538464,0.5897435897435898,0.05128205128205128,1.0,0.0,0.0
video_c47,6,1,559.4669799804688,559.1666870117188,2P,0.0,no_fire_before_landing_interval,559.5,560.9000244140625,291,5,0.8333333333333334,559.3330078125,0.9831081081081081,0.6923076923076923,0.6923076923076923,0.5384615384615384,0.05128205128205128,1.0,0.11814414123472738,0.0
video_c47,11,0,800.0330200195312,799.9000244140625,1P,0.0,no_fire_before_landing_interval,800.6329956054688,801.9329833984375,100,18,0.8888888888888888,799.4329833984375,0.847457627118644,0.6923076923076923,0.6923076923076923,0.6025641025641025,0.0,1.0,0.3750143047873355,0.0
video_c47,20,0,1284.8330078125,1284.699951171875,2P,0.0,no_fire_before_landing_interval,1284.967041015625,1285.532958984375,163,7,0.8571428571428571,1283.699951171875,0.9588235294117647,0.8461538461538461,0.6153846153846154,0.5384615384615384,0.0,1.0,0.5311891953759872,0.0
video_c47,20,2,1297.9329833984375,1297.800048828125,1P,0.0,no_fire_before_landing_interval,1297.967041015625,1298.967041015625,221,7,0.8571428571428571,1297.9000244140625,0.9692982456140352,0.9230769230769231,0.5384615384615384,0.6794871794871795,0.0,1.0,0.0319073505081541,0.0
video_c47,31,2,1892.5670166015625,1892.300048828125,2P,1.0,fire_before_landing_interval,1925.4000244140625,1925.7669677734375,537,338,0.9285714285714286,1891.5670166015625,0.6137142857142857,0.9230769230769231,0.5384615384615384,0.6794871794871795,0.038461538461538464,1.0,0.5,0.0
video_c47,33,0,2040.199951171875,2040.1666259765625,1P,1.0,fire_before_landing_interval,2056.23291015625,2056.5,1,1,0.8,2039.4000244140625,0.5,0.6923076923076923,0.6153846153846154,0.41025641025641024,0.0,1.0,0.4444218379111563,0.0
video_c47,34,1,2123.800048828125,2123.699951171875,2P,0.0,no_fire_before_landing_interval,2124.366943359375,2124.89990234375,365,20,0.8888888888888888,2122.866943359375,0.948051948051948,1.0,0.6923076923076923,0.7051282051282052,0.038461538461538464,1.0,0.48269765092195,0.0
video_c47,34,3,2136.39990234375,2136.066650390625,1P,0.0,no_fire_before_landing_interval,2143.06689453125,2143.43310546875,130,76,0.9,2135.866943359375,0.6310679611650486,0.8461538461538461,0.7692307692307693,0.7051282051282052,0.14102564102564102,1.0,0.3476668259276955,0.0
video_c47,38,2,2348.60009765625,2348.39990234375,2P,1.0,fire_before_landing_interval,2349.10009765625,2350.26708984375,27,17,0.8571428571428571,2344.866943359375,0.6136363636363636,0.6923076923076923,0.38461538461538464,0.5128205128205128,0.0,1.0,0.7887244029504307,0.0
video_c47,39,4,2411.60009765625,2411.39990234375,1P,0.0,no_fire_before_landing_interval,2411.866943359375,2412.89990234375,185,5,0.8571428571428571,2410.967041015625,0.9736842105263158,0.6923076923076923,0.23076923076923078,0.5,0.0,1.0,0.38765136791747645,0.0
video_c47,40,0,2458.532958984375,2458.39990234375,2P,0.0,no_fire_before_landing_interval,2459.10009765625,2459.5,91,1,0.8,2457.366943359375,0.9891304347826086,0.5384615384615384,0.38461538461538464,0.3333333333333333,0.0,1.0,0.5383228133453561,0.0
video_c47,40,3,2476.133056640625,2476.10009765625,1P,0.0,no_fire_before_landing_interval,2476.23291015625,2476.633056640625,96,8,0.8,2474.43310546875,0.9230769230769231,0.7692307692307693,0.38461538461538464,0.4230769230769231,0.0,1.0,0.6296229315489646,0.0
video_c47,40,4,2481.699951171875,2481.466552734375,2P,1.0,fire_before_landing_interval,2491.1669921875,2492.199951171875,95,20,0.875,2480.43310546875,0.8260869565217391,0.8461538461538461,0.38461538461538464,0.5769230769230769,0.01282051282051282,1.0,0.5588583737210555,0.0
video_c47,42,0,2568.133056640625,2567.966552734375,2P,1.0,fire_before_landing_interval,2572.467041015625,2573.10009765625,58,30,0.8571428571428571,2566.89990234375,0.6590909090909091,0.7692307692307693,0.6153846153846154,0.6410256410256411,0.0,1.0,0.5522029080572866,0.0
video_c47,42,2,2579.8330078125,2579.36669921875,2P,1.0,fire_before_landing_interval,2587.3330078125,2587.43310546875,34,18,0.875,2578.10009765625,0.6538461538461539,0.6923076923076923,0.5384615384615384,0.6538461538461539,0.05128205128205128,1.0,0.6340896909058424,0.0
video_c47,42,3,2583.633056640625,2583.5,1P,0.0,no_fire_before_landing_interval,2585.06689453125,2586.133056640625,333,2,0.8,2582.8330078125,0.9940298507462687,0.8461538461538461,0.8461538461538461,0.5897435897435898,0.0,1.0,0.44445951444459514,0.0
video_c47,44,1,2665.73291015625,2665.60009765625,1P,0.0,no_fire_before_landing_interval,2666.0,2666.26708984375,346,78,0.9166666666666666,2665.60009765625,0.8160377358490566,0.7692307692307693,0.38461538461538464,0.6282051282051282,0.02564102564102564,1.0,0.11724137931034483,0.0
video_c47,48,4,2953.800048828125,2953.666748046875,2P,0.0,no_fire_before_landing_interval,2957.467041015625,2958.56689453125,172,12,0.8571428571428571,2951.73291015625,0.9347826086956522,0.9230769230769231,0.8461538461538461,0.9102564102564102,0.23076923076923078,1.0,0.6739632253442649,0.0
video_c47,48,5,2963.467041015625,2963.300048828125,2P,0.0,no_fire_before_landing_interval,2963.5,2963.56689453125,133,19,0.8888888888888888,2963.366943359375,0.875,0.9230769230769231,0.6153846153846154,0.8589743589743589,0.23076923076923078,1.0,0.09098979138925876,0.0
video_c47,49,1,3010.60009765625,3010.39990234375,2P,0.0,no_fire_before_landing_interval,3011.467041015625,3014.0,459,41,0.9,3009.633056640625,0.918,0.6923076923076923,0.38461538461538464,0.5,0.0,0.0,0.4916221918828348,0.0
video_c48,1,4,189.63299560546875,189.36666870117188,1P,0.0,no_fire_before_landing_interval,199.4669952392578,200.66700744628906,318,214,0.9375,189.4669952392578,0.5977443609022557,0.6923076923076923,0.6923076923076923,0.6025641025641025,0.01282051282051282,1.0,0.1423673362559707,0.0
video_c48,4,7,425.0,424.8999938964844,2P,0.0,no_fire_before_landing_interval,440.8999938964844,442.29998779296875,84,71,0.8888888888888888,420.36700439453125,0.5419354838709677,1.0,0.6923076923076923,0.8974358974358975,0.2948717948717949,1.0,0.8224745641503505,0.0
video_c48,12,1,936.3330078125,935.9666748046875,2P,0.0,no_fire_before_landing_interval,937.0670166015625,937.3330078125,24,5,0.8333333333333334,936.1329956054688,0.8275862068965517,0.9230769230769231,0.6153846153846154,0.8461538461538461,0.05128205128205128,1.0,0.1666751436854687,0.0
video_c48,13,3,1005.7329711914062,1005.5999755859375,2P,0.0,no_fire_before_landing_interval,1005.7329711914062,1006.0999755859375,69,20,0.8888888888888888,1005.7329711914062,0.7752808988764045,0.5384615384615384,0.38461538461538464,0.4230769230769231,0.0,1.0,0.0,0.0
video_c48,20,1,1387.3330078125,1387.199951171875,1P,0.0,no_fire_before_landing_interval,1410.6669921875,1411.0670166015625,132,24,0.8888888888888888,1387.3330078125,0.8461538461538461,0.9230769230769231,0.6923076923076923,0.782051282051282,0.01282051282051282,1.0,0.0,0.0
video_c48,27,2,1796.0670166015625,1795.1666259765625,1P,0.0,no_fire_before_landing_interval,1796.199951171875,1797.2669677734375,1028,5,0.8333333333333334,1794.133056640625,0.995159728944821,0.9230769230769231,0.6153846153846154,0.7564102564102564,0.0,1.0,0.6591637195756189,0.0
video_c48,29,1,1935.4000244140625,1935.2667236328125,2P,0.0,no_fire_before_landing_interval,1935.633056640625,1936.5,5,2,0.8,1935.2330322265625,0.7142857142857143,0.9230769230769231,0.6923076923076923,0.6923076923076923,0.11538461538461539,1.0,0.14309623430962343,0.0
video_c48,30,0,1982.032958984375,1981.9000244140625,1P,0.0,no_fire_before_landing_interval,1983.7669677734375,1984.6669921875,210,33,0.8888888888888888,1980.9329833984375,0.8641975308641975,0.9230769230769231,0.5384615384615384,0.782051282051282,0.16666666666666666,1.0,0.523803987676568,0.0
video_c48,31,2,2025.699951171875,2024.9000244140625,1P,1.0,fire_before_landing_interval,2035.032958984375,2036.032958984375,41,18,0.75,2025.032958984375,0.6949152542372882,0.7692307692307693,0.0,0.38461538461538464,0.0,1.0,0.4001171646162859,0.0
video_c48,31,5,2051.6669921875,2051.39990234375,1P,0.0,no_fire_before_landing_interval,2054.199951171875,2054.26708984375,18,16,0.875,2050.60009765625,0.5294117647058824,0.9230769230769231,0.6923076923076923,0.8333333333333334,0.24358974358974358,1.0,0.5161823765650838,0.0
video_c48,33,0,2141.866943359375,2141.5,1P,1.0,fire_before_landing_interval,2155.866943359375,2156.133056640625,142,1,0.8,2140.93310546875,0.993006993006993,0.5384615384615384,0.5384615384615384,0.5128205128205128,0.0,0.0,0.48289357404368133,0.0
video_c48,34,0,2178.73291015625,2178.466552734375,1P,1.0,fire_before_landing_interval,2180.1669921875,2181.3330078125,61,5,0.8333333333333334,2177.699951171875,0.9242424242424242,0.6153846153846154,0.3076923076923077,0.46153846153846156,0.0,1.0,0.5081061606821184,0.0
video_c48,34,1,2180.43310546875,2180.166748046875,2P,0.0,no_fire_before_landing_interval,2193.23291015625,2193.800048828125,7,1,0.8,2180.366943359375,0.875,0.46153846153846156,0.38461538461538464,0.3333333333333333,0.0,1.0,0.06205633157774216,0.0
video_c48,36,1,2328.3330078125,2327.60009765625,2P,0.0,no_fire_before_landing_interval,2329.23291015625,2330.0,43,35,0.9,2327.8330078125,0.5512820512820513,0.9230769230769231,0.46153846153846156,0.5769230769230769,0.038461538461538464,1.0,0.3333333333333333,0.0
video_c48,38,0,2417.0,2415.89990234375,1P,1.0,fire_before_landing_interval,2424.76708984375,2425.366943359375,397,22,0.8571428571428571,2415.93310546875,0.9474940334128878,1.0,0.6923076923076923,0.8974358974358975,0.038461538461538464,1.0,0.5161823765650838,0.0
video_c48,44,1,2765.699951171875,2765.566650390625,2P,0.0,no_fire_before_landing_interval,2766.300048828125,2767.23291015625,199,131,0.9285714285714286,2764.8330078125,0.603030303030303,0.8461538461538461,0.8461538461538461,0.7692307692307693,0.0,1.0,0.46436511050085,0.0
video_c48,45,2,2801.5,2801.36669921875,1P,0.0,no_fire_before_landing_interval,2807.39990234375,2807.89990234375,46,35,0.9,2800.89990234375,0.5679012345679013,0.9230769230769231,0.8461538461538461,0.8333333333333334,0.16666666666666666,1.0,0.3750381446444919,0.0
video_c48,47,5,2893.032958984375,2892.89990234375,2P,0.0,no_fire_before_landing_interval,2893.467041015625,2920.199951171875,72,6,0.8571428571428571,2892.1669921875,0.9230769230769231,0.8461538461538461,0.8461538461538461,0.7307692307692307,0.0,1.0,0.4640847834619914,0.0
video_c49,2,0,266.6000061035156,266.3666687011719,1P,0.0,no_fire_before_landing_interval,266.70001220703125,267.6000061035156,15,15,0.8333333333333334,265.29998779296875,0.5,0.7692307692307693,0.46153846153846156,0.4358974358974359,0.0,1.0,0.565220852627808,0.0
video_c49,3,3,334.5,334.3666687011719,2P,0.0,no_fire_before_landing_interval,335.4670104980469,336.6669921875,636,521,0.95,333.8999938964844,0.5496974935177181,0.9230769230769231,0.6153846153846154,0.8076923076923077,0.02564102564102564,1.0,0.3750023841766961,0.0
video_c49,4,0,398.7330017089844,398.6000061035156,1P,0.0,no_fire_before_landing_interval,423.13299560546875,424.20001220703125,44,32,0.9,398.0669860839844,0.5789473684210527,0.9230769230769231,0.46153846153846156,0.5641025641025641,0.02564102564102564,0.75,0.39976553341148885,0.0
video_c49,6,0,531.2670288085938,530.566650390625,1P,1.0,fire_before_landing_interval,534.7999877929688,539.9000244140625,398,9,0.8333333333333334,531.0330200195312,0.9778869778869779,0.9230769230769231,0.7692307692307693,0.717948717948718,0.1282051282051282,0.0,0.18963300029676525,0.0
video_c49,7,2,587.7670288085938,587.5,1P,0.0,no_fire_before_landing_interval,592.5330200195312,593.5,514,1,0.8,587.2000122070312,0.9980582524271845,0.8461538461538461,0.6153846153846154,0.6794871794871795,0.0,1.0,0.36184466775726415,0.0
video_c49,9,8,779.5,779.3666381835938,2P,0.0,no_fire_before_landing_interval,793.7329711914062,794.5330200195312,17,3,0.8,779.2670288085938,0.85,0.46153846153846156,0.15384615384615385,0.2564102564102564,0.01282051282051282,1.0,0.1889510420276224,0.0
video_c49,15,1,1161.366943359375,1161.0999755859375,2P,0.0,no_fire_before_landing_interval,1165.4000244140625,1165.5999755859375,12,4,0.8,1161.3330078125,0.75,0.6923076923076923,0.3076923076923077,0.47435897435897434,0.0,1.0,0.03282172373081464,0.0
video_c49,15,2,1168.467041015625,1168.199951171875,1P,0.0,no_fire_before_landing_interval,1169.8330078125,1169.866943359375,5,2,0.8,1167.133056640625,0.7142857142857143,0.6923076923076923,0.6923076923076923,0.48717948717948717,0.02564102564102564,1.0,0.5715481171548117,0.0
video_c49,17,0,1274.199951171875,1274.066650390625,2P,1.0,fire_before_landing_interval,1276.1669921875,1277.5670166015625,50,6,0.8571428571428571,1273.800048828125,0.8928571428571429,0.6923076923076923,0.38461538461538464,0.44871794871794873,0.0,1.0,0.28566445762120685,0.0
video_c49,19,4,1403.4000244140625,1403.2667236328125,2P,0.0,no_fire_before_landing_interval,1404.1669921875,1404.300048828125,53,6,0.8571428571428571,1401.967041015625,0.8983050847457628,0.7692307692307693,0.5384615384615384,0.5897435897435898,0.0,1.0,0.5889819878581105,0.0
video_c49,20,1,1481.7330322265625,1481.4666748046875,1P,0.0,no_fire_before_landing_interval,1482.1669921875,1482.866943359375,862,1,0.8,1481.032958984375,0.9988412514484357,0.9230769230769231,0.7692307692307693,0.7435897435897436,0.0,0.0,0.4117900481079917,0.0
video_c49,30,0,2116.467041015625,2116.300048828125,2P,0.0,no_fire_before_landing_interval,2116.6669921875,2117.60009765625,875,1,0.8,2115.467041015625,0.9988584474885844,0.9230769230769231,0.5384615384615384,0.7435897435897436,0.0,1.0,0.5,0.0
video_c49,32,2,2256.967041015625,2256.5,2P,0.0,no_fire_before_landing_interval,2257.366943359375,2258.467041015625,484,13,0.8333333333333334,2254.93310546875,0.9738430583501007,0.9230769230769231,0.8461538461538461,0.8333333333333334,0.19230769230769232,1.0,0.6703951074273758,0.0
video_c49,35,0,2386.23291015625,2386.10009765625,1P,1.0,fire_before_landing_interval,2409.633056640625,2411.0,547,8,0.8571428571428571,2384.39990234375,0.9855855855855856,0.9230769230769231,0.5384615384615384,0.6923076923076923,0.0,1.0,0.64701826956222,0.0
video_c49,37,2,2524.3330078125,2524.066650390625,1P,0.0,no_fire_before_landing_interval,2529.300048828125,2529.43310546875,821,11,0.8,2522.300048828125,0.9867788461538461,0.9230769230769231,0.6923076923076923,0.7435897435897436,0.0,1.0,0.6702889801175239,0.0
video_c49,38,0,2622.93310546875,2622.800048828125,2P,0.0,no_fire_before_landing_interval,2628.56689453125,2629.39990234375,458,23,0.8888888888888888,2622.43310546875,0.9521829521829522,0.8461538461538461,0.6923076923076923,0.717948717948718,0.0,1.0,0.3333333333333333,0.0
video_c49,40,2,2758.39990234375,2758.2666015625,1P,0.0,no_fire_before_landing_interval,2758.93310546875,2759.967041015625,179,7,0.8571428571428571,2758.366943359375,0.9623655913978495,0.7692307692307693,0.23076923076923078,0.47435897435897434,0.0,1.0,0.0319073505081541,0.0
video_c49,44,0,2987.8330078125,2987.566650390625,2P,0.0,no_fire_before_landing_interval,2992.1669921875,2992.300048828125,30,13,0.8333333333333334,2986.133056640625,0.6976744186046512,0.8461538461538461,0.3076923076923077,0.3717948717948718,0.038461538461538464,1.0,0.6296229315489646,0.0
video_c49,46,1,3066.8330078125,3066.800048828125,2P,1.0,fire_before_landing_interval,3090.56689453125,3092.0,31,1,0.8,3063.1669921875,0.96875,0.7692307692307693,0.6923076923076923,0.6025641025641025,0.0,1.0,0.7856843867727082,0.0
video_c49,46,2,3076.300048828125,3076.166748046875,1P,0.0,no_fire_before_landing_interval,3077.366943359375,3080.532958984375,504,350,0.9444444444444444,3075.60009765625,0.5901639344262295,0.7692307692307693,0.23076923076923078,0.5769230769230769,0.0,1.0,0.41174780985207526,0.0
video_c49,47,0,3124.300048828125,3124.2666015625,2P,0.0,no_fire_before_landing_interval,3127.89990234375,3129.3330078125,157,22,0.8571428571428571,3124.300048828125,0.8770949720670391,0.6153846153846154,0.46153846153846156,0.47435897435897434,0.02564102564102564,1.0,0.0,0.0
video_c49,54,6,3589.93310546875,3589.666748046875,1P,0.0,no_fire_before_landing_interval,3597.89990234375,3598.133056640625,374,10,0.8333333333333334,3588.56689453125,0.9739583333333334,0.9230769230769231,0.6923076923076923,0.7307692307692307,0.1282051282051282,1.0,0.577383408997111,0.0
video_c49,55,1,3636.23291015625,3636.10009765625,1P,0.0,no_fire_before_landing_interval,3636.300048828125,3637.06689453125,313,2,0.8,3636.032958984375,0.9936507936507937,0.9230769230769231,0.46153846153846156,0.7051282051282052,0.05128205128205128,1.0,0.16663275686673448,0.0
video_c5,1,0,278.20001220703125,277.9666748046875,2P,0.0,no_fire_before_landing_interval,288.5329895019531,291.0329895019531,22,3,0.8,276.63299560546875,0.8800000000000001,0.9230769230769231,0.7692307692307693,0.7435897435897436,0.0,1.0,0.610442721955395,0.0
video_c5,5,0,516.1669921875,516.0,1P,0.0,no_fire_before_landing_interval,517.0330200195312,517.5330200195312,362,2,0.8,514.5670166015625,0.9945054945054945,1.0,0.5384615384615384,0.717948717948718,0.0,1.0,0.6153810038029954,0.0
video_c5,8,0,698.5330200195312,698.4666748046875,2P,0.0,no_fire_before_landing_interval,698.8330078125,699.2000122070312,16,5,0.8571428571428571,698.2670288085938,0.7619047619047619,0.7692307692307693,0.5384615384615384,0.47435897435897434,0.0,1.0,0.21010510076173947,0.0
video_c5,13,0,1006.4000244140625,1006.2666625976562,2P,0.0,no_fire_before_landing_interval,1007.0,1007.6329956054688,92,12,0.8571428571428571,1004.8330078125,0.8846153846153846,1.0,0.6923076923076923,0.7692307692307693,0.0,1.0,0.610442721955395,0.0
video_c5,15,0,1128.2330322265625,1128.0999755859375,2P,1.0,fire_before_landing_interval,1134.1669921875,1134.7669677734375,211,7,0.8571428571428571,1127.199951171875,0.9678899082568807,0.9230769230769231,0.6923076923076923,0.7692307692307693,0.0,1.0,0.5081356949864906,0.0
video_c5,23,0,1602.032958984375,1601.9000244140625,2P,0.0,no_fire_before_landing_interval,1604.4000244140625,1604.6669921875,197,2,0.8,1602.032958984375,0.9899497487437185,0.7692307692307693,0.5384615384615384,0.6666666666666666,0.0,1.0,0.0,0.0
video_c5,29,1,1960.5999755859375,1960.5,1P,0.0,no_fire_before_landing_interval,1969.4000244140625,1969.467041015625,902,3,0.8,1959.5,0.9966850828729282,0.8461538461538461,0.46153846153846156,0.717948717948718,0.01282051282051282,1.0,0.523803987676568,0.0
video_c5,33,0,2182.133056640625,2181.966552734375,1P,0.0,no_fire_before_landing_interval,2183.300048828125,2186.1669921875,198,1,0.8,2181.93310546875,0.9949748743718593,0.7692307692307693,0.46153846153846156,0.6025641025641025,0.01282051282051282,1.0,0.16663275686673448,0.0
video_c5,33,1,2187.43310546875,2187.300048828125,1P,0.0,no_fire_before_landing_interval,2190.06689453125,2190.39990234375,348,19,0.8888888888888888,2186.60009765625,0.9482288828337875,0.6923076923076923,0.6153846153846154,0.6025641025641025,0.01282051282051282,0.0,0.45444858817261585,0.0
video_c5,34,1,2250.60009765625,2250.466552734375,1P,0.0,no_fire_before_landing_interval,2256.5,2256.633056640625,437,12,0.8,2250.5,0.9732739420935412,1.0,0.7692307692307693,0.6794871794871795,0.01282051282051282,1.0,0.09098979138925876,0.0
video_c5,34,3,2270.76708984375,2270.566650390625,2P,1.0,fire_before_landing_interval,2284.5,2284.76708984375,235,45,0.9,2268.06689453125,0.8392857142857143,0.7692307692307693,0.3076923076923077,0.4358974358974359,0.0,1.0,0.7297439957772499,0.0
video_c5,36,2,2378.3330078125,2378.199951171875,1P,0.0,no_fire_before_landing_interval,2379.89990234375,2380.633056640625,412,37,0.9,2378.26708984375,0.9175946547884187,0.9230769230769231,0.8461538461538461,0.7051282051282052,0.0,1.0,0.06184150251946862,0.0
video_c5,37,0,2432.300048828125,2431.36669921875,1P,1.0,fire_before_landing_interval,2437.26708984375,2440.23291015625,79,10,0.8333333333333334,2429.300048828125,0.8876404494382023,0.7692307692307693,0.6923076923076923,0.6282051282051282,0.0,1.0,0.75,0.0
video_c5,38,4,2487.10009765625,2487.066650390625,1P,0.0,no_fire_before_landing_interval,2495.366943359375,2495.73291015625,535,5,0.8571428571428571,2486.967041015625,0.9907407407407407,0.9230769230769231,0.46153846153846156,0.6923076923076923,0.0,1.0,0.11743158801982331,0.0
video_c5,39,1,2575.0,2574.800048828125,2P,0.0,no_fire_before_landing_interval,2575.3330078125,2575.800048828125,595,1,0.8,2574.967041015625,0.9983221476510067,0.8461538461538461,0.6153846153846154,0.6410256410256411,0.0,1.0,0.0319073505081541,0.0
video_c5,40,0,2616.3330078125,2616.199951171875,1P,0.0,no_fire_before_landing_interval,2617.73291015625,2622.76708984375,368,28,0.8571428571428571,2615.56689453125,0.9292929292929293,0.8461538461538461,0.46153846153846156,0.6410256410256411,0.0,0.0,0.43378490461708596,0.0
video_c5,47,3,3085.23291015625,3085.10009765625,2P,1.0,fire_before_landing_interval,3103.366943359375,3105.300048828125,130,8,0.8571428571428571,3083.133056640625,0.9420289855072463,0.8461538461538461,0.6923076923076923,0.717948717948718,0.01282051282051282,0.0,0.6774041112073719,0.0
video_c5,50,0,3243.6669921875,3243.466552734375,2P,0.0,no_fire_before_landing_interval,3243.866943359375,3247.532958984375,227,14,0.8571428571428571,3243.60009765625,0.941908713692946,0.9230769230769231,0.6923076923076923,0.7307692307692307,0.0,1.0,0.06270022883295194,0.0
video_c5,50,2,3252.199951171875,3252.066650390625,2P,0.0,no_fire_before_landing_interval,3253.366943359375,3253.633056640625,484,2,0.8,3250.699951171875,0.9958847736625515,0.9230769230769231,0.5384615384615384,0.7435897435897436,0.038461538461538464,1.0,0.6,0.0
video_c5,51,0,3324.5,3324.36669921875,2P,0.0,no_fire_before_landing_interval,3332.800048828125,3333.23291015625,32,17,0.8571428571428571,3323.0,0.6530612244897959,0.9230769230769231,0.7692307692307693,0.7051282051282052,0.02564102564102564,1.0,0.6,0.0
video_c5,51,4,3363.633056640625,3363.5,1P,0.0,no_fire_before_landing_interval,3364.366943359375,3365.800048828125,80,44,0.9,3363.1669921875,0.6451612903225806,0.9230769230769231,0.0,0.38461538461538464,0.0,1.0,0.31790174854288095,0.0
video_c5,53,2,3477.032958984375,3476.89990234375,2P,0.0,no_fire_before_landing_interval,3479.56689453125,3480.26708984375,166,20,0.8888888888888888,3473.199951171875,0.8924731182795699,0.9230769230769231,0.6923076923076923,0.782051282051282,0.08974358974358974,1.0,0.793089513032936,0.0
video_c5,58,0,3806.56689453125,3806.466552734375,2P,1.0,fire_before_landing_interval,3820.1669921875,3821.032958984375,177,2,0.8,3805.699951171875,0.9888268156424581,1.0,0.5384615384615384,0.6923076923076923,0.0,1.0,0.46436511050085,0.0
video_c50,5,2,406.406005859375,406.3058166503906,1P,0.0,no_fire_before_landing_interval,411.21099853515625,411.37799072265625,69,5,0.8571428571428571,406.406005859375,0.9324324324324325,0.46153846153846156,0.46153846153846156,0.3717948717948718,0.07692307692307693,1.0,0.0,0.0
video_c50,14,1,812.4450073242188,812.3447265625,1P,0.0,no_fire_before_landing_interval,812.64501953125,813.3790283203125,90,13,0.8571428571428571,812.3779907226562,0.8737864077669903,0.9230769230769231,0.0,0.7564102564102564,0.038461538461538464,1.0,0.06280745910078939,0.0
video_c50,16,4,947.5130004882812,947.3128662109375,1P,1.0,fire_before_landing_interval,976.676025390625,979.344970703125,19,9,0.8571428571428571,945.5440063476562,0.6785714285714286,0.8461538461538461,0.7692307692307693,0.7435897435897436,0.2564102564102564,1.0,0.6631855932900255,0.0
video_c50,18,1,1057.5560302734375,1057.32275390625,1P,1.0,fire_before_landing_interval,1073.4720458984375,1075.573974609375,252,7,0.8333333333333334,1057.0889892578125,0.972972972972973,0.6153846153846154,0.5384615384615384,0.48717948717948717,0.0,1.0,0.3183557996338825,0.0
video_c50,25,1,1369.0009765625,1368.7337646484375,1P,0.0,no_fire_before_landing_interval,1369.0009765625,1369.66796875,560,19,0.8333333333333334,1369.0009765625,0.9671848013816926,1.0,0.46153846153846156,0.6794871794871795,0.0,1.0,0.0,0.0
video_c50,31,1,1626.5579833984375,1626.19091796875,1P,0.0,no_fire_before_landing_interval,1634.666015625,1635.366943359375,160,47,0.875,1624.68896484375,0.7729468599033817,0.6923076923076923,0.38461538461538464,0.5641025641025641,0.02564102564102564,1.0,0.6514487512232481,0.0
video_c50,38,0,2055.153076171875,2054.8857421875,2P,0.0,no_fire_before_landing_interval,2055.419921875,2056.18701171875,7,2,0.8,2053.51806640625,0.7777777777777778,0.6923076923076923,0.46153846153846156,0.48717948717948717,0.02564102564102564,1.0,0.6204947651255444,0.0
video_c50,42,0,2251.114990234375,2250.981689453125,1P,0.0,no_fire_before_landing_interval,2272.636962890625,2272.77001953125,254,58,0.9,2250.347900390625,0.8141025641025641,0.9230769230769231,0.6153846153846154,0.6025641025641025,0.0,1.0,0.4340978170765405,0.0
video_c50,43,2,2315.512939453125,2315.245849609375,2P,1.0,fire_before_landing_interval,2322.787109375,2323.053955078125,204,2,0.8,2314.077880859375,0.9902912621359223,1.0,0.6923076923076923,0.7435897435897436,0.02564102564102564,0.0,0.5893322638861038,0.0
video_c50,45,2,2408.873046875,2408.605712890625,1P,0.0,no_fire_before_landing_interval,2411.14208984375,2415.14599609375,520,57,0.875,2407.971923828125,0.901213171577123,0.9230769230769231,0.6923076923076923,0.7307692307692307,0.038461538461538464,0.25,0.47399512007191474,0.0
video_c50,47,2,2499.1298828125,2498.862548828125,1P,0.0,no_fire_before_landing_interval,2502.666015625,2503.700927734375,28,17,0.8333333333333334,2498.362060546875,0.6222222222222222,0.9230769230769231,0.6923076923076923,0.5384615384615384,0.0641025641025641,1.0,0.4343322745477144,0.0
video_c50,49,1,2606.5029296875,2606.369873046875,1P,1.0,fire_before_landing_interval,2620.65087890625,2620.783935546875,362,26,0.8888888888888888,2604.033935546875,0.9329896907216495,0.7692307692307693,0.7692307692307693,0.6410256410256411,0.02564102564102564,1.0,0.7117320008445351,0.0
video_c50,50,1,2667.697998046875,2667.66455078125,1P,0.0,no_fire_before_landing_interval,2667.965087890625,2669.300048828125,88,2,0.8,2667.06396484375,0.9777777777777777,0.9230769230769231,0.0,0.32051282051282054,0.0,1.0,0.38801733154041534,0.0
video_c50,53,0,2848.912109375,2848.77880859375,2P,1.0,fire_before_landing_interval,2870.26708984375,2870.60107421875,774,532,0.95,2847.8779296875,0.5926493108728943,0.9230769230769231,0.6153846153846154,0.7564102564102564,0.0,1.0,0.5084013442150744,0.0
video_c51,0,0,158.3000030517578,158.1999969482422,2P,1.0,fire_before_landing_interval,162.36700439453125,163.9669952392578,2011,1,0.8,157.66700744628906,0.9995029821073559,0.9230769230769231,0.6923076923076923,0.8333333333333334,0.02564102564102564,1.0,0.38762848065782096,0.0
video_c51,10,2,676.6329956054688,676.3666381835938,1P,0.0,no_fire_before_landing_interval,683.0670166015625,684.0670166015625,574,1,0.8,676.2000122070312,0.9982608695652174,0.8461538461538461,0.6153846153846154,0.7564102564102564,0.0,1.0,0.3021552091319533,0.0
video_c51,10,4,693.0,692.5,2P,0.0,no_fire_before_landing_interval,704.9669799804688,706.2000122070312,434,5,0.8333333333333334,686.6669921875,0.9886104783599089,0.9230769230769231,0.6923076923076923,0.7307692307692307,0.0,1.0,0.8636303102943135,0.0
video_c51,11,4,764.5999755859375,763.9666748046875,2P,0.0,no_fire_before_landing_interval,764.7329711914062,765.8670043945312,26,5,0.8333333333333334,764.2329711914062,0.8387096774193549,0.8461538461538461,0.15384615384615385,0.34615384615384615,0.02564102564102564,1.0,0.26847345626646424,0.0
video_c51,12,4,823.9329833984375,823.7666625976562,1P,0.0,no_fire_before_landing_interval,824.3670043945312,825.7999877929688,99,37,0.8888888888888888,823.1669921875,0.7279411764705882,0.6923076923076923,0.46153846153846156,0.5128205128205128,0.0,1.0,0.4337457662265846,0.0
video_c51,19,3,1189.6669921875,1189.5,2P,0.0,no_fire_before_landing_interval,1189.8330078125,1190.5,1,1,0.8,1188.8330078125,0.5,1.0,0.46153846153846156,0.7051282051282052,0.0,1.0,0.4547390841320554,0.0
video_c51,19,4,1195.633056640625,1195.36669921875,2P,0.0,no_fire_before_landing_interval,1206.633056640625,1207.133056640625,195,20,0.875,1194.7669677734375,0.9069767441860465,1.0,0.6153846153846154,0.8717948717948718,0.038461538461538464,1.0,0.4641198403872571,0.0
video_c51,22,0,1335.366943359375,1334.5999755859375,1P,0.0,no_fire_before_landing_interval,1353.7669677734375,1354.967041015625,45,21,0.8333333333333334,1333.366943359375,0.6818181818181818,0.9230769230769231,0.0,0.6538461538461539,0.0,1.0,0.6666666666666666,0.0
video_c51,29,0,1736.633056640625,1736.36669921875,2P,0.0,no_fire_before_landing_interval,1737.199951171875,1737.7330322265625,714,3,0.8,1736.4329833984375,0.99581589958159,0.7692307692307693,0.5384615384615384,0.6538461538461539,0.0,1.0,0.1667175261926559,0.0
video_c51,30,3,1845.9329833984375,1845.800048828125,1P,0.0,no_fire_before_landing_interval,1850.6669921875,1851.133056640625,34,1,0.8,1845.133056640625,0.9714285714285714,0.6923076923076923,0.46153846153846156,0.4230769230769231,0.0,1.0,0.4444218379111563,0.0
video_c51,31,0,1881.6669921875,1881.566650390625,1P,1.0,fire_before_landing_interval,1904.7330322265625,1905.532958984375,986,2,0.8,1880.2669677734375,0.9979757085020243,1.0,0.6923076923076923,0.7692307692307693,0.0,1.0,0.5833375718427344,0.0
video_c51,31,1,1898.366943359375,1898.2667236328125,2P,0.0,no_fire_before_landing_interval,1912.7669677734375,1914.366943359375,768,585,0.9411764705882353,1890.199951171875,0.5676274944567627,1.0,0.46153846153846156,0.7948717948717948,0.0,0.75,0.8909129647384681,0.0
video_c51,33,0,1985.2669677734375,1984.7667236328125,1P,0.0,no_fire_before_landing_interval,1985.2669677734375,1986.699951171875,102,13,0.8333333333333334,1985.2669677734375,0.8869565217391303,0.9230769230769231,0.5384615384615384,0.5128205128205128,0.0,1.0,0.0,0.0
video_c51,35,1,2108.60009765625,2108.5,1P,0.0,no_fire_before_landing_interval,2109.300048828125,2109.699951171875,103,25,0.8888888888888888,2107.06689453125,0.8046875,0.9230769230769231,0.5384615384615384,0.717948717948718,0.0,1.0,0.605242868157286,0.0
video_c51,36,0,2168.60009765625,2168.39990234375,1P,1.0,fire_before_landing_interval,2173.26708984375,2173.967041015625,299,5,0.8571428571428571,2167.800048828125,0.9835526315789473,0.9230769230769231,0.6153846153846154,0.5769230769230769,0.0,1.0,0.44445951444459514,0.0
video_c51,36,1,2170.60009765625,2170.466552734375,2P,0.0,no_fire_before_landing_interval,2170.6669921875,2171.73291015625,124,5,0.8571428571428571,2169.3330078125,0.9612403100775194,0.6153846153846154,0.46153846153846156,0.38461538461538464,0.0,1.0,0.5589058798190825,0.0
video_c51,37,0,2223.5,2223.36669921875,2P,1.0,fire_before_landing_interval,2237.032958984375,2237.10009765625,370,5,0.8571428571428571,2222.532958984375,0.9866666666666667,0.9230769230769231,0.6153846153846154,0.7564102564102564,0.0,1.0,0.4916221918828348,0.0
video_c51,38,0,2311.866943359375,2311.60009765625,2P,0.0,no_fire_before_landing_interval,2332.60009765625,2333.23291015625,239,1,0.8,2311.699951171875,0.9958333333333333,0.7692307692307693,0.7692307692307693,0.6153846153846154,0.0,1.0,0.14309623430962343,0.0
video_c51,42,1,2579.800048828125,2579.39990234375,2P,0.0,no_fire_before_landing_interval,2583.633056640625,2585.199951171875,186,29,0.875,2578.467041015625,0.8651162790697674,0.6923076923076923,0.5384615384615384,0.5512820512820513,0.0,1.0,0.5713687735454165,0.0
video_c51,45,2,2735.633056640625,2735.466552734375,1P,0.0,no_fire_before_landing_interval,2735.967041015625,2736.56689453125,42,1,0.8,2734.60009765625,0.9767441860465116,0.9230769230769231,0.46153846153846156,0.5641025641025641,0.0,1.0,0.5081061606821184,0.0
video_c51,52,1,3125.76708984375,3125.60009765625,1P,1.0,fire_before_landing_interval,3136.76708984375,3137.93310546875,70,7,0.8571428571428571,3124.3330078125,0.9090909090909091,0.6923076923076923,0.5384615384615384,0.6282051282051282,0.01282051282051282,1.0,0.5891675025075226,0.0
video_c51,52,3,3148.032958984375,3147.89990234375,2P,1.0,fire_before_landing_interval,3154.56689453125,3154.93310546875,669,7,0.8571428571428571,3140.699951171875,0.9896449704142012,0.9230769230769231,0.6153846153846154,0.7435897435897436,0.01282051282051282,1.0,0.8799953123168873,0.0
video_c52,1,2,236.60000610351562,236.46658325195312,1P,1.0,fire_before_landing_interval,246.3000030517578,249.66700744628906,601,10,0.8,235.16700744628906,0.983633387888707,0.9230769230769231,0.6923076923076923,0.6923076923076923,0.0,1.0,0.5889845655977773,0.0
video_c52,2,0,285.63299560546875,285.39990234375,2P,0.0,no_fire_before_landing_interval,309.4330139160156,310.63299560546875,40,14,0.875,284.29998779296875,0.7407407407407407,0.7692307692307693,0.5384615384615384,0.6282051282051282,0.0,1.0,0.5713687735454165,0.0
video_c52,6,0,514.2659912109375,514.0997924804688,2P,0.0,no_fire_before_landing_interval,516.3330078125,517.3660278320312,75,17,0.8571428571428571,513.3330078125,0.8152173913043478,0.6923076923076923,0.6923076923076923,0.5897435897435898,0.0,1.0,0.482664982633407,0.0
video_c52,14,0,986.7659912109375,986.532958984375,2P,0.0,no_fire_before_landing_interval,986.8660278320312,987.5659790039062,237,13,0.8333333333333334,986.5659790039062,0.948,0.6923076923076923,0.3076923076923077,0.48717948717948717,0.0,1.0,0.1666751436854687,0.0
video_c52,19,0,1299.0,1298.73291015625,1P,0.0,no_fire_before_landing_interval,1307.5,1312.532958984375,200,1,0.8,1298.300048828125,0.9950248756218906,0.7692307692307693,0.7692307692307693,0.717948717948718,0.0,1.0,0.41174780985207526,0.0
video_c52,21,5,1409.0660400390625,1408.932861328125,2P,0.0,no_fire_before_landing_interval,1429.3990478515625,1429.9659423828125,112,13,0.8571428571428571,1408.9990234375,0.896,0.8461538461538461,0.3076923076923077,0.6025641025641025,0.02564102564102564,1.0,0.06280745910078939,0.0
video_c52,23,1,1513.5989990234375,1513.332763671875,1P,0.0,no_fire_before_landing_interval,1514.4329833984375,1514.666015625,48,5,0.8333333333333334,1511.865966796875,0.9056603773584906,0.5384615384615384,0.23076923076923078,0.23076923076923078,0.0,1.0,0.6341060342132298,0.0
video_c52,26,6,1725.7659912109375,1725.6326904296875,1P,0.0,no_fire_before_landing_interval,1727.2989501953125,1727.7330322265625,584,571,0.9411764705882353,1725.3990478515625,0.5056277056277055,1.0,0.6923076923076923,0.6666666666666666,0.01282051282051282,1.0,0.2684407929987498,0.0
video_c52,28,3,1858.365966796875,1858.2659912109375,1P,1.0,fire_before_landing_interval,1876.7989501953125,1877.532958984375,518,5,0.8571428571428571,1856.865966796875,0.9904397705544933,0.6923076923076923,0.46153846153846156,0.5256410256410257,0.0,1.0,0.6,0.0
video_c52,32,3,2104.133056640625,2104.032470703125,2P,1.0,fire_before_landing_interval,2106.8330078125,2108.9990234375,86,13,0.8571428571428571,2102.966064453125,0.8686868686868687,0.9230769230769231,0.7692307692307693,0.8589743589743589,0.05128205128205128,1.0,0.5385308697611537,0.0
video_c52,33,0,2148.3330078125,2148.06591796875,1P,0.0,no_fire_before_landing_interval,2148.3330078125,2148.9990234375,182,12,0.8333333333333334,2148.3330078125,0.9381443298969073,0.8461538461538461,0.46153846153846156,0.5641025641025641,0.0,1.0,0.0,0.0
video_c52,34,2,2202.56591796875,2202.4326171875,1P,1.0,fire_before_landing_interval,2222.09912109375,2222.93310546875,198,1,0.8,2201.4990234375,0.9949748743718593,0.6153846153846154,0.3076923076923077,0.4358974358974359,0.0,1.0,0.5161823765650838,0.0
video_c52,40,1,2534.23193359375,2533.9658203125,1P,0.0,no_fire_before_landing_interval,2534.299072265625,2534.865966796875,75,13,0.8333333333333334,2533.031982421875,0.8522727272727273,0.7692307692307693,0.3076923076923077,0.48717948717948717,0.0,1.0,0.5454444567750527,0.0
video_c52,40,3,2549.698974609375,2549.665771484375,1P,0.0,no_fire_before_landing_interval,2558.26611328125,2558.39892578125,362,20,0.8888888888888888,2546.76611328125,0.9476439790575917,0.9230769230769231,0.6153846153846154,0.6794871794871795,0.0641025641025641,1.0,0.7457321993916444,0.0
video_c53,7,0,613.0330200195312,612.8998413085938,2P,0.0,no_fire_before_landing_interval,614.5,616.166015625,300,5,0.8571428571428571,611.8330078125,0.9836065573770492,0.7692307692307693,0.7692307692307693,0.717948717948718,0.0,1.0,0.5454570675544458,0.0
video_c53,9,0,723.4000244140625,723.2998046875,2P,0.0,no_fire_before_landing_interval,725.8660278320312,728.5330200195312,323,24,0.8571428571428571,722.0,0.930835734870317,0.7692307692307693,0.5384615384615384,0.6410256410256411,0.0,1.0,0.5833375718427344,0.0
video_c53,10,2,812.1329956054688,811.999755859375,1P,1.0,fire_before_landing_interval,834.2000122070312,835.8330078125,699,15,0.8571428571428571,810.6329956054688,0.9789915966386554,0.9230769230769231,0.6923076923076923,0.7307692307692307,0.0,1.0,0.6,0.0
video_c53,18,2,1220.666015625,1220.4329833984375,2P,1.0,fire_before_landing_interval,1236.032958984375,1239.5999755859375,17,10,0.8333333333333334,1219.865966796875,0.6296296296296295,1.0,0.8461538461538461,0.8974358974358975,0.34615384615384615,1.0,0.44445951444459514,0.0
video_c53,18,3,1223.9000244140625,1223.6329345703125,1P,0.0,no_fire_before_landing_interval,1224.3330078125,1225.666015625,25,16,0.875,1223.865966796875,0.6097560975609756,0.46153846153846156,0.46153846153846156,0.23076923076923078,0.0,0.0,0.032935898949356626,0.0
video_c53,24,2,1533.9000244140625,1533.73291015625,2P,0.0,no_fire_before_landing_interval,1534.4659423828125,1541.5660400390625,100,77,0.9166666666666666,1532.9659423828125,0.5649717514124294,0.6923076923076923,0.3076923076923077,0.46153846153846156,0.0,1.0,0.4829588487755617,0.0
video_c53,32,0,1894.698974609375,1894.2327880859375,2P,0.0,no_fire_before_landing_interval,1902.3990478515625,1903.4990234375,8,5,0.8333333333333334,1892.5989990234375,0.6153846153846154,0.3076923076923077,0.23076923076923078,0.1282051282051282,0.0,1.0,0.6774168143335302,0.0
video_c53,33,0,1979.8330078125,1979.7327880859375,2P,0.0,no_fire_before_landing_interval,1986.3990478515625,1987.3990478515625,470,10,0.8571428571428571,1978.7330322265625,0.9791666666666666,0.6923076923076923,0.6153846153846154,0.5641025641025641,0.0,0.0,0.523803987676568,0.0
video_c53,36,0,2110.06591796875,2109.832763671875,2P,1.0,fire_before_landing_interval,2123.06591796875,2124.4990234375,22,10,0.8333333333333334,2109.865966796875,0.6875,0.8461538461538461,0.3076923076923077,0.4358974358974359,0.0,1.0,0.16663275686673448,0.0
video_c53,36,4,2128.8330078125,2128.6328125,2P,0.0,no_fire_before_landing_interval,2141.865966796875,2143.43310546875,35,23,0.875,2125.26611328125,0.603448275862069,1.0,0.6153846153846154,0.6153846153846154,0.0,0.0,0.7810328236929327,0.0
video_c53,38,2,2243.06591796875,2242.9326171875,2P,0.0,no_fire_before_landing_interval,2243.166015625,2243.698974609375,66,2,0.8,2242.39892578125,0.9705882352941176,0.8461538461538461,0.5384615384615384,0.5897435897435898,0.0,1.0,0.4001171646162859,0.0
video_c53,40,1,2321.06591796875,2320.365966796875,1P,0.0,no_fire_before_landing_interval,2321.8330078125,2322.4990234375,94,40,0.9,2320.666015625,0.7014925373134329,0.6923076923076923,0.38461538461538464,0.47435897435897434,0.0,1.0,0.28566445762120685,0.0
video_c53,42,3,2416.39892578125,2416.265869140625,2P,1.0,fire_before_landing_interval,2423.966064453125,2425.032958984375,135,22,0.8888888888888888,2411.633056640625,0.8598726114649682,0.8461538461538461,0.7692307692307693,0.6282051282051282,0.0,1.0,0.8265656095185672,0.0
video_c53,50,2,2815.23291015625,2815.165771484375,1P,1.0,fire_before_landing_interval,2820.09912109375,2820.966064453125,48,2,0.8,2814.166015625,0.96,0.7692307692307693,0.6923076923076923,0.6666666666666666,0.02564102564102564,1.0,0.5161823765650838,0.0
video_c53,50,3,2817.365966796875,2817.265869140625,2P,0.0,no_fire_before_landing_interval,2830.799072265625,2835.23291015625,85,17,0.8571428571428571,2816.8330078125,0.8333333333333334,0.6923076923076923,0.46153846153846156,0.5256410256410257,0.0,1.0,0.3476668259276955,0.0
video_c53,51,0,2879.43310546875,2879.165771484375,1P,1.0,fire_before_landing_interval,2898.93310546875,2899.59912109375,335,21,0.8333333333333334,2877.966064453125,0.9410112359550562,0.7692307692307693,0.46153846153846156,0.48717948717948717,0.0,1.0,0.5946561108362197,0.0
video_c53,58,6,3365.56591796875,3365.299072265625,2P,1.0,fire_before_landing_interval,3384.299072265625,3384.799072265625,599,2,0.8,3363.56591796875,0.9966722129783694,1.0,0.38461538461538464,0.7307692307692307,0.05128205128205128,1.0,0.6666666666666666,0.0
video_c54,5,0,434.63299560546875,434.4666748046875,2P,0.0,no_fire_before_landing_interval,434.6669921875,435.6669921875,69,13,0.8571428571428571,434.2669982910156,0.8414634146341463,0.9230769230769231,0.46153846153846156,0.5897435897435898,0.02564102564102564,1.0,0.26793413909430086,0.0
video_c54,7,0,507.63299560546875,507.5,2P,1.0,fire_before_landing_interval,510.2669982910156,511.1000061035156,44,22,0.8888888888888888,505.1000061035156,0.6666666666666666,0.6923076923076923,0.3076923076923077,0.5641025641025641,0.0,1.0,0.7169535886118046,0.0
video_c54,15,0,1014.2999877929688,1014.1666870117188,1P,1.0,fire_before_landing_interval,1017.2000122070312,1018.0,222,5,0.8571428571428571,1012.9669799804688,0.9779735682819384,0.6923076923076923,0.6923076923076923,0.5384615384615384,0.0,0.0,0.5713687735454165,0.0
video_c54,16,4,1079.9000244140625,1079.5999755859375,1P,0.0,no_fire_before_landing_interval,1079.9000244140625,1082.0,59,6,0.8333333333333334,1079.9000244140625,0.9076923076923077,0.9230769230769231,0.7692307692307693,0.8205128205128205,0.02564102564102564,1.0,0.0,0.0
video_c54,16,5,1085.7669677734375,1085.36669921875,1P,0.0,no_fire_before_landing_interval,1086.5999755859375,1087.032958984375,987,5,0.8333333333333334,1084.7330322265625,0.9949596774193549,1.0,0.7692307692307693,0.8205128205128205,0.05128205128205128,0.0,0.5083423358540391,0.0
video_c54,29,1,1774.032958984375,1773.9000244140625,2P,1.0,fire_before_landing_interval,1777.9000244140625,1778.467041015625,303,25,0.8571428571428571,1772.8330078125,0.9237804878048781,0.6153846153846154,0.38461538461538464,0.4358974358974359,0.0,1.0,0.5454444567750527,0.0
video_c54,29,2,1778.1669921875,1777.9000244140625,1P,1.0,fire_before_landing_interval,1787.5999755859375,1788.699951171875,88,1,0.8,1777.5,0.9887640449438202,0.8461538461538461,0.23076923076923078,0.47435897435897434,0.0,1.0,0.4001171646162859,0.0
video_c54,30,1,1896.967041015625,1896.699951171875,2P,0.0,no_fire_before_landing_interval,1897.2330322265625,1898.2669677734375,597,7,0.8333333333333334,1896.7669677734375,0.9884105960264901,0.8461538461538461,0.38461538461538464,0.6153846153846154,0.01282051282051282,1.0,0.1667175261926559,0.0
video_c54,33,1,2121.8330078125,2121.699951171875,1P,0.0,no_fire_before_landing_interval,2127.26708984375,2127.5,101,10,0.8571428571428571,2121.56689453125,0.9099099099099099,0.8461538461538461,0.6153846153846154,0.6538461538461539,0.0,1.0,0.21018125723100656,0.0
video_c54,36,0,2337.032958984375,2336.466552734375,1P,0.0,no_fire_before_landing_interval,2337.199951171875,2338.6669921875,408,9,0.8333333333333334,2336.633056640625,0.9784172661870504,0.7692307692307693,0.7692307692307693,0.6538461538461539,0.038461538461538464,1.0,0.28566445762120685,0.0
video_c54,48,0,3053.1669921875,3052.966552734375,1P,0.0,no_fire_before_landing_interval,3054.23291015625,3055.032958984375,224,5,0.8571428571428571,3051.93310546875,0.9781659388646288,0.7692307692307693,0.5384615384615384,0.5641025641025641,0.0,1.0,0.5523497267759563,0.0
video_c54,51,2,3327.967041015625,3327.699951171875,2P,0.0,no_fire_before_landing_interval,3329.199951171875,3330.032958984375,215,20,0.8333333333333334,3326.89990234375,0.9148936170212766,0.8461538461538461,0.23076923076923078,0.48717948717948717,0.038461538461538464,1.0,0.5162395181292075,0.0
video_c54,51,4,3344.89990234375,3344.7666015625,2P,0.0,no_fire_before_landing_interval,3345.10009765625,3346.43310546875,18,7,0.8571428571428571,3344.89990234375,0.72,0.9230769230769231,0.46153846153846156,0.3974358974358974,0.038461538461538464,1.0,0.0,0.0
video_c54,52,1,3390.8330078125,3390.566650390625,1P,1.0,fire_before_landing_interval,3396.06689453125,3396.967041015625,69,14,0.875,3390.60009765625,0.8313253012048193,0.9230769230769231,0.7692307692307693,0.8461538461538461,0.0,1.0,0.1889108910891089,0.0
video_c54,54,2,3518.3330078125,3518.0,2P,0.0,no_fire_before_landing_interval,3524.633056640625,3524.73291015625,133,14,0.8333333333333334,3516.56689453125,0.9047619047619048,0.9230769230769231,0.6923076923076923,0.5128205128205128,0.05128205128205128,1.0,0.6384819064430715,0.0
video_c55,0,3,205.86700439453125,205.76666259765625,2P,0.0,no_fire_before_landing_interval,205.93299865722656,207.10000610351562,346,55,0.8571428571428571,205.66700744628906,0.8628428927680798,0.6923076923076923,0.23076923076923078,0.44871794871794873,0.0,1.0,0.16666454738501837,0.0
video_c55,2,1,357.9330139160156,357.6666564941406,1P,0.0,no_fire_before_landing_interval,358.8330078125,360.5,35,1,0.8,357.0329895019531,0.9722222222222222,0.9230769230769231,0.5384615384615384,0.7435897435897436,0.24358974358974358,1.0,0.47369097333761645,0.0
video_c55,3,0,414.7330017089844,414.26666259765625,1P,0.0,no_fire_before_landing_interval,429.6669921875,430.1000061035156,23,10,0.8333333333333334,414.0329895019531,0.6969696969696969,0.7692307692307693,0.38461538461538464,0.41025641025641024,0.0,1.0,0.4117689297382688,0.0
video_c55,6,0,539.0,538.8666381835938,1P,0.0,no_fire_before_landing_interval,539.1669921875,539.2000122070312,75,10,0.8571428571428571,538.9329833984375,0.8823529411764706,0.9230769230769231,0.5384615384615384,0.6666666666666666,0.0,1.0,0.06280745910078939,0.0
video_c55,9,1,671.3670043945312,671.0999755859375,1P,0.0,no_fire_before_landing_interval,679.8670043945312,680.7329711914062,68,5,0.8333333333333334,668.2329711914062,0.9315068493150684,0.6923076923076923,0.6153846153846154,0.5897435897435898,0.0,1.0,0.7581054745172149,0.0
video_c55,19,0,1167.866943359375,1167.699951171875,1P,0.0,no_fire_before_landing_interval,1168.7669677734375,1169.199951171875,529,16,0.8571428571428571,1164.133056640625,0.9706422018348624,0.9230769230769231,0.46153846153846156,0.7051282051282052,0.0,1.0,0.788757091284167,0.0
video_c55,24,0,1379.2330322265625,1379.0999755859375,1P,0.0,no_fire_before_landing_interval,1379.5,1380.2330322265625,72,12,0.8571428571428571,1379.0,0.8571428571428571,1.0,0.38461538461538464,0.6410256410256411,0.0,1.0,0.188991188991189,0.0
video_c55,41,2,2206.43310546875,2206.199951171875,2P,1.0,fire_before_landing_interval,2215.89990234375,2216.1669921875,452,24,0.875,2204.967041015625,0.9495798319327731,0.7692307692307693,0.6153846153846154,0.6410256410256411,0.05128205128205128,1.0,0.5944955944955945,0.0
video_c55,45,2,2385.56689453125,2385.36669921875,1P,0.0,no_fire_before_landing_interval,2386.032958984375,2386.6669921875,585,2,0.8,2384.800048828125,0.9965928449744463,0.8461538461538461,0.46153846153846156,0.6794871794871795,0.02564102564102564,0.75,0.43401962139007877,0.0
video_c55,51,1,2670.43310546875,2669.699951171875,1P,0.0,no_fire_before_landing_interval,2676.800048828125,2678.43310546875,180,87,0.9166666666666666,2669.866943359375,0.6741573033707865,1.0,0.6923076923076923,0.8333333333333334,0.2692307692307692,0.0,0.36149649259547934,0.0
video_c56,1,1,194.76699829101562,194.5,2P,0.0,no_fire_before_landing_interval,196.0330047607422,197.39999389648438,10,2,0.8,194.06700134277344,0.8333333333333334,0.6153846153846154,0.3076923076923077,0.3974358974358974,0.0,1.0,0.4117636499088959,0.0
video_c56,4,0,384.1000061035156,383.9666748046875,2P,1.0,fire_before_landing_interval,408.20001220703125,409.0,40,7,0.8571428571428571,382.79998779296875,0.851063829787234,0.8461538461538461,0.6153846153846154,0.5,0.0,1.0,0.565220852627808,0.0
video_c56,4,3,393.5329895019531,393.3666687011719,1P,0.0,no_fire_before_landing_interval,393.6000061035156,394.5,14,14,0.8571428571428571,393.5329895019531,0.5,0.5384615384615384,0.38461538461538464,0.2948717948717949,0.0,1.0,0.0,0.0
video_c56,6,1,491.3330078125,491.20001220703125,1P,0.0,no_fire_before_landing_interval,501.6000061035156,502.0669860839844,446,18,0.8888888888888888,490.1669921875,0.9612068965517241,0.9230769230769231,0.5384615384615384,0.7692307692307693,0.0,1.0,0.5383228133453561,0.0
video_c56,11,0,758.1669921875,757.5,2P,0.0,no_fire_before_landing_interval,766.9669799804688,767.0330200195312,179,46,0.9,758.1329956054688,0.7955555555555556,0.8461538461538461,0.5384615384615384,0.6153846153846154,0.0,1.0,0.03287881470987545,0.0
video_c56,13,1,864.7329711914062,864.4666748046875,2P,0.0,no_fire_before_landing_interval,867.7000122070312,867.7329711914062,124,14,0.875,863.2000122070312,0.8985507246376812,0.9230769230769231,0.6923076923076923,0.6410256410256411,0.05128205128205128,1.0,0.6052048192771085,0.0
video_c56,15,0,947.0999755859375,947.0,2P,0.0,no_fire_before_landing_interval,948.0330200195312,948.0670166015625,830,6,0.8571428571428571,946.1329956054688,0.992822966507177,1.0,0.6153846153846154,0.7564102564102564,0.0,1.0,0.4916064169795513,0.0
video_c56,18,3,1088.467041015625,1088.199951171875,2P,1.0,fire_before_landing_interval,1099.6669921875,1099.9000244140625,492,426,0.95,1085.6669921875,0.5359477124183006,0.9230769230769231,0.46153846153846156,0.7948717948717948,0.0,1.0,0.7368454866688082,0.0
video_c56,21,0,1208.199951171875,1208.066650390625,2P,0.0,no_fire_before_landing_interval,1208.532958984375,1209.5670166015625,239,41,0.9,1207.467041015625,0.8535714285714285,0.9230769230769231,0.38461538461538464,0.717948717948718,0.0,0.0,0.4229360383206537,0.0
video_c56,22,1,1250.7669677734375,1250.566650390625,1P,1.0,fire_before_landing_interval,1270.9329833984375,1271.5670166015625,430,18,0.8571428571428571,1249.366943359375,0.9598214285714286,0.8461538461538461,0.46153846153846156,0.6282051282051282,0.01282051282051282,1.0,0.5833375718427344,0.0
video_c56,24,5,1386.300048828125,1386.1666259765625,1P,0.0,no_fire_before_landing_interval,1387.532958984375,1388.0670166015625,72,71,0.9166666666666666,1386.0,0.5034965034965035,0.6923076923076923,0.5384615384615384,0.358974358974359,0.0,1.0,0.2307981220657277,0.0
video_c56,25,0,1415.7669677734375,1415.566650390625,2P,1.0,fire_before_landing_interval,1417.199951171875,1418.633056640625,114,5,0.8571428571428571,1414.9000244140625,0.957983193277311,0.7692307692307693,0.6923076923076923,0.5897435897435898,0.0,1.0,0.46436511050085,0.0
video_c56,29,0,1629.9329833984375,1629.800048828125,2P,0.0,no_fire_before_landing_interval,1630.2669677734375,1631.0670166015625,51,24,0.8888888888888888,1629.7330322265625,0.68,0.6923076923076923,0.0,0.48717948717948717,0.0,1.0,0.16663275686673448,0.0
video_c56,29,2,1641.800048828125,1641.6666259765625,1P,0.0,no_fire_before_landing_interval,1641.967041015625,1642.5670166015625,588,43,0.8888888888888888,1640.9329833984375,0.9318541996830428,0.6923076923076923,0.46153846153846156,0.5769230769230769,0.01282051282051282,1.0,0.46440013076168685,0.0
video_c56,34,5,1990.4329833984375,1990.300048828125,1P,0.0,no_fire_before_landing_interval,1996.1669921875,1996.967041015625,1092,110,0.9166666666666666,1989.699951171875,0.908485856905158,0.9230769230769231,0.6923076923076923,0.7564102564102564,0.01282051282051282,0.0,0.42297668521518633,0.0
video_c56,39,1,2271.60009765625,2271.2666015625,1P,1.0,fire_before_landing_interval,2280.10009765625,2280.467041015625,22,3,0.8,2271.23291015625,0.8800000000000001,0.8461538461538461,0.23076923076923078,0.3974358974358974,0.0,1.0,0.26857142857142857,0.0
video_c56,40,0,2323.133056640625,2322.7666015625,2P,0.0,no_fire_before_landing_interval,2323.23291015625,2324.23291015625,80,22,0.875,2322.967041015625,0.784313725490196,0.8461538461538461,0.6153846153846154,0.5769230769230769,0.0,1.0,0.1423785594639866,0.0
video_c56,44,4,2683.199951171875,2682.800048828125,2P,1.0,fire_before_landing_interval,2696.0,2696.10009765625,355,17,0.8333333333333334,2681.60009765625,0.9543010752688172,0.9230769230769231,0.38461538461538464,0.7051282051282052,0.01282051282051282,1.0,0.6153629448774532,0.0
video_c56,44,6,2699.633056640625,2699.5,2P,0.0,no_fire_before_landing_interval,2699.8330078125,2700.23291015625,671,89,0.9166666666666666,2698.39990234375,0.8828947368421052,0.9230769230769231,0.46153846153846156,0.6153846153846154,0.01282051282051282,1.0,0.5522029080572866,0.0
video_c56,48,7,2898.0,2897.86669921875,1P,0.0,no_fire_before_landing_interval,2901.43310546875,2902.633056640625,562,18,0.8888888888888888,2897.199951171875,0.9689655172413794,1.0,0.46153846153846156,0.7051282051282052,0.0,1.0,0.44445951444459514,0.0
video_c56,50,0,3004.23291015625,3004.10009765625,1P,0.0,no_fire_before_landing_interval,3004.532958984375,3005.76708984375,215,5,0.8571428571428571,3003.366943359375,0.9772727272727273,0.9230769230769231,0.5384615384615384,0.717948717948718,0.0,1.0,0.4640847834619914,0.0
video_c56,51,1,3067.199951171875,3067.066650390625,2P,0.0,no_fire_before_landing_interval,3077.366943359375,3077.93310546875,485,1,0.8,3066.89990234375,0.9979423868312757,0.7692307692307693,0.6923076923076923,0.6025641025641025,0.0,1.0,0.2307981220657277,0.0
video_c56,53,1,3186.8330078125,3186.699951171875,2P,0.0,no_fire_before_landing_interval,3189.366943359375,3190.89990234375,73,29,0.8571428571428571,3185.967041015625,0.7156862745098039,0.8461538461538461,0.5384615384615384,0.5384615384615384,0.0,1.0,0.4640847834619914,0.0
video_c56,56,3,3375.300048828125,3375.166748046875,2P,0.0,no_fire_before_landing_interval,3380.532958984375,3380.56689453125,353,252,0.9375,3374.56689453125,0.5834710743801653,0.8461538461538461,0.6923076923076923,0.7435897435897436,0.02564102564102564,1.0,0.42301732638399775,0.0
video_c56,57,4,3438.89990234375,3438.7666015625,1P,1.0,fire_before_landing_interval,3443.467041015625,3444.1669921875,461,5,0.8571428571428571,3437.26708984375,0.9892703862660944,0.9230769230769231,0.46153846153846156,0.7435897435897436,0.07692307692307693,1.0,0.6201780415430267,0.0
video_c56,57,5,3440.3330078125,3440.199951171875,2P,0.0,no_fire_before_landing_interval,3441.60009765625,3442.467041015625,84,26,0.8888888888888888,3439.800048828125,0.7636363636363637,0.9230769230769231,0.46153846153846156,0.5384615384615384,0.01282051282051282,1.0,0.3476668259276955,0.0
video_c57,0,0,125.93299865722656,125.76667022705078,2P,0.0,no_fire_before_landing_interval,126.0999984741211,130.10000610351562,409,36,0.8571428571428571,125.86699676513672,0.9191011235955057,0.6153846153846154,0.5384615384615384,0.5,0.0,1.0,0.0619153611073338,0.0
video_c57,3,0,346.1669921875,345.70001220703125,1P,0.0,no_fire_before_landing_interval,346.20001220703125,347.0,213,5,0.8333333333333334,344.7330017089844,0.9770642201834863,0.8461538461538461,0.38461538461538464,0.5641025641025641,0.01282051282051282,1.0,0.5891520493499003,0.0
video_c57,10,2,777.1669921875,777.0,1P,0.0,no_fire_before_landing_interval,777.9669799804688,779.7670288085938,708,5,0.8571428571428571,776.9000244140625,0.9929873772791024,1.0,0.8461538461538461,0.8974358974358975,0.1282051282051282,1.0,0.21071394161287216,0.0
video_c57,11,0,812.0330200195312,811.9666748046875,1P,0.0,no_fire_before_landing_interval,814.5330200195312,815.6329956054688,635,13,0.8,811.3670043945312,0.9799382716049383,0.7692307692307693,0.5384615384615384,0.6282051282051282,0.0,1.0,0.39976553341148885,0.0
video_c57,11,1,818.0999755859375,818.0,1P,0.0,no_fire_before_landing_interval,820.4669799804688,821.3670043945312,754,8,0.8,815.6329956054688,0.989501312335958,0.8461538461538461,0.5384615384615384,0.7435897435897436,0.038461538461538464,1.0,0.7115645300424274,0.0
video_c57,13,1,936.0330200195312,935.7000122070312,2P,0.0,no_fire_before_landing_interval,939.8330078125,940.1669921875,370,7,0.8333333333333334,934.6329956054688,0.9814323607427056,0.8461538461538461,0.46153846153846156,0.5769230769230769,0.0,1.0,0.5833375718427344,0.0
video_c57,18,0,1258.2330322265625,1257.9666748046875,1P,1.0,fire_before_landing_interval,1269.199951171875,1270.8330078125,23,15,0.875,1258.1669921875,0.605263157894737,0.6923076923076923,0.07692307692307693,0.5384615384615384,0.0,1.0,0.061948929348448416,0.0
video_c57,26,0,1715.0,1714.86669921875,2P,0.0,no_fire_before_landing_interval,1717.0999755859375,1717.5999755859375,131,39,0.8888888888888888,1713.4000244140625,0.7705882352941176,0.7692307692307693,0.7692307692307693,0.6923076923076923,0.0,1.0,0.6153810038029954,0.0
video_c57,27,0,1756.4329833984375,1756.199951171875,2P,0.0,no_fire_before_landing_interval,1760.467041015625,1760.9000244140625,478,12,0.8333333333333334,1755.2669677734375,0.9755102040816327,0.8461538461538461,0.5384615384615384,0.717948717948718,0.0,1.0,0.5383228133453561,0.0
video_c57,30,1,1945.5999755859375,1945.4666748046875,2P,0.0,no_fire_before_landing_interval,1948.032958984375,1948.5999755859375,70,37,0.8888888888888888,1945.199951171875,0.6542056074766355,0.7692307692307693,0.38461538461538464,0.5128205128205128,0.0,0.0,0.28572674165140816,0.0
video_c57,35,0,2233.366943359375,2233.10009765625,2P,1.0,fire_before_landing_interval,2260.56689453125,2260.866943359375,435,18,0.8333333333333334,2232.467041015625,0.9602649006622517,0.6153846153846154,0.46153846153846156,0.5,0.0,1.0,0.47365715754304805,0.0
video_c57,37,3,2382.8330078125,2382.699951171875,2P,1.0,fire_before_landing_interval,2383.10009765625,2385.532958984375,383,82,0.9,2380.60009765625,0.8236559139784946,0.9230769230769231,0.5384615384615384,0.782051282051282,0.01282051282051282,1.0,0.690681165987011,0.0
video_c57,38,0,2419.699951171875,2419.566650390625,1P,0.0,no_fire_before_landing_interval,2421.26708984375,2421.532958984375,347,26,0.8571428571428571,2416.800048828125,0.9302949061662198,0.7692307692307693,0.6923076923076923,0.6410256410256411,0.0,1.0,0.7435833228997121,0.0
video_c57,42,0,2664.967041015625,2664.666748046875,1P,0.0,no_fire_before_landing_interval,2673.43310546875,2674.56689453125,42,17,0.875,2663.032958984375,0.711864406779661,0.6153846153846154,0.46153846153846156,0.5384615384615384,0.0,1.0,0.6591778998169413,0.0
video_c57,42,1,2676.3330078125,2676.199951171875,1P,0.0,no_fire_before_landing_interval,2676.6669921875,2679.3330078125,239,171,0.9285714285714286,2676.23291015625,0.5829268292682928,0.8461538461538461,0.5384615384615384,0.6282051282051282,0.07692307692307693,1.0,0.09098979138925876,0.0
video_c57,43,0,2720.8330078125,2720.60009765625,2P,0.0,no_fire_before_landing_interval,2721.1669921875,2724.10009765625,138,12,0.8333333333333334,2719.89990234375,0.92,0.7692307692307693,0.38461538461538464,0.5897435897435898,0.0,1.0,0.48269765092195,0.0
video_c57,46,0,2906.3330078125,2906.199951171875,2P,1.0,fire_before_landing_interval,2922.866943359375,2923.93310546875,70,22,0.8571428571428571,2904.43310546875,0.7608695652173912,0.5384615384615384,0.38461538461538464,0.4358974358974359,0.0,1.0,0.655160801481731,0.0
video_c57,48,0,3042.56689453125,3042.39990234375,1P,0.0,no_fire_before_landing_interval,3043.366943359375,3046.06689453125,125,4,0.8,3041.633056640625,0.9689922480620154,0.8461538461538461,0.5384615384615384,0.5641025641025641,0.0,1.0,0.48289357404368133,0.0
video_c57,50,0,3177.8330078125,3177.699951171875,2P,0.0,no_fire_before_landing_interval,3179.1669921875,3179.300048828125,52,1,0.8,3176.967041015625,0.9811320754716981,0.7692307692307693,0.7692307692307693,0.6410256410256411,0.0,1.0,0.4640847834619914,0.0
video_c57,51,3,3274.8330078125,3274.699951171875,1P,0.0,no_fire_before_landing_interval,3288.866943359375,3289.3330078125,32,16,0.8888888888888888,3274.8330078125,0.6666666666666666,0.38461538461538464,0.38461538461538464,0.20512820512820512,0.0,0.0,0.0,0.0
video_c57,52,3,3347.89990234375,3347.7666015625,2P,0.0,no_fire_before_landing_interval,3358.89990234375,3360.76708984375,147,19,0.8888888888888888,3342.967041015625,0.8855421686746988,0.9230769230769231,0.46153846153846156,0.5769230769230769,0.01282051282051282,1.0,0.8314472655446278,0.0
video_c58,0,0,166.13299560546875,166.09999084472656,2P,0.0,no_fire_before_landing_interval,167.0330047607422,172.4669952392578,2,2,0.8,165.5330047607422,0.5,0.3076923076923077,0.15384615384615385,0.20512820512820512,0.20512820512820512,0.5,0.37499642370084973,0.0
video_c58,0,20,483.13299560546875,482.89996337890625,1P,0.0,no_fire_before_landing_interval,484.9670104980469,485.29998779296875,4900,40,0.8,483.0,0.9919028340080972,0.8461538461538461,0.7692307692307693,0.7307692307692307,0.038461538461538464,0.5,0.11738404352744707,0.0
video_c58,0,29,649.2670288085938,648.4999389648438,2P,0.0,no_fire_before_landing_interval,652.4329833984375,653.7670288085938,2280,360,0.8333333333333334,649.0999755859375,0.8636363636363636,0.9230769230769231,0.5384615384615384,0.7307692307692307,0.08974358974358974,1.0,0.14314104910831024,0.0
video_c58,0,31,669.2329711914062,668.9999389648438,2P,0.0,no_fire_before_landing_interval,669.9329833984375,671.2329711914062,40,40,0.8,668.7999877929688,0.5,0.7692307692307693,0.46153846153846156,0.3974358974358974,0.1282051282051282,0.0,0.3021552091319533,0.0
video_c58,0,43,844.0999755859375,843.9999389648438,2P,0.0,no_fire_before_landing_interval,845.3670043945312,846.6669921875,7640,450,0.8,844.0330200195312,0.9443757725587144,0.9230769230769231,0.8461538461538461,0.8205128205128205,0.15384615384615385,0.0,0.06275384703392255,0.0
video_c58,0,45,872.1669921875,871.5665893554688,2P,0.0,no_fire_before_landing_interval,872.4669799804688,872.9669799804688,2040,40,0.75,871.8330078125,0.9807692307692307,0.5384615384615384,0.23076923076923078,0.358974358974359,0.05128205128205128,1.0,0.25036603221083453,0.0
video_c58,0,54,975.3330078125,975.1998901367188,2P,0.0,no_fire_before_landing_interval,977.4000244140625,977.9669799804688,23540,1180,0.8888888888888888,974.7999877929688,0.9522653721682848,0.6923076923076923,0.5384615384615384,0.5769230769230769,0.0,1.0,0.3476927977067325,0.0
video_c58,0,59,989.2999877929688,989.1998901367188,1P,1.0,fire_before_landing_interval,1014.5999755859375,1016.0670166015625,14720,40,0.8,989.1329956054688,0.997289972899729,0.6153846153846154,0.38461538461538464,0.358974358974359,0.0,1.0,0.14309623430962343,0.0
video_c58,0,66,1074.133056640625,1074.099853515625,2P,0.0,no_fire_before_landing_interval,1083.0670166015625,1083.1669921875,1260,180,0.8,1074.133056640625,0.875,0.6923076923076923,0.3076923076923077,0.34615384615384615,0.038461538461538464,1.0,0.0,0.0
video_c58,0,67,1084.3330078125,1083.39990234375,1P,0.0,no_fire_before_landing_interval,1085.0670166015625,1085.7669677734375,1000,80,0.75,1084.2330322265625,0.9259259259259259,0.46153846153846156,0.3076923076923077,0.2564102564102564,0.01282051282051282,1.0,0.09088891355010542,0.0
video_c58,0,71,1131.133056640625,1130.966552734375,1P,0.0,no_fire_before_landing_interval,1136.6669921875,1147.532958984375,600,540,0.8571428571428571,1130.532958984375,0.5263157894736842,0.3076923076923077,0.3076923076923077,0.1282051282051282,0.0,1.0,0.3750381446444919,0.0
video_c58,0,77,1194.5,1194.2666015625,2P,0.0,no_fire_before_landing_interval,1196.199951171875,1196.7330322265625,2780,40,0.8,1194.2330322265625,0.9858156028368794,0.46153846153846156,0.23076923076923078,0.3333333333333333,0.07692307692307693,0.0,0.21071394161287216,0.0
video_c58,0,83,1285.3330078125,1285.2999267578125,2P,1.0,fire_before_landing_interval,1288.300048828125,1289.0,16790,1620,0.8888888888888888,1284.9000244140625,0.9120043454644216,0.7692307692307693,0.3076923076923077,0.48717948717948717,0.0,1.0,0.3021552091319533,0.0
video_c58,0,84,1286.2669677734375,1286.16650390625,1P,0.0,no_fire_before_landing_interval,1287.5,1288.1669921875,11040,40,0.8,1286.1669921875,0.9963898916967509,0.6923076923076923,0.38461538461538464,0.38461538461538464,0.0,1.0,0.09088891355010542,0.0
video_c58,0,88,1316.5,1316.466552734375,2P,0.0,no_fire_before_landing_interval,1332.800048828125,1333.366943359375,1850,40,0.8,1314.866943359375,0.9788359788359788,0.38461538461538464,0.07692307692307693,0.21794871794871795,0.01282051282051282,1.0,0.6202132591562355,0.0
video_c58,0,100,1499.2330322265625,1499.099853515625,1P,0.0,no_fire_before_landing_interval,1501.2669677734375,1501.8330078125,540,280,0.8,1498.9000244140625,0.6585365853658536,0.3076923076923077,0.15384615384615385,0.15384615384615385,0.0,1.0,0.24981684981684982,0.0
video_c58,0,103,1556.699951171875,1556.39990234375,2P,0.0,no_fire_before_landing_interval,1559.5670166015625,1560.4329833984375,31120,40,0.8,1556.199951171875,0.9987163029525032,0.9230769230769231,0.6153846153846154,0.8717948717948718,0.19230769230769232,1.0,0.3333333333333333,0.0
video_c58,0,108,1661.967041015625,1661.5665283203125,2P,0.0,no_fire_before_landing_interval,1662.0670166015625,1663.8330078125,54060,100,0.8,1661.032958984375,0.9981536189069424,0.9230769230769231,0.6153846153846154,0.7435897435897436,0.0,1.0,0.4829588487755617,0.0
video_c58,0,111,1708.0,1707.866455078125,2P,1.0,fire_before_landing_interval,1710.5670166015625,1711.8330078125,3160,100,0.8,1708.0,0.9693251533742331,0.9230769230769231,0.5384615384615384,0.5384615384615384,0.07692307692307693,1.0,0.0,0.0
video_c58,0,119,1891.4329833984375,1891.3997802734375,2P,0.0,no_fire_before_landing_interval,1891.7659912109375,1892.4000244140625,1740,180,0.8,1890.633056640625,0.90625,0.6923076923076923,0.46153846153846156,0.6410256410256411,0.0,1.0,0.4444218379111563,0.0
video_c58,0,126,2056.76611328125,2056.43310546875,1P,0.0,no_fire_before_landing_interval,2058.73291015625,2064.39990234375,700,240,0.8,2055.800048828125,0.7446808510638298,0.9230769230769231,0.6923076923076923,0.6410256410256411,0.11538461538461539,1.0,0.49136967589718117,0.0
video_c58,0,127,2065.699951171875,2065.499755859375,2P,0.0,no_fire_before_landing_interval,2066.93310546875,2068.532958984375,1400,1220,0.875,2065.10009765625,0.5343511450381679,0.9230769230769231,0.8461538461538461,0.8846153846153846,0.20512820512820512,1.0,0.37494277430184647,0.0
video_c58,0,130,2139.56591796875,2139.43310546875,1P,1.0,fire_before_landing_interval,2165.76611328125,2166.0,6980,100,0.8,2139.365966796875,0.9858757062146892,0.9230769230769231,0.6923076923076923,0.6025641025641025,0.0641025641025641,1.0,0.16663275686673448,0.0
video_c58,0,136,2243.466064453125,2243.39990234375,2P,0.0,no_fire_before_landing_interval,2245.699951171875,2246.800048828125,5940,100,0.8,2242.76611328125,0.9834437086092715,0.7692307692307693,0.38461538461538464,0.5128205128205128,0.14102564102564102,1.0,0.41174780985207526,0.0
video_c58,0,137,2255.966064453125,2255.89990234375,1P,1.0,fire_before_landing_interval,2257.93310546875,2263.365966796875,5260,100,0.8,2255.865966796875,0.9813432835820896,0.8461538461538461,0.38461538461538464,0.5641025641025641,0.11538461538461539,0.0,0.09098979138925876,0.0
video_c58,0,141,2312.666015625,2312.599853515625,1P,0.0,no_fire_before_landing_interval,2313.23291015625,2313.56591796875,3020,360,0.8571428571428571,2312.56591796875,0.893491124260355,0.9230769230769231,0.3076923076923077,0.5256410256410257,0.07692307692307693,1.0,0.09098979138925876,0.0
video_c58,0,149,2475.39990234375,2475.19970703125,1P,0.0,no_fire_before_landing_interval,2476.23291015625,2478.56591796875,9450,100,0.8,2472.699951171875,0.9895287958115183,0.9230769230769231,0.5384615384615384,0.5384615384615384,0.02564102564102564,1.0,0.729726162982514,0.0
video_c58,0,162,2717.60009765625,2717.43310546875,1P,0.0,no_fire_before_landing_interval,2720.865966796875,2721.39990234375,3440,100,0.8,2717.365966796875,0.9717514124293786,0.7692307692307693,0.5384615384615384,0.6410256410256411,0.05128205128205128,1.0,0.1897131552917903,0.0
video_c58,0,163,2737.76611328125,2737.69970703125,2P,0.0,no_fire_before_landing_interval,2739.166015625,2740.365966796875,1240,450,0.8,2737.39990234375,0.7337278106508875,0.7692307692307693,0.5384615384615384,0.3333333333333333,0.02564102564102564,1.0,0.268048606147248,0.0
video_c58,0,165,2781.23291015625,2781.19970703125,2P,0.0,no_fire_before_landing_interval,2781.300048828125,2782.365966796875,3280,2520,0.9090909090909091,2781.06591796875,0.5655172413793104,0.9230769230769231,0.5384615384615384,0.7307692307692307,0.21794871794871795,1.0,0.14309623430962343,0.0
video_c58,0,167,2833.5,2833.43310546875,1P,0.0,no_fire_before_landing_interval,2837.89990234375,2838.466064453125,1830,100,0.8,2833.26611328125,0.9481865284974094,0.6923076923076923,0.07692307692307693,0.3333333333333333,0.02564102564102564,1.0,0.18955282944202612,0.0
video_c58,0,169,2893.56591796875,2893.2998046875,1P,0.0,no_fire_before_landing_interval,2893.93310546875,2894.43310546875,3640,540,0.8333333333333334,2893.06591796875,0.8708133971291866,0.9230769230769231,0.07692307692307693,0.48717948717948717,0.07692307692307693,1.0,0.3333333333333333,0.0
video_c58,0,172,2917.56591796875,2917.133056640625,1P,0.0,no_fire_before_landing_interval,2917.966064453125,2918.23291015625,1780,1260,0.875,2917.06591796875,0.5855263157894737,0.9230769230769231,0.7692307692307693,0.7051282051282052,0.16666666666666666,0.0,0.3333333333333333,0.0
video_c58,0,173,2931.76611328125,2931.2998046875,1P,0.0,no_fire_before_landing_interval,2938.532958984375,2939.466064453125,420,180,0.75,2930.60009765625,0.7000000000000001,0.6923076923076923,0.07692307692307693,0.3717948717948718,0.07692307692307693,1.0,0.5383228133453561,0.0
video_c58,0,176,2990.699951171875,2990.499755859375,1P,0.0,no_fire_before_landing_interval,2991.73291015625,2992.3330078125,2280,540,0.8571428571428571,2990.5,0.8085106382978724,0.46153846153846156,0.38461538461538464,0.3076923076923077,0.05128205128205128,0.5,0.16663275686673448,0.0
video_c58,0,179,3074.699951171875,3074.499755859375,2P,0.0,no_fire_before_landing_interval,3088.3330078125,3088.89990234375,2620,40,0.8,3074.532958984375,0.9849624060150376,1.0,0.6153846153846154,0.8076923076923077,0.15384615384615385,1.0,0.14309623430962343,0.0
video_c58,0,181,3132.73291015625,3132.399658203125,2P,0.0,no_fire_before_landing_interval,3133.966064453125,3134.10009765625,13780,600,0.8333333333333334,3131.89990234375,0.9582753824756607,0.9230769230769231,0.5384615384615384,0.6666666666666666,0.16666666666666666,1.0,0.45444858817261585,0.0
video_c58,0,188,3260.93310546875,3260.8330078125,2P,0.0,no_fire_before_landing_interval,3261.23291015625,3261.93310546875,3550,40,0.8,3260.0,0.9888579387186629,0.9230769230769231,0.6923076923076923,0.7564102564102564,0.1282051282051282,1.0,0.48269765092195,0.0
video_c58,0,191,3372.365966796875,3372.23291015625,1P,0.0,no_fire_before_landing_interval,3376.06591796875,3378.865966796875,6220,40,0.8,3372.365966796875,0.9936102236421726,0.6153846153846154,0.5384615384615384,0.5,0.038461538461538464,1.0,0.0,0.0
video_c59,0,3,210.6999969482422,210.59994506835938,2P,0.0,no_fire_before_landing_interval,216.60000610351562,217.43299865722656,64,51,0.8571428571428571,209.89999389648438,0.5565217391304348,0.7692307692307693,0.5384615384615384,0.6666666666666666,0.0,1.0,0.44444538634340697,0.0
video_c59,4,0,384.3330078125,384.16656494140625,2P,0.0,no_fire_before_landing_interval,384.86700439453125,386.29998779296875,560,5,0.8571428571428571,383.3999938964844,0.9911504424778761,0.6153846153846154,0.5384615384615384,0.5641025641025641,0.0,1.0,0.48267315009235723,0.0
video_c59,4,3,401.9670104980469,401.69989013671875,2P,0.0,no_fire_before_landing_interval,405.20001220703125,405.6000061035156,115,1,0.8,401.3330078125,0.9913793103448276,0.9230769230769231,0.7692307692307693,0.7692307692307693,0.0641025641025641,1.0,0.38800590179855443,0.0
video_c59,4,5,452.1669921875,451.9998779296875,1P,0.0,no_fire_before_landing_interval,452.6669921875,454.0329895019531,249,8,0.8,451.86700439453125,0.9688715953307393,0.8461538461538461,0.46153846153846156,0.5641025641025641,0.0,1.0,0.2307620076059909,0.0
video_c59,5,0,491.0669860839844,490.966552734375,1P,1.0,fire_before_landing_interval,511.5,512.5999755859375,809,6,0.8571428571428571,490.3330078125,0.992638036809816,1.0,0.6153846153846154,0.8717948717948718,0.0,1.0,0.4232915046023337,0.0
video_c59,5,2,499.3330078125,498.76654052734375,2P,0.0,no_fire_before_landing_interval,499.9670104980469,501.5669860839844,94,10,0.8333333333333334,498.79998779296875,0.9038461538461539,0.9230769230769231,0.7692307692307693,0.8717948717948718,0.0641025641025641,1.0,0.3476927977067325,0.0
video_c59,9,0,773.6329956054688,773.4998168945312,2P,0.0,no_fire_before_landing_interval,773.7659912109375,774.9660034179688,238,13,0.8571428571428571,773.1329956054688,0.9482071713147411,0.7692307692307693,0.3076923076923077,0.6025641025641025,0.0,1.0,0.3333333333333333,0.0
video_c59,15,1,1174.133056640625,1173.8330078125,1P,0.0,no_fire_before_landing_interval,1175.032958984375,1175.2659912109375,72,13,0.8333333333333334,1172.3330078125,0.8470588235294118,0.7692307692307693,0.23076923076923078,0.5,0.0,1.0,0.6428633708257041,0.0
video_c59,16,1,1258.133056640625,1258.032958984375,2P,1.0,fire_before_landing_interval,1259.3330078125,1261.0999755859375,184,1,0.8,1256.365966796875,0.9945945945945946,0.8461538461538461,0.6923076923076923,0.6923076923076923,0.0,1.0,0.6386094935592024,0.0
video_c59,17,1,1326.0,1325.8330078125,2P,0.0,no_fire_before_landing_interval,1327.4329833984375,1328.0,164,24,0.8888888888888888,1325.7659912109375,0.8723404255319149,0.8461538461538461,0.7692307692307693,0.6923076923076923,0.16666666666666666,1.0,0.18963300029676525,0.0
video_c59,22,0,1684.633056640625,1684.4996337890625,2P,0.0,no_fire_before_landing_interval,1685.8330078125,1686.2659912109375,214,2,0.8,1683.5,0.9907407407407407,0.8461538461538461,0.6923076923076923,0.6153846153846154,0.0,1.0,0.5311891953759872,0.0
video_c59,23,3,1778.4659423828125,1778.3328857421875,2P,0.0,no_fire_before_landing_interval,1782.032958984375,1782.4000244140625,91,17,0.8571428571428571,1777.7330322265625,0.8425925925925926,0.6923076923076923,0.6923076923076923,0.4358974358974359,0.0,1.0,0.4229360383206537,0.0
video_c59,24,2,1811.2659912109375,1810.5994873046875,2P,1.0,fire_before_landing_interval,1814.8330078125,1815.5999755859375,163,7,0.8333333333333334,1810.9000244140625,0.9588235294117647,0.6923076923076923,0.6923076923076923,0.6025641025641025,0.0,1.0,0.2679177837354781,0.0
video_c59,26,1,1943.532958984375,1943.1328125,2P,0.0,no_fire_before_landing_interval,1961.0660400390625,1962.166015625,340,45,0.9,1941.8330078125,0.8831168831168831,0.6153846153846154,0.38461538461538464,0.47435897435897434,0.0,1.0,0.6296229315489646,0.0
video_c59,30,1,2177.43310546875,2177.26611328125,2P,0.0,no_fire_before_landing_interval,2189.166015625,2189.966064453125,146,24,0.8888888888888888,2176.365966796875,0.8588235294117647,0.5384615384615384,0.23076923076923078,0.3974358974358974,0.0,1.0,0.5162395181292075,0.0
video_c59,30,5,2220.93310546875,2220.666015625,2P,1.0,fire_before_landing_interval,2235.93310546875,2236.73291015625,124,2,0.8,2220.666015625,0.9841269841269841,0.6923076923076923,0.6923076923076923,0.44871794871794873,0.0,1.0,0.21078998073217725,0.0
video_c59,30,8,2244.59912109375,2244.466064453125,2P,0.0,no_fire_before_landing_interval,2252.39892578125,2252.532958984375,86,7,0.8571428571428571,2243.666015625,0.9247311827956989,0.9230769230769231,0.7692307692307693,0.8333333333333334,0.2564102564102564,1.0,0.48269765092195,0.0
video_c59,34,1,2547.633056640625,2547.365966796875,2P,0.0,no_fire_before_landing_interval,2549.799072265625,2550.698974609375,44,41,0.9,2547.466064453125,0.5176470588235295,0.46153846153846156,0.23076923076923078,0.2692307692307692,0.0,1.0,0.14309623430962343,0.0
video_c59,36,1,2633.799072265625,2633.632568359375,2P,1.0,fire_before_landing_interval,2636.56591796875,2637.865966796875,124,40,0.9,2631.633056640625,0.7560975609756099,0.8461538461538461,0.8461538461538461,0.7564102564102564,0.038461538461538464,1.0,0.6841455891425047,0.0
video_c59,38,1,2731.198974609375,2730.9326171875,1P,1.0,fire_before_landing_interval,2768.4990234375,2768.633056640625,511,19,0.8333333333333334,2731.06591796875,0.9641509433962264,0.8461538461538461,0.8461538461538461,0.6538461538461539,0.0,1.0,0.11743158801982331,0.0
video_c59,39,3,2807.166015625,2807.06591796875,2P,1.0,fire_before_landing_interval,2822.966064453125,2823.06591796875,135,4,0.8,2805.9990234375,0.9712230215827338,0.9230769230769231,0.7692307692307693,0.8205128205128205,0.05128205128205128,1.0,0.5385308697611537,0.0
video_c59,41,0,2899.39892578125,2899.265869140625,2P,0.0,no_fire_before_landing_interval,2900.09912109375,2900.3330078125,163,16,0.8888888888888888,2898.23291015625,0.9106145251396648,0.7692307692307693,0.38461538461538464,0.6153846153846154,0.0,1.0,0.5383228133453561,0.0
video_c59,45,0,3152.26611328125,3152.132568359375,2P,1.0,fire_before_landing_interval,3153.06591796875,3154.39892578125,94,34,0.8888888888888888,3150.9990234375,0.734375,0.7692307692307693,0.5384615384615384,0.5512820512820513,0.07692307692307693,1.0,0.5589058798190825,0.0
video_c59,50,1,3414.632080078125,3414.4990234375,1P,0.0,no_fire_before_landing_interval,3416.031982421875,3416.76611328125,257,2,0.8,3414.466064453125,0.9922779922779923,0.9230769230769231,0.38461538461538464,0.7435897435897436,0.1282051282051282,1.0,0.1423785594639866,0.0
video_c59,52,3,3506.59912109375,3506.36572265625,2P,0.0,no_fire_before_landing_interval,3509.166015625,3509.431884765625,81,4,0.8,3504.466064453125,0.9529411764705882,0.9230769230769231,0.3076923076923077,0.5256410256410257,0.01282051282051282,1.0,0.6808228785163251,0.0
video_c59,57,0,3764.09912109375,3763.9658203125,1P,0.0,no_fire_before_landing_interval,3771.166015625,3772.39892578125,396,41,0.9,3763.531982421875,0.9061784897025171,0.9230769230769231,0.46153846153846156,0.7051282051282052,0.0,1.0,0.3618943760710391,0.0
video_c6,0,12,193.63299560546875,193.59996032714844,1P,1.0,fire_before_landing_interval,226.73300170898438,226.93299865722656,4,4,0.8,192.6999969482422,0.5,0.46153846153846156,0.07692307692307693,0.16666666666666666,0.10256410256410256,1.0,0.4826690663951185,0.0
video_c6,2,0,356.79998779296875,356.6665954589844,2P,0.0,no_fire_before_landing_interval,357.70001220703125,359.4330139160156,1197,3,0.8,355.5,0.9975,0.8461538461538461,0.8461538461538461,0.8461538461538461,0.0,1.0,0.5652150837247565,0.0
video_c6,5,3,536.1669921875,536.0665893554688,2P,1.0,fire_before_landing_interval,545.7000122070312,545.8670043945312,264,8,0.8571428571428571,534.7999877929688,0.9705882352941176,1.0,0.6923076923076923,0.8333333333333334,0.05128205128205128,1.0,0.5775250767128233,0.0
video_c6,6,0,586.7999877929688,586.6665649414062,2P,0.0,no_fire_before_landing_interval,587.7999877929688,589.1329956054688,140,71,0.9166666666666666,585.5670166015625,0.6635071090047393,0.9230769230769231,0.7692307692307693,0.717948717948718,0.01282051282051282,1.0,0.5521661883285499,0.0
video_c6,7,0,620.6669921875,620.5665283203125,1P,0.0,no_fire_before_landing_interval,620.6669921875,621.4000244140625,480,1,0.8,620.6669921875,0.997920997920998,0.9230769230769231,0.6153846153846154,0.6923076923076923,0.0,1.0,0.0,0.0
video_c6,10,0,801.7329711914062,801.4664916992188,2P,0.0,no_fire_before_landing_interval,806.7999877929688,807.0999755859375,1062,23,0.8333333333333334,800.4000244140625,0.9788018433179724,1.0,0.6153846153846154,0.8589743589743589,0.0,1.0,0.5713575595845434,0.0
video_c6,13,0,985.6329956054688,985.4998168945312,2P,0.0,no_fire_before_landing_interval,986.6329956054688,986.8330078125,52,1,0.8,983.3330078125,0.9811320754716981,0.8461538461538461,0.0,0.6538461538461539,0.0,1.0,0.6969685760260418,0.0
video_c6,16,0,1157.2330322265625,1156.133056640625,1P,0.0,no_fire_before_landing_interval,1158.166015625,1159.199951171875,163,17,0.8,1154.032958984375,0.9055555555555556,0.8461538461538461,0.7692307692307693,0.7692307692307693,0.0,1.0,0.7619089138838027,0.0
video_c6,18,1,1259.2659912109375,1259.133056640625,1P,0.0,no_fire_before_landing_interval,1263.2330322265625,1263.5660400390625,895,80,0.9166666666666666,1258.4000244140625,0.9179487179487179,0.8461538461538461,0.6153846153846154,0.6538461538461539,0.0,1.0,0.4640847834619914,0.0
video_c6,19,0,1306.3330078125,1306.2330322265625,1P,0.0,no_fire_before_landing_interval,1308.3330078125,1308.532958984375,499,3,0.8,1305.0660400390625,0.9940239043824701,0.9230769230769231,0.6923076923076923,0.7435897435897436,0.0,1.0,0.5588821280491089,0.0
video_c6,20,1,1389.7659912109375,1389.633056640625,1P,0.0,no_fire_before_landing_interval,1396.7659912109375,1397.5,525,5,0.8571428571428571,1379.9329833984375,0.9905660377358491,0.9230769230769231,0.3076923076923077,0.5769230769230769,0.0,1.0,0.9076895339403227,0.0
video_c6,25,2,1725.5999755859375,1725.2330322265625,1P,1.0,fire_before_landing_interval,1736.4329833984375,1737.2330322265625,494,20,0.8333333333333334,1723.199951171875,0.9610894941634242,0.9230769230769231,0.6153846153846154,0.7051282051282052,0.0,1.0,0.7058844648691344,0.0
video_c6,30,0,1923.2659912109375,1923.1329345703125,1P,0.0,no_fire_before_landing_interval,1923.365966796875,1923.7659912109375,250,1,0.8,1923.2330322265625,0.9960159362549801,0.6923076923076923,0.46153846153846156,0.5897435897435898,0.0,1.0,0.0319073505081541,0.0
video_c6,38,1,2450.666015625,2450.332763671875,1P,0.0,no_fire_before_landing_interval,2450.8330078125,2451.5,752,26,0.875,2449.666015625,0.9665809768637532,0.9230769230769231,0.7692307692307693,0.6794871794871795,0.0,1.0,0.5,0.0
video_c6,38,5,2494.133056640625,2493.799560546875,2P,0.0,no_fire_before_landing_interval,2495.43310546875,2496.26611328125,86,4,0.8,2492.76611328125,0.9555555555555556,0.6923076923076923,0.23076923076923078,0.41025641025641024,0.0,1.0,0.5775141825683342,0.0
video_c6,40,0,2583.300048828125,2583.032958984375,1P,0.0,no_fire_before_landing_interval,2583.43310546875,2583.93310546875,20,3,0.8,2583.199951171875,0.8695652173913043,0.6923076923076923,0.46153846153846156,0.6153846153846154,0.0,1.0,0.09098979138925876,0.0
video_c6,40,2,2599.5,2598.699462890625,1P,0.0,no_fire_before_landing_interval,2602.39990234375,2603.532958984375,216,2,0.75,2599.365966796875,0.9908256880733946,0.9230769230769231,0.0,0.44871794871794873,0.01282051282051282,1.0,0.11819160387513455,0.0
video_c6,45,1,2872.032958984375,2871.76611328125,2P,1.0,fire_before_landing_interval,2885.26611328125,2886.532958984375,154,26,0.8333333333333334,2871.3330078125,0.8555555555555555,0.7692307692307693,0.23076923076923078,0.3333333333333333,0.0,1.0,0.41174780985207526,0.0
video_c6,47,0,2959.532958984375,2959.432861328125,2P,0.0,no_fire_before_landing_interval,2959.93310546875,2960.198974609375,224,4,0.8,2959.365966796875,0.9824561403508771,0.9230769230769231,0.6923076923076923,0.8076923076923077,0.01282051282051282,1.0,0.14309623430962343,0.0
video_c6,49,8,3103.4990234375,3103.365966796875,2P,1.0,fire_before_landing_interval,3104.43310546875,3105.26611328125,345,2,0.8,3093.466064453125,0.9942363112391931,0.9230769230769231,0.6923076923076923,0.5384615384615384,0.0,1.0,0.9093624836803789,0.0
video_c6,52,4,3310.59912109375,3310.365966796875,1P,0.0,no_fire_before_landing_interval,3310.59912109375,3311.26611328125,1116,25,0.8333333333333334,3310.59912109375,0.9780893952673094,1.0,0.7692307692307693,0.8717948717948718,0.0,1.0,0.0,0.0
video_c60,1,1,287.5,287.3665771484375,2P,1.0,fire_before_landing_interval,295.79998779296875,297.79998779296875,5,5,0.8571428571428571,287.2669982910156,0.5,0.3076923076923077,0.0,0.19230769230769232,0.0,1.0,0.18897111600623717,0.0
video_c60,1,2,295.9330139160156,295.7999267578125,1P,1.0,fire_before_landing_interval,309.6000061035156,310.0,14,5,0.8571428571428571,295.0,0.7368421052631579,0.38461538461538464,0.38461538461538464,0.19230769230769232,0.0,1.0,0.48267315009235723,0.0
video_c60,2,3,364.0329895019531,363.5665588378906,2P,0.0,no_fire_before_landing_interval,364.13299560546875,364.9670104980469,830,17,0.8333333333333334,362.70001220703125,0.9799291617473436,0.9230769230769231,0.7692307692307693,0.7564102564102564,0.0,1.0,0.5713631666383245,0.0
video_c60,3,2,426.8330078125,426.69989013671875,2P,0.0,no_fire_before_landing_interval,428.3330078125,429.79998779296875,528,38,0.9,426.13299560546875,0.9328621908127208,0.8461538461538461,0.6923076923076923,0.7307692307692307,0.0641025641025641,0.0,0.4117689297382688,0.0
video_c60,4,0,465.13299560546875,464.9998779296875,2P,1.0,fire_before_landing_interval,493.36700439453125,494.9330139160156,705,10,0.8571428571428571,464.9670104980469,0.986013986013986,0.9230769230769231,0.5384615384615384,0.7435897435897436,0.0,1.0,0.14235611275420734,0.0
video_c60,9,2,787.5,786.999755859375,2P,0.0,no_fire_before_landing_interval,788.166015625,788.2659912109375,732,350,0.9333333333333333,784.7659912109375,0.6765249537892791,0.9230769230769231,0.7692307692307693,0.7307692307692307,0.05128205128205128,1.0,0.7321913106018504,0.0
video_c60,12,0,961.2999877929688,961.19970703125,2P,0.0,no_fire_before_landing_interval,961.5659790039062,962.5330200195312,83,4,0.8,960.7000122070312,0.9540229885057471,0.8461538461538461,0.6923076923076923,0.5897435897435898,0.0,1.0,0.37499046311131456,0.0
video_c60,16,0,1201.7330322265625,1201.599609375,2P,0.0,no_fire_before_landing_interval,1201.8330078125,1202.865966796875,507,1,0.8,1201.5660400390625,0.9980314960629921,1.0,0.6153846153846154,0.6666666666666666,0.0,1.0,0.14309623430962343,0.0
video_c60,18,1,1352.2330322265625,1352.099609375,2P,1.0,fire_before_landing_interval,1358.5999755859375,1359.633056640625,133,8,0.8,1350.5999755859375,0.9432624113475178,0.8461538461538461,0.7692307692307693,0.7564102564102564,0.038461538461538464,1.0,0.6202132591562355,0.0
video_c60,20,3,1461.2659912109375,1460.9329833984375,1P,0.0,no_fire_before_landing_interval,1461.4659423828125,1463.032958984375,41,1,0.8,1461.2330322265625,0.9761904761904762,0.6923076923076923,0.6923076923076923,0.4230769230769231,0.0,1.0,0.0319073505081541,0.0
video_c60,20,6,1477.5660400390625,1477.4329833984375,1P,0.0,no_fire_before_landing_interval,1478.4329833984375,1479.7659912109375,127,62,0.9,1476.0660400390625,0.671957671957672,0.9230769230769231,0.3076923076923077,0.5897435897435898,0.02564102564102564,1.0,0.6,0.0
video_c60,21,1,1542.166015625,1542.032958984375,2P,0.0,no_fire_before_landing_interval,1545.2330322265625,1546.5,809,706,0.9411764705882353,1541.0660400390625,0.533993399339934,1.0,0.5384615384615384,0.7435897435897436,0.0,1.0,0.523803987676568,0.0
video_c60,29,7,2066.43310546875,2066.166015625,2P,0.0,no_fire_before_landing_interval,2067.09912109375,2069.299072265625,159,5,0.8333333333333334,2066.299072265625,0.9695121951219513,0.6923076923076923,0.38461538461538464,0.44871794871794873,0.0,1.0,0.11819160387513455,0.0
video_c60,30,0,2195.966064453125,2195.832763671875,2P,1.0,fire_before_landing_interval,2209.93310546875,2211.198974609375,453,46,0.9,2194.73291015625,0.9078156312625251,0.9230769230769231,0.6923076923076923,0.717948717948718,0.0,1.0,0.5522029080572866,0.0
video_c60,31,2,2258.89892578125,2258.76611328125,1P,0.0,no_fire_before_landing_interval,2271.666015625,2271.9990234375,624,1,0.8,2248.9990234375,0.9984,0.9230769230769231,0.6923076923076923,0.6923076923076923,0.01282051282051282,1.0,0.9082560587734624,0.0
video_c60,32,0,2316.799072265625,2316.56591796875,1P,1.0,fire_before_landing_interval,2321.23291015625,2322.06591796875,80,50,0.9,2316.532958984375,0.6153846153846154,0.9230769230769231,0.6923076923076923,0.7948717948717948,0.15384615384615385,1.0,0.21018125723100656,0.0
video_c60,34,0,2414.133056640625,2414.03271484375,2P,0.0,no_fire_before_landing_interval,2415.299072265625,2416.73291015625,430,24,0.8571428571428571,2412.43310546875,0.947136563876652,0.9230769230769231,0.7692307692307693,0.6666666666666666,0.0,1.0,0.6296229315489646,0.0
video_c60,34,5,2441.56591796875,2439.865966796875,2P,0.0,no_fire_before_landing_interval,2444.799072265625,2445.865966796875,40,14,0.8333333333333334,2441.43310546875,0.7407407407407407,0.6923076923076923,0.3076923076923077,0.3974358974358974,0.038461538461538464,1.0,0.11724137931034483,0.0
video_c60,35,0,2476.198974609375,2475.732666015625,1P,0.0,no_fire_before_landing_interval,2477.032958984375,2479.299072265625,340,15,0.8333333333333334,2474.966064453125,0.9577464788732395,0.6923076923076923,0.6153846153846154,0.5512820512820513,0.0,1.0,0.552153947080691,0.0
video_c60,36,1,2527.198974609375,2526.865966796875,2P,1.0,fire_before_landing_interval,2534.43310546875,2538.133056640625,697,92,0.9166666666666666,2524.06591796875,0.8833967046894804,1.0,0.46153846153846156,0.7692307692307693,0.02564102564102564,1.0,0.7580483194518283,0.0
video_c60,37,3,2587.8330078125,2587.56591796875,1P,1.0,fire_before_landing_interval,2610.3330078125,2611.865966796875,743,10,0.8333333333333334,2587.799072265625,0.9867197875166003,0.9230769230769231,0.6153846153846154,0.782051282051282,0.08974358974358974,1.0,0.03282172373081464,0.0
video_c60,39,0,2706.698974609375,2706.56591796875,2P,0.0,no_fire_before_landing_interval,2706.698974609375,2708.06591796875,208,2,0.8,2706.698974609375,0.9904761904761905,0.5384615384615384,0.23076923076923078,0.38461538461538464,0.0,1.0,0.0,0.0
video_c60,39,1,2723.299072265625,2723.06591796875,1P,0.0,no_fire_before_landing_interval,2724.865966796875,2725.56591796875,22,7,0.8333333333333334,2722.698974609375,0.7586206896551725,0.9230769230769231,0.38461538461538464,0.48717948717948717,0.0,1.0,0.3750381446444919,0.0
video_c60,42,1,2877.865966796875,2877.732421875,1P,0.0,no_fire_before_landing_interval,2879.59912109375,2887.633056640625,141,19,0.8571428571428571,2875.93310546875,0.8812499999999999,0.8461538461538461,0.6153846153846154,0.5,0.0,1.0,0.6590360442853576,0.0
video_c60,43,1,2924.698974609375,2924.365966796875,2P,0.0,no_fire_before_landing_interval,2928.032958984375,2928.3330078125,320,7,0.8333333333333334,2923.299072265625,0.9785932721712538,0.8461538461538461,0.6923076923076923,0.782051282051282,0.0641025641025641,0.0,0.5833163784333673,0.0
video_c60,50,3,3283.799072265625,3283.665771484375,1P,0.0,no_fire_before_landing_interval,3286.39892578125,3287.931884765625,79,33,0.8888888888888888,3282.799072265625,0.7053571428571429,0.8461538461538461,0.46153846153846156,0.7051282051282052,0.02564102564102564,1.0,0.5,0.0
video_c60,51,0,3332.59912109375,3332.4658203125,1P,0.0,no_fire_before_landing_interval,3336.531982421875,3340.59912109375,420,38,0.9,3332.56591796875,0.9170305676855895,0.6153846153846154,0.38461538461538464,0.5256410256410257,0.0,1.0,0.03213610586011342,0.0
video_c60,51,7,3389.799072265625,3389.59912109375,1P,0.0,no_fire_before_landing_interval,3391.966064453125,3392.23193359375,1033,735,0.95,3373.73193359375,0.5842760180995475,0.9230769230769231,0.7692307692307693,0.8717948717948718,0.05128205128205128,1.0,0.9414078704564636,0.0
video_c60,52,0,3421.865966796875,3421.665771484375,1P,0.0,no_fire_before_landing_interval,3423.59912109375,3423.76611328125,257,34,0.8571428571428571,3417.9990234375,0.8831615120274914,0.8461538461538461,0.5384615384615384,0.5128205128205128,0.0,1.0,0.7945322297466767,0.0
video_c60,52,1,3434.4990234375,3434.36572265625,2P,0.0,no_fire_before_landing_interval,3435.966064453125,3436.33203125,573,4,0.8,3434.299072265625,0.9930675909878682,0.9230769230769231,0.38461538461538464,0.7051282051282052,0.0,1.0,0.16663275686673448,0.0
video_c61,4,1,477.9330139160156,477.66650390625,1P,0.0,no_fire_before_landing_interval,478.36700439453125,479.5669860839844,457,10,0.8333333333333334,477.1000061035156,0.9785867237687366,0.7692307692307693,0.6153846153846154,0.5641025641025641,0.0,1.0,0.45444858817261585,0.0
video_c61,9,0,765.5330200195312,765.3997802734375,2P,0.0,no_fire_before_landing_interval,766.8660278320312,767.5999755859375,448,20,0.8571428571428571,762.5330200195312,0.9572649572649573,0.9230769230769231,0.38461538461538464,0.7435897435897436,0.0,1.0,0.75,0.0
video_c61,13,0,1013.2000122070312,1012.9996948242188,1P,1.0,fire_before_landing_interval,1022.5330200195312,1022.7000122070312,43,7,0.8571428571428571,1012.0,0.86,0.7692307692307693,0.7692307692307693,0.5384615384615384,0.0,1.0,0.5454570675544458,0.0
video_c61,13,2,1026.699951171875,1026.4329833984375,2P,0.0,no_fire_before_landing_interval,1027.9000244140625,1028.300048828125,44,4,0.8,1026.0660400390625,0.9166666666666666,0.7692307692307693,0.38461538461538464,0.6282051282051282,0.038461538461538464,1.0,0.38797161001120656,0.0
video_c61,13,4,1033.8330078125,1033.69970703125,2P,0.0,no_fire_before_landing_interval,1041.365966796875,1043.532958984375,43,6,0.8571428571428571,1033.0999755859375,0.8775510204081631,0.7692307692307693,0.5384615384615384,0.5769230769230769,0.05128205128205128,1.0,0.42297668521518633,0.0
video_c61,16,0,1182.7330322265625,1182.6329345703125,1P,0.0,no_fire_before_landing_interval,1182.9659423828125,1184.633056640625,1,1,0.8,1182.300048828125,0.5,0.9230769230769231,0.15384615384615385,0.5,0.21794871794871795,1.0,0.3021552091319533,0.0
video_c61,19,0,1400.8330078125,1400.599609375,1P,1.0,fire_before_landing_interval,1432.3330078125,1432.5999755859375,169,29,0.8333333333333334,1400.532958984375,0.8535353535353535,0.9230769230769231,0.7692307692307693,0.717948717948718,0.0,1.0,0.2307981220657277,0.0
video_c61,21,2,1523.3330078125,1523.199462890625,1P,0.0,no_fire_before_landing_interval,1528.865966796875,1529.5,51,2,0.8,1521.8330078125,0.9622641509433962,0.9230769230769231,0.6923076923076923,0.8076923076923077,0.14102564102564102,1.0,0.6,0.0
video_c61,24,2,1774.365966796875,1773.1328125,1P,0.0,no_fire_before_landing_interval,1779.7659912109375,1779.9990234375,191,36,0.8571428571428571,1772.3990478515625,0.8414096916299559,0.9230769230769231,0.6153846153846154,0.7307692307692307,0.1282051282051282,1.0,0.6629500102859494,0.0
video_c61,42,0,2755.23193359375,2755.09912109375,1P,1.0,fire_before_landing_interval,2765.39892578125,2765.865966796875,194,8,0.8,2753.33203125,0.9603960396039604,0.6923076923076923,0.46153846153846156,0.5641025641025641,0.0,1.0,0.655160801481731,0.0
video_c61,43,2,2855.698974609375,2855.4658203125,1P,0.0,no_fire_before_landing_interval,2855.83203125,2856.73193359375,16,11,0.8333333333333334,2855.56591796875,0.5925925925925926,0.9230769230769231,0.0,0.5641025641025641,0.01282051282051282,1.0,0.11743158801982331,0.0
video_c61,45,0,2961.431884765625,2961.198974609375,2P,0.0,no_fire_before_landing_interval,2973.698974609375,2975.132080078125,64,20,0.8333333333333334,2960.9990234375,0.7619047619047619,0.6923076923076923,0.3076923076923077,0.3333333333333333,0.0,1.0,0.30209575736922817,0.0
video_c61,46,0,3026.76611328125,3026.4658203125,2P,1.0,fire_before_landing_interval,3033.531982421875,3035.9990234375,73,20,0.8333333333333334,3025.531982421875,0.7849462365591398,0.7692307692307693,0.38461538461538464,0.5128205128205128,0.0,1.0,0.5523986449568353,0.0
video_c61,46,2,3036.23193359375,3036.09912109375,2P,0.0,no_fire_before_landing_interval,3041.698974609375,3041.83203125,61,42,0.9,3035.9990234375,0.5922330097087378,0.9230769230769231,0.07692307692307693,0.3717948717948718,0.01282051282051282,1.0,0.1889108910891089,0.0
video_c62,4,2,503.9330139160156,503.79998779296875,2P,0.0,no_fire_before_landing_interval,505.6000061035156,505.79998779296875,586,288,0.9444444444444444,501.8999938964844,0.6704805491990847,0.9230769230769231,0.7692307692307693,0.7564102564102564,0.05128205128205128,1.0,0.6702956150765701,0.0
video_c62,6,2,661.4669799804688,661.2000122070312,1P,1.0,fire_before_landing_interval,693.2000122070312,694.2999877929688,292,5,0.8333333333333334,659.9669799804688,0.9831649831649831,0.9230769230769231,0.38461538461538464,0.5897435897435898,0.0,1.0,0.6,0.0
video_c62,8,0,831.9669799804688,831.7000122070312,2P,1.0,fire_before_landing_interval,862.8670043945312,863.4329833984375,6,5,0.8333333333333334,828.5999755859375,0.5454545454545454,0.15384615384615385,0.15384615384615385,0.10256410256410256,0.0,1.0,0.7710100770101609,0.0
video_c62,9,0,904.7329711914062,904.5999755859375,1P,0.0,no_fire_before_landing_interval,913.2000122070312,913.7670288085938,166,16,0.8888888888888888,904.5330200195312,0.9120879120879121,0.8461538461538461,0.6153846153846154,0.6410256410256411,0.01282051282051282,0.0,0.16663275686673448,0.0
video_c62,17,5,1366.7330322265625,1366.5,1P,0.0,no_fire_before_landing_interval,1367.5999755859375,1368.532958984375,237,21,0.8,1365.967041015625,0.9186046511627907,0.9230769230769231,0.23076923076923078,0.44871794871794873,0.0,1.0,0.4337457662265846,0.0
video_c62,27,2,1914.5,1914.4000244140625,1P,1.0,fire_before_landing_interval,1924.633056640625,1925.5999755859375,909,25,0.8888888888888888,1912.467041015625,0.9732334047109208,0.7692307692307693,0.6923076923076923,0.6410256410256411,0.0,1.0,0.6702889801175239,0.0
video_c62,28,0,1950.4329833984375,1950.066650390625,1P,0.0,no_fire_before_landing_interval,1962.866943359375,1964.2669677734375,98,17,0.8333333333333334,1950.1669921875,0.8521739130434782,0.5384615384615384,0.38461538461538464,0.4358974358974359,0.0,1.0,0.21010510076173947,0.0
video_c62,33,0,2204.133056640625,2203.966552734375,1P,0.0,no_fire_before_landing_interval,2204.26708984375,2208.06689453125,210,31,0.8888888888888888,2204.133056640625,0.8713692946058091,0.8461538461538461,0.6923076923076923,0.6923076923076923,0.0641025641025641,1.0,0.0,0.0
video_c62,34,0,2250.56689453125,2250.466552734375,1P,1.0,fire_before_landing_interval,2271.032958984375,2272.23291015625,497,82,0.9166666666666666,2250.43310546875,0.8583765112262521,0.8461538461538461,0.46153846153846156,0.6410256410256411,0.0,1.0,0.11800172265288544,0.0
video_c62,34,1,2259.699951171875,2259.566650390625,2P,0.0,no_fire_before_landing_interval,2262.366943359375,2264.199951171875,237,5,0.8571428571428571,2259.0,0.9793388429752066,0.9230769230769231,0.8461538461538461,0.8589743589743589,0.0,1.0,0.41174780985207526,0.0
video_c62,38,0,2416.89990234375,2416.800048828125,2P,1.0,fire_before_landing_interval,2418.866943359375,2419.93310546875,166,13,0.8571428571428571,2415.60009765625,0.9273743016759777,0.6153846153846154,0.6153846153846154,0.48717948717948717,0.0,1.0,0.5651804670912951,0.0
video_c62,38,1,2419.032958984375,2418.86669921875,1P,0.0,no_fire_before_landing_interval,2430.5,2430.532958984375,88,10,0.8571428571428571,2419.032958984375,0.8979591836734694,0.46153846153846156,0.46153846153846156,0.358974358974359,0.0,1.0,0.0,0.0
video_c62,42,2,2648.3330078125,2648.199951171875,1P,0.0,no_fire_before_landing_interval,2660.366943359375,2661.26708984375,8,3,0.8,2648.032958984375,0.7272727272727273,0.38461538461538464,0.38461538461538464,0.1794871794871795,0.0,1.0,0.2307981220657277,0.0
video_c62,46,0,2929.8330078125,2929.566650390625,2P,1.0,fire_before_landing_interval,2965.89990234375,2966.10009765625,106,22,0.8333333333333334,2928.43310546875,0.828125,0.7692307692307693,0.6153846153846154,0.5897435897435898,0.0,1.0,0.5833163784333673,0.0
video_c62,47,3,3006.0,3005.7666015625,2P,1.0,fire_before_landing_interval,3019.76708984375,3021.532958984375,242,26,0.8333333333333334,3004.76708984375,0.9029850746268657,0.9230769230769231,0.3076923076923077,0.44871794871794873,0.0,1.0,0.552153947080691,0.0
video_c62,47,6,3029.56689453125,3029.39990234375,2P,0.0,no_fire_before_landing_interval,3030.133056640625,3030.1669921875,280,25,0.8571428571428571,3026.73291015625,0.9180327868852459,0.9230769230769231,0.5384615384615384,0.7692307692307693,0.19230769230769232,1.0,0.739174732552216,0.0
video_c62,48,1,3086.3330078125,3086.10009765625,1P,0.0,no_fire_before_landing_interval,3090.06689453125,3090.10009765625,272,32,0.9,3086.199951171875,0.8947368421052632,0.9230769230769231,0.6923076923076923,0.7435897435897436,0.11538461538461539,1.0,0.11743158801982331,0.0
video_c62,52,0,3280.866943359375,3280.566650390625,1P,1.0,fire_before_landing_interval,3288.93310546875,3289.967041015625,62,15,0.8333333333333334,3279.1669921875,0.8051948051948052,0.6923076923076923,0.46153846153846156,0.46153846153846156,0.0,1.0,0.6296229315489646,0.0
video_c62,53,0,3331.1669921875,3330.89990234375,1P,0.0,no_fire_before_landing_interval,3331.56689453125,3332.1669921875,304,16,0.8333333333333334,3331.032958984375,0.95,0.6153846153846154,0.46153846153846156,0.5,0.0,1.0,0.11819160387513455,0.0
video_c62,54,0,3372.800048828125,3372.666748046875,1P,1.0,fire_before_landing_interval,3374.26708984375,3375.76708984375,244,32,0.8888888888888888,3370.73291015625,0.8840579710144928,0.9230769230769231,0.6153846153846154,0.6923076923076923,0.07692307692307693,1.0,0.6739632253442649,0.0
video_c63,0,0,139.36700439453125,139.26663208007812,2P,1.0,fire_before_landing_interval,147.23300170898438,147.5,388,9,0.8,138.4669952392578,0.9773299748110831,0.9230769230769231,0.5384615384615384,0.7307692307692307,0.0,1.0,0.47368674660092036,0.0
video_c63,1,1,184.89999389648438,184.76661682128906,1P,0.0,no_fire_before_landing_interval,191.73300170898438,193.3000030517578,174,136,0.9285714285714286,177.63299560546875,0.5612903225806452,0.46153846153846156,0.23076923076923078,0.34615384615384615,0.0,1.0,0.8790371105934816,0.0
video_c63,8,0,567.8330078125,567.5665283203125,2P,0.0,no_fire_before_landing_interval,573.7659912109375,574.6329956054688,84,2,0.8,567.3330078125,0.9767441860465116,0.6923076923076923,0.6923076923076923,0.6153846153846154,0.0,1.0,0.3333333333333333,0.0
video_c63,11,10,818.0999755859375,817.999755859375,1P,0.0,no_fire_before_landing_interval,818.1329956054688,818.5999755859375,414,5,0.8571428571428571,817.0659790039062,0.9880668257756563,1.0,0.5384615384615384,0.6538461538461539,0.02564102564102564,1.0,0.508357089272318,0.0
video_c63,16,1,1096.133056640625,1095.9996337890625,1P,1.0,fire_before_landing_interval,1098.199951171875,1098.666015625,84,17,0.8571428571428571,1094.800048828125,0.8316831683168316,0.6153846153846154,0.38461538461538464,0.5256410256410257,0.0,1.0,0.5713687735454165,0.0
video_c63,18,0,1216.7330322265625,1216.599609375,1P,0.0,no_fire_before_landing_interval,1217.0660400390625,1217.8330078125,93,2,0.8,1216.0,0.9789473684210527,0.7692307692307693,0.5384615384615384,0.5897435897435898,0.0,0.0,0.42297668521518633,0.0
video_c63,18,1,1226.365966796875,1226.2330322265625,2P,0.0,no_fire_before_landing_interval,1231.7659912109375,1232.365966796875,83,42,0.8888888888888888,1223.3330078125,0.664,0.7692307692307693,0.46153846153846156,0.5769230769230769,0.0,1.0,0.7520431018826805,0.0
video_c63,19,2,1299.133056640625,1298.9996337890625,1P,0.0,no_fire_before_landing_interval,1299.5,1299.800048828125,7,1,0.8,1298.666015625,0.875,0.5384615384615384,0.3076923076923077,0.20512820512820512,0.0,1.0,0.3183557996338825,0.0
video_c63,20,2,1341.9000244140625,1341.3328857421875,2P,0.0,no_fire_before_landing_interval,1342.9000244140625,1343.9329833984375,176,170,0.9166666666666666,1340.199951171875,0.508670520231214,0.8461538461538461,0.6923076923076923,0.7692307692307693,0.0,1.0,0.6296396762963967,0.0
video_c63,22,1,1476.532958984375,1476.3995361328125,1P,0.0,no_fire_before_landing_interval,1488.9000244140625,1494.666015625,39,22,0.8888888888888888,1475.9659423828125,0.639344262295082,0.7692307692307693,0.38461538461538464,0.6410256410256411,0.0,1.0,0.36184466775726415,0.0
video_c63,24,2,1622.4000244140625,1622.1328125,1P,0.0,no_fire_before_landing_interval,1622.4000244140625,1623.032958984375,13,2,0.8,1622.4000244140625,0.8666666666666667,0.5384615384615384,0.15384615384615385,0.34615384615384615,0.0,1.0,0.0,0.0
video_c63,33,1,2260.76611328125,2260.466064453125,1P,0.0,no_fire_before_landing_interval,2267.799072265625,2268.26611328125,24,15,0.8333333333333334,2260.032958984375,0.6153846153846154,1.0,0.6923076923076923,0.8076923076923077,0.4230769230769231,1.0,0.42301732638399775,0.0
video_c63,38,0,2562.59912109375,2562.4326171875,1P,0.0,no_fire_before_landing_interval,2562.666015625,2563.032958984375,7,2,0.8,2562.39892578125,0.7777777777777778,0.6153846153846154,0.0,0.3974358974358974,0.0,1.0,0.16680227827502034,0.0
video_c63,38,2,2567.73291015625,2567.4326171875,1P,0.0,no_fire_before_landing_interval,2567.799072265625,2568.532958984375,219,7,0.8333333333333334,2566.59912109375,0.9690265486725663,0.5384615384615384,0.3076923076923077,0.4358974358974359,0.0,1.0,0.531350114416476,0.0
video_c63,38,3,2574.466064453125,2574.132568359375,1P,0.0,no_fire_before_landing_interval,2575.23291015625,2575.3330078125,38,2,0.8,2573.43310546875,0.95,0.7692307692307693,0.0,0.5897435897435898,0.10256410256410256,1.0,0.5081061606821184,0.0
video_c63,42,2,2787.9990234375,2787.83251953125,1P,1.0,fire_before_landing_interval,2793.93310546875,2794.198974609375,112,20,0.8571428571428571,2785.39892578125,0.8484848484848485,0.8461538461538461,0.38461538461538464,0.44871794871794873,0.0,0.75,0.7222297572222975,0.0
video_c63,46,0,3050.632080078125,3049.065673828125,1P,1.0,fire_before_landing_interval,3059.198974609375,3059.865966796875,8,3,0.6666666666666666,3049.365966796875,0.7272727272727273,0.7692307692307693,0.0,0.5256410256410257,0.0,1.0,0.5587157940099117,0.0
video_c64,9,4,563.8629760742188,563.4295043945312,2P,0.0,no_fire_before_landing_interval,564.0969848632812,566.0989990234375,350,19,0.8333333333333334,563.0960083007812,0.948509485094851,0.7692307692307693,0.3076923076923077,0.46153846153846156,0.0,1.0,0.4340587219343696,0.0
video_c64,13,1,775.4409790039062,775.3078002929688,1P,0.0,no_fire_before_landing_interval,775.4749755859375,776.208984375,196,14,0.8571428571428571,775.3410034179688,0.9333333333333333,1.0,0.46153846153846156,0.5,0.0,1.0,0.09088891355010542,0.0
video_c64,13,3,799.2979736328125,799.0648803710938,1P,0.0,no_fire_before_landing_interval,805.3380126953125,805.4710083007812,337,45,0.9,797.22998046875,0.8821989528795812,0.9230769230769231,0.6923076923076923,0.7307692307692307,0.0641025641025641,1.0,0.6740540325468507,0.0
video_c64,18,8,1136.0350341796875,1135.7679443359375,1P,0.0,no_fire_before_landing_interval,1136.5689697265625,1136.8360595703125,30,9,0.8333333333333334,1134.5670166015625,0.7692307692307692,0.9230769230769231,0.3076923076923077,0.6153846153846154,0.16666666666666666,1.0,0.5948165001483826,0.0
video_c64,18,9,1144.677001953125,1144.409912109375,1P,0.0,no_fire_before_landing_interval,1149.3819580078125,1149.7490234375,108,15,0.8333333333333334,1143.8759765625,0.878048780487805,0.9230769230769231,0.3076923076923077,0.48717948717948717,0.10256410256410256,1.0,0.44476074284939676,0.0
video_c64,18,10,1151.8509521484375,1151.75048828125,2P,0.0,no_fire_before_landing_interval,1152.1180419921875,1152.1839599609375,17,1,0.8,1151.7840576171875,0.9444444444444444,0.7692307692307693,0.6923076923076923,0.7051282051282052,0.2564102564102564,1.0,0.06270022883295194,0.0
video_c64,21,1,1290.9560546875,1290.82275390625,1P,0.0,no_fire_before_landing_interval,1291.52294921875,1293.125,1027,72,0.9,1290.155029296875,0.9344858962693358,0.9230769230769231,0.6153846153846154,0.7564102564102564,0.0,0.25,0.44476074284939676,0.0
video_c64,29,0,1743.675048828125,1743.541748046875,1P,1.0,fire_before_landing_interval,1755.02001953125,1755.487060546875,27,2,0.8,1743.6419677734375,0.9310344827586207,0.7692307692307693,0.7692307692307693,0.5,0.0,1.0,0.032021741699161055,0.0
video_c64,39,0,2258.555908203125,2258.422607421875,1P,0.0,no_fire_before_landing_interval,2263.093994140625,2264.56201171875,553,395,0.9444444444444444,2258.388916015625,0.5833333333333334,0.9230769230769231,0.6153846153846154,0.6794871794871795,0.0,1.0,0.14309623430962343,0.0
video_c64,44,2,2513.14404296875,2512.876953125,2P,1.0,fire_before_landing_interval,2518.85009765625,2519.98388671875,212,19,0.875,2512.81005859375,0.9177489177489178,0.6923076923076923,0.6153846153846154,0.5384615384615384,0.0,1.0,0.25036603221083453,0.0
video_c64,48,0,2727.625,2727.291015625,2P,0.0,no_fire_before_landing_interval,2728.458984375,2728.491943359375,16,3,0.8,2725.589111328125,0.8421052631578947,0.6923076923076923,0.5384615384615384,0.5,0.0,1.0,0.6706071572175312,0.0
video_c64,49,2,2816.14697265625,2816.012939453125,2P,1.0,fire_before_landing_interval,2827.9580078125,2829.05908203125,24,24,0.8888888888888888,2816.080078125,0.5,0.6153846153846154,0.6153846153846154,0.34615384615384615,0.0,1.0,0.06270022883295194,0.0
video_c64,54,0,3046.843994140625,3046.57666015625,2P,1.0,fire_before_landing_interval,3051.4150390625,3052.115966796875,20,6,0.8,3045.5419921875,0.7692307692307692,0.6153846153846154,0.0,0.3076923076923077,0.0,0.0,0.5655955032347014,0.0
video_c64,54,1,3051.548095703125,3051.414794921875,1P,0.0,no_fire_before_landing_interval,3056.9541015625,3058.422119140625,20,8,0.8571428571428571,3051.514892578125,0.7142857142857143,0.6153846153846154,0.6153846153846154,0.3076923076923077,0.0,1.0,0.03213610586011342,0.0
video_c65,2,0,193.4669952392578,193.10000610351562,1P,1.0,fire_before_landing_interval,203.4669952392578,210.39999389648438,56,21,0.875,191.3000030517578,0.7272727272727273,0.8461538461538461,0.6923076923076923,0.6923076923076923,0.0,1.0,0.6842429848905335,0.0
video_c65,2,1,197.60000610351562,197.39999389648438,2P,1.0,fire_before_landing_interval,223.39999389648438,224.43299865722656,68,1,0.8,197.36700439453125,0.9855072463768116,0.6923076923076923,0.23076923076923078,0.358974358974359,0.0,1.0,0.18897111600623717,0.0
video_c65,3,0,252.73300170898438,252.60000610351562,1P,0.0,no_fire_before_landing_interval,252.9669952392578,253.5,241,17,0.8571428571428571,251.39999389648438,0.9341085271317829,0.6923076923076923,0.5384615384615384,0.4358974358974359,0.0,1.0,0.5713687735454165,0.0
video_c65,4,5,414.5329895019531,414.3999938964844,2P,0.0,no_fire_before_landing_interval,415.2330017089844,418.1000061035156,224,6,0.8571428571428571,412.86700439453125,0.9739130434782609,0.8461538461538461,0.38461538461538464,0.6923076923076923,0.15384615384615385,1.0,0.6249041312286084,0.0
video_c65,4,6,425.6000061035156,425.1666564941406,1P,0.0,no_fire_before_landing_interval,428.5,428.7669982910156,241,1,0.8,425.1669921875,0.9958677685950413,0.9230769230769231,0.6923076923076923,0.782051282051282,0.10256410256410256,1.0,0.3021700704900228,0.0
video_c65,10,0,731.8330078125,731.2999877929688,1P,0.0,no_fire_before_landing_interval,732.9669799804688,734.0999755859375,32,18,0.875,731.7000122070312,0.64,0.7692307692307693,0.46153846153846156,0.5384615384615384,0.23076923076923078,1.0,0.11738404352744707,0.0
video_c65,12,2,861.4669799804688,861.0999755859375,1P,1.0,fire_before_landing_interval,880.9669799804688,882.6669921875,94,14,0.875,857.8330078125,0.8703703703703703,0.8461538461538461,0.5384615384615384,0.6794871794871795,0.14102564102564102,1.0,0.7842024156052843,0.0
video_c65,13,0,967.6669921875,967.4000244140625,2P,0.0,no_fire_before_landing_interval,967.9669799804688,968.4329833984375,296,6,0.8333333333333334,967.5330200195312,0.9801324503311258,0.7692307692307693,0.38461538461538464,0.6153846153846154,0.0,1.0,0.11814414123472738,0.0
video_c65,13,2,985.8330078125,985.7000122070312,1P,0.0,no_fire_before_landing_interval,986.0,986.7000122070312,316,168,0.9285714285714286,981.7000122070312,0.6528925619834711,0.8461538461538461,0.6923076923076923,0.7051282051282052,0.0,1.0,0.8051819878952188,0.0
video_c65,14,0,1017.5,1017.3666381835938,1P,0.0,no_fire_before_landing_interval,1022.9329833984375,1028.3330078125,56,10,0.8571428571428571,1017.2670288085938,0.8484848484848485,0.8461538461538461,0.6153846153846154,0.47435897435897434,0.0,1.0,0.1889510420276224,0.0
video_c65,15,6,1120.0670166015625,1120.0,2P,1.0,fire_before_landing_interval,1132.4000244140625,1132.532958984375,996,13,0.8571428571428571,1111.633056640625,0.9871159563924677,1.0,0.6153846153846154,0.7948717948717948,0.0,0.0,0.8939999741210874,0.0
video_c65,18,1,1278.2330322265625,1278.0999755859375,1P,0.0,no_fire_before_landing_interval,1281.9329833984375,1282.0670166015625,246,26,0.8888888888888888,1276.5670166015625,0.9044117647058824,0.8461538461538461,0.46153846153846156,0.6153846153846154,0.0,1.0,0.6249084249084249,0.0
video_c65,21,1,1453.032958984375,1452.9000244140625,2P,1.0,fire_before_landing_interval,1453.967041015625,1455.5670166015625,284,7,0.8571428571428571,1449.199951171875,0.9759450171821306,0.9230769230769231,0.6153846153846154,0.6025641025641025,0.0,1.0,0.793089513032936,0.0
video_c65,24,3,1625.199951171875,1625.066650390625,2P,0.0,no_fire_before_landing_interval,1626.9329833984375,1628.5,269,10,0.8571428571428571,1624.9000244140625,0.96415770609319,0.7692307692307693,0.6923076923076923,0.7435897435897436,0.16666666666666666,0.0,0.23072588975490657,0.0
video_c65,26,2,1765.866943359375,1765.199951171875,1P,0.0,no_fire_before_landing_interval,1766.5670166015625,1767.133056640625,438,6,0.75,1765.7330322265625,0.9864864864864865,0.9230769230769231,0.5384615384615384,0.7051282051282052,0.038461538461538464,1.0,0.11809667348476693,0.0
video_c65,28,0,1890.699951171875,1890.566650390625,1P,0.0,no_fire_before_landing_interval,1891.699951171875,1892.133056640625,172,1,0.8,1889.133056640625,0.9942196531791907,1.0,0.6153846153846154,0.6794871794871795,0.0,1.0,0.6104241963096824,0.0
video_c65,36,0,2383.6669921875,2383.39990234375,2P,0.0,no_fire_before_landing_interval,2388.73291015625,2389.633056640625,33,7,0.8333333333333334,2381.866943359375,0.825,0.6923076923076923,0.3076923076923077,0.5128205128205128,0.0,1.0,0.6428633708257041,0.0
video_c65,43,2,2907.23291015625,2906.86669921875,2P,1.0,fire_before_landing_interval,2914.56689453125,2915.366943359375,116,1,0.8,2905.866943359375,0.9914529914529915,0.5384615384615384,0.5384615384615384,0.3974358974358974,0.0,1.0,0.5773397998142606,0.0
video_c65,48,2,3246.8330078125,3246.2666015625,1P,0.0,no_fire_before_landing_interval,3248.532958984375,3250.73291015625,836,5,0.8333333333333334,3244.89990234375,0.9940546967895363,0.9230769230769231,0.5384615384615384,0.6923076923076923,0.0,1.0,0.6590644248376893,0.0
video_c65,49,0,3276.467041015625,3276.300048828125,1P,1.0,fire_before_landing_interval,3297.89990234375,3299.06689453125,438,21,0.8571428571428571,3276.300048828125,0.954248366013072,0.8461538461538461,0.6153846153846154,0.6923076923076923,0.0,1.0,0.14309623430962343,0.0
video_c65,49,1,3288.10009765625,3287.699951171875,2P,0.0,no_fire_before_landing_interval,3300.633056640625,3301.23291015625,444,318,0.9411764705882353,3286.199951171875,0.5826771653543307,1.0,0.6153846153846154,0.7307692307692307,0.0,1.0,0.6551898307938379,0.0
video_c65,50,2,3338.60009765625,3338.199951171875,2P,0.0,no_fire_before_landing_interval,3348.532958984375,3349.3330078125,204,59,0.9,3338.3330078125,0.7756653992395438,0.7692307692307693,0.46153846153846156,0.5128205128205128,0.0,1.0,0.21078998073217725,0.0
video_c65,51,2,3377.06689453125,3376.86669921875,1P,0.0,no_fire_before_landing_interval,3377.1669921875,3377.93310546875,10,7,0.8571428571428571,3376.93310546875,0.588235294117647,0.5384615384615384,0.3076923076923077,0.21794871794871795,0.0,1.0,0.11800172265288544,0.0
video_c65,52,0,3453.800048828125,3453.5,1P,1.0,fire_before_landing_interval,3479.76708984375,3481.6669921875,21,16,0.8333333333333334,3452.366943359375,0.5675675675675675,0.8461538461538461,0.6923076923076923,0.5897435897435898,0.0,1.0,0.5890026088701585,0.0
video_c66,0,6,252.9669952392578,252.86659240722656,2P,0.0,no_fire_before_landing_interval,253.60000610351562,253.86700439453125,9553,13,0.8,252.5330047607422,0.9986410202801589,1.0,0.6923076923076923,0.782051282051282,0.05128205128205128,1.0,0.30264529996382133,0.0
video_c66,1,1,294.13299560546875,293.9999084472656,1P,0.0,no_fire_before_landing_interval,294.4330139160156,295.0669860839844,1130,1,0.8,293.29998779296875,0.9991158267020336,0.9230769230769231,0.6153846153846154,0.7948717948717948,0.0,1.0,0.45444858817261585,0.0
video_c66,11,2,877.2329711914062,876.999755859375,2P,0.0,no_fire_before_landing_interval,877.5,878.7329711914062,123,22,0.875,876.5330200195312,0.8482758620689655,0.8461538461538461,0.6153846153846154,0.5128205128205128,0.02564102564102564,1.0,0.41174780985207526,0.0
video_c66,18,2,1209.633056640625,1209.532958984375,2P,0.0,no_fire_before_landing_interval,1209.800048828125,1210.800048828125,455,29,0.8571428571428571,1208.666015625,0.9400826446280992,0.6923076923076923,0.38461538461538464,0.5769230769230769,0.01282051282051282,1.0,0.4916221918828348,0.0
video_c66,19,6,1280.0,1279.73291015625,2P,1.0,fire_before_landing_interval,1304.365966796875,1305.7330322265625,444,19,0.875,1279.9659423828125,0.958963282937365,0.9230769230769231,0.46153846153846156,0.6282051282051282,0.02564102564102564,1.0,0.032935898949356626,0.0
video_c66,20,3,1351.532958984375,1351.3995361328125,2P,1.0,fire_before_landing_interval,1355.0660400390625,1363.9000244140625,327,111,0.9166666666666666,1350.032958984375,0.7465753424657534,0.5384615384615384,0.3076923076923077,0.41025641025641024,0.0,1.0,0.6,0.0
video_c66,20,4,1353.4659423828125,1353.3328857421875,1P,0.0,no_fire_before_landing_interval,1366.2659912109375,1367.2659912109375,66,4,0.8,1353.166015625,0.9428571428571428,0.6153846153846154,0.6153846153846154,0.41025641025641024,0.05128205128205128,1.0,0.23072588975490657,0.0
video_c66,22,0,1459.133056640625,1458.99951171875,2P,0.0,no_fire_before_landing_interval,1465.3330078125,1465.9000244140625,42,10,0.8571428571428571,1457.699951171875,0.8076923076923077,0.6153846153846154,0.6153846153846154,0.5128205128205128,0.0,1.0,0.5890026088701585,0.0
video_c66,27,3,1832.2659912109375,1831.832763671875,1P,0.0,no_fire_before_landing_interval,1839.7989501953125,1840.9659423828125,886,56,0.9,1818.4990234375,0.9405520169851381,0.7692307692307693,0.6923076923076923,0.6794871794871795,0.0,1.0,0.932281290557241,0.0
video_c66,28,5,1884.2659912109375,1884.0660400390625,2P,0.0,no_fire_before_landing_interval,1884.4329833984375,1885.032958984375,15,12,0.8571428571428571,1882.3330078125,0.5555555555555556,0.9230769230769231,0.7692307692307693,0.8589743589743589,0.3076923076923077,0.0,0.6590502351521206,0.0
video_c66,37,0,2335.865966796875,2335.666015625,2P,0.0,no_fire_before_landing_interval,2336.466064453125,2339.56591796875,42,30,0.8571428571428571,2334.26611328125,0.5833333333333334,0.9230769230769231,0.5384615384615384,0.5897435897435898,0.0,1.0,0.6153629448774532,0.0
video_c66,37,1,2340.166015625,2340.03271484375,2P,0.0,no_fire_before_landing_interval,2340.23291015625,2341.3330078125,82,10,0.8571428571428571,2339.865966796875,0.8913043478260869,0.7692307692307693,0.46153846153846156,0.48717948717948717,0.07692307692307693,1.0,0.2307981220657277,0.0
video_c66,39,1,2473.76611328125,2472.83251953125,2P,0.0,no_fire_before_landing_interval,2474.09912109375,2474.133056640625,156,5,0.8333333333333334,2471.73291015625,0.9689440993788819,0.8461538461538461,0.46153846153846156,0.6538461538461539,0.0,1.0,0.6703155183515775,0.0
video_c66,40,0,2521.032958984375,2520.83251953125,2P,0.0,no_fire_before_landing_interval,2521.466064453125,2522.39892578125,144,5,0.8,2519.89892578125,0.9664429530201343,0.6923076923076923,0.38461538461538464,0.46153846153846156,0.0,1.0,0.5314037295503947,0.0
video_c66,44,0,2770.89892578125,2770.665771484375,1P,0.0,no_fire_before_landing_interval,2771.132080078125,2772.431884765625,834,596,0.95,2769.26611328125,0.5832167832167832,0.9230769230769231,0.6153846153846154,0.8461538461538461,0.0,0.0,0.6201780415430267,0.0
video_c66,48,2,2989.76611328125,2989.698974609375,1P,0.0,no_fire_before_landing_interval,2991.365966796875,2992.166015625,283,1,0.8,2988.76611328125,0.9964788732394366,1.0,0.38461538461538464,0.5769230769230769,0.05128205128205128,1.0,0.5,0.0
video_c67,0,0,222.63299560546875,222.5,1P,1.0,fire_before_landing_interval,231.6999969482422,233.9669952392578,4387,250,0.8571428571428571,220.66700744628906,0.9460858313564805,0.8461538461538461,0.6923076923076923,0.717948717948718,0.0,1.0,0.6628442372890075,0.0
video_c67,3,0,415.0669860839844,414.8999938964844,1P,0.0,no_fire_before_landing_interval,415.3330078125,416.5669860839844,256,6,0.8,414.2669982910156,0.9770992366412213,0.6923076923076923,0.5384615384615384,0.48717948717948717,0.0,0.0,0.44444067681665594,0.0
video_c67,7,2,617.4000244140625,617.2666625976562,2P,0.0,no_fire_before_landing_interval,617.4669799804688,618.5,140,5,0.8571428571428571,617.0999755859375,0.9655172413793104,0.7692307692307693,0.15384615384615385,0.41025641025641024,0.02564102564102564,1.0,0.2307981220657277,0.0
video_c67,10,2,873.7329711914062,873.4666748046875,2P,0.0,no_fire_before_landing_interval,882.9669799804688,883.2670288085938,118,22,0.875,872.8670043945312,0.8428571428571429,0.9230769230769231,0.6153846153846154,0.7051282051282052,0.15384615384615385,1.0,0.4640847834619914,0.0
video_c67,12,3,986.2670288085938,986.0,2P,0.0,no_fire_before_landing_interval,986.7670288085938,987.0330200195312,14,1,0.8,986.1329956054688,0.9333333333333333,0.6153846153846154,0.6153846153846154,0.20512820512820512,0.02564102564102564,1.0,0.11819160387513455,0.0
video_c67,12,4,995.5670166015625,995.2999877929688,2P,0.0,no_fire_before_landing_interval,995.7999877929688,995.8330078125,85,14,0.875,993.6329956054688,0.8585858585858586,0.9230769230769231,0.6153846153846154,0.44871794871794873,0.038461538461538464,1.0,0.6591708098437727,0.0
video_c67,14,1,1139.0999755859375,1138.9000244140625,1P,1.0,fire_before_landing_interval,1166.9329833984375,1167.5,183,14,0.875,1137.9329833984375,0.9289340101522843,0.6153846153846154,0.38461538461538464,0.4230769230769231,0.0,0.0,0.5385308697611537,0.0
video_c67,14,4,1160.199951171875,1160.066650390625,2P,0.0,no_fire_before_landing_interval,1162.7330322265625,1163.633056640625,31,17,0.8888888888888888,1159.3330078125,0.6458333333333334,0.6923076923076923,0.23076923076923078,0.20512820512820512,0.0,1.0,0.46436511050085,0.0
video_c67,21,0,1461.800048828125,1461.5999755859375,2P,0.0,no_fire_before_landing_interval,1461.866943359375,1466.699951171875,330,5,0.8571428571428571,1461.633056640625,0.9850746268656716,0.9230769230769231,0.38461538461538464,0.6410256410256411,0.0,1.0,0.14309623430962343,0.0
video_c67,26,5,1762.2330322265625,1761.9666748046875,1P,0.0,no_fire_before_landing_interval,1762.633056640625,1763.2330322265625,280,1,0.8,1762.199951171875,0.99644128113879,0.6923076923076923,0.46153846153846156,0.5,0.0,1.0,0.032021741699161055,0.0
video_c67,26,6,1769.5999755859375,1769.5,1P,0.0,no_fire_before_landing_interval,1770.300048828125,1770.4000244140625,5,5,0.8571428571428571,1769.467041015625,0.5,0.9230769230769231,0.7692307692307693,0.6410256410256411,0.11538461538461539,1.0,0.11733649391229393,0.0
video_c67,27,1,1835.0999755859375,1834.9666748046875,1P,1.0,fire_before_landing_interval,1849.2330322265625,1849.5,36,7,0.8571428571428571,1834.5999755859375,0.8372093023255814,0.46153846153846156,0.23076923076923078,0.24358974358974358,0.0,1.0,0.3333333333333333,0.0
video_c67,27,3,1859.2330322265625,1859.0999755859375,1P,1.0,fire_before_landing_interval,1863.4000244140625,1867.633056640625,69,8,0.8571428571428571,1858.0,0.8961038961038961,0.8461538461538461,0.07692307692307693,0.4358974358974359,0.02564102564102564,1.0,0.5521784289072322,0.0
video_c67,28,3,1905.0670166015625,1904.9000244140625,1P,0.0,no_fire_before_landing_interval,1906.0670166015625,1906.866943359375,447,14,0.8888888888888888,1903.2330322265625,0.9696312364425161,0.8461538461538461,0.46153846153846156,0.6153846153846154,0.038461538461538464,1.0,0.6471399035148173,0.0
video_c67,33,3,2205.6669921875,2205.39990234375,2P,0.0,no_fire_before_landing_interval,2206.0,2206.967041015625,42,1,0.8,2204.39990234375,0.9767441860465116,0.7692307692307693,0.46153846153846156,0.44871794871794873,0.0,1.0,0.5589058798190825,0.0
video_c67,36,3,2368.23291015625,2368.10009765625,1P,1.0,fire_before_landing_interval,2374.1669921875,2374.8330078125,418,97,0.9166666666666666,2367.43310546875,0.8116504854368932,0.6923076923076923,0.6923076923076923,0.5256410256410257,0.0,0.0,0.44438415626695604,0.0
video_c67,37,0,2419.39990234375,2419.10009765625,1P,0.0,no_fire_before_landing_interval,2440.39990234375,2441.199951171875,517,31,0.875,2417.89990234375,0.9434306569343066,0.9230769230769231,0.46153846153846156,0.717948717948718,0.0,1.0,0.6,0.0
video_c67,37,1,2443.39990234375,2442.86669921875,1P,0.0,no_fire_before_landing_interval,2443.73291015625,2444.032958984375,99,90,0.9166666666666666,2443.133056640625,0.5238095238095238,0.9230769230769231,0.46153846153846156,0.6794871794871795,0.0,1.0,0.2106378878396608,0.0
video_c67,42,0,2704.06689453125,2703.89990234375,2P,0.0,no_fire_before_landing_interval,2704.06689453125,2708.06689453125,52,25,0.8571428571428571,2704.06689453125,0.6753246753246753,0.6923076923076923,0.46153846153846156,0.5128205128205128,0.0,1.0,0.0,0.0
video_c67,45,2,2860.10009765625,2859.89990234375,1P,0.0,no_fire_before_landing_interval,2860.133056640625,2860.89990234375,950,5,0.8571428571428571,2858.39990234375,0.9947643979057592,0.9230769230769231,0.6923076923076923,0.8205128205128205,0.038461538461538464,1.0,0.6296564195298372,0.0
video_c67,46,0,2910.3330078125,2910.166748046875,2P,0.0,no_fire_before_landing_interval,2910.8330078125,2911.56689453125,197,2,0.8,2908.967041015625,0.9899497487437185,0.6923076923076923,0.6923076923076923,0.5128205128205128,0.0,1.0,0.5773397998142606,0.0
video_c67,48,0,3004.532958984375,3004.199951171875,2P,1.0,fire_before_landing_interval,3022.43310546875,3023.43310546875,153,13,0.8333333333333334,3004.39990234375,0.9216867469879518,0.8461538461538461,0.46153846153846156,0.6153846153846154,0.0,1.0,0.11743158801982331,0.0
video_c67,49,4,3066.532958984375,3066.300048828125,1P,0.0,no_fire_before_landing_interval,3067.60009765625,3068.8330078125,150,12,0.8,3064.10009765625,0.9259259259259259,0.8461538461538461,0.6153846153846154,0.5641025641025641,0.01282051282051282,1.0,0.7086978166559988,0.0
video_c67,50,3,3130.5,3130.2666015625,1P,0.0,no_fire_before_landing_interval,3130.60009765625,3131.5,328,3,0.8,3129.532958984375,0.9909365558912386,0.6923076923076923,0.5384615384615384,0.5128205128205128,0.01282051282051282,1.0,0.4916221918828348,0.0
video_c67,53,1,3280.866943359375,3280.300048828125,1P,0.0,no_fire_before_landing_interval,3284.467041015625,3285.26708984375,207,10,0.8333333333333334,3280.76708984375,0.9539170506912442,1.0,0.5384615384615384,0.5769230769230769,0.0,1.0,0.09078801331853496,0.0
video_c67,55,2,3387.366943359375,3387.10009765625,2P,0.0,no_fire_before_landing_interval,3387.76708984375,3388.43310546875,10,8,0.8333333333333334,3385.6669921875,0.5555555555555556,0.9230769230769231,0.7692307692307693,0.8974358974358975,0.23076923076923078,1.0,0.6296229315489646,0.0
video_c67,56,0,3425.73291015625,3425.466552734375,2P,0.0,no_fire_before_landing_interval,3426.73291015625,3427.633056640625,138,33,0.875,3424.60009765625,0.8070175438596491,1.0,0.46153846153846156,0.5128205128205128,0.0,1.0,0.5311355311355311,0.0
video_c68,0,0,144.39999389648438,144.1666717529297,1P,0.0,no_fire_before_landing_interval,146.1999969482422,146.66700744628906,257,78,0.8333333333333334,142.23300170898438,0.7671641791044777,0.6153846153846154,0.5384615384615384,0.5384615384615384,0.0,1.0,0.6842429848905335,0.0
video_c68,0,3,177.5,177.1999969482422,2P,0.0,no_fire_before_landing_interval,178.0,179.26699829101562,425,183,0.875,175.83299255371094,0.6990131578947368,0.8461538461538461,0.6153846153846154,0.5,0.0641025641025641,1.0,0.6250479160110993,0.0
video_c68,2,3,256.0329895019531,255.86666870117188,2P,1.0,fire_before_landing_interval,283.4670104980469,283.5329895019531,405,7,0.8571428571428571,255.63299560546875,0.9830097087378641,0.8461538461538461,0.46153846153846156,0.5897435897435898,0.0,1.0,0.28571117166212534,0.0
video_c68,4,0,386.5669860839844,386.3999938964844,2P,1.0,fire_before_landing_interval,389.9670104980469,390.63299560546875,340,18,0.8571428571428571,386.3999938964844,0.9497206703910615,0.9230769230769231,0.6923076923076923,0.5641025641025641,0.0,1.0,0.14309623430962343,0.0
video_c68,4,1,390.1000061035156,389.9666748046875,1P,1.0,fire_before_landing_interval,395.86700439453125,396.1000061035156,25,1,0.8,390.1000061035156,0.9615384615384616,0.5384615384615384,0.5384615384615384,0.4358974358974359,0.0,1.0,0.0,0.0
video_c68,7,0,543.9000244140625,543.7999877929688,2P,0.0,no_fire_before_landing_interval,546.4329833984375,548.3330078125,123,17,0.8571428571428571,542.6669921875,0.8785714285714287,0.6923076923076923,0.6153846153846154,0.48717948717948717,0.0,1.0,0.5521784289072322,0.0
video_c68,8,0,600.4669799804688,600.066650390625,1P,0.0,no_fire_before_landing_interval,605.0999755859375,605.1329956054688,202,45,0.9,600.2329711914062,0.8178137651821862,0.9230769230769231,0.8461538461538461,0.7692307692307693,0.0,1.0,0.18963300029676525,0.0
video_c68,11,0,786.0,785.8666381835938,2P,0.0,no_fire_before_landing_interval,789.6329956054688,791.5999755859375,127,5,0.8,784.9000244140625,0.9621212121212122,0.6923076923076923,0.6923076923076923,0.5641025641025641,0.0,1.0,0.523803987676568,0.0
video_c68,18,1,1239.8330078125,1239.566650390625,1P,1.0,fire_before_landing_interval,1245.5999755859375,1247.300048828125,160,5,0.8333333333333334,1238.199951171875,0.9696969696969697,1.0,0.6153846153846154,0.6025641025641025,0.0,1.0,0.6202132591562355,0.0
video_c68,19,2,1312.0670166015625,1311.699951171875,2P,1.0,fire_before_landing_interval,1321.366943359375,1321.9329833984375,845,60,0.9,1307.4329833984375,0.9337016574585635,0.8461538461538461,0.6923076923076923,0.6666666666666666,0.0,1.0,0.822507258309139,0.0
video_c68,20,3,1369.5999755859375,1369.4666748046875,1P,0.0,no_fire_before_landing_interval,1370.3330078125,1372.032958984375,123,7,0.8571428571428571,1369.5,0.9461538461538461,0.6923076923076923,0.38461538461538464,0.46153846153846156,0.0,1.0,0.09088891355010542,0.0
video_c68,20,4,1381.9329833984375,1381.7667236328125,2P,0.0,no_fire_before_landing_interval,1389.2330322265625,1390.1669921875,76,14,0.8888888888888888,1380.2669677734375,0.8444444444444444,0.6923076923076923,0.6923076923076923,0.5,0.0,1.0,0.6249084249084249,0.0
video_c68,22,5,1505.032958984375,1504.5999755859375,2P,0.0,no_fire_before_landing_interval,1505.7669677734375,1505.800048828125,197,79,0.9166666666666666,1504.4329833984375,0.7137681159420289,0.5384615384615384,0.38461538461538464,0.38461538461538464,0.0,1.0,0.37499046311131456,0.0
video_c68,30,0,1965.9000244140625,1965.800048828125,2P,0.0,no_fire_before_landing_interval,1966.4000244140625,1966.866943359375,262,2,0.8,1963.9329833984375,0.9924242424242424,0.9230769230769231,0.46153846153846156,0.6153846153846154,0.0,1.0,0.6629638772319592,0.0
video_c68,32,9,2154.6669921875,2153.89990234375,1P,1.0,fire_before_landing_interval,2161.73291015625,2162.6669921875,1,1,0.75,2154.1669921875,0.5,0.8461538461538461,0.46153846153846156,0.5,0.20512820512820512,1.0,0.3333333333333333,0.0
video_c68,32,11,2166.56689453125,2166.466552734375,2P,0.0,no_fire_before_landing_interval,2167.1669921875,2167.199951171875,48,11,0.8571428571428571,2165.43310546875,0.8135593220338982,0.8461538461538461,0.5384615384615384,0.6666666666666666,0.3333333333333333,1.0,0.531350114416476,0.0
video_c68,32,14,2178.199951171875,2177.2666015625,2P,0.0,no_fire_before_landing_interval,2180.89990234375,2181.032958984375,30,9,0.8333333333333334,2174.89990234375,0.7692307692307692,0.7692307692307693,0.3076923076923077,0.5641025641025641,0.2692307692307692,1.0,0.7674445012206893,0.0
video_c68,34,1,2284.10009765625,2283.966552734375,2P,0.0,no_fire_before_landing_interval,2285.866943359375,2285.89990234375,79,38,0.9,2282.76708984375,0.6752136752136753,0.7692307692307693,0.7692307692307693,0.41025641025641024,0.01282051282051282,1.0,0.5713687735454165,0.0
video_c68,45,0,2832.532958984375,2832.39990234375,1P,0.0,no_fire_before_landing_interval,2836.800048828125,2837.26708984375,305,13,0.8571428571428571,2831.73291015625,0.9591194968553459,0.8461538461538461,0.6923076923076923,0.717948717948718,0.0,1.0,0.44445951444459514,0.0
video_c68,46,0,2875.89990234375,2875.7666015625,1P,0.0,no_fire_before_landing_interval,2876.633056640625,2876.800048828125,92,6,0.8,2874.866943359375,0.9387755102040816,0.6923076923076923,0.5384615384615384,0.5641025641025641,0.02564102564102564,1.0,0.5081061606821184,0.0
video_c68,47,0,2918.26708984375,2917.833251953125,1P,1.0,fire_before_landing_interval,2922.6669921875,2923.8330078125,5,5,0.8333333333333334,2915.300048828125,0.5,0.23076923076923078,0.23076923076923078,0.10256410256410256,0.0,1.0,0.7479229491045603,0.0
video_c68,47,2,2927.1669921875,2926.7666015625,2P,0.0,no_fire_before_landing_interval,2927.60009765625,2928.5,14,1,0.8,2926.366943359375,0.9333333333333333,0.6153846153846154,0.15384615384615385,0.20512820512820512,0.0,1.0,0.44445951444459514,0.0
video_c68,48,3,2992.73291015625,2992.300048828125,1P,0.0,no_fire_before_landing_interval,2993.633056640625,2995.60009765625,156,15,0.875,2990.633056640625,0.9122807017543859,0.7692307692307693,0.6153846153846154,0.6410256410256411,0.0,1.0,0.6774041112073719,0.0
video_c68,49,0,3056.633056640625,3056.39990234375,2P,1.0,fire_before_landing_interval,3057.26708984375,3058.133056640625,116,2,0.8,3054.73291015625,0.9830508474576272,0.7692307692307693,0.6153846153846154,0.6923076923076923,0.0,1.0,0.6551898307938379,0.0
video_c69,0,14,399.8999938964844,399.8665466308594,1P,0.0,no_fire_before_landing_interval,400.6669921875,401.79998779296875,540,100,0.8,399.8999938964844,0.84375,0.3076923076923077,0.15384615384615385,0.15384615384615385,0.05128205128205128,1.0,0.0,0.0
video_c69,0,19,471.3999938964844,470.9998474121094,1P,0.0,no_fire_before_landing_interval,474.8330078125,475.7669982910156,2660,40,0.8,470.70001220703125,0.9851851851851852,0.6153846153846154,0.23076923076923078,0.41025641025641024,0.05128205128205128,1.0,0.411758369984741,0.0
video_c69,0,22,551.1329956054688,551.099853515625,1P,0.0,no_fire_before_landing_interval,552.6329956054688,552.9329833984375,36920,100,0.8,550.6669921875,0.9972987574284171,0.7692307692307693,0.38461538461538464,0.5769230769230769,0.01282051282051282,1.0,0.317873350264374,0.0
video_c69,0,35,845.166015625,844.8997802734375,1P,0.0,no_fire_before_landing_interval,845.9000244140625,846.9000244140625,18200,100,0.8,845.1329956054688,0.994535519125683,0.8461538461538461,0.3076923076923077,0.6025641025641025,0.05128205128205128,1.0,0.03196454948301329,0.0
video_c69,0,41,919.4329833984375,918.7997436523438,2P,0.0,no_fire_before_landing_interval,927.0999755859375,927.666015625,1260,100,0.75,918.0,0.9264705882352942,0.6153846153846154,0.6153846153846154,0.2948717948717949,0.0641025641025641,1.0,0.5889819878581105,0.0
video_c69,0,48,1103.5660400390625,1102.9996337890625,2P,0.0,no_fire_before_landing_interval,1105.5999755859375,1106.532958984375,8940,2460,0.9,1103.5,0.7842105263157894,0.5384615384615384,0.23076923076923078,0.3717948717948718,0.0,1.0,0.061948929348448416,0.0
video_c69,0,52,1153.7659912109375,1153.633056640625,1P,0.0,no_fire_before_landing_interval,1154.3330078125,1154.5999755859375,9420,180,0.8,1153.5999755859375,0.98125,0.6153846153846154,0.5384615384615384,0.44871794871794873,0.038461538461538464,1.0,0.1423785594639866,0.0
video_c69,0,55,1237.4329833984375,1237.032958984375,2P,0.0,no_fire_before_landing_interval,1237.9659423828125,1238.865966796875,2280,40,0.8,1237.0999755859375,0.9827586206896551,0.6923076923076923,0.5384615384615384,0.5897435897435898,0.08974358974358974,1.0,0.24981684981684982,0.0
video_c69,0,57,1259.9000244140625,1259.4329833984375,2P,0.0,no_fire_before_landing_interval,1267.5999755859375,1268.4329833984375,1260,40,0.75,1256.9000244140625,0.9692307692307692,0.38461538461538464,0.15384615384615385,0.14102564102564102,0.0,1.0,0.75,0.0
video_c69,0,59,1350.633056640625,1350.1995849609375,1P,0.0,no_fire_before_landing_interval,1350.7659912109375,1351.133056640625,11160,2080,0.8333333333333334,1349.9000244140625,0.8429003021148036,0.6923076923076923,0.6923076923076923,0.5256410256410257,0.038461538461538464,1.0,0.42297668521518633,0.0
video_c69,0,66,1423.0,1422.532958984375,1P,0.0,no_fire_before_landing_interval,1425.0999755859375,1425.5660400390625,6260,40,0.75,1422.800048828125,0.9936507936507937,0.7692307692307693,0.23076923076923078,0.5256410256410257,0.02564102564102564,1.0,0.16663275686673448,0.0
video_c69,0,69,1444.8330078125,1444.6329345703125,1P,0.0,no_fire_before_landing_interval,1449.300048828125,1449.9000244140625,180,40,0.8,1444.7659912109375,0.8181818181818182,0.46153846153846156,0.23076923076923078,0.15384615384615385,0.0,1.0,0.06280745910078939,0.0
video_c69,0,71,1495.633056640625,1495.23291015625,1P,0.0,no_fire_before_landing_interval,1497.7330322265625,1498.300048828125,600,360,0.8333333333333334,1495.5999755859375,0.625,0.9230769230769231,0.6923076923076923,0.7564102564102564,0.20512820512820512,1.0,0.032021741699161055,0.0
video_c69,0,72,1501.365966796875,1501.1995849609375,1P,0.0,no_fire_before_landing_interval,1501.7330322265625,1502.300048828125,3460,2980,0.8888888888888888,1501.133056640625,0.5372670807453417,0.9230769230769231,0.6153846153846154,0.7564102564102564,0.19230769230769232,1.0,0.1889108910891089,0.0
video_c69,0,73,1515.8330078125,1515.6995849609375,1P,0.0,no_fire_before_landing_interval,1517.2659912109375,1517.699951171875,280,40,0.8,1515.7659912109375,0.875,0.23076923076923078,0.15384615384615385,0.08974358974358974,0.01282051282051282,1.0,0.06280745910078939,0.0
video_c69,0,79,1668.0660400390625,1668.0328369140625,2P,0.0,no_fire_before_landing_interval,1671.0999755859375,1671.666015625,1240,40,0.8,1667.2659912109375,0.96875,0.6923076923076923,0.5384615384615384,0.6153846153846154,0.08974358974358974,1.0,0.44445951444459514,0.0
video_c69,0,96,1917.365966796875,1917.1328125,1P,1.0,fire_before_landing_interval,1919.2659912109375,1919.9659423828125,16660,40,0.8,1916.4659423828125,0.9976047904191617,0.9230769230769231,0.6153846153846154,0.7307692307692307,0.10256410256410256,0.0,0.47369097333761645,0.0
video_c69,0,100,1938.7659912109375,1938.6328125,2P,0.0,no_fire_before_landing_interval,1939.5989990234375,1940.166015625,940,40,0.8,1938.3330078125,0.9591836734693877,0.6153846153846154,0.3076923076923077,0.32051282051282054,0.05128205128205128,1.0,0.3021552091319533,0.0
video_c69,0,104,2014.0660400390625,2013.9327392578125,1P,0.0,no_fire_before_landing_interval,2014.9659423828125,2015.2659912109375,1000,40,0.8,2013.4659423828125,0.9615384615384616,0.7692307692307693,0.46153846153846156,0.3974358974358974,0.02564102564102564,0.5,0.3750381446444919,0.0
video_c69,0,107,2029.865966796875,2029.7327880859375,1P,0.0,no_fire_before_landing_interval,2031.0989990234375,2032.2659912109375,2540,540,0.8571428571428571,2029.865966796875,0.8246753246753247,0.5384615384615384,0.38461538461538464,0.3333333333333333,0.02564102564102564,1.0,0.0,0.0
video_c69,0,111,2138.56591796875,2138.4326171875,1P,0.0,no_fire_before_landing_interval,2141.166015625,2141.198974609375,54440,5100,0.9,2138.23291015625,0.9143432986227746,1.0,0.7692307692307693,0.8717948717948718,0.0641025641025641,1.0,0.24981684981684982,0.0
video_c69,0,114,2160.43310546875,2159.56591796875,2P,0.0,no_fire_before_landing_interval,2166.73291015625,2167.299072265625,600,100,0.75,2160.23291015625,0.8571428571428571,0.8461538461538461,0.6153846153846154,0.5384615384615384,0.05128205128205128,1.0,0.16680227827502034,0.0
video_c69,0,118,2210.09912109375,2209.632568359375,1P,0.0,no_fire_before_landing_interval,2240.26611328125,2240.299072265625,40,40,0.75,2209.8330078125,0.5,0.15384615384615385,0.07692307692307693,0.07692307692307693,0.01282051282051282,1.0,0.21018125723100656,0.0
video_c69,0,119,2305.26611328125,2304.9326171875,2P,0.0,no_fire_before_landing_interval,2306.76611328125,2306.9990234375,360,40,0.8,2304.56591796875,0.9,0.9230769230769231,0.6153846153846154,0.7948717948717948,0.1282051282051282,1.0,0.4118322802986789,0.0
video_c69,0,120,2311.3330078125,2311.232666015625,2P,1.0,fire_before_landing_interval,2322.06591796875,2322.633056640625,920,40,0.8,2310.865966796875,0.9583333333333334,0.9230769230769231,0.23076923076923078,0.5128205128205128,0.11538461538461539,1.0,0.3183557996338825,0.0
video_c69,0,125,2375.06591796875,2375.03271484375,1P,0.0,no_fire_before_landing_interval,2375.8330078125,2376.8330078125,3070,40,0.8,2374.59912109375,0.9871382636655949,1.0,0.5384615384615384,0.7307692307692307,0.1282051282051282,0.0,0.3182423435419441,0.0
video_c69,0,128,2433.8330078125,2433.732666015625,1P,0.0,no_fire_before_landing_interval,2437.666015625,2438.43310546875,100,40,0.8,2433.532958984375,0.7142857142857143,0.8461538461538461,0.23076923076923078,0.24358974358974358,0.02564102564102564,0.0,0.2307981220657277,0.0
video_c69,0,136,2614.633056640625,2614.365966796875,2P,0.0,no_fire_before_landing_interval,2614.966064453125,2615.59912109375,920,40,0.8,2614.59912109375,0.9583333333333334,0.6923076923076923,0.38461538461538464,0.3974358974358974,0.07692307692307693,1.0,0.03282172373081464,0.0
video_c69,0,137,2669.865966796875,2669.59912109375,2P,1.0,fire_before_landing_interval,2672.133056640625,2673.365966796875,5020,40,0.8,2668.698974609375,0.9920948616600791,1.0,0.6923076923076923,0.8717948717948718,0.1794871794871795,1.0,0.5385308697611537,0.0
video_c69,0,138,2672.59912109375,2672.132568359375,1P,0.0,no_fire_before_landing_interval,2673.73291015625,2676.23291015625,14540,40,0.75,2672.166015625,0.9972565157750343,0.9230769230769231,0.46153846153846156,0.6666666666666666,0.05128205128205128,1.0,0.30221465076660986,0.0
video_c69,0,141,2727.133056640625,2727.032470703125,2P,0.0,no_fire_before_landing_interval,2727.89892578125,2728.666015625,1340,40,0.8,2726.26611328125,0.9710144927536232,0.7692307692307693,0.46153846153846156,0.5641025641025641,0.0,1.0,0.46436511050085,0.0
video_c69,0,147,2818.4990234375,2818.232421875,2P,0.0,no_fire_before_landing_interval,2818.56591796875,2818.9990234375,680,40,0.8,2817.93310546875,0.9444444444444444,0.7692307692307693,0.7692307692307693,0.3333333333333333,0.14102564102564102,1.0,0.36139694418459617,0.0
video_c69,0,149,2849.299072265625,2849.132568359375,1P,0.0,no_fire_before_landing_interval,2852.532958984375,2853.9990234375,600,540,0.8571428571428571,2848.865966796875,0.5263157894736842,0.5384615384615384,0.5384615384615384,0.358974358974359,0.01282051282051282,1.0,0.30221465076660986,0.0
video_c69,0,151,2880.166015625,2879.9658203125,2P,0.0,no_fire_before_landing_interval,2881.166015625,2882.9990234375,2280,560,0.8571428571428571,2879.632080078125,0.8028169014084507,0.6923076923076923,0.6923076923076923,0.5128205128205128,0.0641025641025641,1.0,0.3480821263727519,0.0
video_c69,0,156,2900.166015625,2900.09912109375,1P,0.0,no_fire_before_landing_interval,2900.9990234375,2901.031982421875,1260,180,0.8,2898.4990234375,0.875,0.38461538461538464,0.38461538461538464,0.21794871794871795,0.02564102564102564,1.0,0.6250457707799341,0.0
video_c69,0,159,2981.931884765625,2981.565673828125,2P,0.0,no_fire_before_landing_interval,2981.9990234375,2982.9990234375,700,540,0.8333333333333334,2981.73193359375,0.564516129032258,0.38461538461538464,0.23076923076923078,0.2692307692307692,0.10256410256410256,1.0,0.16663275686673448,0.0
video_c69,0,171,3274.09912109375,3273.9658203125,1P,0.0,no_fire_before_landing_interval,3276.83203125,3277.666015625,23360,1500,0.8888888888888888,3274.06591796875,0.9396621078037007,0.8461538461538461,0.6923076923076923,0.6666666666666666,0.0,0.0,0.03213610586011342,0.0
video_c69,0,172,3283.632080078125,3283.299072265625,2P,0.0,no_fire_before_landing_interval,3285.299072265625,3286.166015625,36420,1500,0.875,3283.632080078125,0.9604430379746836,0.8461538461538461,0.5384615384615384,0.6282051282051282,0.0,1.0,0.0,0.0
video_c7,0,0,149.1999969482422,148.79998779296875,2P,0.0,no_fire_before_landing_interval,165.83299255371094,168.43299865722656,413,38,0.8333333333333334,148.56700134277344,0.9157427937915743,0.8461538461538461,0.6923076923076923,0.6410256410256411,0.0,1.0,0.38762848065782096,0.0
video_c7,7,0,497.7669982910156,497.4999694824219,1P,1.0,fire_before_landing_interval,516.4669799804688,516.9669799804688,313,5,0.8333333333333334,496.8330078125,0.9842767295597484,0.7692307692307693,0.46153846153846156,0.5128205128205128,0.0,0.0,0.4829343726823726,0.0
video_c7,18,3,1144.4329833984375,1144.2999267578125,1P,0.0,no_fire_before_landing_interval,1147.8330078125,1149.8330078125,26,1,0.8,1143.8330078125,0.9629629629629629,0.6153846153846154,0.23076923076923078,0.3974358974358974,0.01282051282051282,1.0,0.37499046311131456,0.0
video_c7,22,1,1362.532958984375,1361.9998779296875,1P,1.0,fire_before_landing_interval,1366.3330078125,1366.5670166015625,90,7,0.8333333333333334,1359.366943359375,0.9278350515463918,0.5384615384615384,0.38461538461538464,0.4358974358974359,0.0,1.0,0.7599624941397093,0.0
video_c7,26,2,1612.3330078125,1612.1998291015625,1P,0.0,no_fire_before_landing_interval,1612.5670166015625,1613.032958984375,31,7,0.8571428571428571,1611.0999755859375,0.8157894736842105,0.8461538461538461,0.0,0.6538461538461539,0.02564102564102564,1.0,0.5521784289072322,0.0
video_c7,31,4,1893.7330322265625,1892.3997802734375,2P,0.0,no_fire_before_landing_interval,1894.699951171875,1894.7659912109375,102,6,0.8,1893.5,0.9444444444444444,0.8461538461538461,0.0,0.5,0.038461538461538464,1.0,0.188991188991189,0.0
video_c7,33,2,2031.800048828125,2031.599853515625,1P,0.0,no_fire_before_landing_interval,2032.032958984375,2032.300048828125,394,29,0.8571428571428571,2030.2659912109375,0.9314420803782506,0.7692307692307693,0.38461538461538464,0.5897435897435898,0.038461538461538464,1.0,0.6053759815019991,0.0
video_c7,37,3,2322.06591796875,2321.7998046875,1P,0.0,no_fire_before_landing_interval,2322.699951171875,2323.199951171875,621,5,0.8333333333333334,2321.39990234375,0.9920127795527156,0.9230769230769231,0.3076923076923077,0.7564102564102564,0.02564102564102564,1.0,0.39976553341148885,0.0
video_c7,41,0,2600.300048828125,2599.999755859375,2P,1.0,fire_before_landing_interval,2602.3330078125,2603.43310546875,145,4,0.8,2599.3330078125,0.9731543624161074,0.7692307692307693,0.6153846153846154,0.46153846153846156,0.0,1.0,0.4916221918828348,0.0
video_c7,45,0,2869.466064453125,2869.19970703125,2P,1.0,fire_before_landing_interval,2879.532958984375,2880.532958984375,13,10,0.8333333333333334,2867.699951171875,0.5652173913043479,0.7692307692307693,0.5384615384615384,0.3974358974358974,0.0,1.0,0.6384819064430715,0.0
video_c7,45,1,2873.300048828125,2872.93310546875,1P,0.0,no_fire_before_landing_interval,2883.865966796875,2884.76611328125,134,4,0.8,2873.133056640625,0.9710144927536232,0.7692307692307693,0.5384615384615384,0.48717948717948717,0.0,1.0,0.14309623430962343,0.0
video_c7,47,0,2997.633056640625,2997.499755859375,1P,0.0,no_fire_before_landing_interval,2998.166015625,2999.166015625,26,8,0.8,2996.865966796875,0.7647058823529411,0.7692307692307693,0.6153846153846154,0.5384615384615384,0.0,0.0,0.4340978170765405,0.0
video_c7,50,2,3151.300048828125,3151.133056640625,2P,1.0,fire_before_landing_interval,3161.166015625,3162.466064453125,26,13,0.8571428571428571,3150.300048828125,0.6666666666666666,0.7692307692307693,0.6923076923076923,0.5256410256410257,0.0641025641025641,1.0,0.5,0.0
video_c7,50,3,3154.06591796875,3153.2998046875,1P,0.0,no_fire_before_landing_interval,3154.73291015625,3155.89990234375,225,22,0.875,3153.532958984375,0.9109311740890689,0.6923076923076923,0.23076923076923078,0.3974358974358974,0.0,1.0,0.3476668259276955,0.0
video_c7,50,7,3185.60009765625,3185.399658203125,1P,0.0,no_fire_before_landing_interval,3185.699951171875,3186.365966796875,639,8,0.8,3185.3330078125,0.9876352395672334,0.9230769230769231,0.6923076923076923,0.8717948717948718,0.20512820512820512,1.0,0.21078998073217725,0.0
video_c7,50,8,3189.966064453125,3189.8330078125,2P,0.0,no_fire_before_landing_interval,3191.23291015625,3191.73291015625,10,2,0.8,3189.56591796875,0.8333333333333334,0.7692307692307693,0.5384615384615384,0.5384615384615384,0.038461538461538464,1.0,0.2857890148212729,0.0
video_c70,1,1,148.6999969482422,148.26666259765625,2P,1.0,fire_before_landing_interval,154.5,155.8000030517578,691,7,0.8333333333333334,145.8000030517578,0.9899713467048711,0.9230769230769231,0.6153846153846154,0.7692307692307693,0.0,1.0,0.743589342306037,0.0
video_c70,6,4,438.4330139160156,438.20001220703125,2P,0.0,no_fire_before_landing_interval,442.7669982910156,444.3330078125,489,22,0.8333333333333334,436.8999938964844,0.9569471624266145,1.0,0.6923076923076923,0.8846153846153846,0.21794871794871795,1.0,0.6052143321847666,0.0
video_c70,15,0,1045.133056640625,1045.0,2P,1.0,fire_before_landing_interval,1060.0670166015625,1063.9000244140625,74,11,0.8571428571428571,1045.032958984375,0.8705882352941177,0.7692307692307693,0.46153846153846156,0.5,0.0,0.5,0.09098979138925876,0.0
video_c70,19,1,1307.4000244140625,1307.0,1P,0.0,no_fire_before_landing_interval,1329.3330078125,1329.9000244140625,448,12,0.8333333333333334,1305.633056640625,0.9739130434782609,0.8461538461538461,0.38461538461538464,0.5897435897435898,0.02564102564102564,1.0,0.6385935500948515,0.0
video_c70,23,0,1508.5670166015625,1508.4666748046875,1P,1.0,fire_before_landing_interval,1523.800048828125,1524.967041015625,152,20,0.8571428571428571,1508.532958984375,0.8837209302325582,0.8461538461538461,0.6923076923076923,0.6153846153846154,0.02564102564102564,1.0,0.032935898949356626,0.0
video_c70,27,4,1735.0670166015625,1734.7667236328125,2P,0.0,no_fire_before_landing_interval,1735.1669921875,1735.7669677734375,380,16,0.875,1734.032958984375,0.9595959595959596,0.9230769230769231,0.5384615384615384,0.6794871794871795,0.0,1.0,0.5083718418051971,0.0
video_c70,29,0,1860.2669677734375,1860.0,1P,0.0,no_fire_before_landing_interval,1860.4329833984375,1861.3330078125,69,4,0.8,1858.9329833984375,0.9452054794520548,0.6153846153846154,0.3076923076923077,0.41025641025641024,0.0,1.0,0.5715481171548117,0.0
video_c70,34,1,2116.23291015625,2115.966552734375,1P,1.0,fire_before_landing_interval,2138.60009765625,2138.866943359375,96,14,0.8333333333333334,2114.73291015625,0.8727272727272727,0.8461538461538461,0.6153846153846154,0.41025641025641024,0.0,1.0,0.6,0.0
video_c70,35,0,2180.199951171875,2180.066650390625,1P,0.0,no_fire_before_landing_interval,2180.76708984375,2181.73291015625,182,17,0.8571428571428571,2178.699951171875,0.914572864321608,0.6923076923076923,0.5384615384615384,0.6153846153846154,0.0,1.0,0.6,0.0
video_c70,41,3,2495.10009765625,2494.966552734375,2P,0.0,no_fire_before_landing_interval,2507.199951171875,2508.39990234375,359,63,0.9,2494.133056640625,0.8507109004739336,0.8461538461538461,0.6923076923076923,0.6410256410256411,0.02564102564102564,1.0,0.4916221918828348,0.0
video_c71,0,3,114.69999694824219,114.56663513183594,1P,1.0,fire_before_landing_interval,126.5999984741211,126.96700286865234,128,1,0.8,114.53299713134766,0.9922480620155039,1.0,0.6153846153846154,0.8717948717948718,0.02564102564102564,1.0,0.14310183641581842,0.0
video_c71,0,4,122.4000015258789,122.26663208007812,2P,0.0,no_fire_before_landing_interval,122.86699676513672,123.73300170898438,187,63,0.9,122.13300323486328,0.748,0.7692307692307693,0.5384615384615384,0.46153846153846156,0.0,1.0,0.2107329527663367,0.0
video_c71,2,0,206.1999969482422,205.99993896484375,1P,0.0,no_fire_before_landing_interval,219.0,227.5,167,12,0.8571428571428571,204.73300170898438,0.9329608938547486,0.6923076923076923,0.38461538461538464,0.4358974358974359,0.0,1.0,0.5946485894716008,0.0
video_c71,4,2,336.7669982910156,336.4999084472656,1P,0.0,no_fire_before_landing_interval,339.5669860839844,339.9330139160156,464,81,0.9166666666666666,332.86700439453125,0.8513761467889909,0.9230769230769231,0.7692307692307693,0.7948717948717948,0.0,1.0,0.7959181131393908,0.0
video_c71,10,2,640.7659912109375,640.4998168945312,1P,0.0,no_fire_before_landing_interval,643.9329833984375,644.2000122070312,212,10,0.8333333333333334,640.7329711914062,0.954954954954955,0.9230769230769231,0.8461538461538461,0.7692307692307693,0.2564102564102564,1.0,0.03196454948301329,0.0
video_c71,15,2,938.0659790039062,937.2997436523438,1P,1.0,fire_before_landing_interval,968.4000244140625,970.0659790039062,942,21,0.875,935.1329956054688,0.9781931464174455,0.8461538461538461,0.6153846153846154,0.6923076923076923,0.0,1.0,0.7457400912505043,0.0
video_c71,18,0,1116.365966796875,1116.099609375,2P,0.0,no_fire_before_landing_interval,1116.5,1117.5999755859375,7,5,0.8,1116.2330322265625,0.5833333333333334,0.38461538461538464,0.15384615384615385,0.28205128205128205,0.01282051282051282,1.0,0.11733649391229393,0.0
video_c71,18,2,1137.4329833984375,1137.2996826171875,1P,0.0,no_fire_before_landing_interval,1137.5660400390625,1138.4000244140625,160,18,0.8888888888888888,1137.166015625,0.898876404494382,0.9230769230769231,0.6923076923076923,0.7307692307692307,0.21794871794871795,1.0,0.21071394161287216,0.0
video_c71,24,4,1454.865966796875,1454.73291015625,1P,0.0,no_fire_before_landing_interval,1455.0660400390625,1455.865966796875,72,1,0.8,1453.9000244140625,0.9863013698630136,0.8461538461538461,0.6153846153846154,0.5512820512820513,0.0,1.0,0.49133809375970194,0.0
video_c71,27,0,1652.666015625,1652.5328369140625,1P,0.0,no_fire_before_landing_interval,1657.532958984375,1657.7330322265625,55,8,0.8571428571428571,1651.133056640625,0.873015873015873,0.9230769230769231,0.46153846153846156,0.7051282051282052,0.01282051282051282,1.0,0.6052048192771085,0.0
video_c71,30,4,1846.865966796875,1846.7327880859375,1P,0.0,no_fire_before_landing_interval,1858.7659912109375,1859.7330322265625,69,2,0.8,1846.3330078125,0.971830985915493,0.7692307692307693,0.15384615384615385,0.48717948717948717,0.0,1.0,0.3476668259276955,0.0
video_c71,39,1,2272.8330078125,2272.332763671875,1P,1.0,fire_before_landing_interval,2273.56591796875,2274.633056640625,35,1,0.75,2271.365966796875,0.9722222222222222,0.6153846153846154,0.38461538461538464,0.46153846153846156,0.0,1.0,0.5946561108362197,0.0
video_c71,41,6,2426.39892578125,2426.265869140625,1P,0.0,no_fire_before_landing_interval,2430.59912109375,2430.9990234375,765,53,0.9,2426.166015625,0.9352078239608802,1.0,0.7692307692307693,0.8846153846153846,0.1282051282051282,1.0,0.1889108910891089,0.0
video_c71,49,1,2886.73193359375,2886.59912109375,1P,1.0,fire_before_landing_interval,2908.299072265625,2909.531982421875,807,191,0.9285714285714286,2884.531982421875,0.8086172344689379,0.9230769230769231,0.3076923076923077,0.717948717948718,0.0,1.0,0.6874952315556573,0.0
video_c71,51,1,2995.76611328125,2995.665771484375,2P,1.0,fire_before_landing_interval,3003.33203125,3003.56591796875,14,10,0.8571428571428571,2995.365966796875,0.5833333333333334,0.9230769230769231,0.38461538461538464,0.3717948717948718,0.0,1.0,0.2857890148212729,0.0
video_c71,54,1,3135.26611328125,3135.065673828125,2P,0.0,no_fire_before_landing_interval,3137.431884765625,3137.799072265625,169,36,0.9,3135.166015625,0.824390243902439,0.6923076923076923,0.6153846153846154,0.5256410256410257,0.0,1.0,0.09098979138925876,0.0
video_c72,0,2,148.26699829101562,148.0999755859375,1P,0.0,no_fire_before_landing_interval,149.13299560546875,154.36700439453125,1015,162,0.9,146.63299560546875,0.8623619371282922,0.7692307692307693,0.7692307692307693,0.6794871794871795,0.01282051282051282,1.0,0.6203496657436479,0.0
video_c72,8,3,613.4329833984375,613.2332153320312,2P,0.0,no_fire_before_landing_interval,618.3330078125,619.2999877929688,199,2,0.8,608.4000244140625,0.9900497512437811,0.9230769230769231,0.7692307692307693,0.782051282051282,0.28205128205128205,1.0,0.8342438590101574,0.0
video_c72,9,4,670.4329833984375,670.2998657226562,2P,0.0,no_fire_before_landing_interval,671.8330078125,672.8330078125,18,14,0.8888888888888888,670.3670043945312,0.5625000000000001,0.5384615384615384,0.23076923076923078,0.3717948717948718,0.0,0.0,0.061895219009447465,0.0
video_c72,19,0,1278.8330078125,1278.7330322265625,2P,1.0,fire_before_landing_interval,1299.166015625,1299.633056640625,72,8,0.8571428571428571,1277.5660400390625,0.9,0.6923076923076923,0.6923076923076923,0.5897435897435898,0.0,1.0,0.5588821280491089,0.0
video_c72,22,0,1457.0660400390625,1456.9329833984375,1P,0.0,no_fire_before_landing_interval,1486.4000244140625,1487.199951171875,124,13,0.8571428571428571,1456.3330078125,0.9051094890510949,0.8461538461538461,0.38461538461538464,0.5128205128205128,0.0,0.0,0.42297668521518633,0.0
video_c72,24,1,1597.9659423828125,1597.69970703125,1P,0.0,no_fire_before_landing_interval,1598.032958984375,1598.9000244140625,321,8,0.8333333333333334,1596.9329833984375,0.9756838905775076,0.46153846153846156,0.46153846153846156,0.4358974358974359,0.0,1.0,0.5081061606821184,0.0
video_c72,26,0,1723.199951171875,1723.032958984375,1P,0.0,no_fire_before_landing_interval,1723.666015625,1724.0660400390625,18,3,0.8,1722.3330078125,0.8571428571428571,0.6153846153846154,0.5384615384615384,0.5256410256410257,0.0,1.0,0.46436511050085,0.0
video_c72,29,0,1872.532958984375,1872.399658203125,1P,0.0,no_fire_before_landing_interval,1874.7330322265625,1874.800048828125,526,2,0.8,1871.800048828125,0.9962121212121212,0.8461538461538461,0.5384615384615384,0.6410256410256411,0.0,0.0,0.4229360383206537,0.0
video_c72,30,1,1978.2659912109375,1978.1329345703125,1P,0.0,no_fire_before_landing_interval,1980.0999755859375,1980.865966796875,153,146,0.9166666666666666,1977.666015625,0.5117056856187291,0.9230769230769231,0.0,0.41025641025641024,0.01282051282051282,1.0,0.37499046311131456,0.0
video_c72,33,2,2122.300048828125,2122.099609375,2P,1.0,fire_before_landing_interval,2133.633056640625,2133.865966796875,288,8,0.8571428571428571,2122.133056640625,0.972972972972973,0.9230769230769231,0.7692307692307693,0.6282051282051282,0.01282051282051282,1.0,0.14309623430962343,0.0
video_c72,35,2,2235.0,2234.73291015625,2P,1.0,fire_before_landing_interval,2244.10009765625,2244.39990234375,476,5,0.8333333333333334,2234.23291015625,0.9896049896049897,0.9230769230769231,0.38461538461538464,0.7307692307692307,0.0641025641025641,1.0,0.4340978170765405,0.0
video_c72,35,3,2235.199951171875,2234.99951171875,2P,1.0,fire_before_landing_interval,2244.10009765625,2244.39990234375,476,5,0.8571428571428571,2234.23291015625,0.9896049896049897,0.9230769230769231,0.38461538461538464,0.7307692307692307,0.0641025641025641,1.0,0.4916221918828348,0.0
video_c72,36,1,2286.532958984375,2286.3994140625,2P,0.0,no_fire_before_landing_interval,2286.633056640625,2287.10009765625,83,1,0.8,2286.5,0.9880952380952381,0.6923076923076923,0.3076923076923077,0.4358974358974359,0.07692307692307693,1.0,0.0319073505081541,0.0
video_c72,37,1,2346.89990234375,2346.76611328125,2P,0.0,no_fire_before_landing_interval,2347.133056640625,2348.39990234375,584,4,0.8,2346.56591796875,0.9931972789115646,1.0,0.46153846153846156,0.7051282051282052,0.01282051282051282,1.0,0.25036603221083453,0.0
video_c72,37,9,2385.26611328125,2385.03271484375,1P,0.0,no_fire_before_landing_interval,2386.93310546875,2386.9990234375,54,54,0.9,2380.39892578125,0.5,0.6153846153846154,0.23076923076923078,0.2948717948717949,0.0,1.0,0.829560585885486,0.0
video_c72,44,0,2749.966064453125,2749.53271484375,1P,0.0,no_fire_before_landing_interval,2762.89892578125,2763.133056640625,69,2,0.8,2748.4990234375,0.971830985915493,0.7692307692307693,0.6153846153846154,0.6666666666666666,0.0,0.0,0.5946561108362197,0.0
video_c72,48,3,3033.299072265625,3033.03271484375,1P,0.0,no_fire_before_landing_interval,3034.8330078125,3035.4990234375,89,5,0.8333333333333334,3032.9990234375,0.9468085106382979,0.5384615384615384,0.46153846153846156,0.46153846153846156,0.0,1.0,0.2307981220657277,0.0
video_c73,0,1,162.63299560546875,162.4999542236328,2P,1.0,fire_before_landing_interval,167.5,169.13299560546875,2477,6,0.8,162.60000610351562,0.9975835682641966,0.9230769230769231,0.5384615384615384,0.7948717948717948,0.02564102564102564,1.0,0.0319359508404975,0.0
video_c73,0,3,170.23300170898438,170.09996032714844,2P,0.0,no_fire_before_landing_interval,171.66700744628906,172.73300170898438,1958,2,0.8,170.23300170898438,0.9989795918367347,1.0,0.6923076923076923,0.8461538461538461,0.02564102564102564,1.0,0.0,0.0
video_c73,0,4,176.10000610351562,175.4999542236328,2P,1.0,fire_before_landing_interval,195.5,195.89999389648438,1808,37,0.8333333333333334,174.33299255371094,0.9799457994579945,0.9230769230769231,0.7692307692307693,0.8974358974358975,0.038461538461538464,1.0,0.6385995290588345,0.0
video_c73,8,1,693.7329711914062,693.5997924804688,2P,0.0,no_fire_before_landing_interval,696.4660034179688,696.7999877929688,249,6,0.8571428571428571,693.0330200195312,0.9764705882352941,0.8461538461538461,0.6923076923076923,0.6025641025641025,0.0,1.0,0.41174780985207526,0.0
video_c73,14,1,1057.532958984375,1057.133056640625,2P,1.0,fire_before_landing_interval,1068.4000244140625,1071.199951171875,153,7,0.8333333333333334,1055.800048828125,0.95625,0.8461538461538461,0.5384615384615384,0.6282051282051282,0.0,1.0,0.6340896909058424,0.0
video_c73,16,4,1163.032958984375,1162.7996826171875,1P,0.0,no_fire_before_landing_interval,1168.4329833984375,1172.7330322265625,227,61,0.9,1161.3330078125,0.7881944444444444,1.0,0.8461538461538461,0.8205128205128205,0.01282051282051282,1.0,0.6296229315489646,0.0
video_c73,18,1,1247.666015625,1247.399658203125,2P,0.0,no_fire_before_landing_interval,1250.0660400390625,1250.9000244140625,207,38,0.875,1246.8330078125,0.8448979591836735,0.6153846153846154,0.46153846153846156,0.4358974358974359,0.0,1.0,0.45444858817261585,0.0
video_c73,18,5,1277.3330078125,1277.2996826171875,1P,0.0,no_fire_before_landing_interval,1278.9000244140625,1279.166015625,14,6,0.8571428571428571,1275.9659423828125,0.7000000000000001,0.9230769230769231,0.38461538461538464,0.5641025641025641,0.16666666666666666,1.0,0.5775359702954979,0.0
video_c73,18,8,1303.133056640625,1302.7330322265625,2P,0.0,no_fire_before_landing_interval,1304.0660400390625,1304.133056640625,228,2,0.8,1302.5999755859375,0.991304347826087,0.9230769230769231,0.6153846153846154,0.7564102564102564,0.05128205128205128,1.0,0.34771876741778807,0.0
video_c73,21,3,1486.3330078125,1486.099609375,1P,0.0,no_fire_before_landing_interval,1486.4000244140625,1487.4329833984375,84,6,0.8333333333333334,1486.2659912109375,0.9333333333333333,0.6923076923076923,0.46153846153846156,0.46153846153846156,0.0,1.0,0.06280745910078939,0.0
video_c73,21,4,1495.0999755859375,1494.6995849609375,2P,1.0,fire_before_landing_interval,1506.699951171875,1507.2330322265625,79,5,0.8333333333333334,1494.4000244140625,0.9404761904761905,0.8461538461538461,0.8461538461538461,0.6923076923076923,0.0641025641025641,1.0,0.41174780985207526,0.0
video_c73,30,0,2086.865966796875,2086.732666015625,1P,0.0,no_fire_before_landing_interval,2087.365966796875,2088.09912109375,1074,5,0.8571428571428571,2085.89892578125,0.995366079703429,0.9230769230769231,0.8461538461538461,0.7948717948717948,0.0,1.0,0.4916221918828348,0.0
video_c73,30,1,2091.166015625,2091.03271484375,1P,0.0,no_fire_before_landing_interval,2092.4990234375,2092.76611328125,1100,5,0.8571428571428571,2089.4990234375,0.995475113122172,0.9230769230769231,0.8461538461538461,0.8974358974358975,0.038461538461538464,1.0,0.6250457707799341,0.0
video_c73,34,0,2365.43310546875,2365.03271484375,2P,0.0,no_fire_before_landing_interval,2366.166015625,2367.09912109375,288,13,0.8333333333333334,2363.799072265625,0.9568106312292359,0.6923076923076923,0.6923076923076923,0.5128205128205128,0.0,1.0,0.6203540643247752,0.0
video_c73,36,0,2465.9990234375,2465.732666015625,1P,1.0,fire_before_landing_interval,2468.56591796875,2469.865966796875,185,14,0.8333333333333334,2464.466064453125,0.9296482412060302,0.7692307692307693,0.6153846153846154,0.5384615384615384,0.0,1.0,0.6052048192771085,0.0
video_c73,36,3,2480.56591796875,2480.466064453125,2P,0.0,no_fire_before_landing_interval,2488.633056640625,2488.89892578125,84,1,0.8,2478.865966796875,0.9882352941176471,0.6923076923076923,0.46153846153846156,0.48717948717948717,0.0,1.0,0.6296229315489646,0.0
video_c73,36,7,2510.4990234375,2510.365966796875,1P,0.0,no_fire_before_landing_interval,2517.299072265625,2518.26611328125,495,63,0.9,2508.466064453125,0.8870967741935483,1.0,0.7692307692307693,0.9102564102564102,0.11538461538461539,1.0,0.6702889801175239,0.0
video_c73,37,6,2588.966064453125,2588.33251953125,1P,0.0,no_fire_before_landing_interval,2600.8330078125,2601.365966796875,672,7,0.8333333333333334,2588.43310546875,0.9896907216494846,1.0,0.38461538461538464,0.782051282051282,0.02564102564102564,1.0,0.3476668259276955,0.0
video_c73,42,1,2898.799072265625,2898.665771484375,2P,1.0,fire_before_landing_interval,2907.23291015625,2907.43310546875,10,2,0.8,2898.26611328125,0.8333333333333334,0.8461538461538461,0.38461538461538464,0.5769230769230769,0.0,1.0,0.3476668259276955,0.0
video_c73,43,1,2947.76611328125,2947.56591796875,1P,1.0,fire_before_landing_interval,2970.43310546875,2970.4990234375,21,10,0.8571428571428571,2947.39892578125,0.6774193548387097,0.6923076923076923,0.38461538461538464,0.38461538461538464,0.0,1.0,0.26857142857142857,0.0
video_c73,47,0,3157.198974609375,3157.065673828125,2P,0.0,no_fire_before_landing_interval,3157.89892578125,3159.132080078125,42,5,0.8571428571428571,3155.89892578125,0.8936170212765957,0.7692307692307693,0.6923076923076923,0.6410256410256411,0.0,1.0,0.565226621377773,0.0
video_c73,51,0,3344.198974609375,3344.065673828125,2P,0.0,no_fire_before_landing_interval,3344.39892578125,3345.39892578125,222,7,0.8571428571428571,3343.466064453125,0.9694323144104804,0.6923076923076923,0.6923076923076923,0.5897435897435898,0.0,0.0,0.4229360383206537,0.0
video_c73,53,0,3445.132080078125,3444.9990234375,1P,1.0,fire_before_landing_interval,3456.166015625,3457.632080078125,128,14,0.8888888888888888,3444.132080078125,0.9014084507042254,0.9230769230769231,0.6923076923076923,0.717948717948718,0.01282051282051282,1.0,0.5,0.0
video_c73,54,4,3517.466064453125,3517.165771484375,2P,1.0,fire_before_landing_interval,3526.865966796875,3528.132080078125,335,247,0.9375,3514.799072265625,0.5756013745704468,0.9230769230769231,0.6153846153846154,0.717948717948718,0.14102564102564102,0.0,0.7272969374167776,0.0
video_c74,0,1,204.26699829101562,204.06663513183594,2P,0.0,no_fire_before_landing_interval,204.63299560546875,206.60000610351562,1073,206,0.8571428571428571,202.4669952392578,0.8389366692728695,0.9230769230769231,0.5384615384615384,0.6794871794871795,0.16666666666666666,1.0,0.6428575321115416,0.0
video_c74,1,0,261.0329895019531,260.7666320800781,2P,0.0,no_fire_before_landing_interval,287.7330017089844,288.20001220703125,221,5,0.8333333333333334,259.9670104980469,0.9778761061946902,0.6153846153846154,0.6153846153846154,0.46153846153846156,0.0,1.0,0.5159679754202487,0.0
video_c74,2,1,365.0329895019531,364.8999328613281,1P,1.0,fire_before_landing_interval,389.7669982910156,390.13299560546875,762,6,0.8571428571428571,363.0329895019531,0.9921875,0.9230769230769231,0.7692307692307693,0.7692307692307693,0.038461538461538464,1.0,0.6666666666666666,0.0
video_c74,22,0,1474.0660400390625,1473.5997314453125,2P,0.0,no_fire_before_landing_interval,1474.300048828125,1475.9329833984375,18,13,0.8333333333333334,1471.5,0.5806451612903226,0.8461538461538461,0.7692307692307693,0.5769230769230769,0.0,1.0,0.7195769006948961,0.0
video_c74,24,1,1579.7330322265625,1579.633056640625,2P,1.0,fire_before_landing_interval,1587.9659423828125,1589.199951171875,25,1,0.8,1578.699951171875,0.9615384615384616,0.6923076923076923,0.5384615384615384,0.5512820512820513,0.0,1.0,0.5081356949864906,0.0
video_c74,26,1,1722.666015625,1721.8330078125,1P,1.0,fire_before_landing_interval,1732.633056640625,1733.9329833984375,109,22,0.875,1722.5999755859375,0.83206106870229,0.46153846153846156,0.23076923076923078,0.3333333333333333,0.0,0.0,0.061948929348448416,0.0
video_c74,34,0,2186.60009765625,2186.19970703125,2P,1.0,fire_before_landing_interval,2189.89990234375,2190.365966796875,71,19,0.8333333333333334,2185.633056640625,0.788888888888889,0.8461538461538461,0.46153846153846156,0.5897435897435898,0.0,0.75,0.4916221918828348,0.0
video_c74,34,1,2190.10009765625,2189.899658203125,1P,0.0,no_fire_before_landing_interval,2197.133056640625,2198.0,24,17,0.8571428571428571,2189.800048828125,0.5853658536585366,0.6923076923076923,0.38461538461538464,0.4230769230769231,0.0,1.0,0.2307981220657277,0.0
video_c74,34,2,2207.699951171875,2207.432861328125,2P,0.0,no_fire_before_landing_interval,2207.865966796875,2209.73291015625,378,47,0.875,2206.199951171875,0.8894117647058823,0.9230769230769231,0.6923076923076923,0.8205128205128205,0.02564102564102564,0.0,0.6,0.0
video_c74,36,0,2353.3330078125,2353.23291015625,1P,0.0,no_fire_before_landing_interval,2355.56591796875,2357.199951171875,166,6,0.8,2352.133056640625,0.9651162790697675,0.8461538461538461,0.8461538461538461,0.7692307692307693,0.0,1.0,0.5454444567750527,0.0
video_c74,36,1,2359.199951171875,2358.99951171875,1P,0.0,no_fire_before_landing_interval,2384.3330078125,2384.56591796875,140,69,0.875,2358.39990234375,0.6698564593301436,0.9230769230769231,0.6153846153846154,0.6153846153846154,0.02564102564102564,0.75,0.44445951444459514,0.0
video_c74,40,2,2569.89990234375,2569.6328125,2P,1.0,fire_before_landing_interval,2583.43310546875,2584.0,440,19,0.875,2568.56591796875,0.9586056644880174,0.8461538461538461,0.3076923076923077,0.6153846153846154,0.02564102564102564,1.0,0.5715481171548117,0.0
video_c75,1,3,303.9330139160156,303.79998779296875,2P,0.0,no_fire_before_landing_interval,305.8999938964844,306.5669860839844,436,81,0.9166666666666666,303.8999938964844,0.8433268858800773,0.9230769230769231,0.5384615384615384,0.7435897435897436,0.1282051282051282,0.0,0.03196454948301329,0.0
video_c75,3,0,372.1000061035156,371.86663818359375,1P,0.0,no_fire_before_landing_interval,372.70001220703125,374.3999938964844,84,1,0.8,370.5329895019531,0.9882352941176471,0.7692307692307693,0.6153846153846154,0.5641025641025641,0.0,1.0,0.610442721955395,0.0
video_c75,6,5,562.4000244140625,562.0999755859375,2P,0.0,no_fire_before_landing_interval,563.5999755859375,563.8330078125,520,27,0.8333333333333334,561.6669921875,0.9506398537477148,0.9230769230769231,0.46153846153846156,0.5897435897435898,0.01282051282051282,1.0,0.42297668521518633,0.0
video_c75,15,0,1103.467041015625,1103.199951171875,2P,0.0,no_fire_before_landing_interval,1103.5,1104.300048828125,240,5,0.8333333333333334,1103.1669921875,0.9795918367346939,0.9230769230769231,0.5384615384615384,0.7307692307692307,0.0,1.0,0.2307981220657277,0.0
video_c75,16,0,1186.4000244140625,1186.2666015625,1P,0.0,no_fire_before_landing_interval,1189.7330322265625,1190.967041015625,691,400,0.95,1185.866943359375,0.6333638863428047,1.0,0.5384615384615384,0.717948717948718,0.0,1.0,0.34771876741778807,0.0
video_c75,19,0,1363.133056640625,1362.966552734375,1P,0.0,no_fire_before_landing_interval,1363.300048828125,1363.866943359375,150,3,0.8,1361.6669921875,0.9803921568627451,0.7692307692307693,0.6923076923076923,0.6923076923076923,0.0,1.0,0.5944955944955945,0.0
video_c75,20,3,1443.032958984375,1442.89990234375,1P,0.0,no_fire_before_landing_interval,1445.4329833984375,1445.5,209,18,0.8571428571428571,1441.967041015625,0.920704845814978,0.7692307692307693,0.46153846153846156,0.5641025641025641,0.02564102564102564,1.0,0.5159536752540771,0.0
video_c75,20,5,1477.4000244140625,1477.2664794921875,1P,0.0,no_fire_before_landing_interval,1479.0,1479.2669677734375,618,586,0.9411764705882353,1476.800048828125,0.5132890365448505,1.0,0.6923076923076923,0.782051282051282,0.05128205128205128,1.0,0.37499046311131456,0.0
video_c75,21,1,1526.5670166015625,1526.3665771484375,2P,1.0,fire_before_landing_interval,1527.199951171875,1528.2330322265625,900,13,0.8571428571428571,1523.5999755859375,0.9857612267250822,0.9230769230769231,0.6923076923076923,0.8589743589743589,0.038461538461538464,1.0,0.7479229491045603,0.0
video_c75,25,1,1780.032958984375,1779.8997802734375,2P,0.0,no_fire_before_landing_interval,1793.300048828125,1793.532958984375,1266,75,0.9166666666666666,1775.5,0.9440715883668904,0.9230769230769231,0.7692307692307693,0.8461538461538461,0.038461538461538464,1.0,0.8192648810837048,0.0
video_c75,27,1,1879.133056640625,1878.9998779296875,2P,0.0,no_fire_before_landing_interval,1880.5,1882.633056640625,94,28,0.8888888888888888,1878.4659423828125,0.7704918032786885,1.0,0.38461538461538464,0.7435897435897436,0.02564102564102564,1.0,0.40016108955114593,0.0
video_c75,28,3,1947.699951171875,1947.3997802734375,2P,0.0,no_fire_before_landing_interval,1955.2330322265625,1958.0660400390625,546,61,0.9,1944.199951171875,0.899505766062603,1.0,0.46153846153846156,0.6282051282051282,0.01282051282051282,1.0,0.7777777777777778,0.0
video_c75,29,0,1985.4659423828125,1985.2998046875,2P,1.0,fire_before_landing_interval,1989.9000244140625,1990.199951171875,75,20,0.8571428571428571,1984.0999755859375,0.7894736842105263,0.8461538461538461,0.46153846153846156,0.5384615384615384,0.0,1.0,0.5773397998142606,0.0
video_c75,38,2,2509.56591796875,2509.2998046875,2P,0.0,no_fire_before_landing_interval,2528.532958984375,2529.0,589,21,0.875,2507.5,0.9655737704918033,0.9230769230769231,0.6153846153846154,0.6282051282051282,0.0,1.0,0.6738334129638478,0.0
video_c75,41,2,2653.8330078125,2653.69970703125,2P,0.0,no_fire_before_landing_interval,2655.76611328125,2657.133056640625,240,118,0.9,2653.73291015625,0.6703910614525139,0.8461538461538461,0.6153846153846154,0.7948717948717948,0.0,1.0,0.09098979138925876,0.0
video_c75,46,4,2938.699951171875,2938.43310546875,2P,1.0,fire_before_landing_interval,2989.865966796875,2990.56591796875,1230,1,0.8,2927.06591796875,0.9991876523151909,0.9230769230769231,0.8461538461538461,0.8461538461538461,0.02564102564102564,1.0,0.9208487120524068,0.0
video_c75,47,7,3078.966064453125,3078.69970703125,2P,0.0,no_fire_before_landing_interval,3082.300048828125,3082.466064453125,63,7,0.8333333333333334,3077.26611328125,0.9,0.8461538461538461,0.15384615384615385,0.46153846153846156,0.01282051282051282,1.0,0.6296229315489646,0.0
video_c75,55,2,3538.26611328125,3538.133056640625,1P,1.0,fire_before_landing_interval,3563.89990234375,3564.865966796875,591,10,0.8,3536.23291015625,0.9833610648918469,1.0,0.8461538461538461,0.8717948717948718,0.20512820512820512,1.0,0.6703155183515775,0.0
video_c76,0,4,214.93299865722656,214.79998779296875,2P,0.0,no_fire_before_landing_interval,215.0,216.10000610351562,1300,1082,0.9,213.89999389648438,0.54575986565911,1.0,0.6923076923076923,0.7948717948717948,0.02564102564102564,1.0,0.5081172364618907,0.0
video_c76,1,0,259.1669921875,258.89996337890625,1P,0.0,no_fire_before_landing_interval,259.20001220703125,259.79998779296875,289,3,0.8,258.1000061035156,0.9897260273972602,0.9230769230769231,0.6153846153846154,0.7692307692307693,0.0,1.0,0.5162038062334825,0.0
video_c76,6,1,552.1669921875,552.0665893554688,2P,0.0,no_fire_before_landing_interval,553.0999755859375,557.0330200195312,236,12,0.8571428571428571,550.5670166015625,0.9516129032258065,1.0,0.46153846153846156,0.7564102564102564,0.01282051282051282,1.0,0.6153810038029954,0.0
video_c76,7,3,607.0999755859375,606.9666137695312,2P,0.0,no_fire_before_landing_interval,610.1329956054688,612.0330200195312,770,18,0.8888888888888888,606.2000122070312,0.9771573604060914,0.9230769230769231,0.3076923076923077,0.6666666666666666,0.02564102564102564,1.0,0.47367406598348805,0.0
video_c76,7,6,625.5,625.2999267578125,2P,0.0,no_fire_before_landing_interval,629.6669921875,630.7329711914062,81,12,0.8571428571428571,624.2670288085938,0.8709677419354839,0.9230769230769231,0.6153846153846154,0.782051282051282,0.1282051282051282,1.0,0.5521661883285499,0.0
video_c76,8,4,706.3330078125,706.199951171875,1P,0.0,no_fire_before_landing_interval,706.6329956054688,707.9329833984375,439,1,0.8,706.2329711914062,0.9977272727272727,0.9230769230769231,0.5384615384615384,0.7948717948717948,0.05128205128205128,1.0,0.09093935526826832,0.0
video_c76,13,0,1033.866943359375,1033.6666259765625,1P,0.0,no_fire_before_landing_interval,1034.0,1034.5999755859375,94,20,0.8571428571428571,1033.633056640625,0.8245614035087719,0.9230769230769231,0.46153846153846156,0.5512820512820513,0.01282051282051282,1.0,0.18955282944202612,0.0
video_c76,17,3,1269.5,1269.3665771484375,2P,0.0,no_fire_before_landing_interval,1275.2669677734375,1275.9329833984375,495,205,0.9375,1269.199951171875,0.7071428571428572,0.8461538461538461,0.6923076923076923,0.782051282051282,0.01282051282051282,1.0,0.2307981220657277,0.0
video_c76,18,0,1334.199951171875,1334.0665283203125,2P,0.0,no_fire_before_landing_interval,1340.866943359375,1341.2669677734375,576,6,0.8571428571428571,1333.2669677734375,0.9896907216494846,0.9230769230769231,0.6923076923076923,0.717948717948718,0.0,1.0,0.482664982633407,0.0
video_c76,19,0,1390.5670166015625,1390.39990234375,2P,1.0,fire_before_landing_interval,1430.0670166015625,1430.2330322265625,146,22,0.8888888888888888,1390.3330078125,0.8690476190476191,1.0,0.5384615384615384,0.7435897435897436,0.02564102564102564,1.0,0.18963300029676525,0.0
video_c76,22,2,1599.3330078125,1599.1998291015625,1P,1.0,fire_before_landing_interval,1600.2669677734375,1602.0670166015625,464,160,0.9285714285714286,1594.5,0.7435897435897436,0.9230769230769231,0.8461538461538461,0.8589743589743589,0.038461538461538464,1.0,0.828561861711033,0.0
video_c76,23,3,1665.032958984375,1664.7664794921875,1P,1.0,fire_before_landing_interval,1682.5670166015625,1683.800048828125,305,90,0.9166666666666666,1660.2330322265625,0.7721518987341771,0.7692307692307693,0.38461538461538464,0.5128205128205128,0.0,1.0,0.8275840296339949,0.0
video_c76,25,2,1821.032958984375,1820.89990234375,1P,1.0,fire_before_landing_interval,1825.967041015625,1827.4329833984375,308,214,0.9375,1816.4000244140625,0.5900383141762452,0.9230769230769231,0.7692307692307693,0.8461538461538461,0.0,0.0,0.8224726405894464,0.0
video_c76,27,2,1935.9659423828125,1935.6998291015625,1P,0.0,no_fire_before_landing_interval,1936.7659912109375,1938.2330322265625,35,26,0.8333333333333334,1933.0999755859375,0.5737704918032787,0.9230769230769231,0.6923076923076923,0.7435897435897436,0.10256410256410256,1.0,0.7413324913167035,0.0
video_c76,36,1,2443.966064453125,2443.8330078125,1P,0.0,no_fire_before_landing_interval,2444.23291015625,2445.43310546875,42,23,0.8888888888888888,2443.76611328125,0.6461538461538461,0.6923076923076923,0.3076923076923077,0.44871794871794873,0.0,1.0,0.16663275686673448,0.0
video_c76,50,1,3327.532958984375,3327.399658203125,1P,0.0,no_fire_before_landing_interval,3342.199951171875,3342.23291015625,386,98,0.9,3323.39990234375,0.7975206611570249,0.9230769230769231,0.5384615384615384,0.7564102564102564,0.0,1.0,0.8051843043995244,0.0
video_c76,56,0,3706.300048828125,3706.133056640625,2P,0.0,no_fire_before_landing_interval,3717.865966796875,3718.06591796875,141,2,0.8,3705.666015625,0.986013986013986,0.8461538461538461,0.5384615384615384,0.6666666666666666,0.0,1.0,0.38801733154041534,0.0
video_c77,1,0,208.33299255371094,208.1999969482422,2P,1.0,fire_before_landing_interval,217.0,217.23300170898438,19,6,0.8,207.0330047607422,0.7600000000000001,0.8461538461538461,0.7692307692307693,0.5897435897435898,0.0,1.0,0.5652150837247565,0.0
video_c77,10,2,633.9329833984375,633.7666625976562,2P,0.0,no_fire_before_landing_interval,642.9329833984375,643.0670166015625,555,17,0.8571428571428571,631.2670288085938,0.9702797202797203,0.9230769230769231,0.6923076923076923,0.7307692307692307,0.01282051282051282,1.0,0.7272197525931106,0.0
video_c77,12,2,804.6669921875,804.4000244140625,2P,0.0,no_fire_before_landing_interval,812.3670043945312,813.0,124,111,0.9166666666666666,803.4329833984375,0.527659574468085,0.8461538461538461,0.7692307692307693,0.7051282051282052,0.32051282051282054,0.75,0.5523741872028851,0.0
video_c77,16,3,985.5999755859375,985.4666748046875,2P,1.0,fire_before_landing_interval,992.3330078125,993.5999755859375,22,15,0.8888888888888888,984.7999877929688,0.5945945945945945,0.46153846153846156,0.3076923076923077,0.23076923076923078,0.0,1.0,0.44444067681665594,0.0
video_c77,16,6,1010.0670166015625,1009.8666381835938,1P,0.0,no_fire_before_landing_interval,1011.2999877929688,1013.7999877929688,26,18,0.875,1009.4329833984375,0.5909090909090908,1.0,0.6153846153846154,0.8205128205128205,0.3717948717948718,0.0,0.38801733154041534,0.0
video_c77,29,4,1636.800048828125,1636.566650390625,1P,1.0,fire_before_landing_interval,1644.2669677734375,1644.532958984375,138,98,0.9166666666666666,1635.467041015625,0.5847457627118644,0.8461538461538461,0.46153846153846156,0.5512820512820513,0.1794871794871795,0.0,0.5713687735454165,0.0
video_c77,30,3,1715.467041015625,1715.199951171875,1P,1.0,fire_before_landing_interval,1735.0,1745.199951171875,154,19,0.875,1715.366943359375,0.8901734104046243,0.6153846153846154,0.38461538461538464,0.4230769230769231,0.038461538461538464,1.0,0.09098979138925876,0.0
video_c77,39,0,2151.532958984375,2151.39990234375,2P,0.0,no_fire_before_landing_interval,2152.73291015625,2154.93310546875,516,22,0.8571428571428571,2150.60009765625,0.9591078066914498,0.7692307692307693,0.6153846153846154,0.6153846153846154,0.0,1.0,0.4826323102185171,0.0
video_c77,43,0,2300.866943359375,2300.7666015625,2P,0.0,no_fire_before_landing_interval,2300.89990234375,2302.23291015625,85,25,0.8571428571428571,2299.633056640625,0.7727272727272726,1.0,0.46153846153846156,0.6666666666666666,0.0,0.0,0.5523497267759563,0.0
video_c77,44,2,2339.800048828125,2339.699951171875,2P,0.0,no_fire_before_landing_interval,2340.5,2341.26708984375,160,15,0.8571428571428571,2337.89990234375,0.9142857142857143,0.9230769230769231,0.46153846153846156,0.6282051282051282,0.0,1.0,0.6551898307938379,0.0
video_c77,48,1,2563.467041015625,2563.36669921875,2P,1.0,fire_before_landing_interval,2580.5,2589.5,76,16,0.8571428571428571,2562.800048828125,0.8260869565217391,1.0,0.7692307692307693,0.7307692307692307,0.038461538461538464,1.0,0.4001171646162859,0.0
video_c77,52,1,2825.89990234375,2825.699951171875,1P,0.0,no_fire_before_landing_interval,2826.23291015625,2827.699951171875,672,1,0.8,2825.43310546875,0.9985141158989599,0.7692307692307693,0.5384615384615384,0.6410256410256411,0.0,0.0,0.3182423435419441,0.0
video_c78,5,4,492.29998779296875,491.8666687011719,1P,0.0,no_fire_before_landing_interval,493.79998779296875,494.70001220703125,5,5,0.8333333333333334,491.3330078125,0.5,0.23076923076923078,0.15384615384615385,0.11538461538461539,0.02564102564102564,1.0,0.4916064169795513,0.0
video_c78,8,2,622.6329956054688,622.3666381835938,2P,1.0,fire_before_landing_interval,637.5999755859375,637.7670288085938,233,2,0.8,620.6669921875,0.9914893617021276,0.7692307692307693,0.6153846153846154,0.6538461538461539,0.0,1.0,0.6628459718077991,0.0
video_c78,8,3,623.8330078125,623.566650390625,1P,0.0,no_fire_before_landing_interval,633.5,636.0999755859375,65,20,0.875,623.0,0.7647058823529411,0.9230769230769231,0.8461538461538461,0.6410256410256411,0.0,1.0,0.45444858817261585,0.0
video_c78,9,1,669.2329711914062,668.4000244140625,1P,1.0,fire_before_landing_interval,689.4329833984375,690.7329711914062,202,26,0.875,669.0,0.8859649122807016,0.6923076923076923,0.38461538461538464,0.4358974358974359,0.0,1.0,0.1889510420276224,0.0
video_c78,9,3,678.5330200195312,678.2999877929688,2P,0.0,no_fire_before_landing_interval,678.6329956054688,679.1329956054688,380,5,0.8333333333333334,677.2670288085938,0.987012987012987,0.8461538461538461,0.38461538461538464,0.5256410256410257,0.0,1.0,0.5586920217637236,0.0
video_c78,13,6,967.5999755859375,967.2000122070312,1P,0.0,no_fire_before_landing_interval,969.6669921875,970.4329833984375,32,7,0.8333333333333334,967.2000122070312,0.8205128205128205,0.9230769230769231,0.8461538461538461,0.8717948717948718,0.2948717948717949,1.0,0.28569560099402713,0.0
video_c78,14,1,997.9000244140625,997.7666625976562,1P,0.0,no_fire_before_landing_interval,999.7670288085938,1000.3670043945312,36,34,0.8888888888888888,997.7999877929688,0.5142857142857143,0.3076923076923077,0.23076923076923078,0.2564102564102564,0.0,1.0,0.09093935526826832,0.0
video_c78,14,5,1035.366943359375,1035.199951171875,1P,0.0,no_fire_before_landing_interval,1035.633056640625,1036.5670166015625,90,20,0.8888888888888888,1033.967041015625,0.8181818181818182,0.8461538461538461,0.6153846153846154,0.7051282051282052,0.0641025641025641,1.0,0.5833163784333673,0.0
video_c78,18,0,1279.7330322265625,1279.4666748046875,2P,1.0,fire_before_landing_interval,1295.0670166015625,1295.199951171875,471,100,0.9166666666666666,1278.7669677734375,0.8248686514886164,0.8461538461538461,0.46153846153846156,0.7307692307692307,0.0,1.0,0.49136967589718117,0.0
video_c78,18,1,1289.5999755859375,1289.4666748046875,1P,0.0,no_fire_before_landing_interval,1291.5670166015625,1292.366943359375,227,14,0.8888888888888888,1289.2669677734375,0.941908713692946,0.7692307692307693,0.3076923076923077,0.6025641025641025,0.0,1.0,0.24981684981684982,0.0
video_c78,25,2,1612.1669921875,1611.9000244140625,1P,1.0,fire_before_landing_interval,1615.7669677734375,1617.8330078125,33,18,0.875,1611.8330078125,0.6470588235294118,0.7692307692307693,0.6153846153846154,0.6153846153846154,0.0,1.0,0.25036603221083453,0.0
video_c78,27,1,1699.699951171875,1699.566650390625,2P,1.0,fire_before_landing_interval,1715.9329833984375,1716.1669921875,451,222,0.9285714285714286,1699.0,0.6701337295690936,0.8461538461538461,0.6923076923076923,0.6538461538461539,0.02564102564102564,1.0,0.41174780985207526,0.0
video_c78,28,4,1760.366943359375,1760.0999755859375,1P,1.0,fire_before_landing_interval,1767.7669677734375,1769.1669921875,518,2,0.8,1759.532958984375,0.9961538461538462,0.9230769230769231,0.6153846153846154,0.7051282051282052,0.07692307692307693,1.0,0.4547390841320554,0.0
video_c78,28,5,1768.5999755859375,1767.7667236328125,2P,0.0,no_fire_before_landing_interval,1769.199951171875,1769.4000244140625,166,23,0.875,1768.4329833984375,0.8783068783068783,0.6153846153846154,0.6153846153846154,0.5,0.0,1.0,0.14309623430962343,0.0
video_c78,29,0,1797.366943359375,1797.199951171875,2P,0.0,no_fire_before_landing_interval,1797.9000244140625,1799.133056640625,87,20,0.8571428571428571,1796.6669921875,0.8130841121495327,0.7692307692307693,0.5384615384615384,0.5897435897435898,0.0,1.0,0.41174780985207526,0.0
video_c78,36,1,2133.866943359375,2133.7666015625,1P,0.0,no_fire_before_landing_interval,2136.43310546875,2139.133056640625,464,18,0.8571428571428571,2133.8330078125,0.9626556016597511,0.9230769230769231,0.46153846153846156,0.6923076923076923,0.0,1.0,0.03282172373081464,0.0
video_c78,39,3,2265.23291015625,2264.966552734375,1P,0.0,no_fire_before_landing_interval,2270.23291015625,2270.366943359375,158,20,0.875,2264.39990234375,0.8876404494382023,0.9230769230769231,0.6153846153846154,0.8461538461538461,0.19230769230769232,1.0,0.45444858817261585,0.0
video_c78,45,3,2684.699951171875,2684.566650390625,2P,0.0,no_fire_before_landing_interval,2685.23291015625,2685.6669921875,82,30,0.8571428571428571,2683.133056640625,0.7321428571428571,0.7692307692307693,0.46153846153846156,0.5769230769230769,0.14102564102564102,1.0,0.6104241963096824,0.0
video_c78,46,6,2741.76708984375,2741.60009765625,2P,1.0,fire_before_landing_interval,2752.5,2753.699951171875,258,15,0.8571428571428571,2740.56689453125,0.945054945054945,0.7692307692307693,0.7692307692307693,0.6794871794871795,0.01282051282051282,1.0,0.5454948956946294,0.0
video_c78,51,2,2963.10009765625,2962.86669921875,2P,1.0,fire_before_landing_interval,2965.76708984375,2966.56689453125,36,18,0.8333333333333334,2963.0,0.6666666666666666,0.7692307692307693,0.38461538461538464,0.48717948717948717,0.05128205128205128,1.0,0.09098979138925876,0.0
video_c79,0,4,144.5,144.09996032714844,1P,0.0,no_fire_before_landing_interval,163.5,164.26699829101562,1,1,0.8,144.5,0.5,0.07692307692307693,0.07692307692307693,0.038461538461538464,0.0,1.0,0.0,0.0
video_c79,1,2,239.26699829101562,239.0666046142578,2P,0.0,no_fire_before_landing_interval,241.0,241.89999389648438,501,10,0.8571428571428571,238.93299865722656,0.9804305283757339,0.6923076923076923,0.5384615384615384,0.6153846153846154,0.01282051282051282,1.0,0.25037460680583357,0.0
video_c79,2,0,297.63299560546875,297.3999328613281,2P,0.0,no_fire_before_landing_interval,305.79998779296875,306.63299560546875,145,35,0.9,297.13299560546875,0.8055555555555556,0.9230769230769231,0.3076923076923077,0.47435897435897434,0.0,1.0,0.3333333333333333,0.0
video_c79,6,1,512.2000122070312,511.9998474121094,2P,0.0,no_fire_before_landing_interval,512.3670043945312,512.9000244140625,636,1,0.8,510.0669860839844,0.9984301412872841,0.8461538461538461,0.46153846153846156,0.6538461538461539,0.0,1.0,0.6808197695372238,0.0
video_c79,11,0,799.2000122070312,798.999755859375,1P,0.0,no_fire_before_landing_interval,799.8660278320312,802.2999877929688,153,13,0.8571428571428571,798.2999877929688,0.9216867469879518,0.6153846153846154,0.38461538461538464,0.41025641025641024,0.0,1.0,0.47369097333761645,0.0
video_c79,15,1,1050.2330322265625,1050.0997314453125,2P,1.0,fire_before_landing_interval,1057.5999755859375,1057.699951171875,69,5,0.8571428571428571,1047.8330078125,0.9324324324324325,0.7692307692307693,0.7692307692307693,0.6538461538461539,0.0641025641025641,1.0,0.7058844648691344,0.0
video_c79,17,2,1181.9329833984375,1181.7996826171875,1P,1.0,fire_before_landing_interval,1187.4000244140625,1193.133056640625,454,28,0.8888888888888888,1181.666015625,0.941908713692946,0.9230769230769231,0.6153846153846154,0.6794871794871795,0.02564102564102564,1.0,0.21071394161287216,0.0
video_c79,20,1,1328.7659912109375,1328.532958984375,2P,0.0,no_fire_before_landing_interval,1336.199951171875,1337.0999755859375,5,5,0.8333333333333334,1328.666015625,0.5,0.46153846153846156,0.3076923076923077,0.2948717948717949,0.0,1.0,0.09088891355010542,0.0
video_c79,21,0,1370.9000244140625,1370.6995849609375,1P,1.0,fire_before_landing_interval,1402.032958984375,1403.800048828125,30,14,0.8571428571428571,1369.5660400390625,0.6818181818181818,0.7692307692307693,0.6923076923076923,0.5384615384615384,0.0,0.0,0.5715481171548117,0.0
video_c79,21,1,1394.9329833984375,1394.799560546875,2P,0.0,no_fire_before_landing_interval,1405.0660400390625,1405.199951171875,502,1,0.8,1393.7330322265625,0.9980119284294234,0.9230769230769231,0.38461538461538464,0.6282051282051282,0.08974358974358974,1.0,0.5454444567750527,0.0
video_c79,27,1,1716.4659423828125,1716.3328857421875,1P,0.0,no_fire_before_landing_interval,1717.199951171875,1718.4659423828125,351,13,0.8571428571428571,1715.0999755859375,0.9642857142857143,0.8461538461538461,0.46153846153846156,0.6794871794871795,0.05128205128205128,1.0,0.5773397998142606,0.0
video_c79,33,1,2145.633056640625,2145.53271484375,1P,0.0,no_fire_before_landing_interval,2148.3330078125,2149.56591796875,65,36,0.8888888888888888,2144.73291015625,0.6435643564356436,0.6153846153846154,0.6153846153846154,0.3974358974358974,0.0,1.0,0.4737247847873571,0.0
video_c79,36,3,2339.966064453125,2338.56591796875,1P,1.0,fire_before_landing_interval,2354.23291015625,2354.76611328125,138,41,0.8888888888888888,2339.73291015625,0.7709497206703911,1.0,0.23076923076923078,0.47435897435897434,0.0,1.0,0.1890714709958424,0.0
video_c79,36,4,2346.865966796875,2346.76611328125,2P,0.0,no_fire_before_landing_interval,2347.133056640625,2348.3330078125,69,6,0.8571428571428571,2346.365966796875,0.92,0.9230769230769231,0.23076923076923078,0.5256410256410257,0.0,1.0,0.3333333333333333,0.0
video_c79,41,0,2638.4990234375,2638.232666015625,1P,1.0,fire_before_landing_interval,2647.032958984375,2648.06591796875,454,10,0.8333333333333334,2637.3330078125,0.978448275862069,0.6923076923076923,0.6153846153846154,0.5128205128205128,0.0,1.0,0.5383228133453561,0.0
video_c79,42,1,2728.43310546875,2728.232666015625,2P,0.0,no_fire_before_landing_interval,2728.59912109375,2729.59912109375,16,8,0.8571428571428571,2726.198974609375,0.6666666666666666,0.6153846153846154,0.3076923076923077,0.358974358974359,0.0,1.0,0.6907979165093984,0.0
video_c79,43,3,2769.23291015625,2769.132568359375,1P,0.0,no_fire_before_landing_interval,2770.39892578125,2771.166015625,36,2,0.8,2767.966064453125,0.9473684210526315,0.7692307692307693,0.5384615384615384,0.5384615384615384,0.02564102564102564,1.0,0.5588583737210555,0.0
video_c79,47,1,3013.698974609375,3013.56591796875,2P,1.0,fire_before_landing_interval,3040.8330078125,3041.032958984375,43,21,0.8888888888888888,3013.698974609375,0.671875,0.6923076923076923,0.5384615384615384,0.5256410256410257,0.0,1.0,0.0,0.0
video_c79,55,1,3469.23193359375,3469.09912109375,1P,0.0,no_fire_before_landing_interval,3471.632080078125,3472.632080078125,155,19,0.8888888888888888,3468.799072265625,0.8908045977011494,0.5384615384615384,0.38461538461538464,0.4230769230769231,0.0,1.0,0.30209575736922817,0.0
video_c79,55,5,3492.132080078125,3491.9990234375,2P,0.0,no_fire_before_landing_interval,3492.666015625,3492.931884765625,439,14,0.8888888888888888,3492.06591796875,0.9690949227373067,0.9230769230769231,0.6923076923076923,0.8333333333333334,0.19230769230769232,1.0,0.06205633157774216,0.0
video_c79,56,4,3538.4990234375,3538.36572265625,1P,0.0,no_fire_before_landing_interval,3543.09912109375,3543.365966796875,300,36,0.8,3538.23193359375,0.8928571428571429,0.9230769230769231,0.6923076923076923,0.7948717948717948,0.038461538461538464,1.0,0.21078998073217725,0.0
video_c79,57,1,3604.132080078125,3603.9990234375,2P,1.0,fire_before_landing_interval,3618.39892578125,3618.59912109375,400,1,0.8,3603.632080078125,0.9975062344139651,0.9230769230769231,0.46153846153846156,0.6923076923076923,0.0,0.0,0.3333333333333333,0.0
video_c8,0,1,155.0,154.86663818359375,1P,0.0,no_fire_before_landing_interval,156.43299865722656,156.6999969482422,3495,1940,0.9411764705882353,153.43299865722656,0.6430542778288869,0.9230769230769231,0.6153846153846154,0.6923076923076923,0.0,1.0,0.6104404063460361,0.0
video_c8,4,1,423.0669860839844,422.7999267578125,2P,1.0,fire_before_landing_interval,434.13299560546875,435.0669860839844,982,754,0.95,422.6000061035156,0.565668202764977,1.0,0.8461538461538461,0.8846153846153846,0.0,1.0,0.3183274391512378,0.0
video_c8,6,4,558.7000122070312,558.5665893554688,1P,0.0,no_fire_before_landing_interval,559.9329833984375,561.5999755859375,213,14,0.8571428571428571,557.6329956054688,0.9383259911894272,0.9230769230769231,0.8461538461538461,0.8333333333333334,0.3076923076923077,1.0,0.5162109490344298,0.0
video_c8,10,1,730.5999755859375,730.466552734375,2P,0.0,no_fire_before_landing_interval,730.6329956054688,731.6329956054688,7,1,0.8,730.4329833984375,0.875,0.9230769230769231,0.7692307692307693,0.782051282051282,0.0,1.0,0.14309623430962343,0.0
video_c8,11,1,819.4669799804688,819.2998657226562,1P,0.0,no_fire_before_landing_interval,822.5670166015625,823.3670043945312,205,38,0.9,818.0,0.8436213991769548,0.9230769230769231,0.6153846153846154,0.7307692307692307,0.01282051282051282,1.0,0.5946460822880328,0.0
video_c8,23,1,1719.032958984375,1718.899658203125,2P,1.0,fire_before_landing_interval,1736.633056640625,1737.9000244140625,50,2,0.8,1718.4000244140625,0.9615384615384616,0.8461538461538461,0.6923076923076923,0.6153846153846154,0.02564102564102564,1.0,0.38760559168722436,0.0
video_c8,26,0,1931.5660400390625,1931.4329833984375,2P,0.0,no_fire_before_landing_interval,1931.5999755859375,1931.9659423828125,11,7,0.8,1931.532958984375,0.6111111111111112,0.9230769230769231,0.5384615384615384,0.6282051282051282,0.0,1.0,0.032021741699161055,0.0
video_c8,29,0,2100.8330078125,2100.633056640625,1P,0.0,no_fire_before_landing_interval,2101.06591796875,2102.032958984375,10,5,0.8571428571428571,2100.800048828125,0.6666666666666666,0.9230769230769231,0.46153846153846156,0.7564102564102564,0.02564102564102564,1.0,0.0319073505081541,0.0
video_c8,32,4,2298.966064453125,2298.73291015625,1P,1.0,fire_before_landing_interval,2309.666015625,2310.365966796875,84,1,0.8,2298.532958984375,0.9882352941176471,0.8461538461538461,0.23076923076923078,0.47435897435897434,0.02564102564102564,1.0,0.30221465076660986,0.0
video_c8,34,1,2483.365966796875,2483.1328125,1P,1.0,fire_before_landing_interval,2488.39990234375,2488.76611328125,22,17,0.8333333333333334,2481.133056640625,0.5641025641025642,1.0,0.6923076923076923,0.8461538461538461,0.41025641025641024,1.0,0.690681165987011,0.0
video_c8,34,2,2486.365966796875,2486.23291015625,2P,0.0,no_fire_before_landing_interval,2487.300048828125,2487.73291015625,33,5,0.8571428571428571,2485.56591796875,0.868421052631579,0.6923076923076923,0.46153846153846156,0.2948717948717949,0.0,1.0,0.44445951444459514,0.0
video_c8,41,0,2847.966064453125,2847.832763671875,2P,0.0,no_fire_before_landing_interval,2853.800048828125,2854.032958984375,206,97,0.9166666666666666,2847.199951171875,0.6798679867986799,0.9230769230769231,0.8461538461538461,0.6794871794871795,0.0,1.0,0.43378490461708596,0.0
video_c8,45,0,3083.365966796875,3083.23291015625,2P,0.0,no_fire_before_landing_interval,3083.365966796875,3084.73291015625,248,6,0.8571428571428571,3083.365966796875,0.9763779527559056,0.9230769230769231,0.38461538461538464,0.6666666666666666,0.0,1.0,0.0,0.0
video_c8,45,2,3093.76611328125,3093.6328125,2P,0.0,no_fire_before_landing_interval,3095.73291015625,3095.966064453125,142,14,0.8888888888888888,3093.166015625,0.9102564102564102,0.6923076923076923,0.6923076923076923,0.5897435897435898,0.038461538461538464,1.0,0.3750381446444919,0.0
video_c8,46,0,3125.966064453125,3125.932861328125,1P,0.0,no_fire_before_landing_interval,3130.466064453125,3130.865966796875,69,6,0.8,3124.73291015625,0.92,0.6153846153846154,0.0,0.4230769230769231,0.0,1.0,0.5522029080572866,0.0
video_c8,50,0,3406.865966796875,3406.732666015625,1P,1.0,fire_before_landing_interval,3421.56591796875,3422.06591796875,107,21,0.8888888888888888,3406.032958984375,0.8359375,1.0,0.6923076923076923,0.6282051282051282,0.01282051282051282,1.0,0.45444858817261585,0.0
video_c80,1,0,193.83299255371094,193.699951171875,2P,0.0,no_fire_before_landing_interval,194.0330047607422,195.8000030517578,42,6,0.8,192.89999389648438,0.875,0.7692307692307693,0.07692307692307693,0.5256410256410257,0.0,1.0,0.4826690663951185,0.0
video_c80,6,0,477.5,477.26654052734375,2P,0.0,no_fire_before_landing_interval,478.29998779296875,478.5669860839844,75,16,0.875,476.5,0.8241758241758241,0.9230769230769231,0.38461538461538464,0.7435897435897436,0.0641025641025641,1.0,0.5,0.0
video_c80,6,1,480.7330017089844,480.599853515625,1P,0.0,no_fire_before_landing_interval,484.0,484.0669860839844,41,18,0.8571428571428571,480.1000061035156,0.6949152542372882,0.8461538461538461,0.0,0.5512820512820513,0.01282051282051282,1.0,0.38762848065782096,0.0
video_c80,7,0,540.7329711914062,540.4998779296875,1P,0.0,no_fire_before_landing_interval,542.4329833984375,542.8330078125,1153,1,0.8,540.0330200195312,0.9991334488734835,0.9230769230769231,0.8461538461538461,0.7435897435897436,0.0,1.0,0.41174780985207526,0.0
video_c80,13,3,985.9329833984375,985.7997436523438,1P,0.0,no_fire_before_landing_interval,990.8660278320312,991.4329833984375,6,5,0.8571428571428571,985.0,0.5454545454545454,0.5384615384615384,0.15384615384615385,0.15384615384615385,0.0,1.0,0.482664982633407,0.0
video_c80,15,0,1115.4000244140625,1115.133056640625,2P,0.0,no_fire_before_landing_interval,1116.5,1117.5660400390625,85,6,0.8333333333333334,1115.4000244140625,0.9340659340659341,1.0,0.6153846153846154,0.8846153846153846,0.038461538461538464,1.0,0.0,0.0
video_c80,16,1,1195.4329833984375,1194.599609375,1P,1.0,fire_before_landing_interval,1198.2330322265625,1200.5999755859375,80,10,0.8333333333333334,1193.9659423828125,0.8888888888888888,0.6923076923076923,0.6923076923076923,0.4358974358974359,0.02564102564102564,1.0,0.5946561108362197,0.0
video_c80,17,0,1257.2659912109375,1256.9996337890625,1P,0.0,no_fire_before_landing_interval,1257.800048828125,1258.532958984375,38,14,0.875,1256.300048828125,0.7307692307692307,0.7692307692307693,0.46153846153846156,0.5128205128205128,0.0,1.0,0.49133809375970194,0.0
video_c80,18,2,1330.7330322265625,1330.2996826171875,2P,0.0,no_fire_before_landing_interval,1338.5660400390625,1340.166015625,756,24,0.875,1325.4329833984375,0.9692307692307692,0.7692307692307693,0.6153846153846154,0.7051282051282052,0.0,1.0,0.8412710714977718,0.0
video_c80,20,1,1446.166015625,1446.032958984375,1P,0.0,no_fire_before_landing_interval,1461.5,1461.5660400390625,16,1,0.8,1441.532958984375,0.9411764705882353,0.6923076923076923,0.0,0.3333333333333333,0.0,1.0,0.8224764876695705,0.0
video_c80,24,0,1676.365966796875,1676.23291015625,1P,0.0,no_fire_before_landing_interval,1676.5999755859375,1677.800048828125,1501,203,0.9375,1675.4329833984375,0.8808685446009389,0.9230769230769231,0.7692307692307693,0.8205128205128205,0.0,1.0,0.482664982633407,0.0
video_c80,25,2,1736.300048828125,1735.932861328125,1P,0.0,no_fire_before_landing_interval,1737.4000244140625,1737.666015625,408,39,0.9,1734.633056640625,0.912751677852349,1.0,0.6923076923076923,0.7692307692307693,0.0,1.0,0.6250457707799341,0.0
video_c80,31,2,2073.466064453125,2073.332763671875,2P,0.0,no_fire_before_landing_interval,2078.633056640625,2079.966064453125,1138,239,0.9285714285714286,2058.76611328125,0.8264342774146696,0.8461538461538461,0.7692307692307693,0.7948717948717948,0.0,1.0,0.9363055343897243,0.0
video_c80,35,0,2280.032958984375,2279.76611328125,2P,0.0,no_fire_before_landing_interval,2280.06591796875,2281.633056640625,81,8,0.8333333333333334,2279.93310546875,0.9101123595505618,0.6923076923076923,0.3076923076923077,0.5,0.0,1.0,0.09078801331853496,0.0
video_c80,36,5,2345.73291015625,2345.53271484375,2P,0.0,no_fire_before_landing_interval,2345.865966796875,2345.89892578125,720,19,0.875,2343.23291015625,0.9742895805142084,0.9230769230769231,0.6153846153846154,0.8717948717948718,0.1794871794871795,1.0,0.7142857142857143,0.0
video_c80,38,4,2469.166015625,2469.03271484375,1P,0.0,no_fire_before_landing_interval,2485.966064453125,2487.032958984375,1,1,0.8,2468.9990234375,0.5,0.6923076923076923,0.46153846153846156,0.5512820512820513,0.0,1.0,0.14309623430962343,0.0
video_c80,43,0,2739.26611328125,2739.166015625,2P,0.0,no_fire_before_landing_interval,2753.89892578125,2754.698974609375,243,14,0.8,2738.39892578125,0.9455252918287937,0.9230769230769231,0.5384615384615384,0.6025641025641025,0.0,1.0,0.46443514644351463,0.0
video_c80,49,0,3106.931884765625,3106.799072265625,2P,0.0,no_fire_before_landing_interval,3107.23193359375,3107.89892578125,218,17,0.8888888888888888,3105.76611328125,0.9276595744680851,0.7692307692307693,0.5384615384615384,0.5897435897435898,0.0,1.0,0.538270769924473,0.0
video_c80,49,4,3133.632080078125,3133.4658203125,2P,0.0,no_fire_before_landing_interval,3134.33203125,3138.666015625,92,28,0.8571428571428571,3131.698974609375,0.7666666666666666,0.7692307692307693,0.6153846153846154,0.6025641025641025,0.0641025641025641,1.0,0.6590644248376893,0.0
video_c80,53,0,3351.56591796875,3351.265625,1P,0.0,no_fire_before_landing_interval,3352.06591796875,3352.166015625,295,2,0.8,3350.132080078125,0.9932659932659933,0.6923076923076923,0.6153846153846154,0.5128205128205128,0.0,1.0,0.5891262915036614,0.0
video_c80,54,0,3399.198974609375,3399.065673828125,1P,0.0,no_fire_before_landing_interval,3399.299072265625,3400.09912109375,22,2,0.8,3398.26611328125,0.9166666666666666,0.8461538461538461,0.6923076923076923,0.6923076923076923,0.0,1.0,0.4826323102185171,0.0
video_c81,7,0,607.6669921875,607.2999267578125,1P,0.0,no_fire_before_landing_interval,613.7329711914062,616.7000122070312,93,20,0.8333333333333334,607.5999755859375,0.8230088495575222,0.5384615384615384,0.38461538461538464,0.44871794871794873,0.0,1.0,0.06280745910078939,0.0
video_c81,10,0,736.6329956054688,736.4999389648438,1P,1.0,fire_before_landing_interval,742.0670166015625,744.0,233,17,0.8571428571428571,735.7999877929688,0.932,1.0,0.6923076923076923,0.7564102564102564,0.0,1.0,0.45444858817261585,0.0
video_c81,10,1,742.8670043945312,742.0665893554688,2P,0.0,no_fire_before_landing_interval,746.9669799804688,747.2329711914062,197,44,0.9,742.2000122070312,0.8174273858921162,0.5384615384615384,0.23076923076923078,0.38461538461538464,0.0,1.0,0.4001171646162859,0.0
video_c81,15,7,934.7999877929688,933.7666015625,2P,1.0,fire_before_landing_interval,942.1669921875,942.9000244140625,703,18,0.8571428571428571,926.4669799804688,0.9750346740638003,0.8461538461538461,0.5384615384615384,0.7307692307692307,0.0,1.0,0.8928534058805064,0.0
video_c81,20,3,1154.4329833984375,1154.2666015625,2P,1.0,fire_before_landing_interval,1160.5,1163.300048828125,140,6,0.8571428571428571,1153.0999755859375,0.958904109589041,0.9230769230769231,0.7692307692307693,0.6794871794871795,0.0,1.0,0.5713687735454165,0.0
video_c81,24,0,1337.2669677734375,1336.6998291015625,2P,0.0,no_fire_before_landing_interval,1342.0999755859375,1342.3330078125,1,1,0.75,1337.1669921875,0.5,0.15384615384615385,0.07692307692307693,0.05128205128205128,0.0,1.0,0.09088891355010542,0.0
video_c81,27,0,1509.633056640625,1509.3665771484375,1P,0.0,no_fire_before_landing_interval,1531.9329833984375,1533.5999755859375,705,20,0.875,1509.532958984375,0.9724137931034482,0.9230769230769231,0.6153846153846154,0.7435897435897436,0.0,1.0,0.09098979138925876,0.0
video_c81,31,1,1674.800048828125,1674.599853515625,1P,0.0,no_fire_before_landing_interval,1683.8330078125,1684.032958984375,313,14,0.8571428571428571,1672.967041015625,0.9571865443425076,0.9230769230769231,0.5384615384615384,0.6410256410256411,0.08974358974358974,1.0,0.64701826956222,0.0
video_c81,32,1,1741.4329833984375,1741.2998046875,1P,0.0,no_fire_before_landing_interval,1742.865966796875,1743.2659912109375,347,332,0.9375,1741.166015625,0.5110456553755522,0.8461538461538461,0.8461538461538461,0.5384615384615384,0.0,1.0,0.21071394161287216,0.0
video_c81,43,0,2345.10009765625,2344.899658203125,1P,0.0,no_fire_before_landing_interval,2346.43310546875,2346.60009765625,262,28,0.8571428571428571,2342.5,0.903448275862069,0.8461538461538461,0.6923076923076923,0.6153846153846154,0.0,1.0,0.7222297572222975,0.0
video_c81,45,3,2459.133056640625,2458.999755859375,2P,0.0,no_fire_before_landing_interval,2459.5,2461.06591796875,297,6,0.8571428571428571,2459.133056640625,0.9801980198019802,1.0,0.23076923076923078,0.5769230769230769,0.0,1.0,0.0,0.0
video_c81,51,0,2836.032958984375,2835.899658203125,2P,0.0,no_fire_before_landing_interval,2841.93310546875,2844.633056640625,127,7,0.8571428571428571,2832.8330078125,0.9477611940298507,0.9230769230769231,0.6923076923076923,0.717948717948718,0.0,1.0,0.761901993838284,0.0
video_c81,53,3,2924.633056640625,2924.43310546875,1P,0.0,no_fire_before_landing_interval,2924.93310546875,2925.865966796875,32,17,0.8571428571428571,2922.93310546875,0.6530612244897959,0.7692307692307693,0.3076923076923077,0.44871794871794873,0.0,1.0,0.6296229315489646,0.0
video_c81,58,2,3171.26611328125,3170.73291015625,1P,0.0,no_fire_before_landing_interval,3180.865966796875,3181.56591796875,96,8,0.8333333333333334,3170.89990234375,0.9230769230769231,0.9230769230769231,0.6153846153846154,0.8333333333333334,0.10256410256410256,1.0,0.268048606147248,0.0
video_c81,59,4,3232.5,3232.23291015625,2P,1.0,fire_before_landing_interval,3264.300048828125,3264.3330078125,427,5,0.8333333333333334,3232.300048828125,0.9884259259259259,0.7692307692307693,0.6153846153846154,0.5512820512820513,0.038461538461538464,1.0,0.16663275686673448,0.0
video_c82,5,0,363.86700439453125,363.5,2P,0.0,no_fire_before_landing_interval,364.1000061035156,364.5669860839844,13,3,0.8,362.7669982910156,0.8125,0.8461538461538461,0.5384615384615384,0.44871794871794873,0.0,1.0,0.5238109078226498,0.0
video_c82,8,0,535.3330078125,535.2000122070312,2P,1.0,fire_before_landing_interval,544.9669799804688,545.0999755859375,537,3,0.8,535.2670288085938,0.9944444444444445,0.7692307692307693,0.6923076923076923,0.717948717948718,0.0,1.0,0.061895219009447465,0.0
video_c82,12,6,809.1669921875,809.066650390625,2P,0.0,no_fire_before_landing_interval,810.1669921875,810.5330200195312,7,5,0.8,808.5330200195312,0.5833333333333334,1.0,0.7692307692307693,0.8076923076923077,0.23076923076923078,1.0,0.3879944716297486,0.0
video_c82,21,5,1256.866943359375,1256.36669921875,1P,1.0,fire_before_landing_interval,1261.6669921875,1262.4000244140625,26,3,0.75,1256.5670166015625,0.896551724137931,0.46153846153846156,0.3076923076923077,0.32051282051282054,0.0,1.0,0.23072588975490657,0.0
video_c82,21,7,1274.0670166015625,1273.9666748046875,2P,1.0,fire_before_landing_interval,1298.4000244140625,1300.633056640625,603,10,0.8571428571428571,1272.300048828125,0.9836867862969005,0.6923076923076923,0.6153846153846154,0.5897435897435898,0.0,1.0,0.6385935500948515,0.0
video_c82,30,1,1765.2330322265625,1765.0999755859375,1P,0.0,no_fire_before_landing_interval,1765.5999755859375,1766.4000244140625,140,42,0.9,1765.133056640625,0.7692307692307692,0.9230769230769231,0.5384615384615384,0.5128205128205128,0.0,0.5,0.09088891355010542,0.0
video_c82,32,3,1948.8330078125,1948.800048828125,2P,1.0,fire_before_landing_interval,1952.1669921875,1953.5999755859375,38,6,0.8571428571428571,1948.699951171875,0.8636363636363636,0.7692307692307693,0.6153846153846154,0.6410256410256411,0.05128205128205128,1.0,0.11743158801982331,0.0
video_c82,34,2,2045.633056640625,2045.5,2P,0.0,no_fire_before_landing_interval,2046.4329833984375,2046.6669921875,38,5,0.8571428571428571,2045.366943359375,0.8837209302325582,0.7692307692307693,0.38461538461538464,0.38461538461538464,0.0,1.0,0.21018125723100656,0.0
video_c82,37,0,2181.699951171875,2181.566650390625,2P,0.0,no_fire_before_landing_interval,2187.23291015625,2188.93310546875,263,1,0.8,2181.39990234375,0.9962121212121212,0.8461538461538461,0.6153846153846154,0.6410256410256411,0.0,1.0,0.2307981220657277,0.0
video_c82,39,0,2290.06689453125,2289.89990234375,1P,0.0,no_fire_before_landing_interval,2310.26708984375,2316.5,452,40,0.8571428571428571,2290.06689453125,0.9186991869918699,0.9230769230769231,0.46153846153846156,0.6666666666666666,0.0,1.0,0.0,0.0
video_c82,42,4,2467.800048828125,2467.5,1P,0.0,no_fire_before_landing_interval,2478.26708984375,2478.532958984375,37,3,0.8,2467.032958984375,0.925,0.7692307692307693,0.6153846153846154,0.6282051282051282,0.16666666666666666,1.0,0.4340978170765405,0.0
video_c82,44,0,2580.467041015625,2580.199951171875,1P,0.0,no_fire_before_landing_interval,2606.23291015625,2607.56689453125,35,29,0.8333333333333334,2580.1669921875,0.546875,0.9230769230769231,0.38461538461538464,0.6794871794871795,0.0,1.0,0.2307981220657277,0.0
video_c83,0,1,187.73300170898438,187.46665954589844,2P,0.0,no_fire_before_landing_interval,217.5,218.5,30,3,0.8,185.8000030517578,0.9090909090909091,0.9230769230769231,0.07692307692307693,0.32051282051282054,0.16666666666666666,0.75,0.6590520089274101,0.0
video_c83,1,3,340.5,340.20001220703125,1P,0.0,no_fire_before_landing_interval,340.7669982910156,342.1000061035156,113,42,0.875,339.8999938964844,0.7290322580645161,0.6153846153846154,0.6153846153846154,0.32051282051282054,0.0,0.5,0.3750023841766961,0.0
video_c83,11,2,863.7329711914062,863.5999755859375,1P,0.0,no_fire_before_landing_interval,865.9669799804688,866.5330200195312,490,77,0.9166666666666666,863.2999877929688,0.8641975308641975,0.7692307692307693,0.46153846153846156,0.5512820512820513,0.0,0.0,0.3021552091319533,0.0
video_c83,13,0,963.1329956054688,963.0,1P,0.0,no_fire_before_landing_interval,964.0330200195312,965.8670043945312,42,20,0.8571428571428571,961.5,0.6774193548387097,0.8461538461538461,0.3076923076923077,0.48717948717948717,0.0,1.0,0.6202044553652147,0.0
video_c83,13,1,968.5,968.2999877929688,1P,0.0,no_fire_before_landing_interval,968.8670043945312,970.0999755859375,14,9,0.8571428571428571,968.0670166015625,0.6086956521739131,0.9230769230769231,0.38461538461538464,0.5384615384615384,0.1282051282051282,1.0,0.3021552091319533,0.0
video_c83,17,2,1277.0999755859375,1277.0,2P,0.0,no_fire_before_landing_interval,1282.967041015625,1283.4000244140625,182,1,0.8,1276.2669677734375,0.994535519125683,0.8461538461538461,0.6153846153846154,0.6923076923076923,0.0,1.0,0.45444858817261585,0.0
video_c83,18,0,1313.133056640625,1313.0,2P,0.0,no_fire_before_landing_interval,1313.133056640625,1313.5999755859375,178,16,0.8888888888888888,1313.133056640625,0.9175257731958762,0.9230769230769231,0.6923076923076923,0.717948717948718,0.0,1.0,0.0,0.0
video_c83,27,2,1843.5,1842.1666259765625,2P,0.0,no_fire_before_landing_interval,1844.133056640625,1845.699951171875,92,32,0.8888888888888888,1843.366943359375,0.7419354838709677,0.8461538461538461,0.46153846153846156,0.41025641025641024,0.0,1.0,0.11743158801982331,0.0
video_c83,31,0,2067.633056640625,2067.5,1P,0.0,no_fire_before_landing_interval,2071.633056640625,2074.1669921875,86,18,0.8571428571428571,2067.032958984375,0.8269230769230769,0.8461538461538461,0.5384615384615384,0.6538461538461539,0.05128205128205128,1.0,0.3750381446444919,0.0
video_c83,33,1,2130.633056640625,2130.5,1P,0.0,no_fire_before_landing_interval,2131.10009765625,2131.532958984375,10,5,0.8571428571428571,2130.43310546875,0.6666666666666666,0.6923076923076923,0.38461538461538464,0.3076923076923077,0.0,1.0,0.16663275686673448,0.0
video_c83,33,3,2142.199951171875,2142.066650390625,2P,0.0,no_fire_before_landing_interval,2148.300048828125,2148.56689453125,84,5,0.8571428571428571,2142.032958984375,0.9438202247191011,0.9230769230769231,0.6153846153846154,0.7948717948717948,0.15384615384615385,1.0,0.14309623430962343,0.0
video_c83,33,7,2185.06689453125,2184.666748046875,1P,0.0,no_fire_before_landing_interval,2185.300048828125,2186.6669921875,42,13,0.8333333333333334,2184.89990234375,0.7636363636363637,0.9230769230769231,0.38461538461538464,0.48717948717948717,0.15384615384615385,1.0,0.14309623430962343,0.0
video_c83,41,0,2531.366943359375,2530.966552734375,2P,0.0,no_fire_before_landing_interval,2531.56689453125,2531.8330078125,30,2,0.8,2530.199951171875,0.9375,0.6923076923076923,0.07692307692307693,0.23076923076923078,0.0,1.0,0.5385308697611537,0.0
video_c83,41,1,2540.866943359375,2540.36669921875,2P,0.0,no_fire_before_landing_interval,2544.866943359375,2545.0,91,49,0.8333333333333334,2539.26708984375,0.65,0.8461538461538461,0.6153846153846154,0.5256410256410257,0.038461538461538464,1.0,0.6153629448774532,0.0
video_c83,44,0,2695.6669921875,2695.39990234375,1P,1.0,fire_before_landing_interval,2707.967041015625,2709.8330078125,16,8,0.8333333333333334,2695.467041015625,0.6666666666666666,0.5384615384615384,0.3076923076923077,0.38461538461538464,0.0,1.0,0.16663275686673448,0.0
video_c83,44,1,2702.3330078125,2702.066650390625,2P,0.0,no_fire_before_landing_interval,2702.8330078125,2703.6669921875,14,13,0.8333333333333334,2701.866943359375,0.5185185185185186,0.6923076923076923,0.0,0.41025641025641024,0.02564102564102564,1.0,0.31790174854288095,0.0
video_c84,4,2,526.6329956054688,526.5,1P,0.0,no_fire_before_landing_interval,528.7670288085938,528.9000244140625,366,137,0.9285714285714286,526.0999755859375,0.7276341948310139,0.8461538461538461,0.5384615384615384,0.7051282051282052,0.0,0.0,0.3476927977067325,0.0
video_c84,5,3,573.4329833984375,573.1666870117188,1P,0.0,no_fire_before_landing_interval,573.6669921875,573.9329833984375,371,25,0.875,573.2329711914062,0.9368686868686869,0.9230769230769231,0.6153846153846154,0.6282051282051282,0.01282051282051282,1.0,0.1666751436854687,0.0
video_c84,5,4,578.5,578.3666381835938,2P,0.0,no_fire_before_landing_interval,578.8330078125,579.2329711914062,875,21,0.8888888888888888,577.2670288085938,0.9765625,0.9230769230769231,0.46153846153846156,0.6794871794871795,0.0,1.0,0.5521661883285499,0.0
video_c84,8,0,695.4329833984375,695.1666870117188,1P,0.0,no_fire_before_landing_interval,700.7000122070312,701.3670043945312,294,5,0.8333333333333334,693.0670166015625,0.9832775919732442,0.8461538461538461,0.6923076923076923,0.5128205128205128,0.0,1.0,0.7029085370276348,0.0
video_c84,13,0,932.9669799804688,932.7999877929688,2P,0.0,no_fire_before_landing_interval,933.9669799804688,934.7000122070312,36,2,0.8,931.1669921875,0.9473684210526315,0.8461538461538461,0.6153846153846154,0.6025641025641025,0.0,1.0,0.6428555858310627,0.0
video_c84,14,1,971.3670043945312,971.0999755859375,1P,1.0,fire_before_landing_interval,976.0999755859375,976.9669799804688,135,1,0.8,971.2670288085938,0.9926470588235294,0.46153846153846156,0.46153846153846156,0.4358974358974359,0.0,1.0,0.09088891355010542,0.0
video_c84,18,1,1219.800048828125,1219.6666259765625,1P,0.0,no_fire_before_landing_interval,1220.8330078125,1221.366943359375,17,9,0.8571428571428571,1218.0999755859375,0.6538461538461539,0.6923076923076923,0.3076923076923077,0.3717948717948718,0.0,1.0,0.6296396762963967,0.0
video_c84,18,4,1243.6669921875,1243.566650390625,1P,0.0,no_fire_before_landing_interval,1258.133056640625,1259.1669921875,109,13,0.8571428571428571,1241.9329833984375,0.8934426229508197,0.8461538461538461,0.6923076923076923,0.6153846153846154,0.02564102564102564,1.0,0.6342367281332322,0.0
video_c84,22,0,1501.300048828125,1501.0,2P,0.0,no_fire_before_landing_interval,1502.2669677734375,1503.199951171875,683,5,0.8333333333333334,1499.5670166015625,0.9927325581395349,0.9230769230769231,0.6153846153846154,0.7692307692307693,0.0,1.0,0.6341060342132298,0.0
video_c84,24,4,1653.800048828125,1653.6666259765625,1P,0.0,no_fire_before_landing_interval,1657.5670166015625,1658.967041015625,242,51,0.9,1652.3330078125,0.825938566552901,0.7692307692307693,0.6153846153846154,0.7051282051282052,0.14102564102564102,1.0,0.5946561108362197,0.0
video_c84,36,2,2241.56689453125,2241.300048828125,2P,0.0,no_fire_before_landing_interval,2250.06689453125,2254.06689453125,435,1,0.8,2241.5,0.9977064220183486,0.8461538461538461,0.8461538461538461,0.717948717948718,0.02564102564102564,1.0,0.06270022883295194,0.0
video_c84,38,0,2356.133056640625,2356.0,2P,0.0,no_fire_before_landing_interval,2357.10009765625,2361.73291015625,71,5,0.8571428571428571,2355.366943359375,0.9342105263157895,0.6923076923076923,0.0,0.5,0.0,1.0,0.43378490461708596,0.0
video_c84,39,2,2446.06689453125,2445.800048828125,1P,0.0,no_fire_before_landing_interval,2455.8330078125,2457.1669921875,92,35,0.9,2444.5,0.7244094488188977,0.5384615384615384,0.23076923076923078,0.41025641025641024,0.0,1.0,0.6104241963096824,0.0
video_c84,41,4,2534.93310546875,2534.800048828125,2P,1.0,fire_before_landing_interval,2544.1669921875,2544.6669921875,145,42,0.8888888888888888,2533.800048828125,0.7754010695187166,0.9230769230769231,0.6153846153846154,0.6538461538461539,0.0,1.0,0.5311891953759872,0.0
video_c84,44,0,2710.93310546875,2710.800048828125,2P,0.0,no_fire_before_landing_interval,2712.5,2713.133056640625,118,2,0.8,2710.133056640625,0.9833333333333333,0.9230769230769231,0.5384615384615384,0.6666666666666666,0.0,1.0,0.44445951444459514,0.0
video_c84,46,2,2853.73291015625,2853.5,1P,0.0,no_fire_before_landing_interval,2857.3330078125,2857.5,418,50,0.875,2852.1669921875,0.8931623931623932,0.9230769230769231,0.6923076923076923,0.782051282051282,0.1282051282051282,1.0,0.6102759276879163,0.0
video_c84,49,0,3024.1669921875,3023.966552734375,2P,0.0,no_fire_before_landing_interval,3026.56689453125,3027.26708984375,160,20,0.8571428571428571,3023.199951171875,0.8888888888888888,0.8461538461538461,0.38461538461538464,0.5897435897435898,0.0,1.0,0.4916221918828348,0.0
video_c84,50,2,3071.967041015625,3071.7666015625,2P,0.0,no_fire_before_landing_interval,3093.633056640625,3094.800048828125,676,24,0.8571428571428571,3070.43310546875,0.9657142857142857,0.8461538461538461,0.5384615384615384,0.6410256410256411,0.02564102564102564,0.0,0.605356970806436,0.0
video_c84,57,0,3350.199951171875,3349.966552734375,2P,0.0,no_fire_before_landing_interval,3352.199951171875,3352.3330078125,14,1,0.8,3349.032958984375,0.9333333333333333,0.3076923076923077,0.07692307692307693,0.1794871794871795,0.0,1.0,0.5385308697611537,0.0
video_c84,59,0,3496.43310546875,3496.300048828125,2P,1.0,fire_before_landing_interval,3499.5,3499.60009765625,216,5,0.8,3495.467041015625,0.9773755656108597,0.8461538461538461,0.46153846153846156,0.6538461538461539,0.0641025641025641,0.0,0.49136967589718117,0.0
video_c84,59,2,3510.60009765625,3510.466552734375,1P,0.0,no_fire_before_landing_interval,3511.967041015625,3512.0,197,31,0.8888888888888888,3509.76708984375,0.8640350877192983,1.0,0.8461538461538461,0.8461538461538461,0.21794871794871795,1.0,0.45444858817261585,0.0
video_c9,3,1,279.3330078125,279.199951171875,1P,1.0,fire_before_landing_interval,283.6000061035156,283.63299560546875,458,15,0.8888888888888888,275.0669860839844,0.9682875264270613,0.9230769230769231,0.5384615384615384,0.6538461538461539,0.0,1.0,0.8101033281756174,0.0
video_c9,4,2,354.6669921875,354.3999328613281,1P,1.0,fire_before_landing_interval,387.79998779296875,389.5,285,8,0.8333333333333334,354.0329895019531,0.9726962457337884,1.0,0.23076923076923078,0.6923076923076923,0.0,1.0,0.38800590179855443,0.0
video_c9,17,0,1070.9000244140625,1070.7998046875,2P,0.0,no_fire_before_landing_interval,1070.9000244140625,1071.5660400390625,14,1,0.8,1070.9000244140625,0.9333333333333333,0.6153846153846154,0.6153846153846154,0.3333333333333333,0.0,1.0,0.0,0.0
video_c9,23,0,1392.7659912109375,1392.5997314453125,1P,1.0,fire_before_landing_interval,1407.0660400390625,1408.0660400390625,217,53,0.8571428571428571,1388.365966796875,0.8037037037037037,0.6923076923076923,0.5384615384615384,0.5384615384615384,0.0,1.0,0.8148156520559713,0.0
video_c9,26,2,1567.865966796875,1567.7330322265625,1P,1.0,fire_before_landing_interval,1582.133056640625,1593.532958984375,92,10,0.8571428571428571,1566.8330078125,0.9019607843137255,0.8461538461538461,0.6153846153846154,0.5769230769230769,0.0,1.0,0.5081061606821184,0.0
video_c9,26,5,1600.800048828125,1600.133056640625,2P,0.0,no_fire_before_landing_interval,1600.9329833984375,1601.166015625,14,1,0.75,1600.699951171875,0.9333333333333333,0.7692307692307693,0.6153846153846154,0.5384615384615384,0.0641025641025641,1.0,0.09098979138925876,0.0
video_c9,27,0,1629.9329833984375,1629.7996826171875,1P,0.0,no_fire_before_landing_interval,1631.699951171875,1632.4659423828125,869,825,0.9411764705882353,1629.7330322265625,0.512987012987013,0.9230769230769231,0.6923076923076923,0.7051282051282052,0.0,1.0,0.16663275686673448,0.0
video_c9,29,3,1766.633056640625,1766.4996337890625,2P,0.0,no_fire_before_landing_interval,1774.633056640625,1775.666015625,757,380,0.9444444444444444,1765.9659423828125,0.6657871591908531,0.8461538461538461,0.6153846153846154,0.6666666666666666,0.01282051282051282,1.0,0.40016108955114593,0.0
video_c9,38,2,2318.466064453125,2318.199462890625,2P,0.0,no_fire_before_landing_interval,2318.865966796875,2320.032958984375,31,1,0.8,2318.466064453125,0.96875,0.7692307692307693,0.15384615384615385,0.3717948717948718,0.0,1.0,0.0,0.0
video_c9,43,0,2555.966064453125,2555.832763671875,2P,0.0,no_fire_before_landing_interval,2556.365966796875,2556.532958984375,27,1,0.8,2555.300048828125,0.9642857142857143,0.6153846153846154,0.6153846153846154,0.3076923076923077,0.0,1.0,0.39976553341148885,0.0
video_c9,44,0,2613.06591796875,2612.966064453125,1P,0.0,no_fire_before_landing_interval,2615.365966796875,2616.10009765625,167,10,0.8571428571428571,2612.466064453125,0.943502824858757,0.8461538461538461,0.5384615384615384,0.6666666666666666,0.02564102564102564,1.0,0.37494277430184647,0.0
video_c9,51,3,3072.4990234375,3071.1328125,2P,1.0,fire_before_landing_interval,3074.466064453125,3076.133056640625,240,3,0.6666666666666666,3071.3330078125,0.9876543209876543,0.9230769230769231,0.6153846153846154,0.7435897435897436,0.0,1.0,0.5383228133453561,0.0
video_c9,51,5,3076.532958984375,3076.26611328125,2P,0.0,no_fire_before_landing_interval,3079.26611328125,3080.365966796875,600,6,0.8333333333333334,3076.133056640625,0.9900990099009901,0.9230769230769231,0.7692307692307693,0.6794871794871795,0.01282051282051282,1.0,0.28566445762120685,0.0
video_c9,51,6,3083.59912109375,3083.466064453125,1P,0.0,no_fire_before_landing_interval,3089.9990234375,3090.06591796875,590,1,0.8,3081.9990234375,0.9983079526226735,0.9230769230769231,0.7692307692307693,0.7051282051282052,0.0,1.0,0.6153990610328639,0.0
video_c9,55,0,3273.466064453125,3273.166015625,1P,0.0,no_fire_before_landing_interval,3276.966064453125,3278.89892578125,89,39,0.8333333333333334,3272.43310546875,0.6953125,0.6153846153846154,0.46153846153846156,0.38461538461538464,0.0,1.0,0.5081061606821184,0.0
video_c9,56,1,3309.799072265625,3309.76611328125,1P,0.0,no_fire_before_landing_interval,3309.799072265625,3311.26611328125,20,5,0.8,3309.799072265625,0.8,0.5384615384615384,0.3076923076923077,0.4358974358974359,0.0,1.0,0.0,0.0
video_c9,56,4,3324.966064453125,3324.832763671875,1P,1.0,fire_before_landing_interval,3340.9990234375,3342.73291015625,140,7,0.8571428571428571,3322.56591796875,0.9523809523809523,0.7692307692307693,0.5384615384615384,0.6794871794871795,0.05128205128205128,1.0,0.7058950240539958,0.0
video_c95,1,0,248.33299255371094,247.96664428710938,1P,1.0,fire_before_landing_interval,251.0,252.26699829101562,251,20,0.8333333333333334,246.93299865722656,0.9261992619926199,0.6923076923076923,0.6923076923076923,0.5256410256410257,0.0,1.0,0.5833322736925092,0.0
video_c95,7,5,644.2999877929688,644.0665893554688,1P,1.0,fire_before_landing_interval,649.0,653.7329711914062,188,40,0.9,643.8330078125,0.8245614035087719,0.9230769230769231,0.5384615384615384,0.6794871794871795,0.0,1.0,0.3183274391512378,0.0
video_c95,11,0,892.7670288085938,892.4999389648438,1P,0.0,no_fire_before_landing_interval,892.9669799804688,893.7329711914062,39,7,0.8333333333333334,891.8670043945312,0.8478260869565217,0.6153846153846154,0.5384615384615384,0.41025641025641024,0.0,0.0,0.47369097333761645,0.0
video_c95,13,0,1023.1329956054688,1022.9999389648438,2P,0.0,no_fire_before_landing_interval,1043.032958984375,1043.1669921875,887,71,0.9166666666666666,1022.5,0.9258872651356994,0.9230769230769231,0.7692307692307693,0.8076923076923077,0.0,1.0,0.38762848065782096,0.0
video_c95,14,0,1077.5670166015625,1077.2999267578125,1P,1.0,fire_before_landing_interval,1079.0999755859375,1080.467041015625,864,5,0.8333333333333334,1076.4000244140625,0.9942462600690449,0.8461538461538461,0.6923076923076923,0.6923076923076923,0.0,1.0,0.5385308697611537,0.0
video_c95,16,8,1250.532958984375,1250.39990234375,1P,0.0,no_fire_before_landing_interval,1252.366943359375,1253.032958984375,126,7,0.8571428571428571,1249.699951171875,0.9473684210526315,1.0,0.38461538461538464,0.4358974358974359,0.01282051282051282,0.0,0.45444858817261585,0.0
video_c95,16,9,1259.699951171875,1259.5665283203125,2P,0.0,no_fire_before_landing_interval,1259.7330322265625,1260.300048828125,70,6,0.8571428571428571,1257.199951171875,0.9210526315789473,1.0,0.8461538461538461,0.8589743589743589,0.10256410256410256,1.0,0.7142857142857143,0.0
video_c95,22,5,1610.7330322265625,1610.6998291015625,1P,0.0,no_fire_before_landing_interval,1621.3330078125,1622.0670166015625,22,1,0.8,1610.699951171875,0.9565217391304348,0.6923076923076923,0.38461538461538464,0.5384615384615384,0.0,1.0,0.032021741699161055,0.0
video_c95,24,0,1708.3330078125,1708.1998291015625,2P,0.0,no_fire_before_landing_interval,1709.133056640625,1710.9329833984375,423,9,0.8571428571428571,1708.3330078125,0.9791666666666666,0.6923076923076923,0.5384615384615384,0.5256410256410257,0.0,1.0,0.0,0.0
video_c95,26,3,1828.1669921875,1827.966552734375,1P,0.0,no_fire_before_landing_interval,1835.1669921875,1835.300048828125,151,1,0.8,1826.366943359375,0.993421052631579,1.0,0.23076923076923078,0.48717948717948717,0.0,1.0,0.6428633708257041,0.0
video_c95,34,1,2358.666015625,2358.633056640625,2P,0.0,no_fire_before_landing_interval,2360.43310546875,2361.466064453125,122,3,0.8,2358.26611328125,0.976,1.0,0.15384615384615385,0.47435897435897434,0.0,1.0,0.28566445762120685,0.0
video_c95,37,2,2536.43310546875,2536.3330078125,1P,0.0,no_fire_before_landing_interval,2545.43310546875,2546.56591796875,45,2,0.8,2534.26611328125,0.9574468085106383,0.6153846153846154,0.38461538461538464,0.48717948717948717,0.01282051282051282,1.0,0.6842429848905335,0.0
video_c95,42,2,2834.300048828125,2834.032958984375,1P,0.0,no_fire_before_landing_interval,2847.39990234375,2847.666015625,15,5,0.8333333333333334,2834.133056640625,0.75,0.38461538461538464,0.15384615384615385,0.3076923076923077,0.05128205128205128,0.0,0.14309623430962343,0.0
video_c95,48,2,3252.26611328125,3252.133056640625,2P,1.0,fire_before_landing_interval,3264.76611328125,3265.8330078125,138,5,0.8571428571428571,3251.60009765625,0.965034965034965,1.0,0.5384615384615384,0.34615384615384615,0.0,1.0,0.39976553341148885,0.0
video_c95,49,2,3302.166015625,3302.032958984375,1P,0.0,no_fire_before_landing_interval,3303.666015625,3304.0,232,20,0.8571428571428571,3301.3330078125,0.9206349206349206,0.6923076923076923,0.38461538461538464,0.5641025641025641,0.0,1.0,0.45444858817261585,0.0
video_c95,49,5,3336.76611328125,3336.633056640625,2P,0.0,no_fire_before_landing_interval,3337.865966796875,3338.3330078125,147,39,0.8888888888888888,3336.300048828125,0.7903225806451613,0.7692307692307693,0.7692307692307693,0.4230769230769231,0.0,1.0,0.31790174854288095,0.0
video_c95,51,5,3458.06591796875,3457.7998046875,2P,1.0,fire_before_landing_interval,3474.23291015625,3475.5,484,7,0.8333333333333334,3456.56591796875,0.9857433808553971,0.6923076923076923,0.6923076923076923,0.5641025641025641,0.0,1.0,0.6,0.0
video_c95,53,0,3583.133056640625,3582.999755859375,1P,1.0,fire_before_landing_interval,3588.300048828125,3589.60009765625,41,1,0.8,3581.06591796875,0.9761904761904762,0.6923076923076923,0.6923076923076923,0.6153846153846154,0.0,1.0,0.6739632253442649,0.0
video_c96s1,0,5,60.83300018310547,60.79999923706055,2P,1.0,fire_before_landing_interval,81.96700286865234,82.69999694824219,278,1,0.8,60.66699981689453,0.996415770609319,0.7692307692307693,0.3076923076923077,0.5512820512820513,0.0,1.0,0.1423673362559707,0.0
video_c96s1,3,2,212.83299255371094,212.6999969482422,2P,1.0,fire_before_landing_interval,232.5,234.0,898,7,0.8571428571428571,204.60000610351562,0.9922651933701657,0.9230769230769231,0.7692307692307693,0.8846153846153846,0.038461538461538464,1.0,0.8916926819513694,0.0
video_c96s1,4,0,266.8999938964844,266.5,1P,0.0,no_fire_before_landing_interval,267.9330139160156,267.9670104980469,283,1,0.8,265.9330139160156,0.9964788732394366,0.8461538461538461,0.6153846153846154,0.7435897435897436,0.0,0.0,0.4916064169795513,0.0
video_c96s1,5,0,303.5669860839844,303.4666748046875,1P,0.0,no_fire_before_landing_interval,303.9330139160156,304.8330078125,172,6,0.8,302.0,0.9662921348314607,0.7692307692307693,0.5384615384615384,0.5897435897435898,0.0,1.0,0.6104380907091482,0.0
video_c96s1,6,1,401.9330139160156,401.6666564941406,1P,0.0,no_fire_before_landing_interval,402.8999938964844,405.0329895019531,56,7,0.8,401.1669921875,0.8888888888888888,0.9230769230769231,0.6923076923076923,0.7435897435897436,0.0,0.5,0.43375555133145555,0.0
video_c96s1,7,2,476.20001220703125,475.79998779296875,1P,0.0,no_fire_before_landing_interval,476.3999938964844,476.4670104980469,479,28,0.875,474.7669982910156,0.9447731755424064,0.9230769230769231,0.7692307692307693,0.7435897435897436,0.0,0.75,0.5889871433051114,0.0
video_c96s1,10,1,611.4669799804688,611.2999877929688,2P,1.0,fire_before_landing_interval,617.9000244140625,623.0999755859375,1116,1,0.8,611.1669921875,0.999104744852283,1.0,0.8461538461538461,0.8205128205128205,0.0,1.0,0.2307620076059909,0.0
video_c96s1,14,0,853.4000244140625,853.2666625976562,2P,1.0,fire_before_landing_interval,860.5670166015625,861.2000122070312,431,7,0.8571428571428571,852.6669921875,0.9840182648401826,0.9230769230769231,0.5384615384615384,0.8076923076923077,0.0,0.0,0.42297668521518633,0.0
video_c96s1,24,1,1392.6669921875,1392.4666748046875,2P,0.0,no_fire_before_landing_interval,1393.8330078125,1393.9000244140625,606,2,0.8,1390.7669677734375,0.9967105263157895,0.9230769230769231,0.6153846153846154,0.7307692307692307,0.0,1.0,0.6551753167487477,0.0
video_c96s1,24,2,1400.9329833984375,1400.6666259765625,2P,0.0,no_fire_before_landing_interval,1401.699951171875,1403.467041015625,232,5,0.8333333333333334,1400.9329833984375,0.9789029535864979,0.8461538461538461,0.8461538461538461,0.7307692307692307,0.0,1.0,0.0,0.0
video_c96s1,25,0,1469.0670166015625,1468.36669921875,1P,1.0,fire_before_landing_interval,1503.7669677734375,1503.800048828125,959,10,0.8333333333333334,1467.300048828125,0.9896800825593395,0.9230769230769231,0.7692307692307693,0.8461538461538461,0.0,0.0,0.6385935500948515,0.0
video_c96s1,25,1,1481.9000244140625,1481.7666015625,2P,0.0,no_fire_before_landing_interval,1483.800048828125,1485.8330078125,503,8,0.8,1481.300048828125,0.9843444227005871,1.0,0.5384615384615384,0.8076923076923077,0.0,1.0,0.37499046311131456,0.0
video_c96s1,26,5,1565.1669921875,1565.0,1P,0.0,no_fire_before_landing_interval,1587.532958984375,1588.699951171875,860,72,0.9166666666666666,1563.699951171875,0.9227467811158798,0.9230769230769231,0.7692307692307693,0.7051282051282052,0.01282051282051282,1.0,0.5946561108362197,0.0
video_c96s1,27,2,1639.699951171875,1639.566650390625,1P,0.0,no_fire_before_landing_interval,1641.532958984375,1641.5670166015625,960,7,0.8571428571428571,1636.967041015625,0.9927611168562565,0.9230769230769231,0.7692307692307693,0.782051282051282,0.0,1.0,0.732112491824722,0.0
video_c96s1,29,2,1821.5,1821.36669921875,2P,0.0,no_fire_before_landing_interval,1822.5999755859375,1825.4329833984375,83,20,0.8571428571428571,1820.7330322265625,0.8058252427184466,0.9230769230769231,0.6153846153846154,0.6666666666666666,0.0,1.0,0.4340587219343696,0.0
video_c96s1,30,3,1888.866943359375,1888.5999755859375,2P,1.0,fire_before_landing_interval,1902.532958984375,1903.2669677734375,38,35,0.9,1886.032958984375,0.5205479452054795,0.7692307692307693,0.3076923076923077,0.48717948717948717,0.0,1.0,0.739174732552216,0.0
video_c96s1,32,5,2035.532958984375,2035.2666015625,1P,1.0,fire_before_landing_interval,2053.967041015625,2056.56689453125,92,45,0.9,2034.032958984375,0.6715328467153284,0.8461538461538461,0.6153846153846154,0.6025641025641025,0.0,1.0,0.6,0.0
video_c96s1,33,0,2099.73291015625,2099.466552734375,1P,1.0,fire_before_landing_interval,2104.866943359375,2106.967041015625,633,2,0.8,2098.5,0.9968503937007874,0.9230769230769231,0.7692307692307693,0.7692307692307693,0.0,1.0,0.552153947080691,0.0
video_c96s1,39,0,2430.800048828125,2430.666748046875,2P,1.0,fire_before_landing_interval,2437.39990234375,2437.43310546875,29,5,0.8571428571428571,2429.699951171875,0.8529411764705882,0.9230769230769231,0.0,0.6282051282051282,0.0,1.0,0.5238316670541735,0.0
video_c96s1,40,3,2485.300048828125,2485.166748046875,1P,0.0,no_fire_before_landing_interval,2486.0,2486.866943359375,317,17,0.8888888888888888,2484.300048828125,0.9491017964071856,0.9230769230769231,0.6153846153846154,0.6538461538461539,0.0,1.0,0.5,0.0
video_c96s1,41,7,2541.8330078125,2541.699951171875,2P,0.0,no_fire_before_landing_interval,2542.0,2542.699951171875,24,5,0.8571428571428571,2541.76708984375,0.8275862068965517,0.6923076923076923,0.15384615384615385,0.358974358974359,0.0,1.0,0.06184150251946862,0.0
video_c96s1,43,3,2690.199951171875,2689.800048828125,2P,1.0,fire_before_landing_interval,2693.366943359375,2694.10009765625,629,21,0.875,2689.23291015625,0.9676923076923077,0.9230769230769231,0.8461538461538461,0.8076923076923077,0.0,1.0,0.4916221918828348,0.0
video_c96s1,44,0,2769.532958984375,2769.39990234375,1P,0.0,no_fire_before_landing_interval,2769.633056640625,2773.56689453125,44,22,0.8571428571428571,2769.467041015625,0.6666666666666666,0.6923076923076923,0.38461538461538464,0.5128205128205128,0.0,1.0,0.06184150251946862,0.0
video_c96s1,45,0,2803.93310546875,2803.599853515625,1P,1.0,fire_before_landing_interval,2811.73291015625,2813.300048828125,410,5,0.8,2802.39990234375,0.9879518072289156,0.9230769230769231,0.5384615384615384,0.5641025641025641,0.0,1.0,0.605242868157286,0.0
video_c96s1,46,0,2894.73291015625,2894.566650390625,1P,0.0,no_fire_before_landing_interval,2895.60009765625,2899.133056640625,810,1,0.8,2894.467041015625,0.998766954377312,0.9230769230769231,0.38461538461538464,0.7307692307692307,0.05128205128205128,1.0,0.21002892960462874,0.0
video_c96s2,2,0,178.26699829101562,178.0,2P,0.0,no_fire_before_landing_interval,182.26699829101562,182.66700744628906,75,18,0.875,177.93299865722656,0.8064516129032259,0.6923076923076923,0.46153846153846156,0.5256410256410257,0.10256410256410256,1.0,0.25037460680583357,0.0
video_c96s2,5,3,345.3999938964844,345.29998779296875,2P,0.0,no_fire_before_landing_interval,356.0329895019531,357.20001220703125,14,10,0.8571428571428571,345.3330078125,0.5833333333333334,0.46153846153846156,0.23076923076923078,0.24358974358974358,0.0,1.0,0.06278065383405314,0.0
video_c96s2,6,4,387.4330139160156,387.1999816894531,1P,1.0,fire_before_landing_interval,409.8999938964844,410.2669982910156,39,1,0.8,386.1000061035156,0.975,0.7692307692307693,0.6153846153846154,0.4358974358974359,0.01282051282051282,1.0,0.5713687735454165,0.0
video_c96s2,9,3,606.1329956054688,605.8666381835938,2P,1.0,fire_before_landing_interval,623.2999877929688,626.9329833984375,1193,5,0.8333333333333334,605.0670166015625,0.9958263772954925,1.0,0.8461538461538461,0.8974358974358975,0.02564102564102564,1.0,0.5159679754202487,0.0
video_c96s2,9,5,629.2329711914062,629.0,2P,0.0,no_fire_before_landing_interval,629.4329833984375,630.0,1341,14,0.875,626.9329833984375,0.9896678966789668,1.0,0.7692307692307693,0.8333333333333334,0.01282051282051282,1.0,0.6969685760260418,0.0
video_c96s2,12,6,811.2329711914062,810.8666381835938,2P,1.0,fire_before_landing_interval,818.3330078125,818.8670043945312,454,77,0.9,811.0,0.8549905838041432,0.8461538461538461,0.5384615384615384,0.6282051282051282,0.07692307692307693,1.0,0.1889510420276224,0.0
video_c96s2,13,1,848.9329833984375,848.7999877929688,2P,0.0,no_fire_before_landing_interval,849.1329956054688,851.5999755859375,330,20,0.8888888888888888,848.8330078125,0.9428571428571428,0.6923076923076923,0.6923076923076923,0.6666666666666666,0.0,1.0,0.09088891355010542,0.0
video_c96s2,15,6,966.7000122070312,966.566650390625,1P,0.0,no_fire_before_landing_interval,968.7000122070312,970.2000122070312,668,5,0.8571428571428571,966.3670043945312,0.9925705794947994,0.9230769230769231,0.3076923076923077,0.6538461538461539,0.0,1.0,0.24981684981684982,0.0
video_c96s2,32,3,1905.699951171875,1905.5999755859375,2P,0.0,no_fire_before_landing_interval,1906.199951171875,1909.0,53,21,0.8888888888888888,1904.866943359375,0.7162162162162162,0.9230769230769231,0.46153846153846156,0.8333333333333334,0.3333333333333333,1.0,0.45444858817261585,0.0
video_c96s2,34,1,2037.300048828125,2037.1666259765625,2P,1.0,fire_before_landing_interval,2039.2669677734375,2044.467041015625,583,6,0.8,2036.4000244140625,0.9898132427843803,0.7692307692307693,0.6153846153846154,0.5384615384615384,0.0,1.0,0.47369097333761645,0.0
video_c96s2,45,3,2628.699951171875,2628.566650390625,1P,0.0,no_fire_before_landing_interval,2648.032958984375,2649.10009765625,358,22,0.8888888888888888,2626.3330078125,0.9421052631578948,1.0,0.46153846153846156,0.8076923076923077,0.0,1.0,0.7029947066927706,0.0
video_c96s2,48,0,2775.43310546875,2775.300048828125,2P,0.0,no_fire_before_landing_interval,2776.199951171875,2776.633056640625,105,3,0.8,2774.06689453125,0.9722222222222222,0.6153846153846154,0.5384615384615384,0.5128205128205128,0.0,1.0,0.577383408997111,0.0
video_c96s2,48,1,2779.89990234375,2779.699951171875,2P,1.0,fire_before_landing_interval,2800.699951171875,2802.699951171875,314,3,0.8,2779.3330078125,0.9905362776025236,0.8461538461538461,0.6923076923076923,0.7435897435897436,0.07692307692307693,1.0,0.3617949516983484,0.0
video_c96s2,51,5,2992.300048828125,2992.166748046875,2P,0.0,no_fire_before_landing_interval,2992.366943359375,2993.032958984375,350,36,0.9,2991.532958984375,0.9067357512953368,1.0,0.6923076923076923,0.8333333333333334,0.0,1.0,0.4340978170765405,0.0
video_c96s2,51,6,2995.800048828125,2995.39990234375,2P,0.0,no_fire_before_landing_interval,2998.43310546875,2998.76708984375,862,5,0.8333333333333334,2994.73291015625,0.994232987312572,1.0,0.7692307692307693,0.9102564102564102,0.02564102564102564,1.0,0.5162395181292075,0.0
video_c96s2,52,4,3084.532958984375,3084.39990234375,1P,0.0,no_fire_before_landing_interval,3085.032958984375,3086.300048828125,62,1,0.8,3084.199951171875,0.9841269841269841,0.7692307692307693,0.7692307692307693,0.5256410256410257,0.0,1.0,0.24981684981684982,0.0
video_c96s2,55,2,3261.8330078125,3261.566650390625,2P,1.0,fire_before_landing_interval,3271.60009765625,3271.73291015625,34,15,0.8,3261.6669921875,0.6938775510204082,0.6923076923076923,0.6153846153846154,0.5384615384615384,0.0,1.0,0.1423785594639866,0.0
video_c96s3,6,0,375.2669982910156,375.1666564941406,2P,0.0,no_fire_before_landing_interval,375.5669860839844,375.86700439453125,167,86,0.9166666666666666,374.20001220703125,0.6600790513833992,0.6923076923076923,0.3076923076923077,0.3974358974358974,0.0,1.0,0.5162038062334825,0.0
video_c96s3,9,8,625.0330200195312,624.6666870117188,2P,0.0,no_fire_before_landing_interval,637.9329833984375,638.0999755859375,460,114,0.9,623.5330200195312,0.8013937282229965,0.8461538461538461,0.5384615384615384,0.6282051282051282,0.0,1.0,0.6,0.0
video_c96s3,13,0,902.7000122070312,902.566650390625,2P,0.0,no_fire_before_landing_interval,905.4000244140625,905.5999755859375,907,14,0.8888888888888888,900.3670043945312,0.9847991313789359,1.0,0.7692307692307693,0.8589743589743589,0.0,1.0,0.6999707002636977,0.0
video_c96s3,14,4,1017.1329956054688,1017.0,2P,1.0,fire_before_landing_interval,1020.2999877929688,1021.0330200195312,66,23,0.8888888888888888,1016.5999755859375,0.7415730337078652,0.9230769230769231,0.6923076923076923,0.5512820512820513,0.0,1.0,0.3476927977067325,0.0
video_c96s3,22,3,1551.6669921875,1551.4000244140625,1P,1.0,fire_before_landing_interval,1552.699951171875,1553.699951171875,944,2,0.8,1550.0999755859375,0.9978858350951374,0.9230769230769231,0.6153846153846154,0.7948717948717948,0.0,1.0,0.610442721955395,0.0
video_c96s3,22,5,1558.532958984375,1558.4000244140625,1P,1.0,fire_before_landing_interval,1562.300048828125,1563.0,604,55,0.9,1556.9329833984375,0.9165402124430956,0.9230769230769231,0.8461538461538461,0.8589743589743589,0.02564102564102564,1.0,0.6153810038029954,0.0
video_c96s3,22,9,1578.699951171875,1578.5999755859375,2P,0.0,no_fire_before_landing_interval,1587.0670166015625,1587.300048828125,129,53,0.9,1577.133056640625,0.7087912087912088,0.8461538461538461,0.38461538461538464,0.44871794871794873,0.01282051282051282,1.0,0.6104241963096824,0.0
video_c96s3,29,3,1932.6669921875,1932.36669921875,1P,0.0,no_fire_before_landing_interval,1935.7669677734375,1935.9000244140625,52,5,0.8333333333333334,1928.5,0.9122807017543859,0.46153846153846156,0.46153846153846156,0.2564102564102564,0.0,1.0,0.8064638064638064,0.0
video_c96s3,30,2,2006.0670166015625,2005.9666748046875,2P,0.0,no_fire_before_landing_interval,2006.0999755859375,2010.4329833984375,154,7,0.8571428571428571,2005.300048828125,0.9565217391304348,0.9230769230769231,0.15384615384615385,0.47435897435897434,0.0,1.0,0.4340587219343696,0.0
video_c96s3,34,12,2307.532958984375,2307.466552734375,1P,0.0,no_fire_before_landing_interval,2319.467041015625,2320.699951171875,130,15,0.8888888888888888,2306.56689453125,0.896551724137931,0.9230769230769231,0.6153846153846154,0.6025641025641025,0.11538461538461539,1.0,0.49136967589718117,0.0
video_c96s3,35,0,2339.366943359375,2339.099853515625,2P,0.0,no_fire_before_landing_interval,2345.1669921875,2347.43310546875,44,5,0.8333333333333334,2338.699951171875,0.8979591836734694,0.5384615384615384,0.23076923076923078,0.3076923076923077,0.0,1.0,0.4001171646162859,0.0
video_c96s3,36,4,2434.76708984375,2434.5,2P,0.0,no_fire_before_landing_interval,2436.43310546875,2437.0,176,19,0.875,2434.3330078125,0.9025641025641026,0.9230769230769231,0.6923076923076923,0.7692307692307693,0.02564102564102564,1.0,0.3026898195437521,0.0
video_c96s3,39,4,2579.032958984375,2578.89990234375,2P,0.0,no_fire_before_landing_interval,2580.866943359375,2581.133056640625,728,17,0.8571428571428571,2578.199951171875,0.9771812080536912,0.9230769230769231,0.6153846153846154,0.7051282051282052,0.0,1.0,0.45444858817261585,0.0
video_c96s3,40,6,2665.032958984375,2664.89990234375,1P,0.0,no_fire_before_landing_interval,2669.532958984375,2670.6669921875,57,41,0.9,2660.633056640625,0.5816326530612245,0.6153846153846154,0.46153846153846156,0.5512820512820513,0.1282051282051282,1.0,0.8148114657744823,0.0
video_c96s3,41,3,2735.10009765625,2734.966552734375,2P,0.0,no_fire_before_landing_interval,2736.633056640625,2736.866943359375,204,8,0.8571428571428571,2734.93310546875,0.9622641509433962,0.6923076923076923,0.3076923076923077,0.48717948717948717,0.0,1.0,0.14309623430962343,0.0
video_c96s3,42,3,2810.10009765625,2809.966552734375,1P,1.0,fire_before_landing_interval,2814.26708984375,2814.300048828125,53,8,0.8571428571428571,2809.5,0.8688524590163934,0.9230769230769231,0.7692307692307693,0.8717948717948718,0.3333333333333333,1.0,0.3750381446444919,0.0
video_c96s3,43,1,2861.3330078125,2860.5,1P,0.0,no_fire_before_landing_interval,2863.60009765625,2864.10009765625,236,42,0.8888888888888888,2858.467041015625,0.8489208633093525,1.0,0.6153846153846154,0.7564102564102564,0.0,1.0,0.7413324913167035,0.0
video_c96s3,44,0,2910.6669921875,2910.39990234375,1P,1.0,fire_before_landing_interval,2927.76708984375,2928.06689453125,211,4,0.8,2908.866943359375,0.9813953488372092,0.7692307692307693,0.6923076923076923,0.6923076923076923,0.0,1.0,0.6428633708257041,0.0
video_c96s3,46,1,3011.3330078125,3011.199951171875,2P,1.0,fire_before_landing_interval,3035.5,3037.6669921875,69,42,0.9,3011.26708984375,0.6216216216216216,0.8461538461538461,0.46153846153846156,0.6025641025641025,0.0,1.0,0.06184150251946862,0.0
video_c96s3,46,5,3042.0,3041.86669921875,1P,0.0,no_fire_before_landing_interval,3050.26708984375,3051.1669921875,78,4,0.8,3041.8330078125,0.9512195121951219,0.6153846153846154,0.38461538461538464,0.5641025641025641,0.05128205128205128,1.0,0.14309623430962343,0.0
video_c96s3,49,7,3238.43310546875,3238.033203125,1P,1.0,fire_before_landing_interval,3239.26708984375,3244.26708984375,505,4,0.8,3238.26708984375,0.9921414538310412,0.6923076923076923,0.5384615384615384,0.6025641025641025,0.0,1.0,0.1423785594639866,0.0
video_c96s3,50,5,3292.133056640625,3292.0,1P,0.0,no_fire_before_landing_interval,3293.23291015625,3294.366943359375,462,4,0.8,3292.133056640625,0.9914163090128756,0.8461538461538461,0.3076923076923077,0.5769230769230769,0.0,1.0,0.0,0.0
video_c96s3,51,4,3330.56689453125,3330.333251953125,1P,0.0,no_fire_before_landing_interval,3333.89990234375,3334.26708984375,139,42,0.875,3330.43310546875,0.7679558011049724,0.9230769230769231,0.46153846153846156,0.6410256410256411,0.2692307692307692,0.0,0.11800172265288544,0.0
video_c96s3,51,7,3380.967041015625,3380.86669921875,2P,1.0,fire_before_landing_interval,3393.26708984375,3397.60009765625,84,20,0.8571428571428571,3380.43310546875,0.8076923076923077,0.6153846153846154,0.6153846153846154,0.5128205128205128,0.14102564102564102,1.0,0.3480821263727519,0.0
video_c96s3,53,2,3539.133056640625,3539.0,1P,0.0,no_fire_before_landing_interval,3541.6669921875,3542.23291015625,38,21,0.8888888888888888,3538.76708984375,0.6440677966101696,0.6153846153846154,0.23076923076923078,0.2692307692307692,0.0,1.0,0.2679177837354781,0.0
video_c96s3,54,5,3584.60009765625,3584.466552734375,1P,0.0,no_fire_before_landing_interval,3585.133056640625,3585.366943359375,30,1,0.8,3584.06689453125,0.967741935483871,0.7692307692307693,0.15384615384615385,0.3076923076923077,0.0,1.0,0.34777070063694265,0.0
video_c96s3,54,6,3596.699951171875,3596.5,1P,1.0,fire_before_landing_interval,3604.866943359375,3606.032958984375,608,1,0.8,3595.1669921875,0.9983579638752053,0.9230769230769231,0.8461538461538461,0.7307692307692307,0.11538461538461539,0.0,0.6052048192771085,0.0
video_c96s3,54,9,3612.10009765625,3611.966552734375,2P,1.0,fire_before_landing_interval,3621.532958984375,3622.60009765625,168,58,0.8888888888888888,3610.699951171875,0.7433628318584071,0.5384615384615384,0.3076923076923077,0.4230769230769231,0.0,1.0,0.583358763096328,0.0
video_c97,2,0,368.3999938964844,368.29998779296875,2P,1.0,fire_before_landing_interval,393.79998779296875,394.6000061035156,829,6,0.8,367.4330139160156,0.9928143712574851,0.9230769230769231,0.6153846153846154,0.8205128205128205,0.0,0.0,0.4916064169795513,0.0
video_c97,10,0,875.2329711914062,875.0999755859375,1P,0.0,no_fire_before_landing_interval,875.2999877929688,878.1669921875,69,8,0.8,875.1669921875,0.8961038961038961,0.6923076923076923,0.46153846153846156,0.5256410256410257,0.0,1.0,0.061895219009447465,0.0
video_c97,10,1,888.9329833984375,888.6666870117188,1P,0.0,no_fire_before_landing_interval,896.0,899.5330200195312,88,14,0.875,888.2999877929688,0.8627450980392157,0.6923076923076923,0.6923076923076923,0.48717948717948717,0.0,1.0,0.38762848065782096,0.0
video_c97,14,2,1201.2330322265625,1200.9000244140625,1P,0.0,no_fire_before_landing_interval,1202.0,1202.1669921875,83,3,0.8,1199.866943359375,0.9651162790697675,0.6153846153846154,0.38461538461538464,0.38461538461538464,0.05128205128205128,1.0,0.5773616055306197,0.0
video_c97,18,1,1462.199951171875,1462.066650390625,2P,1.0,fire_before_landing_interval,1477.9000244140625,1478.4329833984375,231,22,0.8888888888888888,1461.699951171875,0.9130434782608695,0.8461538461538461,0.46153846153846156,0.5512820512820513,0.0,1.0,0.3333333333333333,0.0
video_c97,18,2,1463.7330322265625,1463.699951171875,1P,0.0,no_fire_before_landing_interval,1463.8330078125,1464.532958984375,81,4,0.8,1463.7330322265625,0.9529411764705882,0.6923076923076923,0.3076923076923077,0.32051282051282054,0.0,1.0,0.0,0.0
video_c97,18,5,1489.4329833984375,1489.300048828125,1P,0.0,no_fire_before_landing_interval,1489.5999755859375,1490.1669921875,217,78,0.9166666666666666,1487.032958984375,0.735593220338983,0.9230769230769231,0.6153846153846154,0.7564102564102564,0.15384615384615385,1.0,0.7058844648691344,0.0
video_c97,18,7,1515.9329833984375,1515.699951171875,2P,0.0,no_fire_before_landing_interval,1517.0,1517.2330322265625,16,5,0.8333333333333334,1515.633056640625,0.7619047619047619,0.5384615384615384,0.46153846153846156,0.3974358974358974,0.0,1.0,0.23072588975490657,0.0
video_c97,19,0,1553.967041015625,1553.86669921875,1P,0.0,no_fire_before_landing_interval,1560.300048828125,1561.0,593,4,0.8,1551.7669677734375,0.9932998324958124,1.0,0.8461538461538461,0.782051282051282,0.0,1.0,0.6875071523936678,0.0
video_c97,22,1,1758.032958984375,1757.800048828125,2P,1.0,fire_before_landing_interval,1770.699951171875,1771.0999755859375,185,13,0.8333333333333334,1757.199951171875,0.9343434343434344,0.9230769230769231,0.7692307692307693,0.7948717948717948,0.01282051282051282,1.0,0.45444858817261585,0.0
video_c97,23,0,1849.9329833984375,1849.800048828125,1P,0.0,no_fire_before_landing_interval,1849.967041015625,1850.633056640625,424,2,0.8,1849.8330078125,0.9953051643192489,0.6923076923076923,0.6923076923076923,0.6538461538461539,0.05128205128205128,1.0,0.09088891355010542,0.0
video_c97,25,2,2019.199951171875,2019.066650390625,1P,1.0,fire_before_landing_interval,2023.133056640625,2023.4000244140625,573,39,0.9,2017.3330078125,0.9362745098039216,0.9230769230769231,0.46153846153846156,0.6923076923076923,0.07692307692307693,1.0,0.6511964574640211,0.0
video_c97,27,2,2125.06689453125,2124.966552734375,2P,0.0,no_fire_before_landing_interval,2126.699951171875,2127.10009765625,324,15,0.8571428571428571,2123.93310546875,0.9557522123893806,1.0,0.7692307692307693,0.7692307692307693,0.02564102564102564,1.0,0.531350114416476,0.0
video_c97,29,1,2280.26708984375,2279.2666015625,2P,0.0,no_fire_before_landing_interval,2282.43310546875,2283.133056640625,85,4,0.75,2278.43310546875,0.9550561797752809,1.0,0.5384615384615384,0.7435897435897436,0.0,1.0,0.6471399035148173,0.0
video_c97,31,2,2457.0,2456.800048828125,2P,0.0,no_fire_before_landing_interval,2457.133056640625,2457.93310546875,174,6,0.8571428571428571,2456.89990234375,0.9666666666666667,0.6923076923076923,0.3076923076923077,0.5897435897435898,0.01282051282051282,1.0,0.09098979138925876,0.0
video_c97,32,4,2514.633056640625,2514.5,2P,0.0,no_fire_before_landing_interval,2516.43310546875,2518.800048828125,51,10,0.8571428571428571,2514.633056640625,0.8360655737704918,0.6153846153846154,0.15384615384615385,0.44871794871794873,0.0,1.0,0.0,0.0
video_c97,33,0,2556.800048828125,2555.966552734375,2P,0.0,no_fire_before_landing_interval,2562.032958984375,2562.89990234375,256,8,0.8333333333333334,2556.60009765625,0.9696969696969697,0.8461538461538461,0.6153846153846154,0.6794871794871795,0.0,1.0,0.16663275686673448,0.0
video_c97,36,2,2769.967041015625,2769.800048828125,2P,0.0,no_fire_before_landing_interval,2773.699951171875,2774.699951171875,29,13,0.8571428571428571,2769.43310546875,0.6904761904761905,0.9230769230769231,0.6923076923076923,0.8205128205128205,0.038461538461538464,1.0,0.3480821263727519,0.0
video_c97,38,2,2931.60009765625,2931.466552734375,2P,0.0,no_fire_before_landing_interval,2931.6669921875,2933.10009765625,130,48,0.8888888888888888,2930.6669921875,0.7303370786516854,0.6153846153846154,0.38461538461538464,0.4230769230769231,0.0,1.0,0.48269765092195,0.0
video_c97,41,4,3067.366943359375,3066.89990234375,1P,0.0,no_fire_before_landing_interval,3068.032958984375,3068.366943359375,132,54,0.9,3065.93310546875,0.7096774193548387,0.8461538461538461,0.7692307692307693,0.6282051282051282,0.07692307692307693,1.0,0.5891262915036614,0.0
video_c97,42,0,3137.133056640625,3136.89990234375,1P,0.0,no_fire_before_landing_interval,3139.467041015625,3139.8330078125,42,2,0.8,3137.10009765625,0.9545454545454546,1.0,0.7692307692307693,0.782051282051282,0.0,1.0,0.0319073505081541,0.0
video_c97,43,0,3185.1669921875,3184.800048828125,1P,0.0,no_fire_before_landing_interval,3185.23291015625,3185.73291015625,870,2,0.8,3184.967041015625,0.9977064220183486,0.9230769230769231,0.5384615384615384,0.7307692307692307,0.0,1.0,0.16663275686673448,0.0
video_c97,44,1,3262.967041015625,3262.60009765625,1P,0.0,no_fire_before_landing_interval,3263.0,3264.133056640625,77,46,0.9,3262.76708984375,0.6260162601626017,0.9230769230769231,0.23076923076923078,0.5,0.01282051282051282,1.0,0.16663275686673448,0.0
video_c97,48,2,3446.3330078125,3446.0,1P,0.0,no_fire_before_landing_interval,3450.76708984375,3451.133056640625,719,44,0.9,3445.06689453125,0.9423328964613368,0.9230769230769231,0.6153846153846154,0.8076923076923077,0.0,1.0,0.5587157940099117,0.0
video_c97,50,2,3570.699951171875,3570.2666015625,2P,0.0,no_fire_before_landing_interval,3571.06689453125,3571.8330078125,1318,129,0.9166666666666666,3569.10009765625,0.9108500345542502,1.0,0.8461538461538461,0.9230769230769231,0.01282051282051282,1.0,0.6153629448774532,0.0
video_c98,4,5,507.0,506.46661376953125,1P,1.0,fire_before_landing_interval,508.3999938964844,508.8330078125,47,6,0.8333333333333334,502.70001220703125,0.8867924528301888,0.8461538461538461,0.5384615384615384,0.5256410256410257,0.01282051282051282,1.0,0.811320320147406,0.0
video_c98,4,6,508.79998779296875,508.39996337890625,2P,0.0,no_fire_before_landing_interval,519.9000244140625,521.2670288085938,212,38,0.875,508.2669982910156,0.848,0.7692307692307693,0.38461538461538464,0.5,0.01282051282051282,1.0,0.3476798120757271,0.0
video_c98,13,3,1117.300048828125,1117.1666259765625,1P,0.0,no_fire_before_landing_interval,1118.967041015625,1121.1669921875,32,5,0.8571428571428571,1117.199951171875,0.8648648648648649,0.8461538461538461,0.8461538461538461,0.3974358974358974,0.01282051282051282,1.0,0.09098979138925876,0.0
video_c98,16,0,1270.9000244140625,1270.466552734375,2P,0.0,no_fire_before_landing_interval,1271.7669677734375,1274.133056640625,199,22,0.8333333333333334,1268.2330322265625,0.9004524886877828,0.7692307692307693,0.6153846153846154,0.5384615384615384,0.0,1.0,0.7272969374167776,0.0
video_c98,16,2,1288.6669921875,1288.599853515625,2P,1.0,fire_before_landing_interval,1291.633056640625,1291.8330078125,145,6,0.8571428571428571,1287.366943359375,0.9602649006622517,0.9230769230769231,0.6153846153846154,0.7051282051282052,0.07692307692307693,1.0,0.565226621377773,0.0
video_c98,21,0,1526.133056640625,1525.9998779296875,2P,0.0,no_fire_before_landing_interval,1526.300048828125,1526.9329833984375,61,4,0.8,1525.967041015625,0.9384615384615385,0.7692307692307693,0.0,0.5384615384615384,0.0,1.0,0.1423785594639866,0.0
video_c98,23,1,1644.0999755859375,1643.89990234375,2P,1.0,fire_before_landing_interval,1654.4000244140625,1655.0999755859375,210,7,0.8571428571428571,1642.967041015625,0.967741935483871,1.0,0.5384615384615384,0.782051282051282,0.0,1.0,0.5311623647913924,0.0
video_c98,35,0,2384.39990234375,2384.2998046875,2P,0.0,no_fire_before_landing_interval,2385.166015625,2385.865966796875,49,7,0.8,2384.365966796875,0.875,0.9230769230769231,0.7692307692307693,0.6410256410256411,0.01282051282051282,1.0,0.03282172373081464,0.0
video_c98,36,3,2461.3330078125,2461.19970703125,1P,1.0,fire_before_landing_interval,2463.199951171875,2470.666015625,69,40,0.9,2460.800048828125,0.6330275229357798,0.6153846153846154,0.3076923076923077,0.41025641025641024,0.0,1.0,0.3476668259276955,0.0
video_c98,41,1,2712.633056640625,2712.399658203125,1P,0.0,no_fire_before_landing_interval,2713.300048828125,2713.8330078125,78,6,0.8333333333333334,2710.699951171875,0.9285714285714286,0.7692307692307693,0.7692307692307693,0.5641025641025641,0.0,1.0,0.6590644248376893,0.0
video_c98,41,2,2712.699951171875,2712.633056640625,1P,0.0,no_fire_before_landing_interval,2713.300048828125,2713.8330078125,78,6,0.8571428571428571,2710.699951171875,0.9285714285714286,0.7692307692307693,0.7692307692307693,0.5641025641025641,0.0,1.0,0.6666666666666666,0.0
video_c98,44,0,2948.76611328125,2948.633056640625,2P,0.0,no_fire_before_landing_interval,2949.93310546875,2950.466064453125,778,78,0.9166666666666666,2948.133056640625,0.9088785046728972,1.0,0.7692307692307693,0.7307692307692307,0.0,0.5,0.38765136791747645,0.0
video_c98,44,5,2979.466064453125,2979.3330078125,1P,0.0,no_fire_before_landing_interval,2981.56591796875,2982.166015625,541,16,0.8888888888888888,2979.032958984375,0.9712746858168761,0.8461538461538461,0.7692307692307693,0.717948717948718,0.0,1.0,0.30221465076660986,0.0
video_c98,45,2,3040.666015625,3040.399658203125,1P,1.0,fire_before_landing_interval,3056.39990234375,3057.966064453125,197,73,0.9166666666666666,3040.43310546875,0.7296296296296296,0.8461538461538461,0.5384615384615384,0.5897435897435898,0.0,1.0,0.1889108910891089,0.0
video_c98,46,1,3097.06591796875,3097.032958984375,2P,1.0,fire_before_landing_interval,3109.800048828125,3110.532958984375,258,6,0.8,3095.300048828125,0.9772727272727273,0.8461538461538461,0.7692307692307693,0.7051282051282052,0.0,1.0,0.6384499955865478,0.0
video_c98,47,1,3156.8330078125,3156.43310546875,2P,0.0,no_fire_before_landing_interval,3158.5,3158.89990234375,283,1,0.8,3155.966064453125,0.9964788732394366,0.7692307692307693,0.38461538461538464,0.5256410256410257,0.0,1.0,0.46436511050085,0.0
video_c98,48,0,3235.5,3235.3330078125,1P,1.0,fire_before_landing_interval,3252.3330078125,3253.365966796875,615,41,0.9,3233.26611328125,0.9375,0.7692307692307693,0.3076923076923077,0.5897435897435898,0.0,1.0,0.6907745734561377,0.0
video_c99,0,3,230.60000610351562,230.49998474121094,2P,1.0,fire_before_landing_interval,248.6999969482422,249.0330047607422,13212,8,0.8,225.8000030517578,0.9993948562783661,0.9230769230769231,0.6923076923076923,0.782051282051282,0.02564102564102564,1.0,0.8275862976146315,0.0
video_c99,3,1,370.1000061035156,369.2999572753906,2P,1.0,fire_before_landing_interval,397.4670104980469,397.70001220703125,1252,69,0.9090909090909091,369.5669860839844,0.9477668433005298,0.8461538461538461,0.6153846153846154,0.7435897435897436,0.0,1.0,0.3476927977067325,0.0
video_c99,10,0,884.7670288085938,884.5999145507812,1P,1.0,fire_before_landing_interval,900.4329833984375,901.9000244140625,274,17,0.8571428571428571,884.4669799804688,0.9415807560137457,0.8461538461538461,0.5384615384615384,0.6153846153846154,0.0,1.0,0.2307981220657277,0.0
video_c99,12,0,982.0330200195312,981.8665771484375,1P,0.0,no_fire_before_landing_interval,988.5670166015625,989.2329711914062,318,3,0.8,981.6329956054688,0.9906542056074766,0.9230769230769231,0.7692307692307693,0.8333333333333334,0.0,1.0,0.28572674165140816,0.0
video_c99,18,8,1329.133056640625,1329.099853515625,1P,0.0,no_fire_before_landing_interval,1330.3330078125,1331.300048828125,24,1,0.8,1326.467041015625,0.96,0.9230769230769231,0.46153846153846156,0.7564102564102564,0.1282051282051282,1.0,0.727224294086308,0.0
video_c99,18,9,1338.9000244140625,1338.4998779296875,1P,1.0,fire_before_landing_interval,1340.0,1340.9329833984375,241,14,0.875,1336.0670166015625,0.9450980392156862,0.9230769230769231,0.8461538461538461,0.8589743589743589,0.1794871794871795,1.0,0.739108280254777,0.0
video_c99,20,3,1449.5,1449.3665771484375,1P,0.0,no_fire_before_landing_interval,1449.8330078125,1450.5,948,5,0.8571428571428571,1448.7330322265625,0.9947534102833159,0.9230769230769231,0.6153846153846154,0.8205128205128205,0.01282051282051282,0.0,0.4340587219343696,0.0
video_c99,21,3,1505.699951171875,1505.4998779296875,2P,0.0,no_fire_before_landing_interval,1506.0,1507.2669677734375,232,36,0.8571428571428571,1504.5,0.8656716417910448,0.7692307692307693,0.6923076923076923,0.6410256410256411,0.0,0.0,0.5454444567750527,0.0
video_c99,24,0,1663.3330078125,1663.1998291015625,1P,0.0,no_fire_before_landing_interval,1664.7669677734375,1665.866943359375,1319,5,0.8571428571428571,1662.199951171875,0.9962235649546828,1.0,0.7692307692307693,0.8589743589743589,0.01282051282051282,1.0,0.5311891953759872,0.0
video_c99,29,0,1944.7330322265625,1944.599853515625,1P,0.0,no_fire_before_landing_interval,1946.865966796875,1948.865966796875,29,21,0.8888888888888888,1942.2659912109375,0.58,0.8461538461538461,0.6153846153846154,0.6666666666666666,0.0,0.0,0.7115696077741004,0.0
video_c99,30,0,1997.8330078125,1997.6998291015625,1P,1.0,fire_before_landing_interval,2003.5,2004.032958984375,93,7,0.8571428571428571,1996.5660400390625,0.93,0.8461538461538461,0.6153846153846154,0.7051282051282052,0.0,1.0,0.5588821280491089,0.0
video_c99,38,6,2421.699951171875,2420.93310546875,2P,0.0,no_fire_before_landing_interval,2424.032958984375,2425.73291015625,81,71,0.875,2421.5,0.5328947368421053,0.6153846153846154,0.5384615384615384,0.358974358974359,0.0,1.0,0.16663275686673448,0.0
video_c99,40,0,2544.76611328125,2544.499755859375,1P,0.0,no_fire_before_landing_interval,2552.89990234375,2553.966064453125,42,19,0.8333333333333334,2543.466064453125,0.6885245901639344,0.6153846153846154,0.5384615384615384,0.5384615384615384,0.0,0.0,0.565226621377773,0.0
video_c99,42,0,2675.532958984375,2675.499755859375,2P,0.0,no_fire_before_landing_interval,2676.365966796875,2676.39990234375,233,1,0.8,2674.39990234375,0.9957264957264957,0.8461538461538461,0.46153846153846156,0.5897435897435898,0.0,1.0,0.5311891953759872,0.0
video_c99,42,1,2681.8330078125,2681.69970703125,1P,1.0,fire_before_landing_interval,2684.133056640625,2684.39990234375,138,55,0.9,2677.43310546875,0.7150259067357513,0.8461538461538461,0.46153846153846156,0.717948717948718,0.038461538461538464,1.0,0.8148114657744823,0.0
video_c99,49,3,3069.666015625,3069.532958984375,1P,0.0,no_fire_before_landing_interval,3074.0,3074.800048828125,34,10,0.8571428571428571,3069.3330078125,0.7727272727272726,0.7692307692307693,0.23076923076923078,0.5641025641025641,0.01282051282051282,1.0,0.24981684981684982,0.0
video_c99,49,4,3083.865966796875,3083.499755859375,2P,1.0,fire_before_landing_interval,3092.466064453125,3094.0,497,415,0.9375,3077.76611328125,0.5449561403508771,0.8461538461538461,0.8461538461538461,0.6923076923076923,0.05128205128205128,1.0,0.8591520236580585,0.0
